customer_id,name,email,phone,customer_type,total_orders,successful_payments,failed_payments,lifetime_value,historical_success_rate
CUST_00001,Aryan Maharaj,udantdewan@example.net,+918196001338,returning,2,2,0,61600.52,1.0
CUST_00002,Rushil Saini,saumyamall@example.org,+916542351161,new,7,6,1,223098.8,0.857
CUST_00003,Hemangini Lalla,sharafjeet@example.com,+918495931034,new,28,16,12,23876.96,0.571
CUST_00004,Viraj Chaudhuri,dmall@example.net,02553419283,new,39,22,17,50109.99,0.564
CUST_00005,Turvi Raghavan,theodore50@example.org,+915641395376,returning,35,29,6,112577.66,0.829
CUST_00006,Luke Lanka,yatinyohannan@example.com,9696532871,new,1,1,0,40335.0,1.0
CUST_00007,Imaran Dua,pahalbhatt@example.com,09784801845,returning,18,14,4,239324.66,0.778
CUST_00008,Chaaya Saran,sudikshaaggarwal@example.net,4828148932,new,6,4,2,90065.36,0.667
CUST_00009,Neel Zacharia,naikvrinda@example.org,+915430391171,new,17,14,3,182568.08,0.824
CUST_00010,Kabir Soman,alkawable@example.net,03834657871,returning,25,19,6,73647.98,0.76
CUST_00011,Umang Bhatt,ansh98@example.org,3010310518,returning,24,21,3,176290.67,0.875
CUST_00012,Arya Sunder,kevinsolanki@example.org,06311656670,new,15,12,3,246312.77,0.8
CUST_00013,Darsh Rau,ikbal33@example.org,7262473178,returning,7,6,1,113625.87,0.857
CUST_00014,Chandresh Zachariah,chanderwarjas@example.org,07736026064,returning,11,9,2,52772.0,0.818
CUST_00015,Bhavika Sampath,mdubey@example.com,+910980500978,new,5,4,1,43199.09,0.8
CUST_00016,Dakshesh Trivedi,grewalekapad@example.net,+913619399091,returning,11,9,2,67851.98,0.818
CUST_00017,Diya Lal,diptakhare@example.com,02475107991,vip,36,33,3,81408.54,0.917
CUST_00018,Tanay Toor,kevin51@example.org,04278498084,returning,4,3,1,8509.01,0.75
CUST_00019,Krish Lalla,chhabranachiket@example.com,09353487401,new,18,10,8,228327.46,0.556
CUST_00020,Aradhana Basu,nathkalpit@example.net,02786801128,returning,21,17,4,125058.2,0.81
CUST_00021,Kala Divan,cdatta@example.com,00533158692,returning,30,23,7,35337.76,0.767
CUST_00022,Nicholas Goel,lbakshi@example.net,06342160733,returning,35,28,7,146354.2,0.8
CUST_00023,Inaya Mody,udantbajwa@example.net,+916541458685,returning,26,21,5,249332.78,0.808
CUST_00024,Jack Lal,alkabarad@example.org,6556981693,new,32,19,13,12255.54,0.594
CUST_00025,Chaitanya Sarin,venkateshronith@example.com,01595148465,new,11,9,2,105828.91,0.818
CUST_00026,Chakrika Datta,osharaghavan@example.net,2994680443,new,25,19,6,117278.45,0.76
CUST_00027,Ekanta Shroff,rsathe@example.org,7214895134,new,36,31,5,3364.51,0.861
CUST_00028,Rushil Din,batrayash@example.com,1769367632,returning,35,32,3,192265.38,0.914
CUST_00029,Hredhaan Sandal,patrickvasa@example.com,+918317278895,new,19,13,6,113704.06,0.684
CUST_00030,Yamini Sandhu,vdutt@example.com,04348734714,vip,17,17,0,190609.57,1.0
CUST_00031,Anita Nayak,faris22@example.org,02316658760,returning,7,6,1,74961.98,0.857
CUST_00032,Osha Ramachandran,raivansha@example.org,04668893734,returning,39,31,8,93791.51,0.795
CUST_00033,Vedika Balakrishnan,qnayar@example.net,02729806990,new,34,30,4,149936.67,0.882
CUST_00034,Priya Deshmukh,dgopal@example.com,05375564641,returning,8,7,1,219741.11,0.875
CUST_00035,Anirudh Zacharia,pallaudarsh@example.net,+910033092327,returning,20,16,4,60597.46,0.8
CUST_00036,Tejas Shroff,jyoti29@example.net,1241904966,returning,6,5,1,121754.62,0.833
CUST_00037,Faqid Kibe,mitrajai@example.net,+915865185067,new,35,29,6,32533.67,0.829
CUST_00038,Rachita Pathak,bdua@example.org,8498776945,returning,36,28,8,132154.61,0.778
CUST_00039,Gabriel Mallick,wkohli@example.com,9650752735,returning,14,13,1,188938.67,0.929
CUST_00040,Harini Mammen,advaith83@example.org,+916783777014,returning,20,17,3,168085.9,0.85
CUST_00041,Nidhi Kohli,jyoti78@example.net,06855744431,new,34,24,10,62352.45,0.706
CUST_00042,Diya Dar,rehaankalita@example.net,04989413435,new,2,2,0,57913.63,1.0
CUST_00043,Chasmum Atwal,anushabath@example.org,4271094777,new,5,4,1,15189.0,0.8
CUST_00044,Qarin Behl,vanya11@example.com,01902294131,new,3,3,0,18178.91,1.0
CUST_00045,Upkaar Virk,cseshadri@example.com,6499091334,new,32,20,12,33511.81,0.625
CUST_00046,Naksh Khatri,falandugar@example.org,07974034471,vip,37,35,2,61127.81,0.946
CUST_00047,Aishani Hora,icontractor@example.org,2421024994,returning,27,21,6,24684.24,0.778
CUST_00048,Jeet Sidhu,neha48@example.net,07190659401,returning,28,23,5,216027.27,0.821
CUST_00049,Ansh Luthra,gillupma@example.net,7429671756,new,7,4,3,182189.29,0.571
CUST_00050,Ekani Cheema,forumsabharwal@example.net,04680715451,returning,7,6,1,47957.12,0.857
CUST_00051,Yoshita Agarwal,dsachdev@example.org,5977034824,returning,28,22,6,115925.7,0.786
CUST_00052,Vedhika Dara,khatrinathan@example.com,0861317127,returning,5,4,1,215406.6,0.8
CUST_00053,Yashodhara Mahajan,esubramanian@example.org,08263982146,returning,4,4,0,135376.69,1.0
CUST_00054,Yashica Loke,mandalchanchal@example.net,7278755886,new,6,5,1,212249.59,0.833
CUST_00055,Ekanta Gulati,leelakaur@example.com,+915766270289,new,32,23,9,216230.27,0.719
CUST_00056,Harish Sarraf,voratanmayi@example.org,2621745961,vip,11,10,1,246334.56,0.909
CUST_00057,Lajita Nadig,nbanik@example.org,+914316117240,new,30,19,11,174299.58,0.633
CUST_00058,Ekta Bhalla,jagrati56@example.org,+918692221969,returning,36,32,4,121924.52,0.889
CUST_00059,Widisha Dhar,triyakumar@example.com,00748217594,new,14,12,2,145005.48,0.857
CUST_00060,Zashil Shan,rushil67@example.org,+916959440640,returning,21,16,5,146252.31,0.762
CUST_00061,Watika Mangat,indirakanda@example.net,+919421047095,returning,34,27,7,240214.34,0.794
CUST_00062,Gautam Merchant,ojasvi23@example.org,5884247451,new,12,7,5,17456.24,0.583
CUST_00063,Faqid Dhaliwal,mekhalapau@example.org,00481754965,returning,26,20,6,222626.68,0.769
CUST_00064,Vivaan Sinha,narangtimothy@example.net,+917461200471,new,39,22,17,20954.86,0.564
CUST_00065,Wahab Yogi,lipikasetty@example.com,8692617964,returning,37,32,5,233709.21,0.865
CUST_00066,Kamala Kalla,psaxena@example.com,+915850643171,new,21,13,8,99248.57,0.619
CUST_00067,Ansh Bedi,yagnesh29@example.org,+918393352904,returning,20,17,3,232290.07,0.85
CUST_00068,Kalpit Zachariah,owen10@example.org,+915395024026,vip,1,1,0,249614.38,1.0
CUST_00069,Devansh Soni,gpathak@example.net,+917839084700,vip,5,5,0,126718.23,1.0
CUST_00070,Neelima Sandhu,swaminathansachi@example.org,+915921249985,new,23,20,3,219877.93,0.87
CUST_00071,Chaitaly Setty,ychaudhary@example.net,+918367365766,new,11,8,3,136032.88,0.727
CUST_00072,Dhriti Sane,aadhya52@example.net,01111615280,new,34,19,15,204367.48,0.559
CUST_00073,Jason Roy,pallavi04@example.net,05198327315,new,7,6,1,34005.63,0.857
CUST_00074,Ishwar Mallick,pushtibal@example.net,4024455022,new,7,6,1,39284.25,0.857
CUST_00075,Ekaraj Dhar,chandtanveer@example.com,07525459910,new,14,11,3,51297.53,0.786
CUST_00076,Nakul Bawa,magarsaanvi@example.net,07976438156,returning,17,14,3,63154.75,0.824
CUST_00077,Bhanumati Sur,chakradev36@example.net,+910343244510,vip,4,4,0,106182.16,1.0
CUST_00078,Qushi Gill,lajitawalia@example.net,+918851606071,new,1,1,0,33139.51,1.0
CUST_00079,Pushti Ravel,hmann@example.com,+915297516136,vip,11,11,0,138144.27,1.0
CUST_00080,Farhan Randhawa,harinakshi35@example.org,+918188355231,returning,1,1,0,236290.21,1.0
CUST_00081,Aahana Hora,michaelborra@example.org,7799799552,returning,10,9,1,208731.46,0.9
CUST_00082,Ekansh Singh,ymitter@example.com,0581477005,returning,10,8,2,10936.3,0.8
CUST_00083,Faraj Chana,lshere@example.net,0793597820,new,3,3,0,52914.1,1.0
CUST_00084,Harshil Oza,thamanorinder@example.org,+917788925546,new,7,5,2,140190.94,0.714
CUST_00085,Hamsini Ben,dominic51@example.net,6449251925,returning,40,36,4,231478.07,0.9
CUST_00086,Manya Dayal,mukherjeekrisha@example.net,02816850542,new,11,10,1,202787.54,0.909
CUST_00087,Harita Sunder,upkaardevan@example.org,+914188805929,returning,2,2,0,231159.58,1.0
CUST_00088,Mitesh Gaba,noahsarma@example.org,05379473834,returning,27,25,2,216083.98,0.926
CUST_00089,Rishi Pillai,xshenoy@example.com,08862392407,returning,18,14,4,175468.91,0.778
CUST_00090,Harshil Varty,manefiyaz@example.org,07826137506,new,3,3,0,55997.21,1.0
CUST_00091,Meghana Thakkar,warinder61@example.com,+910515220472,returning,30,25,5,205223.83,0.833
CUST_00092,Saumya Ahluwalia,bahlaahana@example.org,+918986143410,returning,15,11,4,48685.88,0.733
CUST_00093,Oni Shankar,choudhryxalak@example.net,0893246095,new,5,4,1,70141.69,0.8
CUST_00094,Omaja Grover,viswanathanjalsa@example.org,8888067065,returning,26,23,3,210993.46,0.885
CUST_00095,Amol Parikh,paiwridesh@example.net,1952058527,new,2,1,1,242614.95,0.5
CUST_00096,Qabil Deshmukh,shankarbalhaar@example.com,+910305486874,new,17,10,7,149344.53,0.588
CUST_00097,Rayaan Mangal,champak54@example.org,06676527758,new,21,15,6,246066.84,0.714
CUST_00098,Fitan Samra,sanipranit@example.net,05115447962,new,37,23,14,11574.44,0.622
CUST_00099,Indali Sekhon,panditradhika@example.com,0165820297,returning,34,32,2,134843.77,0.941
CUST_00100,Jonathan Bhavsar,jeevikapathak@example.com,0927557192,returning,13,11,2,17958.47,0.846
CUST_00101,Mitali Murthy,zaid10@example.net,+917868144739,returning,22,19,3,166015.18,0.864
CUST_00102,Vritti Iyengar,deshmukhethan@example.com,+917155188442,new,20,15,5,166889.78,0.75
CUST_00103,Janaki Trivedi,jairajiyer@example.org,+917058957829,new,19,14,5,48364.1,0.737
CUST_00104,Dominic More,hsrinivas@example.com,09125177852,returning,25,22,3,225749.98,0.88
CUST_00105,Kai Sant,dashzarna@example.org,02253584143,returning,20,17,3,208514.43,0.85
CUST_00106,Jeremiah Mitter,thakkarom@example.net,2299590010,new,14,10,4,145206.2,0.714
CUST_00107,Shivansh Saha,tankbimala@example.net,07364710276,returning,30,25,5,169068.99,0.833
CUST_00108,Ucchal Jani,maanas55@example.net,06258815371,returning,11,10,1,71304.71,0.909
CUST_00109,Shivani Kota,gunbirbedi@example.com,09632595327,returning,40,33,7,204696.65,0.825
CUST_00110,Wishi Morar,fbajaj@example.com,7339500479,returning,20,16,4,50182.92,0.8
CUST_00111,Bhavika Yadav,chokshiraagini@example.org,05650609835,new,16,14,2,153012.86,0.875
CUST_00112,Ethan Raju,nmammen@example.net,1216558523,returning,30,25,5,157626.46,0.833
CUST_00113,Xiti Baria,baradlaksh@example.net,07872982595,new,25,18,7,61374.12,0.72
CUST_00114,Maya Mistry,yashica88@example.com,9470551694,returning,1,1,0,215179.92,1.0
CUST_00115,Urvi Lanka,charansrinivasan@example.org,9623091307,returning,28,22,6,201125.41,0.786
CUST_00116,Omya Doshi,ajani@example.net,7028385786,returning,30,23,7,62674.97,0.767
CUST_00117,Oscar Sharaf,irya49@example.com,+913484344375,returning,30,23,7,116428.49,0.767
CUST_00118,Ikshita Mahal,jairaj98@example.com,05240415747,returning,36,31,5,237534.88,0.861
CUST_00119,Saksham Yohannan,anita21@example.net,9330833016,returning,40,37,3,223059.06,0.925
CUST_00120,Urmi Chaudhry,abduldugar@example.com,7734540193,returning,36,30,6,40209.9,0.833
CUST_00121,Parth Sahni,balhaarranganathan@example.com,+914004991547,returning,29,23,6,62186.31,0.793
CUST_00122,Krish Thaman,mmahajan@example.org,02742054932,returning,34,29,5,60191.84,0.853
CUST_00123,Prisha Varma,gabriel61@example.org,+917530463745,returning,19,15,4,84293.96,0.789
CUST_00124,Advay Lal,warinder01@example.com,02684145933,returning,6,5,1,58199.74,0.833
CUST_00125,Vanya Dua,aprakash@example.net,7833918785,returning,14,11,3,102196.04,0.786
CUST_00126,Isaac Bhatia,masongala@example.com,7139718707,returning,27,21,6,208306.35,0.778
CUST_00127,Yochana Sagar,jbhardwaj@example.com,4064039106,new,38,33,5,5373.22,0.868
CUST_00128,Devansh Bhasin,sodhiazad@example.com,02265676618,returning,37,31,6,1971.07,0.838
CUST_00129,Ijaya Dani,mayawadhwa@example.org,3004786863,new,25,21,4,238380.87,0.84
CUST_00130,Triveni Pal,anyagulati@example.net,+910690331190,returning,35,32,3,224503.93,0.914
CUST_00131,Chanakya Konda,rattireva@example.org,3028439599,returning,18,15,3,7741.69,0.833
CUST_00132,Warjas Mittal,timothysachdev@example.com,00892687056,new,26,21,5,210206.16,0.808
CUST_00133,Omaja Rege,charitapuri@example.org,7334270866,vip,40,38,2,226778.75,0.95
CUST_00134,Lipika Kibe,samar51@example.com,01830469901,returning,2,2,0,107438.89,1.0
CUST_00135,Teerth Srinivas,gaurangimitter@example.org,+913173936385,returning,12,9,3,95086.41,0.75
CUST_00136,Lajita Shukla,darika45@example.net,07175355609,new,21,14,7,219970.18,0.667
CUST_00137,Madhav Babu,omisha42@example.org,03693785477,new,27,17,10,20935.61,0.63
CUST_00138,Om Pandey,logansuresh@example.org,0801006231,new,35,20,15,238003.96,0.571
CUST_00139,Aditya Kamdar,dprakash@example.net,9770088600,new,5,4,1,163112.79,0.8
CUST_00140,Bhavini Badal,ggola@example.org,2339845461,returning,16,13,3,5584.81,0.812
CUST_00141,Nidra Sharaf,upkaarmital@example.net,+910166687002,new,9,6,3,29040.17,0.667
CUST_00142,Xalak Saraf,girish80@example.org,+919740148902,vip,30,29,1,191841.08,0.967
CUST_00143,Amol Johal,mitalibose@example.com,+919396856218,new,39,35,4,179730.13,0.897
CUST_00144,Chatresh Chaudhari,ekata@example.com,9965047735,returning,11,10,1,27470.64,0.909
CUST_00145,Rachana Grewal,xchada@example.net,03114262655,new,20,15,5,227052.52,0.75
CUST_00146,Gavin Ahluwalia,sai54@example.org,+911267888610,new,13,7,6,172808.3,0.538
CUST_00147,Irya Chander,lekha04@example.com,01839826224,returning,7,6,1,75744.88,0.857
CUST_00148,Amrita Tailor,devganesh@example.com,06471543799,returning,8,7,1,141700.17,0.875
CUST_00149,Tanvi Chhabra,dakshaahuja@example.com,09657569245,new,35,24,11,92957.43,0.686
CUST_00150,Varenya Murthy,mitalinagar@example.com,7935646519,returning,22,17,5,105304.66,0.773
CUST_00151,Pranit Bala,ckadakia@example.com,1672434266,returning,28,26,2,159078.48,0.929
CUST_00152,Saumya Srinivas,gwarrior@example.net,08058911352,returning,10,8,2,183581.93,0.8
CUST_00153,Mugdha Narula,acherian@example.org,03888993756,vip,18,17,1,229944.61,0.944
CUST_00154,Xiti Dora,aryan71@example.com,01125457387,returning,30,25,5,182891.04,0.833
CUST_00155,Vamakshi Chatterjee,usethi@example.org,00105123828,new,16,13,3,22122.39,0.812
CUST_00156,Ganga Sandhu,zkata@example.com,2266093796,returning,16,14,2,142677.49,0.875
CUST_00157,Aayush Kala,aryabhatnagar@example.net,+918255371478,returning,22,17,5,212812.73,0.773
CUST_00158,Lipika Ramanathan,pallindira@example.com,2499125134,new,14,9,5,64958.93,0.643
CUST_00159,Qadim Prakash,yastirama@example.com,2966278282,new,39,31,8,69429.01,0.795
CUST_00160,Bhavya Dey,divyaseshadri@example.net,+915072368876,new,13,8,5,180158.63,0.615
CUST_00161,Ojasvi Sawhney,fganesh@example.net,+913404384279,returning,16,14,2,161652.77,0.875
CUST_00162,Yasti Chowdhury,loyaljeevika@example.net,+917836134074,returning,2,2,0,55788.3,1.0
CUST_00163,Gagan Sarna,khalsashaurya@example.net,5962923309,returning,20,18,2,92570.6,0.9
CUST_00164,Avni Yohannan,ekiyamaster@example.com,4812604223,returning,23,19,4,186610.89,0.826
CUST_00165,Ekanta Kota,jsuri@example.net,4667116845,new,30,19,11,63225.22,0.633
CUST_00166,Vinaya Narang,chandertara@example.net,5186363745,new,13,9,4,185848.83,0.692
CUST_00167,Geetika De,roza@example.org,+911701277063,vip,12,11,1,184781.86,0.917
CUST_00168,Chasmum Dutt,girik54@example.org,02064361103,new,38,34,4,131396.9,0.895
CUST_00169,Faras Deo,zilmilsaxena@example.org,+915162713611,new,7,6,1,74413.49,0.857
CUST_00170,Dhriti Pillai,laksh62@example.net,2189092753,new,20,11,9,133766.7,0.55
CUST_00171,Nisha Savant,gabrielchaudhry@example.org,+919656523413,new,4,3,1,174505.64,0.75
CUST_00172,Avi Mitra,zarnaupadhyay@example.org,6403761379,new,32,19,13,3560.22,0.594
CUST_00173,Advik Patel,kevin69@example.com,08271091043,new,31,22,9,46498.74,0.71
CUST_00174,Darpan Rao,yachana66@example.net,01889241418,new,31,18,13,16803.19,0.581
CUST_00175,Nachiket Yadav,mahika91@example.com,6303161799,returning,37,32,5,13875.46,0.865
CUST_00176,Dayamai Gill,aroralaksh@example.net,+912758842524,new,37,33,4,21752.64,0.892
CUST_00177,Ayushman Nayak,hmagar@example.org,09177850792,new,36,29,7,151776.25,0.806
CUST_00178,Nakul Kumer,daliavedant@example.net,0003075622,returning,15,14,1,95404.32,0.933
CUST_00179,Oni Kapur,yuvraj65@example.com,+919518023806,vip,20,20,0,247512.8,1.0
CUST_00180,Udyati Mandal,falak18@example.com,+915349493759,new,40,23,17,240047.14,0.575
CUST_00181,Rohan Korpal,abeerrout@example.org,+918505064138,new,14,11,3,66529.21,0.786
CUST_00182,Oni Swamy,dharati@example.org,+913865719182,new,16,10,6,19228.68,0.625
CUST_00183,Falan Bhatia,pde@example.com,05655743132,new,29,23,6,117743.16,0.793
CUST_00184,Nachiket Cherian,shivanishukla@example.com,01853747411,new,19,15,4,175895.4,0.789
CUST_00185,Daksha Baria,falakdivan@example.org,3568044206,returning,15,14,1,197063.09,0.933
CUST_00186,Zaid Chandra,zchaudry@example.org,+910032365199,returning,13,11,2,136368.31,0.846
CUST_00187,Falan Bains,horasachi@example.org,+915107029667,returning,18,16,2,18316.75,0.889
CUST_00188,Lavanya Sandhu,iryakala@example.org,04720999347,new,20,15,5,206147.96,0.75
CUST_00189,Varenya Bhat,mammenleela@example.org,03838065787,vip,29,26,3,172325.16,0.897
CUST_00190,Yadavi Nagy,lmadan@example.org,09304078593,returning,18,15,3,123701.91,0.833
CUST_00191,Harish Kota,amairawalla@example.net,+913965223955,new,3,3,0,183766.21,1.0
CUST_00192,Indira Dhar,waidamore@example.org,00103930870,returning,2,2,0,240496.82,1.0
CUST_00193,Saksham De,peter50@example.org,+919218515691,returning,37,32,5,5675.99,0.865
CUST_00194,Chasmum Naidu,nakulsarkar@example.net,05289539264,returning,18,16,2,190895.7,0.889
CUST_00195,Joshua Goel,ramanbachittar@example.org,5939172513,new,34,26,8,229060.16,0.765
CUST_00196,Ekaja Ganesh,nayaksanya@example.org,03315410067,new,38,27,11,203654.11,0.711
CUST_00197,Ojas Sachdev,wradhakrishnan@example.net,01793271040,vip,31,29,2,83660.44,0.935
CUST_00198,Advika Cheema,oommenonkar@example.com,+911815997062,returning,11,9,2,173571.58,0.818
CUST_00199,Naksh Bera,narulasamesh@example.org,08844431069,new,26,22,4,137749.1,0.846
CUST_00200,Mitesh Bhagat,aarush61@example.com,9731032417,returning,21,17,4,29422.44,0.81
CUST_00201,Darika Rao,qsuresh@example.com,+918625652704,returning,33,30,3,787.19,0.909
CUST_00202,Udyati Lall,amrutabhatia@example.org,1158693806,returning,30,25,5,47301.84,0.833
CUST_00203,Vaishnavi Keer,fmistry@example.com,0898992172,new,32,25,7,190117.64,0.781
CUST_00204,Siddharth Hans,brijeshsampath@example.org,6329451168,new,36,21,15,72363.27,0.583
CUST_00205,Eshana Majumdar,yarora@example.net,9861622999,returning,32,25,7,243300.13,0.781
CUST_00206,Hitesh Chaudhuri,hemangini64@example.com,7997024629,returning,16,14,2,78032.16,0.875
CUST_00207,Balvan Randhawa,wazir07@example.com,00544471324,new,27,16,11,248068.16,0.593
CUST_00208,Ekani Luthra,mchakraborty@example.com,+916785082148,vip,30,30,0,162103.57,1.0
CUST_00209,Krishna Viswanathan,ghosereyansh@example.org,+913070534578,new,19,14,5,68719.51,0.737
CUST_00210,Jatin Balasubramanian,kashishsuresh@example.net,02798552414,returning,31,25,6,138040.64,0.806
CUST_00211,Libni Bawa,tanishkant@example.net,+913468007229,new,39,28,11,219891.9,0.718
CUST_00212,Udarsh Krishnan,anvi66@example.com,04374896910,returning,18,16,2,213675.89,0.889
CUST_00213,Barkha Misra,subramaniamdevansh@example.com,05444328309,new,33,21,12,1140.03,0.636
CUST_00214,Ekaja Dey,tankchakrika@example.com,06609935387,returning,38,33,5,165155.22,0.868
CUST_00215,Yashica Mital,pratyushmemon@example.org,02482513534,returning,29,25,4,86608.42,0.862
CUST_00216,Garima Prabhu,chaitaly71@example.com,+919991738168,returning,35,29,6,233246.64,0.829
CUST_00217,Odika Bhagat,lakshiyer@example.com,09725217525,returning,16,14,2,58773.83,0.875
CUST_00218,Aayush Seth,shaurya29@example.org,01296666760,returning,3,2,1,118507.57,0.667
CUST_00219,Ryan Prakash,nagyrayaan@example.org,0335421689,vip,25,23,2,166090.36,0.92
CUST_00220,Oliver Bhattacharyya,misrabina@example.com,8985625753,returning,10,8,2,9736.39,0.8
CUST_00221,Netra Bahl,udarshdeep@example.org,0982150648,returning,38,31,7,25540.97,0.816
CUST_00222,Chanakya Chokshi,bavajack@example.com,06184723046,returning,7,6,1,114503.55,0.857
CUST_00223,Zinal Madan,omyacheema@example.net,9141173934,returning,27,25,2,242504.22,0.926
CUST_00224,Ishita Rout,naveen08@example.com,+917530011972,new,17,11,6,173329.8,0.647
CUST_00225,Yasti Borde,kundavihaan@example.com,04701204556,returning,22,20,2,214905.87,0.909
CUST_00226,Girish Bath,devionkar@example.com,07941552166,new,21,16,5,221915.95,0.762
CUST_00227,Anita Rajan,psama@example.org,+912021697972,returning,35,27,8,17570.98,0.771
CUST_00228,Jagrati Balakrishnan,vasudhasura@example.org,07014508993,returning,19,18,1,186818.21,0.947
CUST_00229,Zilmil Virk,santyuvraj@example.com,06289002877,returning,7,6,1,176120.76,0.857
CUST_00230,Falan Swamy,wridesh54@example.org,3866317797,new,11,9,2,225904.3,0.818
CUST_00231,Wishi Sekhon,jagat70@example.org,06088019948,new,4,3,1,94022.85,0.75
CUST_00232,Tanmayi Om,chatura37@example.com,9975711305,new,34,24,10,170609.19,0.706
CUST_00233,Bishakha Vig,hitesh02@example.com,+916149331637,new,12,7,5,217774.48,0.583
CUST_00234,Hamsini Chokshi,obatra@example.net,1779827080,returning,16,14,2,145997.7,0.875
CUST_00235,Vasudha Trivedi,oscardave@example.org,09958669346,new,17,12,5,166876.76,0.706
CUST_00236,Chaitaly Sethi,lakshitsachar@example.net,8485833394,returning,30,28,2,169563.92,0.933
CUST_00237,Kevin Gokhale,jack58@example.com,9684608106,new,29,26,3,246919.1,0.897
CUST_00238,Chatresh Bhalla,amaradyal@example.com,4204380571,new,28,22,6,114480.54,0.786
CUST_00239,Lopa Khanna,champak66@example.com,5800439735,new,25,21,4,27109.99,0.84
CUST_00240,Rishi Menon,rgoel@example.org,+912816064842,new,23,17,6,248176.66,0.739
CUST_00241,Aadhya Ahluwalia,unnati20@example.org,09094798515,new,26,17,9,141699.29,0.654
CUST_00242,Qarin Verma,tiwarinathaniel@example.com,8615335554,returning,4,4,0,186420.45,1.0
CUST_00243,Vaishnavi Andra,palsanaya@example.org,9930561648,returning,19,17,2,57914.54,0.895
CUST_00244,Aryan Varughese,yoshita87@example.com,+914358112880,returning,15,13,2,155412.35,0.867
CUST_00245,Shivansh Kala,nchawla@example.net,6120750110,returning,9,8,1,225899.22,0.889
CUST_00246,Zayan Bobal,aarnareddy@example.com,06650618091,returning,20,18,2,8824.45,0.9
CUST_00247,Elijah Parmar,manncharvi@example.net,+914766072832,new,9,5,4,74130.06,0.556
CUST_00248,Chakrika Dhawan,kashvi08@example.net,+911009968814,returning,12,9,3,196734.95,0.75
CUST_00249,Hemangini Kakar,jvala@example.org,+913943129087,returning,24,21,3,228415.0,0.875
CUST_00250,Bina Bhavsar,guneet39@example.com,05231491357,returning,17,16,1,236074.86,0.941
CUST_00251,Falguni Mohan,janyamutti@example.com,+910533645257,vip,19,18,1,85009.46,0.947
CUST_00252,Sanaya Parmer,vidhi81@example.org,9142834110,new,5,3,2,241641.8,0.6
CUST_00253,Nidhi Kala,ladurmi@example.net,+915639427881,returning,26,25,1,201244.62,0.962
CUST_00254,Januja Thakkar,kharenoah@example.net,+917229927503,new,26,14,12,134374.79,0.538
CUST_00255,Vincent Bhatnagar,kala30@example.net,+918567700518,returning,17,15,2,205693.12,0.882
CUST_00256,Adya Ghosh,xradhakrishnan@example.net,1846386557,vip,7,7,0,118133.48,1.0
CUST_00257,Abeer Thaker,riagandhi@example.org,+918432225913,returning,36,29,7,152715.51,0.806
CUST_00258,Ganga Comar,esrinivas@example.org,2603029922,returning,30,28,2,75896.45,0.933
CUST_00259,Manan Bhalla,aarnagole@example.net,09904137977,returning,9,7,2,9784.43,0.778
CUST_00260,Theodore Roy,qabilvaidya@example.com,+915799136621,vip,8,7,1,221871.2,0.875
CUST_00261,Samaksh Virk,mdoctor@example.org,+917990881172,new,30,20,10,237370.5,0.667
CUST_00262,Raagini Vig,cprabhakar@example.net,6376599162,returning,35,29,6,185696.12,0.829
CUST_00263,Vansha Kaul,mandernilima@example.com,+910098180635,new,27,21,6,208506.42,0.778
CUST_00264,Janaki Chhabra,poojakulkarni@example.com,6959463688,returning,18,14,4,92947.22,0.778
CUST_00265,Praneel Prabhakar,tkulkarni@example.net,06213721386,returning,16,15,1,25288.98,0.938
CUST_00266,Charles Dyal,zahluwalia@example.org,+917961143519,returning,35,33,2,161384.29,0.943
CUST_00267,Leena Rattan,dakshesh27@example.com,+913843098839,new,18,11,7,30978.85,0.611
CUST_00268,Balendra Parsa,aadidugar@example.org,06566938011,returning,30,23,7,53420.4,0.767
CUST_00269,Ijaya Palan,upkaar93@example.com,09042681818,returning,2,2,0,83710.53,1.0
CUST_00270,Harini Dada,zashil76@example.net,03577907141,vip,37,34,3,207539.55,0.919
CUST_00271,Thomas Karpe,nitara58@example.net,+914341651827,returning,38,30,8,217489.01,0.789
CUST_00272,Irya Kamdar,qadim37@example.net,+913343333952,new,10,8,2,149197.42,0.8
CUST_00273,Jagdish Brar,wahuja@example.net,+917595794728,new,10,9,1,135283.76,0.9
CUST_00274,Mitali Kapadia,chaturavora@example.com,08085627187,returning,8,7,1,6932.15,0.875
CUST_00275,Abhiram Arora,ladlichaudhuri@example.com,09428434795,new,16,12,4,4437.38,0.75
CUST_00276,Qarin Tara,akade@example.net,05647292931,new,9,7,2,131758.34,0.778
CUST_00277,Warinder Sankaran,jhayre@example.net,+917026728857,returning,31,26,5,90828.72,0.839
CUST_00278,Zashil Batta,schaudhary@example.org,+913471754558,returning,29,25,4,236381.2,0.862
CUST_00279,Hemangini Bahri,wdara@example.net,3998245587,new,34,22,12,161013.5,0.647
CUST_00280,Farhan Raj,ubika22@example.net,06996112535,new,31,26,5,106855.27,0.839
CUST_00281,Bishakha Loke,cmadan@example.com,9876220234,new,29,17,12,20657.22,0.586
CUST_00282,Shivansh Ganesan,gchauhan@example.org,08006811492,returning,5,4,1,156267.21,0.8
CUST_00283,Madhavi More,yugmander@example.com,2282005577,returning,21,17,4,149549.27,0.81
CUST_00284,Sai Deshmukh,tanmayisaran@example.net,8457831745,new,33,25,8,25245.03,0.758
CUST_00285,Abha Dugal,advaith08@example.org,04780774064,returning,36,32,4,54148.26,0.889
CUST_00286,Abhimanyu Prakash,nishasarkar@example.com,+912663416389,returning,15,12,3,206941.1,0.8
CUST_00287,Bhavani Wali,nitara31@example.org,+914179749735,new,7,5,2,78474.63,0.714
CUST_00288,Max Bawa,grewalharsh@example.com,02703120735,new,10,8,2,118829.84,0.8
CUST_00289,Devika Tara,ubika05@example.org,+910461872346,new,6,3,3,24592.83,0.5
CUST_00290,Jairaj Kothari,psavant@example.net,+913718376452,returning,9,8,1,146823.04,0.889
CUST_00291,Jason Kulkarni,mmisra@example.com,+913136502491,returning,22,19,3,102996.75,0.864
CUST_00292,Xavier Andra,somanmohammed@example.com,+913271950052,returning,28,26,2,180404.64,0.929
CUST_00293,Jeremiah Sura,edhithapalan@example.com,3065240778,vip,39,36,3,26348.34,0.923
CUST_00294,Vrishti Gupta,ijayanaik@example.net,04982182744,returning,10,9,1,56449.09,0.9
CUST_00295,Sudiksha Acharya,bgoyal@example.net,09351863878,new,36,24,12,190770.11,0.667
CUST_00296,Barkha Naidu,hnagy@example.org,1022031731,returning,28,26,2,243649.38,0.929
CUST_00297,Lipika Suri,chandran53@example.net,1037170586,returning,40,35,5,139406.57,0.875
CUST_00298,Dalbir Lata,bobaldaksha@example.org,+918113863383,returning,18,14,4,68680.96,0.778
CUST_00299,Ojasvi Cherian,tara61@example.org,+918685289755,returning,22,18,4,45760.69,0.818
CUST_00300,Kamya Sachar,mnaik@example.org,8368457760,new,26,15,11,185371.78,0.577
CUST_00301,Bhavani Babu,chasmumahuja@example.com,+913504888992,vip,6,6,0,54175.65,1.0
CUST_00302,Baljiwan Sharma,nachiket24@example.com,3344196931,returning,22,17,5,78253.52,0.773
CUST_00303,Vasudha Ghose,mchandran@example.net,00961055661,new,37,28,9,220893.88,0.757
CUST_00304,Advay Raja,modybenjamin@example.com,9258320679,new,40,23,17,20854.59,0.575
CUST_00305,Tristan Sankaran,meera22@example.com,+917908641686,returning,28,24,4,110790.02,0.857
CUST_00306,Krishna Srivastava,vinayarana@example.net,3898331465,new,33,19,14,107763.45,0.576
CUST_00307,Isaiah Sachdev,wpau@example.org,05904259792,new,38,27,11,166949.57,0.711
CUST_00308,Chaitanya Kaur,kashvidugal@example.net,+911039240514,new,26,23,3,14168.1,0.885
CUST_00309,Urishilla Bajaj,shaurya83@example.org,8487920698,new,14,11,3,191158.14,0.786
CUST_00310,Aadhya Garde,mandersai@example.net,4070164510,new,8,4,4,186880.02,0.5
CUST_00311,Libni Kashyap,ttrivedi@example.org,07981238780,new,25,18,7,57912.62,0.72
CUST_00312,Yug Wagle,gauri76@example.net,+910555438404,returning,23,18,5,215510.21,0.783
CUST_00313,Ayushman Mammen,maxom@example.com,2168936392,new,2,1,1,19926.72,0.5
CUST_00314,Devika Narayan,ndeep@example.net,+919832482629,new,28,21,7,177519.99,0.75
CUST_00315,Eesha Bir,goureesha@example.org,0566474231,returning,8,7,1,241566.82,0.875
CUST_00316,Qasim Bal,vihaan93@example.org,0517289752,new,40,28,12,172557.71,0.7
CUST_00317,Vyanjana Som,nihalhans@example.org,+916046333127,new,28,24,4,61207.46,0.857
CUST_00318,Ekta Shankar,prisharavel@example.org,6569998808,returning,34,26,8,217695.84,0.765
CUST_00319,Siya Shan,korpalzilmil@example.net,00868034764,returning,15,12,3,42449.11,0.8
CUST_00320,Triya Ganesan,nmenon@example.org,8277181298,returning,8,7,1,48878.97,0.875
CUST_00321,Maya Sachdev,shravya02@example.com,3714521117,returning,23,21,2,204827.68,0.913
CUST_00322,Frederick Viswanathan,nvaidya@example.org,08602592222,returning,16,12,4,64364.07,0.75
CUST_00323,Oni Morar,sanaya42@example.org,+913094077780,new,10,8,2,164049.5,0.8
CUST_00324,Wazir Kalla,asetty@example.com,+919903849830,new,32,23,9,141152.0,0.719
CUST_00325,Manbir Bhakta,balhaar20@example.net,9451016224,returning,37,33,4,246639.72,0.892
CUST_00326,Tamanna Parsa,chanderchandani@example.com,06168147214,new,21,13,8,17537.42,0.619
CUST_00327,Odika Vohra,shauryabhardwaj@example.org,8179469548,returning,20,18,2,148059.23,0.9
CUST_00328,Kai Taneja,ztailor@example.org,3430107139,new,5,3,2,113252.51,0.6
CUST_00329,Odika Bath,inaya83@example.org,3441448850,new,19,11,8,216130.38,0.579
CUST_00330,Gauri Om,lbalakrishnan@example.org,05770272785,returning,40,35,5,96428.38,0.875
CUST_00331,Odika Bhalla,diya88@example.org,+919551240568,returning,3,3,0,202549.07,1.0
CUST_00332,Lopa Grover,morardivya@example.net,+914617357438,returning,21,18,3,125591.14,0.857
CUST_00333,Parth Choudhury,baljiwan31@example.com,0782357845,vip,29,26,3,224832.15,0.897
CUST_00334,Guneet Varty,sameshbansal@example.com,08104091570,new,6,4,2,43553.45,0.667
CUST_00335,Devika Bajaj,shaurya53@example.org,04857142241,new,29,26,3,131255.1,0.897
CUST_00336,Yoshita Chaudry,inayanagar@example.com,+914932149587,returning,24,20,4,71081.95,0.833
CUST_00337,Kalpit Balakrishnan,gbedi@example.com,+911662997954,returning,22,19,3,13565.2,0.864
CUST_00338,Rudra Walla,shroffkaran@example.org,7174773329,returning,22,17,5,24079.23,0.773
CUST_00339,Januja Ramanathan,ganganair@example.com,00171577245,returning,19,15,4,212965.78,0.789
CUST_00340,Yashoda Chauhan,uchhabra@example.net,1487696393,vip,39,38,1,83673.83,0.974
CUST_00341,Vasatika Rajagopalan,oaksathvik@example.net,6695832197,returning,10,9,1,77902.82,0.9
CUST_00342,Ubika Nanda,saxenapatrick@example.com,01919657013,returning,26,20,6,177354.09,0.769
CUST_00343,Aadi Din,snehawali@example.com,09973354946,new,36,25,11,198019.66,0.694
CUST_00344,Gaurav Anand,sdatta@example.org,08008514036,returning,34,26,8,167778.78,0.765
CUST_00345,Eesha Raja,braj@example.net,+912723865624,returning,2,2,0,45475.6,1.0
CUST_00346,Krish Apte,babumaanas@example.net,06212679692,new,32,20,12,249994.17,0.625
CUST_00347,Yashodhara Samra,wrajagopalan@example.org,+916909738468,new,19,16,3,25734.62,0.842
CUST_00348,Bahadurjit Barad,hpillay@example.net,01284781891,returning,34,26,8,84522.71,0.765
CUST_00349,Urmi Brahmbhatt,chatresh58@example.org,07879565442,returning,9,8,1,38986.06,0.889
CUST_00350,Daksha Lad,solankiomkaar@example.net,+914904712814,new,40,33,7,41802.02,0.825
CUST_00351,Kevin Mand,aarini01@example.net,+919275243728,returning,27,22,5,180036.63,0.815
CUST_00352,Hemal Chad,miteshtandon@example.com,03723950410,vip,40,37,3,187259.86,0.925
CUST_00353,Ucchal Rastogi,emitra@example.net,3667428604,returning,35,28,7,241416.36,0.8
CUST_00354,Lavanya Mutti,chatterjeeirya@example.com,4544149673,returning,13,11,2,236808.98,0.846
CUST_00355,Zinal Nazareth,dhritianne@example.net,+911061817534,vip,30,29,1,194641.95,0.967
CUST_00356,Reyansh Bandi,chandadakshesh@example.net,3911192692,returning,27,25,2,204314.36,0.926
CUST_00357,Qarin Kulkarni,unni17@example.com,05421406650,returning,9,8,1,13518.86,0.889
CUST_00358,Alka Gokhale,fboase@example.org,6271286391,returning,24,21,3,26096.14,0.875
CUST_00359,Aashi Chauhan,boraekavir@example.net,4707200642,returning,8,6,2,190897.65,0.75
CUST_00360,Mahika Aggarwal,bsridhar@example.com,1830671985,new,33,20,13,109649.4,0.606
CUST_00361,Chavvi Rattan,chanajasmit@example.net,01743280634,vip,15,15,0,221215.13,1.0
CUST_00362,Hredhaan Parmer,ochad@example.com,3203093761,vip,27,24,3,125750.78,0.889
CUST_00363,Xalak Walla,cbabu@example.com,+915061387829,new,6,4,2,7532.79,0.667
CUST_00364,Ekbal Bansal,vrindabahl@example.com,0320204179,vip,22,21,1,34831.1,0.955
CUST_00365,Devansh Cherian,tankthomas@example.org,+916565198253,new,31,25,6,35128.78,0.806
CUST_00366,Oscar Nayak,daraanusha@example.org,02582739021,returning,29,25,4,226511.44,0.862
CUST_00367,Nakul Babu,abuch@example.org,+911946723248,new,14,12,2,137426.66,0.857
CUST_00368,Nisha Khare,baljiwangole@example.net,09145608331,returning,34,28,6,194155.07,0.824
CUST_00369,Janaki Zacharia,ucchaljoshi@example.com,+913127722005,new,8,5,3,105246.47,0.625
CUST_00370,Shaurya Saran,gaurika97@example.org,+910822078113,returning,30,23,7,209253.59,0.767
CUST_00371,Eshana Saini,eshanakarpe@example.org,03136363179,returning,35,26,9,129086.24,0.743
CUST_00372,Chatura Sarin,taraksha@example.org,05273543520,new,10,7,3,890.3,0.7
CUST_00373,Avni Deshpande,shrofftara@example.com,+915349292983,new,37,26,11,166260.64,0.703
CUST_00374,Nisha Vig,lkalita@example.com,04063356939,new,24,14,10,131751.83,0.583
CUST_00375,Abdul Sahni,bariaupma@example.net,0686717731,returning,33,28,5,97918.21,0.848
CUST_00376,Niharika Kamdar,jagratimerchant@example.org,1074279907,returning,25,24,1,63785.74,0.96
CUST_00377,Lakshit Ravi,kamalashetty@example.net,0165804649,new,5,3,2,183368.78,0.6
CUST_00378,Faris Nayak,varmajanuja@example.org,+916579055281,returning,38,34,4,83463.39,0.895
CUST_00379,Lakshit Natt,ishaansridhar@example.net,3355486401,new,35,23,12,160877.51,0.657
CUST_00380,Hemani Sethi,hthaker@example.org,08847951371,returning,30,28,2,119893.53,0.933
CUST_00381,Mahika Gola,faraj12@example.com,+912723804682,new,9,5,4,194159.5,0.556
CUST_00382,Idika Salvi,sbail@example.org,+910385695579,returning,19,15,4,197881.75,0.789
CUST_00383,Tanvi Modi,daminigarg@example.com,+917540254729,returning,21,20,1,129088.21,0.952
CUST_00384,Bhavika Gopal,miteshedwin@example.org,+910592745238,vip,35,33,2,9636.88,0.943
CUST_00385,Edhitha Padmanabhan,kashishsen@example.net,+918410672752,returning,19,16,3,195319.97,0.842
CUST_00386,Yashica Narula,urvi49@example.net,+919751702814,returning,22,18,4,199935.93,0.818
CUST_00387,Neelima Kannan,fparikh@example.com,+919398343018,returning,26,23,3,223712.05,0.885
CUST_00388,Gagan Vala,fhayer@example.com,9805626565,new,12,9,3,124632.09,0.75
CUST_00389,Bhavani Pai,darika78@example.org,+917674266299,vip,34,31,3,21111.57,0.912
CUST_00390,Maanas Johal,vaishnavi85@example.org,6106462879,returning,28,24,4,205674.15,0.857
CUST_00391,Ryan Grewal,jmann@example.com,+914947873002,returning,21,16,5,82316.02,0.762
CUST_00392,Charita Sodhi,maniomisha@example.org,03014719597,new,29,22,7,106815.96,0.759
CUST_00393,Aarna Soni,prakashyauvani@example.net,0429025725,returning,23,19,4,181840.19,0.826
CUST_00394,Chatresh Mahajan,oni50@example.com,08183219285,vip,40,40,0,69001.56,1.0
CUST_00395,Charvi Madan,gopal89@example.com,+910284576521,vip,4,4,0,159559.38,1.0
CUST_00396,Mohammed Thakur,raghavvora@example.net,8167112075,new,11,10,1,36123.48,0.909
CUST_00397,Janani Dewan,wvirk@example.com,+914013223423,returning,29,22,7,17274.72,0.759
CUST_00398,Farhan Sandal,brahmbhattanirudh@example.com,00310890714,returning,24,20,4,237392.04,0.833
CUST_00399,Dominic Mitra,charjatin@example.net,+919325012495,new,10,8,2,237231.47,0.8
CUST_00400,Naveen Tella,yashasvibir@example.org,0833428013,new,5,4,1,132600.24,0.8
CUST_00401,Jeevika Goyal,lchhabra@example.com,06383615171,new,18,11,7,28805.43,0.611
CUST_00402,Warhi Patel,banjeet15@example.com,+916479473864,returning,32,27,5,228428.86,0.844
CUST_00403,Ranbir Boase,lpillai@example.org,7167811266,new,17,14,3,54035.32,0.824
CUST_00404,Om Bhattacharyya,rushil53@example.net,01367499465,returning,32,25,7,34364.24,0.781
CUST_00405,Nidhi Sundaram,manan71@example.org,07732010170,new,12,10,2,111555.24,0.833
CUST_00406,Lavanya Narain,chavvichar@example.org,8773477848,new,21,16,5,177530.35,0.762
CUST_00407,Andrew Balay,ydani@example.com,06770028427,returning,19,18,1,212914.83,0.947
CUST_00408,Krish Muni,wsura@example.org,7889778280,returning,12,11,1,127434.56,0.917
CUST_00409,Adya Talwar,xpandit@example.com,00090255905,new,13,11,2,59565.68,0.846
CUST_00410,Gunbir Sangha,ishanvi65@example.org,3334911415,returning,24,21,3,92543.34,0.875
CUST_00411,Anmol Yohannan,baljiwan76@example.net,6407905696,returning,36,28,8,221119.49,0.778
CUST_00412,Guneet Suresh,jhagayathri@example.com,5294563718,new,26,23,3,179857.98,0.885
CUST_00413,Bhavna Lanka,mishraneelima@example.org,1919541987,returning,27,25,2,18900.8,0.926
CUST_00414,Shaurya Palan,mittalyamini@example.com,08536649878,vip,5,5,0,170187.19,1.0
CUST_00415,Anirudh Varty,xalakkala@example.net,7489690835,new,36,28,8,45899.8,0.778
CUST_00416,Manbir Khosla,charitasaran@example.com,01364424936,vip,28,26,2,217118.8,0.929
CUST_00417,Ishaan Doctor,ayaankorpal@example.com,07866032420,returning,34,27,7,41581.94,0.794
CUST_00418,Arunima Goda,sunderanmol@example.org,+915941651623,new,15,10,5,235255.56,0.667
CUST_00419,Xiti Dara,watika13@example.net,+915596363212,returning,6,5,1,158946.74,0.833
CUST_00420,Anvi Sarraf,lkumar@example.org,08515867342,returning,9,8,1,153799.86,0.889
CUST_00421,Vaishnavi Pillai,ansh90@example.net,0348645183,new,11,8,3,145371.3,0.727
CUST_00422,Lipika Anand,tkumer@example.org,+914327560417,new,40,32,8,151482.16,0.8
CUST_00423,Nitara Natarajan,kchaudhry@example.net,08156985700,returning,37,28,9,216013.41,0.757
CUST_00424,Sachi Deshpande,rattanryan@example.net,05911238296,new,37,24,13,53096.69,0.649
CUST_00425,Siya Sridhar,abhaghose@example.net,5431652669,returning,40,35,5,124760.5,0.875
CUST_00426,Ansh Bajaj,gauravshere@example.org,02069694215,returning,19,17,2,75872.48,0.895
CUST_00427,Jacob Atwal,rsetty@example.com,+913334476263,new,26,17,9,18706.77,0.654
CUST_00428,Barkha Gulati,agole@example.org,+914439735971,new,29,20,9,116378.32,0.69
CUST_00429,Upasna Deol,mitali36@example.net,09411800537,new,10,7,3,179731.54,0.7
CUST_00430,Chakradev Ahluwalia,yamini96@example.com,05280924287,returning,23,22,1,33126.15,0.957
CUST_00431,Upadhriti Deo,nadigrachita@example.org,01502745644,new,36,21,15,60813.6,0.583
CUST_00432,Zansi Munshi,ugala@example.net,02870320320,new,29,18,11,24654.51,0.621
CUST_00433,Abha Gade,hsarin@example.com,+917587771215,new,25,21,4,104824.62,0.84
CUST_00434,Samar Mander,omtrivedi@example.com,9390892613,vip,11,11,0,233471.01,1.0
CUST_00435,Girindra Narasimhan,manejairaj@example.com,09152017774,returning,13,12,1,124817.25,0.923
CUST_00436,Forum Bassi,unair@example.net,2304501896,returning,32,30,2,124593.88,0.938
CUST_00437,Mohini Kumer,wriddhishrastogi@example.org,+913266421476,new,26,19,7,241688.31,0.731
CUST_00438,Karan Parmer,pillaiyauvani@example.org,07674996165,new,23,13,10,70698.41,0.565
CUST_00439,Radha Sandhu,bariayochana@example.com,03278814761,returning,31,25,6,2540.26,0.806
CUST_00440,Charita Dixit,charitakothari@example.net,04908108186,new,9,8,1,182013.26,0.889
CUST_00441,Girindra Shetty,isha49@example.org,0172260164,returning,24,18,6,13263.84,0.75
CUST_00442,Suhani Sengupta,harita23@example.org,+919416800610,returning,24,21,3,18846.17,0.875
CUST_00443,Vansha Sharma,tsur@example.net,5641220310,returning,36,29,7,247278.13,0.806
CUST_00444,Avi Kadakia,pdhillon@example.org,08314727601,returning,8,6,2,24622.03,0.75
CUST_00445,Michael Saxena,bsinha@example.com,3349605016,new,22,16,6,91718.79,0.727
CUST_00446,Warhi Mannan,suramugdha@example.com,9973080695,new,39,28,11,125269.44,0.718
CUST_00447,Amrita Sahni,fdada@example.net,5760243757,new,9,7,2,201089.48,0.778
CUST_00448,Yashica Kanda,upadhriti24@example.net,6657293417,returning,10,9,1,129118.68,0.9
CUST_00449,Oscar Iyengar,vyanjanachaudhuri@example.com,04338005452,new,40,26,14,98542.17,0.65
CUST_00450,Yahvi Balay,nazarethqushi@example.org,3183745508,returning,20,17,3,127075.09,0.85
CUST_00451,Matthew Varma,bediraksha@example.com,+911991808121,returning,32,29,3,75297.75,0.906
CUST_00452,Janaki Dugar,riya87@example.net,+912552137603,returning,24,20,4,27846.35,0.833
CUST_00453,Harita Mangat,fredericklata@example.com,6532863266,returning,20,18,2,181468.39,0.9
CUST_00454,Tara Varty,ayushman72@example.org,8115562606,returning,2,2,0,66749.84,1.0
CUST_00455,Matthew Bhardwaj,oni68@example.com,5504892673,returning,38,33,5,180489.33,0.868
CUST_00456,Hemani Ravel,charvichad@example.org,5628843188,returning,11,9,2,180435.12,0.818
CUST_00457,Harini Dutta,balaaarna@example.org,06810548510,returning,25,19,6,170341.36,0.76
CUST_00458,Saumya Misra,settyharinakshi@example.org,9989354492,new,8,5,3,110539.12,0.625
CUST_00459,Zinal Kota,narangzaitra@example.net,+915712661106,returning,27,24,3,102889.16,0.889
CUST_00460,Vamakshi Kala,xbrahmbhatt@example.net,6988649767,returning,31,29,2,184091.4,0.935
CUST_00461,Omaja Gaba,yashasvidatta@example.com,7288137702,new,9,7,2,140441.25,0.778
CUST_00462,Jagat Rege,darakala@example.net,00821545447,vip,31,29,2,78781.27,0.935
CUST_00463,Luke Dhar,tbava@example.com,+912701851067,new,35,23,12,88894.6,0.657
CUST_00464,Sneha Nazareth,usoman@example.net,+912877725199,returning,17,15,2,48469.91,0.882
CUST_00465,Lila Kaul,inori@example.org,7412094818,new,36,24,12,235400.64,0.667
CUST_00466,Reyansh Bera,vamakshithakkar@example.org,+918204339718,vip,19,18,1,172714.86,0.947
CUST_00467,Neelima Bath,vbajaj@example.com,+916085641118,returning,31,25,6,233458.24,0.806
CUST_00468,Bhavika Dhawan,aadhyachakraborty@example.org,06209520046,returning,18,15,3,143582.46,0.833
CUST_00469,Ekaja Dhar,qnaik@example.com,+910339937886,returning,26,24,2,238674.91,0.923
CUST_00470,Amruta Bhat,ucchal86@example.org,00630489138,returning,19,14,5,238850.77,0.737
CUST_00471,Daksha Ray,ochacko@example.net,+912582386870,new,29,23,6,186960.96,0.793
CUST_00472,Ucchal Mann,aadibhasin@example.com,09465398402,new,35,23,12,140723.5,0.657
CUST_00473,Charita Chakraborty,idas@example.net,4639855474,new,7,5,2,146914.21,0.714
CUST_00474,Ekanta Om,triptinarasimhan@example.org,2097002687,new,34,21,13,58592.72,0.618
CUST_00475,Finn Brahmbhatt,saxenajatin@example.com,09562017537,new,22,18,4,25585.95,0.818
CUST_00476,Timothy Bahri,ishita31@example.net,4337504793,returning,1,1,0,244488.72,1.0
CUST_00477,Rohan Randhawa,mallxiti@example.com,+918399921921,new,31,22,9,50264.27,0.71
CUST_00478,Aashi Kari,rehaan08@example.net,08706056641,vip,21,19,2,15261.07,0.905
CUST_00479,Warhi Pathak,kapurchampak@example.com,08750635190,returning,37,29,8,184802.29,0.784
CUST_00480,Pallavi Borde,ronithgala@example.com,01107609543,returning,3,3,0,44178.66,1.0
CUST_00481,Urvashi Khare,chatura58@example.org,+919971791100,returning,12,11,1,9566.79,0.917
CUST_00482,Dhriti Bhattacharyya,davidsathe@example.org,09611080466,returning,32,25,7,187376.3,0.781
CUST_00483,Nirja Kaul,settyleena@example.com,09915078593,returning,19,18,1,2812.16,0.947
CUST_00484,Harshil Arora,harijonathan@example.net,4567972320,returning,7,7,0,84093.01,1.0
CUST_00485,Joshua Muni,pvarghese@example.com,09822749545,returning,35,30,5,222370.36,0.857
CUST_00486,Zarna Dhillon,khannayashica@example.net,+916533315377,new,33,24,9,48606.44,0.727
CUST_00487,Gautami Mistry,knarasimhan@example.org,00730337933,new,11,9,2,162247.19,0.818
CUST_00488,Garima Prashad,mugdhagour@example.org,00150812473,returning,1,1,0,197796.53,1.0
CUST_00489,Caleb Balan,rudramander@example.org,+914258323024,returning,13,10,3,214108.55,0.769
CUST_00490,Ansh Devan,vchoudhry@example.org,07355289611,returning,28,24,4,22141.07,0.857
CUST_00491,Kalpit Gupta,kritikaprasad@example.com,6309938425,returning,12,11,1,119624.8,0.917
CUST_00492,Chatresh Mammen,yashodasuresh@example.org,1791286857,vip,1,1,0,59262.55,1.0
CUST_00493,Praneel Nagy,vasudha77@example.com,6903337363,returning,22,18,4,180859.19,0.818
CUST_00494,Pavani Purohit,kavyakumar@example.net,+912147853907,new,24,19,5,16000.02,0.792
CUST_00495,Pooja Seshadri,asankaran@example.com,05460273415,new,20,12,8,171675.37,0.6
CUST_00496,Chaitaly Thaker,malhotravedant@example.org,+911508353544,vip,20,19,1,159858.48,0.95
CUST_00497,Rayaan Devi,abhiram44@example.com,06907826333,vip,24,23,1,55172.59,0.958
CUST_00498,Vivaan Varty,vshenoy@example.org,03663778052,new,10,7,3,247215.07,0.7
CUST_00499,Dalaja Andra,vpant@example.org,06684590902,new,36,31,5,189458.96,0.861
CUST_00500,Ganga Raman,zjayaraman@example.org,6371597412,returning,14,13,1,170245.31,0.929
CUST_00501,Peter Balay,lbala@example.org,+916433481705,returning,6,5,1,132279.19,0.833
CUST_00502,Onveer Narain,kraman@example.org,+918671632346,new,37,22,15,207279.13,0.595
CUST_00503,Nathan Mukherjee,yadavishanker@example.com,+910271693859,vip,13,12,1,37888.17,0.923
CUST_00504,Triveni Shere,chandbhavna@example.net,05469263296,new,34,24,10,170233.66,0.706
CUST_00505,Leena Goswami,ramaswamycaleb@example.org,+914841376815,returning,32,25,7,127838.65,0.781
CUST_00506,Henry Thaman,nimrat72@example.com,+918070176563,returning,30,23,7,104148.43,0.767
CUST_00507,Baljiwan Anne,ishwar25@example.net,7771183727,returning,36,30,6,201825.38,0.833
CUST_00508,Neel Garde,chaudhrypeter@example.com,+918621042752,returning,26,21,5,1252.36,0.808
CUST_00509,Bakhshi Walia,riyabatta@example.net,1647090063,new,5,3,2,86459.95,0.6
CUST_00510,Kavya Khare,gavinbabu@example.com,+910531312206,new,4,4,0,17720.28,1.0
CUST_00511,Eta Naidu,sarthakrana@example.com,+913315520650,vip,3,3,0,45405.34,1.0
CUST_00512,Simon Shanker,dominicmallick@example.net,5013649718,new,27,18,9,222887.73,0.667
CUST_00513,Zayan Chandran,lipika25@example.org,5715099768,returning,25,21,4,170841.22,0.84
CUST_00514,Yahvi Arya,anshdash@example.com,+916391025743,returning,35,27,8,215141.5,0.771
CUST_00515,Keya Jayaraman,khannasachi@example.net,02450864035,new,35,24,11,32273.1,0.686
CUST_00516,Xavier Jha,kotharitristan@example.net,08527017130,vip,1,1,0,244633.43,1.0
CUST_00517,Samarth Dass,ghosesamarth@example.org,1674233629,returning,35,29,6,95129.48,0.829
CUST_00518,Chavvi Mangal,rjaggi@example.com,+915662776896,new,30,20,10,69274.61,0.667
CUST_00519,Vasatika Bahri,fsane@example.com,8282467474,vip,8,7,1,165219.32,0.875
CUST_00520,Vasana Bora,laban73@example.org,+910085766656,returning,2,2,0,17289.08,1.0
CUST_00521,Darika Bobal,hbarad@example.com,2364587506,returning,29,25,4,175969.92,0.862
CUST_00522,Yatin Kibe,xbanerjee@example.net,0249724399,new,3,2,1,58967.65,0.667
CUST_00523,Advik Dada,rajagopalanmitali@example.net,1836264488,new,4,2,2,248374.12,0.5
CUST_00524,Darika Sabharwal,choprahemangini@example.org,03640270116,new,37,24,13,149680.46,0.649
CUST_00525,Bhavya Sankar,patrickprasad@example.org,2372817932,returning,21,17,4,219126.45,0.81
CUST_00526,Daniel Goswami,aashirege@example.com,9121416141,vip,34,31,3,75474.99,0.912
CUST_00527,Ayushman Keer,rsundaram@example.org,+910409013806,new,38,33,5,227938.63,0.868
CUST_00528,Vedika Solanki,pushti55@example.net,05356690551,returning,28,24,4,12197.58,0.857
CUST_00529,Tanmayi Ratti,atharvdas@example.net,03579786305,new,25,21,4,80024.25,0.84
CUST_00530,Jagvi Bath,sachi39@example.com,09156716493,returning,10,8,2,46377.81,0.8
CUST_00531,Zinal Thaman,dattawidisha@example.org,08727178333,returning,16,15,1,75533.74,0.938
CUST_00532,Gaurav Cherian,kbalakrishnan@example.com,04347128715,returning,30,28,2,140815.29,0.933
CUST_00533,Dhruv Oza,praj@example.net,6334141115,vip,36,34,2,97410.55,0.944
CUST_00534,Jack Pillai,dhritirai@example.net,0409836655,new,22,17,5,230595.41,0.773
CUST_00535,Zinal Kapadia,ranaaditya@example.net,05243772942,returning,6,5,1,207436.87,0.833
CUST_00536,Ekaja More,mahalvanya@example.net,+917460523302,new,25,20,5,150929.05,0.8
CUST_00537,Manya Mistry,anthonyramanathan@example.com,07566184438,returning,13,12,1,147102.13,0.923
CUST_00538,Gunbir Deep,chatura47@example.net,+919277423330,returning,14,12,2,217433.73,0.857
CUST_00539,Harsh Divan,rsane@example.org,+911572018596,new,1,1,0,47910.91,1.0
CUST_00540,Netra Konda,daniwridesh@example.com,04926176475,returning,31,29,2,174058.76,0.935
CUST_00541,Jagdish Dada,daravrinda@example.net,8309997419,returning,26,24,2,138243.78,0.923
CUST_00542,Leena Sule,kmisra@example.org,+915182606888,returning,25,21,4,162355.97,0.84
CUST_00543,Devansh Venkataraman,johaljacob@example.org,2087510293,new,24,18,6,124570.68,0.75
CUST_00544,Gagan Kunda,chadjeet@example.net,05826034084,new,31,25,6,80398.2,0.806
CUST_00545,Logan Swaminathan,indira98@example.net,+911030324329,new,21,15,6,140849.92,0.714
CUST_00546,Jagrati Mall,pahalborde@example.net,04626714628,new,10,6,4,138551.24,0.6
CUST_00547,Ekavir Luthra,kashishvaidya@example.net,+916256609314,returning,27,22,5,49449.85,0.815
CUST_00548,Imaran Ray,narayangaurav@example.com,04234016361,new,37,31,6,125075.72,0.838
CUST_00549,Parth Vyas,vrishti18@example.com,9484910256,returning,22,18,4,205487.19,0.818
CUST_00550,Hemani Wali,lsood@example.org,00822269405,vip,32,30,2,183326.67,0.938
CUST_00551,Omya Shankar,revapandya@example.com,4468341465,new,9,7,2,122334.92,0.778
CUST_00552,Fariq Bose,girikgandhi@example.net,+911487068277,vip,35,35,0,239330.61,1.0
CUST_00553,Nidra Atwal,abhimanyusandal@example.net,5389097283,returning,5,5,0,167219.78,1.0
CUST_00554,Falan Peri,yoshitapandit@example.org,07625153814,returning,27,21,6,157860.06,0.778
CUST_00555,Vasudha Memon,tanay09@example.com,+914807970509,new,10,6,4,126680.36,0.6
CUST_00556,Falguni Misra,hredhaan05@example.net,+916501673188,new,40,31,9,233508.98,0.775
CUST_00557,Nirja Dasgupta,jamble@example.net,03765456284,vip,32,29,3,133287.02,0.906
CUST_00558,Reva Sarna,loganpandya@example.net,00531340266,returning,2,2,0,69047.81,1.0
CUST_00559,Azad Dyal,varenyalata@example.org,07872568621,vip,2,2,0,174615.84,1.0
CUST_00560,Ansh Date,hemanginitella@example.org,3056906744,returning,12,9,3,24530.32,0.75
CUST_00561,Fitan Sanghvi,michaelvaidya@example.org,+914143637189,new,13,10,3,63478.34,0.769
CUST_00562,Ranbir Dixit,jaideo@example.com,+914326093106,new,26,15,11,239844.8,0.577
CUST_00563,Damini Kashyap,gayathrisandhu@example.com,+918604145456,returning,16,15,1,56851.38,0.938
CUST_00564,Ekaja Batta,banjeetacharya@example.org,5347491624,returning,6,5,1,214625.68,0.833
CUST_00565,Januja Natt,isaac10@example.net,2555989534,returning,6,5,1,94603.81,0.833
CUST_00566,Leena Chahal,dejai@example.org,3371189547,returning,1,1,0,21130.19,1.0
CUST_00567,Mitesh Bassi,rehaansahota@example.net,4855716176,returning,22,19,3,214561.1,0.864
CUST_00568,Ojas Mahal,bimalabath@example.net,+913678812786,new,34,30,4,57826.74,0.882
CUST_00569,Nandini Magar,qarinaggarwal@example.org,3908788443,vip,37,35,2,12117.21,0.946
CUST_00570,Amrita Dani,udarshbath@example.net,+914024240338,new,18,16,2,141095.71,0.889
CUST_00571,Aarav Palan,ekta18@example.com,2694500534,new,21,12,9,52185.95,0.571
CUST_00572,Aahana Babu,rajaaarini@example.net,9837354396,new,26,23,3,75169.58,0.885
CUST_00573,Sanaya Kata,jpillay@example.com,+917272239724,returning,37,34,3,97594.57,0.919
CUST_00574,Dayita Gaba,meeraguha@example.org,+911637618209,returning,22,18,4,185066.42,0.818
CUST_00575,Krishna Rajagopalan,choudharyagastya@example.net,+912314290018,returning,6,5,1,243593.67,0.833
CUST_00576,Frederick Jain,varshasawhney@example.org,05723084810,new,28,18,10,19466.55,0.643
CUST_00577,Harshil Minhas,vaidyaojasvi@example.org,+913036625436,returning,40,38,2,99477.41,0.95
CUST_00578,Vyanjana Gara,kapurharsh@example.com,01951510922,returning,2,2,0,195995.26,1.0
CUST_00579,Gaurika Golla,qdoctor@example.net,09451475410,returning,15,12,3,235315.14,0.8
CUST_00580,Manan Nagarajan,madhavisekhon@example.net,01196421522,returning,38,34,4,21880.68,0.895
CUST_00581,Ira Nagar,esamra@example.net,09523668788,returning,16,14,2,20968.48,0.875
CUST_00582,Victor Rajagopalan,samatheodore@example.net,+913503058721,new,10,8,2,79511.22,0.8
CUST_00583,Ikshita Patel,chaitalysharma@example.org,6333021260,new,1,1,0,111461.6,1.0
CUST_00584,Kamya Bhagat,borahvansha@example.net,+910252131096,returning,7,5,2,47254.25,0.714
CUST_00585,Qabil Singhal,chandanisinghal@example.com,5704120092,returning,36,31,5,26271.59,0.861
CUST_00586,Advay Randhawa,jsha@example.net,09843624186,new,36,21,15,149711.93,0.583
CUST_00587,Siddharth Rattan,kandamanya@example.org,8917756620,new,25,14,11,103745.61,0.56
CUST_00588,Panini Hayer,ikbal11@example.com,5034281139,returning,36,34,2,244554.18,0.944
CUST_00589,Dayamai Guha,bachittarkhosla@example.com,+919909700514,returning,11,10,1,42790.69,0.909
CUST_00590,Ishanvi Mandal,mtella@example.com,05215681820,new,18,13,5,16285.15,0.722
CUST_00591,Vansha Barad,neel27@example.org,1332288985,returning,27,22,5,195775.32,0.815
CUST_00592,Karan Nori,jagvi96@example.org,6339912971,new,16,13,3,124202.71,0.812
CUST_00593,Luke More,taragirindra@example.com,02421495511,returning,30,23,7,76512.17,0.767
CUST_00594,Triveni Kuruvilla,wkunda@example.com,2197054669,vip,22,21,1,95282.54,0.955
CUST_00595,Ridhi Peri,kashvi16@example.net,04090380214,returning,29,24,5,203961.13,0.828
CUST_00596,Nathan Rastogi,kapoorlipika@example.com,1577871121,returning,39,30,9,80505.96,0.769
CUST_00597,Rachita Iyengar,enarasimhan@example.com,09737147082,vip,13,12,1,44820.5,0.923
CUST_00598,Madhav Kala,azad96@example.org,06730306442,new,21,14,7,173891.96,0.667
CUST_00599,Lucky Biswas,nidhi14@example.net,06834201654,returning,37,34,3,81808.62,0.919
CUST_00600,Rushil Palla,esubramaniam@example.net,2659608931,new,26,18,8,233050.75,0.692
CUST_00601,Ekiya Nadig,doratara@example.org,05164807279,new,35,21,14,192020.67,0.6
CUST_00602,Balhaar Kamdar,oshaganesan@example.net,03533905504,new,30,26,4,52807.27,0.867
CUST_00603,Yadavi Dash,ashah@example.com,05868512765,returning,5,5,0,199016.38,1.0
CUST_00604,Nicholas Sarin,qmane@example.net,6491111096,returning,32,25,7,76056.74,0.781
CUST_00605,Watika Chaudhry,lthakur@example.org,4633786137,new,10,8,2,197374.65,0.8
CUST_00606,Indali Shetty,arandhawa@example.com,+918444463060,new,39,28,11,100500.87,0.718
CUST_00607,Atharv Dube,zilmil95@example.com,+919638639609,returning,27,23,4,197784.87,0.852
CUST_00608,Kabir Ramakrishnan,nehanadkarni@example.net,+916312819648,new,35,27,8,228643.11,0.771
CUST_00609,Ekantika Jani,chanderatharv@example.com,+919209819602,new,16,12,4,89074.7,0.75
CUST_00610,Ishita Grover,tristanmishra@example.org,3640412091,returning,3,3,0,161435.29,1.0
CUST_00611,Tripti Das,dharbarkha@example.com,+911175361706,returning,22,21,1,107898.66,0.955
CUST_00612,Vidhi Bose,oniprashad@example.com,7224029901,new,17,11,6,186839.83,0.647
CUST_00613,Idika Sule,duttaachal@example.org,+919080882351,returning,37,29,8,93842.83,0.784
CUST_00614,Ayushman Narang,thomaschacko@example.net,2447315847,returning,38,34,4,38110.86,0.895
CUST_00615,Rajata Vala,qhans@example.org,+914619942376,vip,31,28,3,104285.87,0.903
CUST_00616,Pallavi Magar,hritik96@example.com,+919551720849,vip,8,8,0,182672.61,1.0
CUST_00617,Chaaya Wali,mitali01@example.org,06253135525,new,22,16,6,52113.4,0.727
CUST_00618,Aditya Nagar,narasimhantanay@example.com,5381649383,returning,31,24,7,180637.49,0.774
CUST_00619,Arunima Borde,usaran@example.com,+913077046117,returning,5,4,1,202641.39,0.8
CUST_00620,Eta Rajagopal,anshmane@example.org,9074260880,new,22,17,5,169446.26,0.773
CUST_00621,Amol Boase,zchandran@example.com,4455618579,new,16,12,4,138201.62,0.75
CUST_00622,Maya Misra,ptak@example.org,09103002156,new,28,25,3,58347.96,0.893
CUST_00623,Onkar Chakrabarti,jyotiyogi@example.org,0401041459,returning,12,9,3,164498.32,0.75
CUST_00624,Anamika Garde,trivenidar@example.org,02967188397,new,40,34,6,112668.97,0.85
CUST_00625,Avni Nagy,fkara@example.com,01583311703,returning,1,1,0,51843.23,1.0
CUST_00626,Tarak Sidhu,fguha@example.org,03988547281,returning,5,4,1,199975.84,0.8
CUST_00627,Theodore Patla,nsethi@example.net,+916314624912,returning,24,20,4,114658.83,0.833
CUST_00628,Hredhaan Choudhary,amolsharma@example.org,00787541815,new,32,24,8,159957.59,0.75
CUST_00629,Simon Dora,bthakkar@example.net,00745106634,returning,40,33,7,29000.9,0.825
CUST_00630,Neha Goda,wakeeta86@example.org,0313100943,new,30,23,7,203527.69,0.767
CUST_00631,Harrison Majumdar,nidhiramanathan@example.com,+913473235494,returning,20,19,1,147747.01,0.95
CUST_00632,Girindra Goyal,smody@example.org,+915122572076,returning,21,16,5,76692.31,0.762
CUST_00633,Ansh Goel,faraj20@example.net,07907371009,new,10,7,3,104850.66,0.7
CUST_00634,Vedant Vohra,mananchandra@example.org,05775847457,new,25,17,8,121924.22,0.68
CUST_00635,Ira Mitra,zarna97@example.org,08026325703,returning,12,10,2,122665.69,0.833
CUST_00636,Jagvi Jhaveri,harikrishna@example.net,+914878245569,new,21,18,3,155042.79,0.857
CUST_00637,Anya More,benjaminvenkatesh@example.net,09167954107,returning,1,1,0,49184.56,1.0
CUST_00638,Unnati Doctor,nicholas47@example.com,+914070349107,new,36,26,10,123994.98,0.722
CUST_00639,Abdul Sani,aadi04@example.org,04882142369,returning,27,24,3,111241.01,0.889
CUST_00640,Bina Kanda,solankiisha@example.org,6661449429,new,37,21,16,190383.63,0.568
CUST_00641,Ekantika Dewan,zashildeshmukh@example.com,3441497826,new,18,11,7,72523.24,0.611
CUST_00642,Gopal Devi,gmunshi@example.net,5756766708,returning,37,33,4,191596.93,0.892
CUST_00643,Oviya Chakrabarti,chasmumkibe@example.net,5298940626,returning,8,7,1,67338.28,0.875
CUST_00644,Turvi Vasa,fbhagat@example.org,01591497501,returning,24,21,3,189318.17,0.875
CUST_00645,Samarth Varty,warhideshpande@example.org,2440793110,returning,29,25,4,247449.04,0.862
CUST_00646,Jai Venkatesh,kotasamarth@example.org,00876014672,new,16,10,6,249828.51,0.625
CUST_00647,Abha Sarna,sankaranmadhav@example.net,+912232883774,returning,23,21,2,22202.26,0.913
CUST_00648,Harish Tailor,anvi66@example.net,+917662047196,returning,8,7,1,59618.04,0.875
CUST_00649,Chavvi Bandi,wbasak@example.org,07402588358,returning,38,34,4,215331.65,0.895
CUST_00650,Yochana Bhatnagar,maxpandey@example.net,9572446176,returning,28,22,6,35239.12,0.786
CUST_00651,Pranit Tripathi,kai59@example.net,09961002311,new,14,12,2,142733.55,0.857
CUST_00652,Vamakshi Naik,warjascheema@example.org,6610941017,returning,39,33,6,81251.58,0.846
CUST_00653,Ayushman Ghosh,hritik76@example.org,9833477433,returning,19,16,3,238123.14,0.842
CUST_00654,Radha Wadhwa,gabrielbajwa@example.net,1302056981,returning,7,5,2,187648.49,0.714
CUST_00655,Qasim Wable,ngupta@example.net,08559821766,returning,4,4,0,216828.37,1.0
CUST_00656,Farhan Datta,harrison17@example.org,+919850344651,new,9,6,3,177993.01,0.667
CUST_00657,Bhavna Borde,zarnatella@example.com,09081974005,returning,26,22,4,144567.67,0.846
CUST_00658,Advika Iyer,daniel23@example.net,5037199051,new,27,18,9,19341.31,0.667
CUST_00659,Faris Srinivas,anikabarman@example.org,+917835674300,returning,6,5,1,187575.69,0.833
CUST_00660,Rohan Warrior,jbadami@example.com,+916626682171,returning,24,20,4,122267.1,0.833
CUST_00661,Indira Hari,rajeshri03@example.org,+919036890030,returning,6,5,1,114883.09,0.833
CUST_00662,Dakshesh Date,sgole@example.org,05934296711,returning,23,21,2,199021.64,0.913
CUST_00663,Zashil Jha,oparikh@example.com,4584384588,new,28,23,5,123931.38,0.821
CUST_00664,Chatura Pal,rsunder@example.org,+912834831520,new,19,13,6,144694.44,0.684
CUST_00665,Ria Setty,bailwishi@example.org,04964104967,returning,32,29,3,223591.59,0.906
CUST_00666,Lavanya Rajagopalan,obasu@example.org,02680408509,returning,3,2,1,196080.5,0.667
CUST_00667,Adweta Kalita,omradha@example.com,0186487699,returning,8,7,1,39916.89,0.875
CUST_00668,Nicholas Raj,ikhanna@example.org,04138459609,returning,28,22,6,172303.67,0.786
CUST_00669,Janaki Luthra,advik14@example.net,5427707070,new,20,12,8,233215.03,0.6
CUST_00670,Varsha Kamdar,lbhardwaj@example.org,09851724447,new,24,15,9,93275.02,0.625
CUST_00671,Utkarsh Ghosh,chandrankaul@example.org,0287950830,vip,11,10,1,156588.27,0.909
CUST_00672,Aarini Babu,chaitanya93@example.com,+911871813359,returning,15,13,2,23254.2,0.867
CUST_00673,Ojasvi Bora,jmandal@example.org,09556574902,new,14,10,4,33608.6,0.714
CUST_00674,Chaitanya Mannan,atharvcherian@example.net,+915889536902,new,29,16,13,174051.48,0.552
CUST_00675,Farhan Brahmbhatt,yahvisahota@example.net,1809788754,returning,28,25,3,119686.21,0.893
CUST_00676,Chaaya Kohli,xavier53@example.com,01376515881,new,6,5,1,26055.58,0.833
CUST_00677,Veda Karpe,osahota@example.net,+918369294455,new,20,12,8,193478.39,0.6
CUST_00678,Finn Rege,jtiwari@example.net,03270216487,returning,9,8,1,169445.7,0.889
CUST_00679,Jonathan Bandi,sbajwa@example.org,+912886652683,new,37,20,17,162680.04,0.541
CUST_00680,Jagat Nayar,hritik01@example.net,07676472298,returning,14,12,2,38267.85,0.857
CUST_00681,Max Amble,sudiksha65@example.com,+918941347509,returning,29,27,2,22128.66,0.931
CUST_00682,Bhavika Naidu,wnagar@example.org,+910368499515,new,8,6,2,96315.96,0.75
CUST_00683,Noah Dani,anusha77@example.org,+914491342138,vip,21,20,1,62322.7,0.952
CUST_00684,Ayaan Baral,abeersuresh@example.org,03496782741,returning,16,14,2,150201.96,0.875
CUST_00685,Sai Sankaran,flall@example.org,01513152854,returning,2,2,0,164772.14,1.0
CUST_00686,Yochana Borah,balvan61@example.net,5380032963,new,34,26,8,47567.31,0.765
CUST_00687,Alka Singhal,vedhikagrover@example.net,04231830617,new,4,3,1,198547.62,0.75
CUST_00688,Pranav Barad,nlall@example.com,9357824347,new,25,15,10,125145.84,0.6
CUST_00689,Manya Parikh,gmerchant@example.org,+914675361275,returning,34,32,2,3510.72,0.941
CUST_00690,Idika Rao,vedasuresh@example.net,03044836085,new,21,13,8,215273.09,0.619
CUST_00691,Eesha Sabharwal,bsathe@example.com,00473504763,returning,24,21,3,43606.19,0.875
CUST_00692,Samuel Choudhary,kai98@example.org,0615581083,returning,5,4,1,17349.38,0.8
CUST_00693,Rushil Dugar,skarnik@example.org,05638300081,new,3,3,0,237195.66,1.0
CUST_00694,Vedhika Basak,barkhamitra@example.org,+913041662411,new,19,15,4,125511.72,0.789
CUST_00695,Yamini Sagar,auroramax@example.org,9639456804,returning,26,20,6,134372.92,0.769
CUST_00696,Tara Jain,lallaurishilla@example.com,06136847488,returning,18,14,4,20215.88,0.778
CUST_00697,Lavanya Badal,xramesh@example.net,1739063757,vip,10,9,1,97987.51,0.9
CUST_00698,Deepa Natarajan,fiyazchandran@example.net,+913793126978,returning,5,4,1,109652.77,0.8
CUST_00699,Daniel Tak,nisha45@example.org,+915996043878,vip,16,14,2,22010.09,0.875
CUST_00700,Dhriti Keer,triya78@example.net,1161620281,returning,30,26,4,14229.64,0.867
CUST_00701,Rudra Sarma,baradpanini@example.com,+918728660416,returning,12,9,3,177121.2,0.75
CUST_00702,Anika Virk,kamya92@example.org,08395894773,returning,11,9,2,87002.93,0.818
CUST_00703,Krishna Gala,uanne@example.com,+912710433187,returning,17,13,4,32169.19,0.765
CUST_00704,Girindra Bhat,edugar@example.com,8350344694,returning,18,16,2,29955.15,0.889
CUST_00705,Neha Kumar,farasdua@example.org,3424912896,returning,22,20,2,68359.16,0.909
CUST_00706,Aradhana Solanki,omagate@example.org,+911922270510,new,37,28,9,124288.82,0.757
CUST_00707,Yasti Sarraf,usodhi@example.com,1386667548,returning,4,3,1,141938.09,0.75
CUST_00708,Farhan Kala,arunimadhar@example.com,7741865205,new,17,14,3,223619.97,0.824
CUST_00709,Hiral Samra,rayaanraja@example.com,+910375830945,returning,8,6,2,127451.81,0.75
CUST_00710,Jyoti Kulkarni,mahajanbahadurjit@example.net,07604409079,new,1,1,0,118205.27,1.0
CUST_00711,Vritti Ghose,cchawla@example.com,+919222161070,new,10,6,4,240105.37,0.6
CUST_00712,Gunbir Mall,anaynatarajan@example.net,02958066013,new,27,17,10,62441.66,0.63
CUST_00713,Amara Chacko,sachibasu@example.com,3862044851,vip,21,19,2,19932.82,0.905
CUST_00714,Unnati Chadha,hchakrabarti@example.org,+911259020357,new,33,26,7,13641.7,0.788
CUST_00715,Yatin Morar,kevinmukherjee@example.org,04242956334,new,34,30,4,238542.81,0.882
CUST_00716,Peter Merchant,ria41@example.com,09558720962,new,30,26,4,193495.11,0.867
CUST_00717,Radha Palan,sarthak58@example.net,4183437401,new,6,4,2,2488.31,0.667
CUST_00718,Vaishnavi Dey,xnaidu@example.net,09051502675,new,37,31,6,185024.21,0.838
CUST_00719,Harish Grover,damini27@example.net,+910797996673,new,24,18,6,123593.49,0.75
CUST_00720,Kashvi Nazareth,trattan@example.org,+918166496902,returning,13,12,1,136866.53,0.923
CUST_00721,Charita Viswanathan,liamde@example.net,00142576270,returning,10,8,2,102804.01,0.8
CUST_00722,Sai Gera,damyanti12@example.org,+916132850725,new,23,18,5,173518.47,0.783
CUST_00723,Urishilla Ramesh,urmipuri@example.com,3162526546,new,22,12,10,164497.31,0.545
CUST_00724,Ekbal Palan,obala@example.net,+913555809961,returning,20,15,5,132688.72,0.75
CUST_00725,Lakshit Tata,chaitanyakakar@example.com,01562624467,new,32,28,4,243153.53,0.875
CUST_00726,Advika Sama,nihalrao@example.net,1715160252,new,18,10,8,230357.96,0.556
CUST_00727,Suhani Apte,bratti@example.org,06419785758,returning,34,28,6,223946.7,0.824
CUST_00728,Isaac Gola,wwali@example.com,1205943897,returning,6,5,1,126604.23,0.833
CUST_00729,Chanakya Shetty,balveer17@example.com,00954654084,returning,26,20,6,142171.27,0.769
CUST_00730,Chaaya Parikh,cbadal@example.com,00915086321,returning,9,7,2,65617.24,0.778
CUST_00731,Jonathan Dhillon,rsankar@example.com,09389701550,new,26,21,5,183970.54,0.808
CUST_00732,Harrison Raja,nazarethchasmum@example.com,00241613944,new,18,11,7,235916.89,0.611
CUST_00733,Chandran Prasad,wkale@example.com,02480962440,new,38,22,16,26861.61,0.579
CUST_00734,Sarthak Bahl,rdayal@example.com,09513305319,returning,21,17,4,134213.17,0.81
CUST_00735,Triveni Salvi,lopa78@example.org,05557277382,vip,14,13,1,116104.98,0.929
CUST_00736,Aadhya Rau,brarvidhi@example.net,01385445770,returning,6,5,1,171670.68,0.833
CUST_00737,Ojas Pandey,wsagar@example.org,08736826911,returning,39,30,9,209063.23,0.769
CUST_00738,Tejas Kakar,mannpranav@example.org,6865369455,new,6,5,1,242115.8,0.833
CUST_00739,Eesha Thakkar,zkar@example.com,04722640857,new,4,3,1,65411.61,0.75
CUST_00740,Guneet Rajagopal,asahota@example.org,0932998199,vip,2,2,0,213723.03,1.0
CUST_00741,Arin Nair,ojassodhi@example.net,+915096883275,returning,36,29,7,115779.79,0.806
CUST_00742,Parth Sodhi,ekantikadeo@example.com,+910397739732,returning,9,7,2,15886.46,0.778
CUST_00743,Xiti Choudhry,nathaniel37@example.net,+910068761648,returning,15,12,3,206006.52,0.8
CUST_00744,Arjun Sarna,sbhasin@example.com,0568761124,new,6,5,1,65075.75,0.833
CUST_00745,Omkaar Peri,jnori@example.org,03415177345,returning,2,2,0,49838.71,1.0
CUST_00746,Sai Narayanan,kkuruvilla@example.com,0228403595,returning,9,7,2,211895.22,0.778
CUST_00747,Damyanti Dutt,vaishnavi74@example.org,2294643039,returning,8,6,2,115518.23,0.75
CUST_00748,Manbir Arora,januja88@example.com,09252985856,new,37,26,11,181245.5,0.703
CUST_00749,Omkaar Vohra,egill@example.com,+911534332491,returning,25,22,3,43615.4,0.88
CUST_00750,Ishanvi Tara,varora@example.net,+913506158148,new,12,8,4,111779.85,0.667
CUST_00751,Daksh Sekhon,yashkunda@example.net,+913372094841,new,40,31,9,61823.3,0.775
CUST_00752,Devansh Deo,darsh33@example.org,9771805137,new,27,23,4,120018.22,0.852
CUST_00753,Riya Chacko,ghora@example.net,3974909617,new,25,15,10,50264.72,0.6
CUST_00754,Tanmayi Acharya,niharika94@example.com,2587844483,returning,34,27,7,248524.78,0.794
CUST_00755,Anvi Thakur,ria12@example.com,+915877221641,returning,2,2,0,195587.98,1.0
CUST_00756,Hema Yohannan,rishichopra@example.org,+914845871493,new,35,29,6,86336.51,0.829
CUST_00757,Ekiya Dugar,meghanagarg@example.org,2587964347,returning,21,17,4,45364.06,0.81
CUST_00758,Kamala Dhillon,gauri55@example.com,06966060652,new,15,8,7,202767.0,0.533
CUST_00759,Anusha Bahl,sathvikkunda@example.com,00566588339,new,31,23,8,191827.12,0.742
CUST_00760,Anusha Chhabra,kibenaveen@example.com,7970673499,vip,11,10,1,164387.67,0.909
CUST_00761,Daniel Chaudhuri,oommenanya@example.net,07417215622,new,4,3,1,236976.72,0.75
CUST_00762,Ryan Chakrabarti,ukorpal@example.net,4884021557,returning,25,21,4,209885.95,0.84
CUST_00763,Qarin Nagi,dkari@example.com,03449021666,returning,12,10,2,79842.09,0.833
CUST_00764,Chanakya Wadhwa,valakashvi@example.org,6085874951,returning,23,21,2,7537.54,0.913
CUST_00765,George Chowdhury,yochanachahal@example.net,09316477251,returning,37,32,5,140995.67,0.865
CUST_00766,Harinakshi Setty,zbail@example.net,00960035624,new,32,24,8,44301.41,0.75
CUST_00767,Eta Walia,xiyer@example.net,09232342108,new,4,3,1,55092.83,0.75
CUST_00768,Joshua Zachariah,ekapad55@example.org,3342643350,returning,1,1,0,153726.62,1.0
CUST_00769,Ria Dasgupta,cbal@example.net,3607763369,returning,22,20,2,229735.81,0.909
CUST_00770,Girik Gill,gabashaurya@example.org,09556331857,returning,21,16,5,37354.15,0.762
CUST_00771,Yashoda Choudhury,ababu@example.com,06155416431,returning,10,9,1,211696.98,0.9
CUST_00772,Urishilla Babu,ekiya02@example.org,+919028227009,returning,5,4,1,235509.84,0.8
CUST_00773,Chaaya Prabhu,adugar@example.org,+918225120734,new,7,5,2,80989.5,0.714
CUST_00774,Kashvi Lanka,ayush05@example.org,00260869822,vip,28,27,1,240185.19,0.964
CUST_00775,Alexander Palla,georgesaini@example.org,+917768729047,returning,12,11,1,140713.34,0.917
CUST_00776,Aarini Dave,jasmit91@example.com,09323822311,returning,40,36,4,56197.68,0.9
CUST_00777,Barkha Cheema,upkaarkrishna@example.org,4579889425,returning,12,10,2,183631.75,0.833
CUST_00778,Kavya Dhillon,rajanchanakya@example.org,+910203265097,new,12,10,2,237222.63,0.833
CUST_00779,Hemangini Guha,nseth@example.com,4871485524,vip,26,25,1,192822.18,0.962
CUST_00780,Vinaya Shan,oommenzilmil@example.com,+915608213711,returning,12,10,2,230299.03,0.833
CUST_00781,Jonathan Palan,sneha68@example.org,2683230358,vip,15,14,1,26475.5,0.933
CUST_00782,Champak Walia,victor82@example.com,+911293289634,returning,22,20,2,59879.98,0.909
CUST_00783,Nandini Minhas,avig@example.com,05240148439,vip,11,11,0,240788.37,1.0
CUST_00784,Daniel Roy,maanassrivastava@example.org,+916266933513,returning,22,18,4,66670.5,0.818
CUST_00785,Logan Ratti,doshisamesh@example.com,+914501848197,new,5,3,2,196861.49,0.6
CUST_00786,Raksha Misra,shamitesh@example.org,5406417692,returning,4,3,1,183279.83,0.75
CUST_00787,Bishakha Kar,chakrabartijanani@example.org,7660144485,vip,27,25,2,94988.79,0.926
CUST_00788,Zayan Parikh,aryaharrison@example.net,03973964178,returning,7,6,1,197288.13,0.857
CUST_00789,Zilmil Raja,chokshiguneet@example.net,+911359966057,returning,15,12,3,18890.49,0.8
CUST_00790,Baljiwan Rastogi,nbal@example.net,+910514607455,returning,19,14,5,65651.36,0.737
CUST_00791,Yuvraj Malhotra,ubatta@example.com,4238856527,new,22,13,9,94176.74,0.591
CUST_00792,Gauri Pandey,edhithamohan@example.org,1659726347,returning,36,34,2,244521.36,0.944
CUST_00793,Geetika Sarma,nathaniel25@example.org,+913948848826,new,40,35,5,176273.91,0.875
CUST_00794,Rushil Chander,raveladya@example.org,5856261499,returning,11,10,1,108833.0,0.909
CUST_00795,Ekiya Kar,pbaria@example.net,+914073333732,new,22,14,8,47901.07,0.636
CUST_00796,Chaman Kohli,subramanianreva@example.com,8936289696,returning,35,28,7,70740.01,0.8
CUST_00797,Januja Lall,xprabhakar@example.org,08512538921,new,4,3,1,137640.83,0.75
CUST_00798,Dipta Cheema,ijayakapur@example.com,09079779612,returning,4,3,1,107187.69,0.75
CUST_00799,Saumya Bhandari,vansha21@example.net,01494097626,new,39,28,11,24698.23,0.718
CUST_00800,Siya Mukherjee,ganga39@example.net,02895090591,new,19,17,2,118655.88,0.895
CUST_00801,Devansh Wagle,uedwin@example.org,+919220715116,new,26,19,7,223771.93,0.731
CUST_00802,Nikita Raj,vdevi@example.org,+914526471246,new,35,24,11,93069.62,0.686
CUST_00803,Utkarsh Panchal,norisiya@example.org,4090805120,new,12,8,4,66192.34,0.667
CUST_00804,Aayush Narain,bmohan@example.net,5123972835,returning,15,14,1,141279.52,0.933
CUST_00805,Mohammed Prasad,ridhigoel@example.net,+917090814415,new,7,4,3,86275.95,0.571
CUST_00806,Zarna Ganesh,tankreyansh@example.net,+919578671815,returning,38,30,8,15715.44,0.789
CUST_00807,Jasmit Dhaliwal,vrittiguha@example.com,+915079181589,new,34,24,10,134110.85,0.706
CUST_00808,Sai Mandal,krishna73@example.com,6666170715,returning,31,27,4,59292.68,0.871
CUST_00809,Lopa Mohan,xmani@example.net,0803149982,new,26,23,3,178719.27,0.885
CUST_00810,Chanakya Warrior,battachavvi@example.com,+915806882850,returning,34,31,3,169544.95,0.912
CUST_00811,Hardik Shankar,timothynagarajan@example.org,3739900631,returning,8,8,0,112535.41,1.0
CUST_00812,Aayush Khosla,peter63@example.com,00229394694,vip,11,11,0,202210.95,1.0
CUST_00813,Anjali Rout,sagarodika@example.com,03749060723,new,28,16,12,170939.8,0.571
CUST_00814,Ishwar D’Alia,vrindabhavsar@example.org,5246484494,new,10,8,2,64842.65,0.8
CUST_00815,Jagdish Rana,gabrieltank@example.org,+918077113062,vip,5,5,0,139312.87,1.0
CUST_00816,Ekansh Khurana,cprabhakar@example.net,+917908335090,returning,18,15,3,229331.9,0.833
CUST_00817,Harita Krishna,inayashere@example.org,0662481323,new,40,30,10,195530.57,0.75
CUST_00818,Reva Bakshi,pboase@example.net,4822850116,new,10,6,4,147189.57,0.6
CUST_00819,Omkaar Nagy,balvan21@example.net,+910609069130,returning,7,7,0,140889.6,1.0
CUST_00820,Anmol Soni,rmandal@example.net,07379457727,new,19,16,3,220093.88,0.842
CUST_00821,Udarsh Dhawan,owen64@example.org,00642076836,returning,17,14,3,121653.41,0.824
CUST_00822,Ira Joshi,asama@example.com,7767555628,returning,3,2,1,101042.0,0.667
CUST_00823,Yatan Kalla,robertpatla@example.com,6543627187,returning,26,20,6,222448.77,0.769
CUST_00824,Nitara Behl,teerthnazareth@example.net,+916862703692,new,16,9,7,119066.94,0.562
CUST_00825,Nachiket Ratti,matthewsabharwal@example.com,03275998011,new,24,13,11,204437.79,0.542
CUST_00826,Ansh Anand,narulagautam@example.com,03234159597,new,18,15,3,214629.58,0.833
CUST_00827,Hamsini Gill,chavvi18@example.org,+912618962887,returning,15,12,3,243567.75,0.8
CUST_00828,Zaid Comar,saichatterjee@example.org,+916767209579,returning,21,17,4,104484.8,0.81
CUST_00829,Sara Bahri,vpadmanabhan@example.org,01229462135,returning,13,11,2,228401.48,0.846
CUST_00830,Fiyaz Pant,nbabu@example.net,02543848075,returning,32,29,3,216863.65,0.906
CUST_00831,Charles Khare,adya76@example.com,+914715802909,returning,33,30,3,16871.43,0.909
CUST_00832,Chasmum Rai,upmarai@example.com,+914655866525,returning,26,20,6,212898.19,0.769
CUST_00833,Reyansh Suresh,amara17@example.net,+915810213125,returning,2,2,0,218857.55,1.0
CUST_00834,Mitesh Khalsa,borraaditya@example.net,+915912975191,new,4,3,1,114383.94,0.75
CUST_00835,Liam Iyengar,grewalgavin@example.net,+910633016583,vip,13,12,1,205964.82,0.923
CUST_00836,Rudra Tandon,upasnamani@example.net,9072801234,returning,8,7,1,60863.55,0.875
CUST_00837,Ranbir Dasgupta,guharachit@example.com,+912694968436,returning,29,23,6,217684.95,0.793
CUST_00838,Hemani Khosla,krishnamurthybaghyawati@example.org,+910175096170,returning,23,19,4,209494.62,0.826
CUST_00839,Eiravati Pathak,lalaeiravati@example.com,07574758339,new,6,4,2,96948.13,0.667
CUST_00840,Brijesh Pandit,dshroff@example.com,07772266025,new,37,30,7,53972.49,0.811
CUST_00841,Manthan Ratta,akshay62@example.org,2310672453,new,15,12,3,67636.35,0.8
CUST_00842,Widisha Ramanathan,chavvimall@example.org,+917976627051,returning,2,2,0,241801.02,1.0
CUST_00843,Ekiya Sood,lohit38@example.com,+916704254969,returning,31,29,2,162019.2,0.935
CUST_00844,Kai Wagle,harita52@example.com,7107563353,returning,1,1,0,152281.8,1.0
CUST_00845,Vamakshi Mand,garima32@example.com,9399337970,vip,18,17,1,94430.63,0.944
CUST_00846,Yasti Chandran,ndivan@example.com,+918779417634,new,17,11,6,75885.2,0.647
CUST_00847,Januja Bhargava,okoshy@example.net,+915597824575,returning,40,33,7,26026.87,0.825
CUST_00848,Raghav Dara,darsh38@example.net,03660443240,returning,24,21,3,148646.25,0.875
CUST_00849,Oviya Brar,udyati27@example.net,08297514743,new,7,5,2,84402.77,0.714
CUST_00850,Bhavani Gaba,ekantikabadal@example.org,+915875256806,new,21,18,3,65656.15,0.857
CUST_00851,Meghana Gokhale,bakhshi45@example.net,0802711221,returning,20,16,4,129564.75,0.8
CUST_00852,Wahab Chanda,ishanvi51@example.com,01768086628,new,4,3,1,200689.75,0.75
CUST_00853,Sarthak Sen,jacklal@example.org,+910800370033,returning,21,19,2,180460.16,0.905
CUST_00854,Laksh Tella,ekantika66@example.org,4706810390,returning,19,15,4,104932.14,0.789
CUST_00855,Victor Swamy,pallafaris@example.net,08263280944,new,3,2,1,248691.06,0.667
CUST_00856,Yasti Rama,sakshamkunda@example.com,+915461470798,returning,22,20,2,55979.62,0.909
CUST_00857,Samarth Goyal,barmanlila@example.org,3394394570,returning,31,29,2,168131.18,0.935
CUST_00858,Zayyan Kalla,mukherjeeadvik@example.org,+915376576927,returning,11,10,1,219185.45,0.909
CUST_00859,Bhavika Kothari,chhabraaadi@example.org,0040476921,new,7,5,2,185359.26,0.714
CUST_00860,Jhalak Kale,pallavipradhan@example.org,06040142473,returning,36,32,4,46175.56,0.889
CUST_00861,Azaan Soni,akshaychowdhury@example.org,3798440971,returning,22,19,3,55952.25,0.864
CUST_00862,Tanveer Bhattacharyya,bpurohit@example.org,06762090144,new,20,14,6,221767.47,0.7
CUST_00863,Samaksh Loke,magarraghav@example.org,7009687304,new,38,25,13,212877.87,0.658
CUST_00864,Gaurang Pillai,isodhi@example.org,05882556296,returning,38,33,5,155353.35,0.868
CUST_00865,Unni Palan,manbir78@example.com,06194255778,returning,13,11,2,216940.69,0.846
CUST_00866,Brijesh Oza,haritazachariah@example.net,2923616188,new,20,14,6,217776.86,0.7
CUST_00867,Zinal Chawla,kumarnitesh@example.net,+915715586863,new,13,9,4,246804.3,0.692
CUST_00868,Nikita Cherian,sudikshadugal@example.net,+910817214364,returning,30,23,7,215667.29,0.767
CUST_00869,Gopal Halder,babuazaan@example.com,+913211471656,new,6,4,2,157942.68,0.667
CUST_00870,Charita Oza,nprasad@example.com,09979907075,new,4,2,2,68745.2,0.5
CUST_00871,Azaan Kumer,wrajagopal@example.net,+916995706071,returning,11,10,1,40029.56,0.909
CUST_00872,Zayyan Chanda,korpalgirindra@example.com,05397054873,returning,6,5,1,108711.0,0.833
CUST_00873,Girish Anne,ayaantoor@example.com,+918274968049,returning,28,26,2,96137.45,0.929
CUST_00874,Zansi Swaminathan,siyamemon@example.org,+914956121377,new,13,10,3,237542.12,0.769
CUST_00875,Abdul Ram,krishabassi@example.com,+913597371122,returning,34,27,7,169348.66,0.794
CUST_00876,Arjun Sarma,yperi@example.net,00858167046,returning,16,13,3,219307.79,0.812
CUST_00877,Ekalinga Bhattacharyya,lallishita@example.com,08321021923,new,7,5,2,147373.34,0.714
CUST_00878,Kashvi Lall,ybhavsar@example.net,+919618033242,new,3,2,1,73061.53,0.667
CUST_00879,Advay Prabhu,uppaladvik@example.org,4980425373,returning,39,33,6,108699.47,0.846
CUST_00880,Vaishnavi Sridhar,gkala@example.org,08812282178,returning,9,7,2,225395.25,0.778
CUST_00881,Nitesh Koshy,opathak@example.com,00605603567,new,13,8,5,226770.11,0.615
CUST_00882,Joshua Srinivas,pdugar@example.net,4716906181,returning,2,2,0,181928.62,1.0
CUST_00883,Balveer Pingle,maya47@example.net,04895478769,new,2,2,0,42661.69,1.0
CUST_00884,Upasna Nazareth,surihema@example.net,9144449835,new,3,2,1,160260.11,0.667
CUST_00885,Wriddhish Halder,damini35@example.net,6449639243,returning,40,30,10,248672.72,0.75
CUST_00886,Ekani Jayaraman,lvenkatesh@example.org,4339527536,returning,2,2,0,29389.56,1.0
CUST_00887,Anika Sharaf,madhav49@example.org,01686013477,returning,8,7,1,118861.89,0.875
CUST_00888,Yasti Salvi,amairabehl@example.com,7917665122,new,1,1,0,165585.31,1.0
CUST_00889,Janaki Bhagat,boasearunima@example.org,8421630900,returning,18,16,2,175331.22,0.889
CUST_00890,Geetika Malhotra,qushi33@example.org,9948532089,returning,7,6,1,154615.64,0.857
CUST_00891,Thomas Garg,ijani@example.net,+912199471136,new,7,5,2,152445.95,0.714
CUST_00892,Wyatt Sharaf,oscarkannan@example.com,+910346996733,returning,34,32,2,89801.5,0.941
CUST_00893,Finn Rege,jsavant@example.net,09608437685,returning,11,8,3,124340.5,0.727
CUST_00894,Ansh Tata,msathe@example.org,02196263355,new,31,21,10,1183.13,0.677
CUST_00895,Anusha Kothari,vihaan69@example.com,+919317069556,returning,8,7,1,167420.97,0.875
CUST_00896,Vritti Sarin,fsamra@example.com,05345472239,new,6,5,1,19224.53,0.833
CUST_00897,Balhaar Raj,chanakya31@example.net,+911980418472,returning,17,15,2,114459.43,0.882
CUST_00898,Lucky Sarin,quincy36@example.com,+918131909248,vip,17,16,1,25402.32,0.941
CUST_00899,Pallavi Ganesh,anayhayre@example.net,1114281785,new,3,3,0,90373.56,1.0
CUST_00900,Michael Walla,yatananand@example.com,+914808806220,returning,28,25,3,24202.12,0.893
CUST_00901,Nachiket Deo,jhalakmallick@example.com,+917213290162,returning,3,2,1,35029.41,0.667
CUST_00902,Bhavna Sharma,jrana@example.net,6878599648,returning,22,18,4,109709.77,0.818
CUST_00903,Ojas Thakur,zdate@example.org,+911954196664,returning,6,5,1,86009.32,0.833
CUST_00904,Arjun Murty,wissac@example.org,+916279246320,new,26,23,3,68322.36,0.885
CUST_00905,Reva Krishnan,drastogi@example.net,05372603214,new,31,26,5,162387.2,0.839
CUST_00906,Chatresh Palla,praju@example.com,+919458870715,returning,8,6,2,181739.57,0.75
CUST_00907,Rishi Mukherjee,advaychaudhuri@example.org,8400838507,vip,11,10,1,227851.08,0.909
CUST_00908,Gaurika Sharma,eta45@example.org,9177680898,returning,37,33,4,45724.51,0.892
CUST_00909,Mitesh Purohit,ria42@example.org,+911964630040,new,23,18,5,215712.66,0.783
CUST_00910,Robert Sahota,omishadoshi@example.com,9430120471,returning,9,8,1,122286.63,0.889
CUST_00911,Upadhriti Gandhi,fcomar@example.net,05957498855,returning,29,22,7,65772.41,0.759
CUST_00912,Zinal Mallick,upkaarbains@example.com,04584760944,new,34,28,6,144373.93,0.824
CUST_00913,Manbir Kapoor,yuvrajshetty@example.org,+918856669541,returning,22,19,3,172216.29,0.864
CUST_00914,Nicholas Srivastava,murthydakshesh@example.com,06267055143,returning,28,25,3,62519.96,0.893
CUST_00915,Vyanjana Randhawa,nidrasani@example.org,03925295961,new,25,15,10,206696.24,0.6
CUST_00916,Fitan Butala,doctorpriya@example.com,+912007202455,returning,40,30,10,161027.98,0.75
CUST_00917,Banjeet Gandhi,ganga10@example.net,+910903267149,new,31,26,5,217419.2,0.839
CUST_00918,Ekbal Mane,dhruvshere@example.net,02817934065,new,32,21,11,83058.26,0.656
CUST_00919,Urvashi Sethi,yashodhara44@example.net,6634533722,new,33,21,12,161007.67,0.636
CUST_00920,Fariq Bhargava,divanhritik@example.com,+912145593766,returning,16,12,4,111325.12,0.75
CUST_00921,Chasmum Kadakia,xbandi@example.org,03510046277,returning,6,6,0,112043.5,1.0
CUST_00922,Ekiya Sengupta,etasami@example.net,09202461752,new,32,26,6,4933.4,0.812
CUST_00923,Logan Khatri,mmall@example.net,+916005595501,returning,3,3,0,542.34,1.0
CUST_00924,Yachana Jaggi,manbirnatarajan@example.net,8486899936,new,39,35,4,159565.76,0.897
CUST_00925,Suhani Mannan,sbasu@example.com,+916917679935,returning,36,28,8,168032.86,0.778
CUST_00926,Shivani Lanka,balvan39@example.com,04083037360,vip,24,23,1,204238.88,0.958
CUST_00927,Champak Borra,omaja08@example.net,4907938841,returning,22,19,3,155129.61,0.864
CUST_00928,Lopa Narasimhan,saiatwal@example.net,01537012424,returning,24,21,3,28948.83,0.875
CUST_00929,Ojasvi Edwin,ujani@example.org,01448811210,returning,15,11,4,89107.18,0.733
CUST_00930,Dominic Madan,ishaanseth@example.com,+918878179415,returning,19,16,3,93785.64,0.842
CUST_00931,Ira Goda,igulati@example.com,0911225288,new,11,8,3,205548.75,0.727
CUST_00932,Varenya Panchal,oaklopa@example.com,+918632397913,returning,27,21,6,152907.52,0.778
CUST_00933,Tanvi Ram,jyoti30@example.org,03095055605,new,26,16,10,206226.26,0.615
CUST_00934,Frederick Desai,vermajackson@example.net,+917788519053,new,22,13,9,103910.35,0.591
CUST_00935,Pavani Memon,chhabrachristopher@example.com,2462456185,vip,38,35,3,222992.71,0.921
CUST_00936,Wishi Morar,niharika00@example.com,02128991511,returning,38,36,2,34091.69,0.947
CUST_00937,Gauri Nadkarni,goswamisimon@example.net,+913044881898,returning,34,31,3,138529.97,0.912
CUST_00938,Chameli Chaudhry,tbaria@example.com,+915402119017,returning,38,32,6,127329.06,0.842
CUST_00939,Upasna Patel,qchhabra@example.org,8315229107,vip,12,12,0,43825.74,1.0
CUST_00940,Jonathan Gara,nikitaahluwalia@example.net,4937830639,returning,7,6,1,150336.23,0.857
CUST_00941,Reyansh Wable,hemangini26@example.net,09443916497,returning,33,31,2,104956.85,0.939
CUST_00942,Ishwar Ravi,zehaandave@example.net,+919132033016,returning,16,13,3,240916.59,0.812
CUST_00943,Tejas Malhotra,agateshivansh@example.net,+910615372215,vip,29,28,1,34975.91,0.966
CUST_00944,Nirja Radhakrishnan,sachi32@example.org,05337746040,returning,33,27,6,175522.83,0.818
CUST_00945,Ubika Dutt,bhasintara@example.net,03614244260,returning,36,32,4,50621.83,0.889
CUST_00946,Dhruv Sha,chavvi37@example.org,4764273720,returning,19,17,2,230337.35,0.895
CUST_00947,Vedika Rajagopalan,yashodharadhillon@example.org,05841484601,new,12,9,3,173730.84,0.75
CUST_00948,Wyatt Mandal,yash89@example.net,2780205869,new,8,7,1,140788.91,0.875
CUST_00949,Aarav Srivastava,rachitchopra@example.net,06449369995,returning,27,24,3,223519.57,0.889
CUST_00950,Lajita Sodhi,yashnair@example.org,05738573680,returning,28,26,2,130921.13,0.929
CUST_00951,Harshil Devan,nirjabassi@example.org,06811872333,new,10,6,4,14622.89,0.6
CUST_00952,Gunbir Bansal,advay96@example.org,09731539114,new,11,10,1,171005.89,0.909
CUST_00953,Chaitanya Soni,oliver07@example.org,05118939406,new,4,3,1,74137.57,0.75
CUST_00954,Ishanvi Sethi,avichatterjee@example.net,0432230233,returning,3,2,1,113422.33,0.667
CUST_00955,Kevin Merchant,qbhat@example.com,+919201354621,returning,36,33,3,185731.98,0.917
CUST_00956,Urvi Radhakrishnan,gargkavya@example.org,2611231261,returning,16,14,2,199310.0,0.875
CUST_00957,Veer Ganesan,zinal88@example.net,5729893762,returning,4,4,0,97194.88,1.0
CUST_00958,Arya Mutti,tanish03@example.com,06871912038,vip,21,21,0,13923.65,1.0
CUST_00959,Varenya Rana,chatreshvasa@example.org,3230898138,returning,13,11,2,195340.76,0.846
CUST_00960,Harinakshi Vohra,ladadvika@example.com,2206732318,returning,15,14,1,176304.95,0.933
CUST_00961,Riya Bora,vbuch@example.com,02450000001,returning,38,33,5,151045.05,0.868
CUST_00962,Nitesh Bumb,guptavasana@example.org,08509025561,returning,13,11,2,44767.76,0.846
CUST_00963,Brinda Lal,frederickdivan@example.net,9874781224,returning,12,11,1,183902.33,0.917
CUST_00964,Dipta Raghavan,gbaria@example.com,00090043655,new,3,2,1,139371.36,0.667
CUST_00965,Janaki Varty,mason66@example.net,+913624835505,new,38,32,6,1908.46,0.842
CUST_00966,Onkar Prashad,baralupma@example.org,03369987950,returning,10,8,2,232192.75,0.8
CUST_00967,Jeremiah Bhattacharyya,loyalchampak@example.org,04818804428,returning,40,37,3,75638.13,0.925
CUST_00968,Wishi Kothari,kritikaguha@example.net,1643212694,returning,36,30,6,196115.85,0.833
CUST_00969,Damyanti Reddy,nathan03@example.com,2586314417,new,15,13,2,130391.27,0.867
CUST_00970,Madhavi Manne,wdugar@example.com,00263558243,returning,11,9,2,134490.47,0.818
CUST_00971,Frado Singhal,amorar@example.com,08988031538,new,15,13,2,166001.95,0.867
CUST_00972,Anya Narula,udyatibhatia@example.net,5040433335,new,19,12,7,188287.59,0.632
CUST_00973,Aarini Murty,ranatristan@example.org,+911197871809,returning,36,33,3,245292.73,0.917
CUST_00974,Wridesh Chand,waidakalita@example.org,05306011987,new,23,16,7,226171.87,0.696
CUST_00975,Lopa Chandran,atella@example.net,8002300915,returning,40,32,8,10449.37,0.8
CUST_00976,Isaac Datta,kondakrishna@example.com,07449160936,returning,25,23,2,236274.42,0.92
CUST_00977,Hiral Desai,bosedeepa@example.net,+911894184336,new,35,28,7,6664.08,0.8
CUST_00978,Hemal Bala,nikitahayer@example.org,2399821374,returning,24,20,4,127429.53,0.833
CUST_00979,Geetika Sahota,chandaaadhya@example.org,4288605053,returning,19,18,1,48531.84,0.947
CUST_00980,Megha Sangha,hbatra@example.net,+911260030835,returning,7,5,2,239090.91,0.714
CUST_00981,Mitali Chakrabarti,rajumitesh@example.net,01531234550,returning,1,1,0,53089.98,1.0
CUST_00982,Yashodhara Goswami,fchopra@example.net,06829384401,returning,14,13,1,106340.26,0.929
CUST_00983,Daksha Ahluwalia,vhari@example.com,+917882603359,new,35,29,6,219719.99,0.829
CUST_00984,Chatresh Chaudry,siya09@example.org,5991449207,returning,28,25,3,234967.9,0.893
CUST_00985,Noah Rau,xprashad@example.net,08997184285,returning,10,8,2,179358.64,0.8
CUST_00986,Yuvraj Din,harshil40@example.net,09932312342,new,5,3,2,198656.59,0.6
CUST_00987,Netra Bhakta,jbajaj@example.com,+916176072348,returning,37,34,3,227791.15,0.919
CUST_00988,Zinal Kannan,janaki38@example.org,8040561299,returning,29,25,4,108539.75,0.862
CUST_00989,Harita Balan,nidraparmer@example.net,2641869656,new,8,6,2,160534.98,0.75
CUST_00990,Tarak Aurora,gsandhu@example.net,2385951434,returning,38,29,9,212138.68,0.763
CUST_00991,Manthan Khosla,yashodhara40@example.org,+917300869661,new,33,19,14,196829.53,0.576
CUST_00992,Jackson Ram,falanbumb@example.net,+919500168094,new,6,4,2,231709.37,0.667
CUST_00993,Chaaya Bora,chatura76@example.org,8397620534,new,2,1,1,133600.21,0.5
CUST_00994,Anay Tandon,msavant@example.com,02072662925,new,26,22,4,212442.13,0.846
CUST_00995,George Swamy,drajagopalan@example.org,9140688413,new,10,7,3,221801.04,0.7
CUST_00996,Samaksh Setty,gauravdeo@example.com,02356178170,vip,24,24,0,3281.98,1.0
CUST_00997,Nitesh Chaudry,gadeaadi@example.com,+913638527789,returning,10,8,2,1754.94,0.8
CUST_00998,Krisha Dara,tejassem@example.org,8444902950,returning,35,30,5,21739.15,0.857
CUST_00999,Meghana Menon,chandraraagini@example.com,00373416781,new,23,14,9,226454.19,0.609
CUST_01000,Ubika Tata,rachitborde@example.org,+911798213486,returning,10,8,2,55586.6,0.8
CUST_01001,Harini Swamy,wkaur@example.com,+918318285605,returning,13,10,3,167908.99,0.769
CUST_01002,Shivani Bajaj,zsangha@example.net,+917706736820,returning,4,4,0,233126.28,1.0
CUST_01003,Aarnav Puri,fradogarg@example.org,+915521650587,vip,30,29,1,18749.57,0.967
CUST_01004,Alka Ravel,elijahvirk@example.net,+911925967908,returning,17,13,4,181534.52,0.765
CUST_01005,Wahab Sani,amol22@example.org,00938694842,returning,22,18,4,167988.24,0.818
CUST_01006,Geetika Vala,chadbhanumati@example.com,08870715238,new,19,15,4,225079.59,0.789
CUST_01007,Sara Ramakrishnan,ihayre@example.net,+910974619177,new,29,19,10,165025.85,0.655
CUST_01008,Leena Doctor,ftiwari@example.net,+912589370858,returning,10,9,1,91441.11,0.9
CUST_01009,Mohini Grewal,jyotiben@example.net,00566957900,new,28,17,11,78647.09,0.607
CUST_01010,Oliver Mammen,hemaprasad@example.com,02867963259,returning,28,23,5,90191.76,0.821
CUST_01011,Quincy Koshy,amrutaraman@example.org,+918915624152,returning,22,20,2,115980.67,0.909
CUST_01012,Vasudha Gokhale,lopa29@example.org,09335895138,new,20,14,6,27653.74,0.7
CUST_01013,Mahika Pingle,atharv78@example.com,08509574430,returning,6,6,0,214749.06,1.0
CUST_01014,Damini Dar,chowdhuryvasana@example.net,02038593401,new,35,22,13,183519.38,0.629
CUST_01015,Shivansh Ramesh,gaurang54@example.com,+915531325936,returning,5,5,0,212472.02,1.0
CUST_01016,Gunbir Khanna,usem@example.org,+919421410527,returning,38,33,5,192415.46,0.868
CUST_01017,Jairaj Viswanathan,mbhasin@example.net,+917045238885,new,3,2,1,136095.6,0.667
CUST_01018,Nicholas Devan,priya60@example.com,8678744227,vip,31,30,1,37583.93,0.968
CUST_01019,Yashvi Nazareth,harinakshi96@example.com,09428249116,new,38,31,7,73104.29,0.816
CUST_01020,Atharv Deshpande,baralbrijesh@example.org,05393132155,returning,33,25,8,91284.46,0.758
CUST_01021,Sathvik Ahluwalia,harini70@example.net,+916821444889,new,16,14,2,201731.74,0.875
CUST_01022,Libni Swaminathan,xalakkapadia@example.com,07462025825,returning,11,10,1,35522.49,0.909
CUST_01023,Shaurya Boase,oscarcherian@example.net,+913123920491,new,37,33,4,165023.62,0.892
CUST_01024,Krishna Anand,venkateshyash@example.com,07238750827,vip,31,31,0,10584.75,1.0
CUST_01025,Zilmil Chahal,ygoel@example.org,07754584726,returning,15,11,4,92674.08,0.733
CUST_01026,Bachittar Nanda,gautamvaidya@example.net,7683160827,new,14,10,4,197969.38,0.714
CUST_01027,Upasna Gill,shankartanveer@example.org,03992052229,new,30,26,4,10456.22,0.867
CUST_01028,Nisha Garg,saneeta@example.net,1438823255,returning,7,6,1,130582.54,0.857
CUST_01029,Samar Nagarajan,amara61@example.com,7732643095,returning,17,15,2,142754.96,0.882
CUST_01030,Zehaan Tara,golesanya@example.net,7029271205,new,25,17,8,163507.47,0.68
CUST_01031,Upadhriti Vyas,nchowdhury@example.com,5298832201,returning,34,27,7,243182.19,0.794
CUST_01032,Janya Ranganathan,guhaoscar@example.org,+914879788897,new,26,18,8,216996.0,0.692
CUST_01033,Shivansh Pradhan,qasim38@example.com,+910304436199,returning,31,29,2,2146.12,0.935
CUST_01034,Imaran Sharma,palannicholas@example.org,9102929501,returning,29,23,6,19733.51,0.793
CUST_01035,Rushil Sridhar,yasti30@example.net,+910967139719,returning,14,11,3,39760.66,0.786
CUST_01036,Maanav Rao,doramax@example.org,+912176720191,returning,8,7,1,103946.11,0.875
CUST_01037,Isaiah Raja,icheema@example.org,+911907258733,new,8,6,2,119964.25,0.75
CUST_01038,Balhaar Memon,raaginirai@example.com,+918027481242,new,11,9,2,103019.35,0.818
CUST_01039,Gautam Mane,ranalogan@example.com,+919522946209,new,9,7,2,40701.72,0.778
CUST_01040,Jeevika Palla,zbhatti@example.net,0399529701,returning,3,3,0,37142.84,1.0
CUST_01041,Sudiksha Dani,anyahalder@example.com,08585642304,new,12,9,3,101661.35,0.75
CUST_01042,Nachiket Bal,vasatikabhagat@example.com,+915927387402,vip,2,2,0,182129.59,1.0
CUST_01043,Saanvi Chada,lsandhu@example.org,03224815542,returning,6,5,1,151828.21,0.833
CUST_01044,Tristan Mangal,krishdaniel@example.org,+919567975649,returning,31,24,7,207675.71,0.774
CUST_01045,Kamala Savant,kamya46@example.org,+914712476010,returning,38,35,3,45880.1,0.921
CUST_01046,Jagat Varkey,baradsarthak@example.org,6831764172,returning,17,13,4,171555.0,0.765
CUST_01047,Zaitra Basak,varughesegunbir@example.net,5712901507,vip,39,37,2,57838.54,0.949
CUST_01048,Rohan Trivedi,regesneha@example.org,+910735104584,new,7,4,3,130916.48,0.571
CUST_01049,Charita Iyengar,hgill@example.net,+910096258857,vip,27,26,1,151575.0,0.963
CUST_01050,Pushti Kulkarni,nbalan@example.org,0533962746,new,40,30,10,219499.28,0.75
CUST_01051,Rajeshri Dixit,panditdevansh@example.net,+912700046661,returning,8,6,2,165018.46,0.75
CUST_01052,Ganga Bakshi,dadachandresh@example.com,7714004938,vip,35,34,1,224293.75,0.971
CUST_01053,Anamika Aggarwal,zaid15@example.org,+914998094976,returning,28,24,4,92909.17,0.857
CUST_01054,Udarsh Bhattacharyya,ubikasarna@example.net,+916698416612,new,34,24,10,234636.2,0.706
CUST_01055,Vedhika Mangat,sundaramvarsha@example.net,03325623899,returning,25,21,4,201252.95,0.84
CUST_01056,Ishaan Sehgal,bhavsaraishani@example.org,02037087821,vip,37,34,3,33903.83,0.919
CUST_01057,Nirja Bhakta,ayaanlad@example.org,1359989897,returning,15,14,1,21412.49,0.933
CUST_01058,Isaac Chacko,ubains@example.net,9480186448,returning,35,29,6,47660.74,0.829
CUST_01059,Naveen Dara,hparekh@example.net,3978570820,returning,1,1,0,29898.24,1.0
CUST_01060,Aashi Zachariah,sahotaurvi@example.com,01236914961,new,14,11,3,79317.48,0.786
CUST_01061,Nakul Vaidya,ymadan@example.org,6882769704,new,10,7,3,146549.86,0.7
CUST_01062,Isha Karnik,kuruvillagaurang@example.net,01560783274,new,35,24,11,91728.2,0.686
CUST_01063,Gauri Purohit,hredhaan79@example.net,6240964966,new,26,21,5,103600.43,0.808
CUST_01064,Alka Sanghvi,latasneha@example.net,02170285162,returning,31,24,7,139993.91,0.774
CUST_01065,Ishani Kibe,imaharaj@example.net,+910893486883,returning,20,17,3,193661.52,0.85
CUST_01066,Rajata Devan,megha72@example.net,09916091141,new,9,8,1,164991.07,0.889
CUST_01067,Isaiah Kothari,nihal36@example.org,+913760523045,returning,29,26,3,237336.67,0.897
CUST_01068,Nandini Natarajan,gandhijagvi@example.com,07241916503,new,33,23,10,84940.24,0.697
CUST_01069,Anusha Bala,eratti@example.com,7182498980,returning,4,3,1,241160.28,0.75
CUST_01070,Nandini Shenoy,gunbirmagar@example.org,04681359266,new,6,5,1,118181.33,0.833
CUST_01071,Pahal Yohannan,meghanasarraf@example.com,6941559450,returning,6,5,1,55831.68,0.833
CUST_01072,Jeet Deshmukh,dalbirsridhar@example.com,+916051171603,new,3,2,1,232705.91,0.667
CUST_01073,Sarthak Sama,yuvraj62@example.org,9455906700,returning,34,27,7,240900.69,0.794
CUST_01074,Charvi Deshpande,zashil20@example.com,06489667605,new,12,9,3,110023.53,0.75
CUST_01075,Adweta Edwin,mukhopadhyaydivya@example.com,07758097453,new,34,22,12,8885.53,0.647
CUST_01076,Yashawini Balakrishnan,pde@example.com,06622654016,returning,34,30,4,153989.9,0.882
CUST_01077,Idika Karnik,andrapavani@example.org,+911224276774,returning,24,19,5,571.67,0.792
CUST_01078,Krish Mutti,ramakrishnanayaan@example.org,+912411584886,new,18,15,3,88605.35,0.833
CUST_01079,Abeer Yadav,chokshiurvi@example.net,6778231299,new,38,24,14,4333.95,0.632
CUST_01080,Sachi Arya,sanaya26@example.com,+916121203843,returning,6,5,1,181671.61,0.833
CUST_01081,Hema Kari,spal@example.net,6807852548,returning,38,31,7,240840.27,0.816
CUST_01082,Dayita Datta,kaulyahvi@example.com,05400644547,new,39,35,4,113962.37,0.897
CUST_01083,Madhav Hegde,choudhurylogan@example.org,+917489791776,returning,1,1,0,102080.09,1.0
CUST_01084,Xavier Memon,vrishtigara@example.org,+918862175080,new,5,4,1,85321.49,0.8
CUST_01085,Lila Koshy,kumerfalguni@example.net,3069358824,new,33,29,4,219090.21,0.879
CUST_01086,Ganga Karpe,advik01@example.net,+916778481652,returning,37,30,7,110970.78,0.811
CUST_01087,Aachal Kumar,advika46@example.org,3851799378,new,31,25,6,189489.58,0.806
CUST_01088,Alexander Nagi,jatindin@example.net,08848699969,vip,30,29,1,224182.69,0.967
CUST_01089,Darsh Mohan,vasana92@example.com,+914724630198,returning,31,24,7,17354.79,0.774
CUST_01090,Zayyan Gill,kevin38@example.net,+919728339121,returning,15,13,2,57867.57,0.867
CUST_01091,Ayushman Ramanathan,shivanshgera@example.net,0983221010,new,23,17,6,2925.94,0.739
CUST_01092,Victor Gill,babudev@example.net,6766100898,returning,16,13,3,100033.19,0.812
CUST_01093,Libni Dara,chackochakrika@example.org,06140384531,returning,22,17,5,232883.36,0.773
CUST_01094,Vasudha Majumdar,mdevi@example.com,06951003076,returning,23,18,5,143641.3,0.783
CUST_01095,Aarush Pingle,forum96@example.com,+915006666411,new,13,9,4,50316.8,0.692
CUST_01096,Maya Prabhakar,gabriel13@example.com,+917851699497,returning,17,13,4,51090.26,0.765
CUST_01097,Alexander Pillai,qushisaini@example.net,+914826899962,new,40,27,13,194845.15,0.675
CUST_01098,Tripti Aurora,rachitavenkatesh@example.net,1787915059,new,6,5,1,166024.31,0.833
CUST_01099,Pranit Patil,kbrahmbhatt@example.com,00932012657,returning,35,33,2,212078.64,0.943
CUST_01100,Lajita Aurora,farhan80@example.net,02175585177,new,21,15,6,246347.65,0.714
CUST_01101,Bina Chana,vinayaminhas@example.com,2118824199,returning,18,15,3,246106.47,0.833
CUST_01102,Lakshit Sarin,peter22@example.net,05891704542,vip,18,17,1,187667.26,0.944
CUST_01103,Hiral Memon,vedika05@example.com,2092257090,new,34,28,6,119840.86,0.824
CUST_01104,Dev Rastogi,hemarout@example.com,+917232472828,returning,33,27,6,215169.83,0.818
CUST_01105,Ati Ahluwalia,chakrabortyvedika@example.net,8224731261,returning,30,28,2,174712.02,0.933
CUST_01106,Kashvi Ahuja,dbhatti@example.com,0119509271,returning,1,1,0,53082.72,1.0
CUST_01107,Divya Grewal,vbuch@example.org,5370923007,returning,21,17,4,215529.58,0.81
CUST_01108,Qushi Murthy,agrawalveda@example.com,1894854329,new,17,11,6,118100.67,0.647
CUST_01109,Odika Kala,ipadmanabhan@example.net,04716198273,returning,24,19,5,106273.75,0.792
CUST_01110,Fitan Kala,banikaarna@example.com,+912589632174,returning,24,20,4,100447.85,0.833
CUST_01111,Jagvi Sarma,wyatt52@example.com,0648606739,returning,37,29,8,144185.24,0.784
CUST_01112,Zayan Mistry,chavvigoel@example.com,+916462805507,new,7,6,1,201119.85,0.857
CUST_01113,Aradhana Bedi,cparsa@example.net,05156239209,returning,25,20,5,200109.35,0.8
CUST_01114,Gauri Nair,basakwakeeta@example.net,4091311178,returning,31,28,3,44563.52,0.903
CUST_01115,Girish Bahl,falgunimerchant@example.net,06022069535,returning,34,29,5,79273.95,0.853
CUST_01116,Fiyaz Goel,butalakrishna@example.org,05950026015,returning,17,15,2,142174.71,0.882
CUST_01117,Geetika Kala,idikalad@example.com,9507407173,new,11,6,5,203547.61,0.545
CUST_01118,Ubika Bawa,jasmit03@example.net,+910064934039,returning,7,6,1,83996.81,0.857
CUST_01119,Aarush Mall,jonathan03@example.com,+918941184913,new,36,27,9,202598.96,0.75
CUST_01120,Owen Parmer,yagnesh59@example.com,+910561006799,new,27,16,11,216908.46,0.593
CUST_01121,Anirudh Rao,ebhargava@example.net,07740378423,vip,13,12,1,162641.44,0.923
CUST_01122,Bhavya Mohanty,umang00@example.com,07625503250,returning,19,16,3,168461.61,0.842
CUST_01123,Wakeeta Kala,qmunshi@example.org,02417842902,returning,29,27,2,95577.21,0.931
CUST_01124,Theodore Kant,ganga11@example.org,0906053088,new,10,9,1,160324.87,0.9
CUST_01125,Yashvi Kulkarni,akshaydoshi@example.org,+916673290457,vip,27,26,1,143123.57,0.963
CUST_01126,Shravya Naik,gagangarg@example.net,9642603362,returning,5,4,1,86234.56,0.8
CUST_01127,Lohit Shankar,irya82@example.org,07709207115,new,19,15,4,151543.55,0.789
CUST_01128,Upkaar Ahuja,ranbirsankar@example.net,+911921581897,new,29,24,5,234723.07,0.828
CUST_01129,Jasmit Chandra,xcherian@example.org,6385588195,returning,34,32,2,103790.27,0.941
CUST_01130,Upma Ganesh,rajzansi@example.org,0537893186,new,2,1,1,59039.48,0.5
CUST_01131,Yashoda Srinivasan,yashodharamajumdar@example.com,00182272002,new,6,4,2,99562.87,0.667
CUST_01132,Chaitaly Yadav,veerdeshmukh@example.net,+910414474328,new,31,23,8,7078.05,0.742
CUST_01133,Dominic Sama,rohan02@example.net,0203042322,new,6,4,2,154716.49,0.667
CUST_01134,Widisha Parmer,harshilkohli@example.com,3028165064,new,25,16,9,62225.43,0.64
CUST_01135,Ronith Agate,padmanabhanvihaan@example.com,07569198321,new,9,5,4,209710.19,0.556
CUST_01136,Neel Chakraborty,eborah@example.com,09029831043,new,23,20,3,81637.73,0.87
CUST_01137,Ekalinga Ram,jgaba@example.net,+913167080568,returning,35,33,2,137362.05,0.943
CUST_01138,Omisha Ramaswamy,ybaria@example.org,6219865504,new,35,21,14,149597.26,0.6
CUST_01139,Aachal Mital,sastryraagini@example.com,+914933965049,returning,37,31,6,160126.73,0.838
CUST_01140,Oliver Setty,kaiganguly@example.com,+916114243625,returning,23,19,4,57168.55,0.826
CUST_01141,Amaira Dora,varmayochana@example.net,+918799196234,new,20,14,6,65321.86,0.7
CUST_01142,Lajita Lall,sainigam@example.org,+914725058333,new,1,1,0,189694.22,1.0
CUST_01143,Samaksh Banerjee,farasbrar@example.net,08760545769,new,19,14,5,2575.12,0.737
CUST_01144,Xalak Narayanan,lratti@example.net,4535365974,vip,31,29,2,191584.37,0.935
CUST_01145,Libni Thakkar,bbhatt@example.org,02125450809,returning,39,31,8,2300.89,0.795
CUST_01146,Damini Trivedi,omqasim@example.com,2559664721,new,27,23,4,109558.04,0.852
CUST_01147,Agastya Setty,laban35@example.net,1426140489,new,25,21,4,55537.81,0.84
CUST_01148,Yug Dugar,tdada@example.com,03079637310,new,16,12,4,200089.79,0.75
CUST_01149,Jairaj Tandon,oliver21@example.org,08718452354,returning,18,15,3,185860.26,0.833
CUST_01150,Rachita Tiwari,rlad@example.net,7017320865,returning,27,21,6,17581.76,0.778
CUST_01151,Tristan Saxena,isethi@example.net,06563370140,new,8,6,2,154623.49,0.75
CUST_01152,Ishanvi Dua,eyadav@example.org,05800027221,new,40,29,11,80500.61,0.725
CUST_01153,Quincy Nagarajan,hhayer@example.com,+919439136817,new,35,20,15,243096.98,0.571
CUST_01154,Bakhshi Issac,horakritika@example.net,05286209297,new,9,7,2,181913.21,0.778
CUST_01155,Hemangini Datta,indira33@example.org,+912739389920,new,10,6,4,54688.43,0.6
CUST_01156,Januja Som,iryakar@example.org,+916618507610,returning,32,30,2,116189.27,0.938
CUST_01157,Chakradev Vaidya,lopatank@example.org,2360107126,returning,22,17,5,187767.11,0.773
CUST_01158,Irya Kapadia,gauravtailor@example.net,6484673574,new,18,15,3,18310.48,0.833
CUST_01159,Maanav Kadakia,michaeldhar@example.org,8019442589,returning,13,12,1,62894.83,0.923
CUST_01160,Qarin Gokhale,nidhi06@example.org,5350637311,new,1,1,0,192152.34,1.0
CUST_01161,Anita Ranganathan,gmajumdar@example.org,+917538418520,new,29,18,11,248636.58,0.621
CUST_01162,Thomas Rajan,nandinibhandari@example.net,06397561547,new,7,5,2,245537.9,0.714
CUST_01163,Janaki Nagar,elijah21@example.com,+916411955640,returning,20,19,1,40073.55,0.95
CUST_01164,Keya Kakar,shravya87@example.com,+910702042620,returning,36,31,5,63701.53,0.861
CUST_01165,Watika Char,gauravdoctor@example.com,+913936967897,returning,13,11,2,13495.83,0.846
CUST_01166,Balhaar Virk,ekale@example.org,07731922760,returning,8,6,2,108823.33,0.75
CUST_01167,Harinakshi Wali,wsalvi@example.org,3943191654,new,18,14,4,99254.17,0.778
CUST_01168,Azaan Vala,qabil31@example.org,+912191505764,new,3,2,1,172842.48,0.667
CUST_01169,Tanmayi Mander,tamble@example.org,+912687644867,returning,10,8,2,22825.24,0.8
CUST_01170,Chameli Sem,fmore@example.com,+916560450063,new,6,5,1,84936.31,0.833
CUST_01171,Divya Kannan,cissac@example.net,6496927711,vip,4,4,0,161321.44,1.0
CUST_01172,Laksh Rai,ekanijha@example.org,5970255128,returning,7,5,2,58552.32,0.714
CUST_01173,Turvi Sachdev,poojamistry@example.org,+915948989596,vip,23,22,1,109960.37,0.957
CUST_01174,Baghyawati Sachdev,tkota@example.com,04344149169,new,25,17,8,34115.68,0.68
CUST_01175,Xavier Kuruvilla,shravya43@example.net,06408822309,returning,32,29,3,139976.69,0.906
CUST_01176,Xiti Salvi,vanshakamdar@example.net,8894132109,returning,32,25,7,47063.37,0.781
CUST_01177,Kai Bhat,ishwarsrinivas@example.org,05485346557,new,30,19,11,207921.72,0.633
CUST_01178,Jeremiah Barad,advaithbasak@example.com,09646129390,vip,36,33,3,133018.79,0.917
CUST_01179,Lohit Parekh,deshpandeishwar@example.org,7565896359,returning,17,15,2,113792.71,0.882
CUST_01180,Urishilla Agate,kbrar@example.net,+911458434566,returning,33,27,6,46790.81,0.818
CUST_01181,Frado Bora,kamalabava@example.org,02362203347,new,24,20,4,60077.25,0.833
CUST_01182,Qadim Lanka,pjohal@example.org,+914379686800,returning,35,32,3,47872.43,0.914
CUST_01183,Lohit Mand,jbedi@example.net,+917741743043,returning,36,28,8,71140.71,0.778
CUST_01184,Dalbir Dubey,jeevikabatta@example.org,+918946652752,returning,21,16,5,131038.53,0.762
CUST_01185,Sai Deol,vivaanandra@example.org,+912569133030,new,9,6,3,8302.8,0.667
CUST_01186,Rudra Kulkarni,csidhu@example.org,1675076279,new,13,8,5,142967.54,0.615
CUST_01187,Divya Krish,ghosearunima@example.net,03012398472,returning,32,27,5,175477.85,0.844
CUST_01188,Ayush Kalita,karan02@example.net,07190172224,new,24,15,9,179602.38,0.625
CUST_01189,Kashvi Bhardwaj,qsachdev@example.net,7177546199,new,14,11,3,232136.73,0.786
CUST_01190,Aishani Bedi,oparsa@example.net,+918727258122,returning,30,27,3,15644.7,0.9
CUST_01191,Banjeet Oza,wramesh@example.net,04823733791,returning,27,25,2,198665.27,0.926
CUST_01192,Harish De,chadhachampak@example.org,7803586901,new,40,26,14,10642.96,0.65
CUST_01193,Chandran Sundaram,balendra39@example.org,01999452951,new,20,12,8,54367.07,0.6
CUST_01194,Harsh Gera,luckytailor@example.com,4338722054,returning,7,6,1,133149.43,0.857
CUST_01195,Maanas Chowdhury,ygoda@example.net,04963308334,new,34,27,7,142721.9,0.794
CUST_01196,Chasmum Savant,modyyadavi@example.net,08995047020,vip,36,35,1,104088.56,0.972
CUST_01197,Krishna Tripathi,ekbal95@example.org,7749266329,new,37,25,12,114950.79,0.676
CUST_01198,Oeshi Kaul,qasim77@example.com,02259206165,returning,7,5,2,45508.94,0.714
CUST_01199,Lucky Desai,pillaynakul@example.org,4115630295,returning,22,19,3,133708.17,0.864
CUST_01200,Neelima Kaul,dkonda@example.net,2629420661,returning,23,21,2,137745.29,0.913
CUST_01201,Aashi Varkey,norigunbir@example.org,+911380049832,vip,24,22,2,158493.59,0.917
CUST_01202,Fiyaz Goel,girindraghose@example.org,04815826868,returning,21,18,3,141004.6,0.857
CUST_01203,Neelima Misra,chawlaimaran@example.net,04880644200,new,36,31,5,63895.24,0.861
CUST_01204,Peter Thakkar,osathe@example.net,03585664641,vip,29,29,0,548.81,1.0
CUST_01205,Kai Kalla,pranit19@example.org,6221320410,new,19,14,5,129643.54,0.737
CUST_01206,Nihal Kulkarni,isaiahmanda@example.net,08911797269,vip,20,18,2,246106.41,0.9
CUST_01207,Gopal Dyal,indrajitbahri@example.org,+916660200053,new,21,12,9,205574.01,0.571
CUST_01208,Gayathri Hari,ggulati@example.org,00524383805,returning,18,17,1,128062.24,0.944
CUST_01209,Omisha Garg,bhasinshravya@example.com,6276332838,returning,37,29,8,9915.21,0.784
CUST_01210,Samar Kala,vreddy@example.org,5186267136,new,9,6,3,222461.53,0.667
CUST_01211,Ikbal Acharya,guptamohammed@example.net,2339218835,new,17,14,3,23430.33,0.824
CUST_01212,Triya Bhatnagar,tnanda@example.net,0677610659,new,14,11,3,181033.34,0.786
CUST_01213,Abeer Yohannan,latayug@example.org,2797617815,returning,12,10,2,224806.51,0.833
CUST_01214,Yatin Mistry,widisha20@example.net,2665686295,returning,7,6,1,75448.12,0.857
CUST_01215,Lakshit Naik,tjayaraman@example.net,9925539460,returning,37,31,6,195140.42,0.838
CUST_01216,Chanchal Deshpande,saxenaamrita@example.net,02966941799,vip,22,20,2,204376.85,0.909
CUST_01217,Vedhika Bains,shankardamyanti@example.net,7485994641,returning,8,7,1,57066.06,0.875
CUST_01218,Yamini Mittal,royturvi@example.org,07853698816,returning,39,36,3,158654.83,0.923
CUST_01219,Ayaan Lanka,diya09@example.org,8605210262,returning,4,3,1,10774.97,0.75
CUST_01220,Balveer Ranganathan,jmann@example.net,+910824845813,returning,10,8,2,174593.28,0.8
CUST_01221,Ranveer Barman,vasudha48@example.net,+919974185630,new,26,23,3,188333.63,0.885
CUST_01222,Sanya Prabhakar,battaaadi@example.org,+915661995305,returning,6,5,1,72800.87,0.833
CUST_01223,Brinda Chatterjee,rehaan78@example.net,06790870187,new,9,6,3,119225.74,0.667
CUST_01224,Oeshi Banerjee,chowdhurysamar@example.com,01034444299,returning,36,30,6,21727.21,0.833
CUST_01225,Maya Sule,hemal68@example.com,02406221559,returning,9,8,1,120490.16,0.889
CUST_01226,Vanya Devan,pavani22@example.org,+919053347047,new,26,20,6,49426.78,0.769
CUST_01227,Varsha Ramachandran,bhavya55@example.net,+919652138350,returning,34,27,7,18375.17,0.794
CUST_01228,Finn Devan,gauri53@example.org,+919003622117,returning,21,19,2,144216.55,0.905
CUST_01229,Luke Sheth,bdugar@example.com,8395855852,new,27,19,8,87402.81,0.704
CUST_01230,Dalaja Garde,logan51@example.com,+918575917105,new,39,30,9,192535.48,0.769
CUST_01231,Champak Patil,george47@example.com,04735352478,new,23,18,5,247544.72,0.783
CUST_01232,Isaac Shenoy,parekhcharita@example.net,7344930537,returning,10,8,2,231091.2,0.8
CUST_01233,Tristan Hayer,wagleteerth@example.com,+911338926087,new,24,15,9,182257.44,0.625
CUST_01234,Ekansh Pandit,varshasoman@example.org,+914862515217,new,4,3,1,155440.11,0.75
CUST_01235,Nilima Narain,falakkara@example.com,0189156734,new,19,11,8,173601.91,0.579
CUST_01236,Lakshmi Taneja,srinivassaanvi@example.net,02969143362,new,29,21,8,83303.24,0.724
CUST_01237,Krisha Sani,harita09@example.net,9001089857,returning,14,11,3,131054.84,0.786
CUST_01238,Anay Wali,harinigade@example.org,1896844246,new,31,24,7,248079.38,0.774
CUST_01239,Yoshita Varughese,tanvi95@example.com,+918575958281,returning,2,2,0,226557.05,1.0
CUST_01240,Praneel Dhar,sastryturvi@example.net,9124883971,returning,17,13,4,71361.38,0.765
CUST_01241,Akshay Narasimhan,adweta51@example.com,+916728681123,returning,40,32,8,116507.72,0.8
CUST_01242,Shaurya Wable,radha81@example.org,3978145900,vip,5,5,0,68191.94,1.0
CUST_01243,Henry Saxena,xbatta@example.com,+918669335158,returning,24,22,2,5260.04,0.917
CUST_01244,Ucchal Arora,robert26@example.org,1193910382,returning,25,20,5,95484.95,0.8
CUST_01245,Damyanti Desai,ikshita13@example.net,00908581810,vip,7,7,0,121423.21,1.0
CUST_01246,Falak Bhat,chandanikala@example.net,03615873662,returning,6,5,1,125412.38,0.833
CUST_01247,Farhan Kalla,yashodhara96@example.net,+913539005856,returning,2,2,0,230606.39,1.0
CUST_01248,Jeevika Manne,fkoshy@example.net,06639792551,new,32,22,10,39672.81,0.688
CUST_01249,Ladli Mannan,mayabasak@example.net,+918377270289,new,23,16,7,75930.39,0.696
CUST_01250,Kritika Rout,ozazaid@example.com,+918164416101,vip,33,31,2,15971.42,0.939
CUST_01251,Ekiya Jayaraman,chandani64@example.org,01038802730,new,25,22,3,203807.23,0.88
CUST_01252,Luke Sur,bjoshi@example.org,1444718939,new,36,32,4,56782.88,0.889
CUST_01253,Siddharth Bains,abasu@example.com,04909228849,new,26,20,6,22404.86,0.769
CUST_01254,Anamika Nagarajan,isaac35@example.net,7271743068,new,40,34,6,171787.57,0.85
CUST_01255,Hitesh Rajagopal,bakhshi34@example.org,8818738775,returning,37,29,8,242649.02,0.784
CUST_01256,Vivaan Kala,wmander@example.com,00413090915,vip,22,21,1,33377.15,0.955
CUST_01257,Yauvani Saini,grewaljoshua@example.com,+915420412319,returning,38,33,5,200126.21,0.868
CUST_01258,Ishani Seshadri,adesai@example.com,01007941932,returning,20,18,2,224711.47,0.9
CUST_01259,Kamya Khatri,bhargavavasudha@example.net,4122487098,vip,28,28,0,243956.34,1.0
CUST_01260,Matthew Ramakrishnan,niharika32@example.org,01742240432,new,37,32,5,79715.3,0.865
CUST_01261,Harish Chokshi,banikreyansh@example.com,08616307028,returning,8,6,2,209960.87,0.75
CUST_01262,Saumya Gara,doshibakhshi@example.org,5366219536,new,2,2,0,220092.91,1.0
CUST_01263,Advaith Nori,msoni@example.com,+910173259007,returning,27,22,5,186529.63,0.815
CUST_01264,Triya Chakraborty,bakhshiseth@example.org,+911138690871,returning,18,14,4,47389.43,0.778
CUST_01265,Warhi Dhar,jagdishbakshi@example.com,04617192817,new,2,2,0,153189.41,1.0
CUST_01266,Suhani Kunda,yash60@example.org,+914422521602,new,37,28,9,149291.99,0.757
CUST_01267,Pratyush Kala,fitan20@example.net,04772690326,new,2,1,1,172191.25,0.5
CUST_01268,Diya Chandra,kalpitsinghal@example.com,+917948024559,returning,33,30,3,117456.49,0.909
CUST_01269,Isaac Raja,deephitesh@example.org,1589126864,returning,12,11,1,123115.68,0.917
CUST_01270,Aadhya Srinivas,rvarkey@example.com,+913760088447,new,13,8,5,102443.0,0.615
CUST_01271,Arjun Vaidya,rakshachakrabarti@example.net,+919074992164,vip,18,18,0,56027.28,1.0
CUST_01272,Chandresh Raval,mayadatta@example.org,03484864708,returning,13,12,1,17001.01,0.923
CUST_01273,Jacob Kapur,rnagar@example.com,+912021237205,vip,29,28,1,122740.75,0.966
CUST_01274,Aarav Joshi,aarnavbhat@example.org,+918863467391,new,30,26,4,107175.14,0.867
CUST_01275,Aarush Varty,darazayyan@example.org,00091692327,returning,39,35,4,95403.36,0.897
CUST_01276,Tanmayi Wali,ybasu@example.org,5481867463,new,40,35,5,143197.65,0.875
CUST_01277,Chandresh Bajaj,theodore36@example.org,+913711815198,returning,3,3,0,113176.59,1.0
CUST_01278,Aashi Narayan,dayamaidoctor@example.org,+914015353466,returning,3,3,0,61807.55,1.0
CUST_01279,Sanya Nagy,skrishna@example.net,4667201082,returning,3,3,0,129273.61,1.0
CUST_01280,Amol Dewan,tripathimax@example.org,3879402620,returning,4,3,1,110168.69,0.75
CUST_01281,Xiti Boase,slala@example.com,+917353642357,returning,19,16,3,105904.31,0.842
CUST_01282,Abhiram Menon,duttagirindra@example.net,+918518161255,returning,4,4,0,225967.07,1.0
CUST_01283,Bhavini Rao,balaydarsh@example.com,2304660012,returning,29,22,7,125414.12,0.759
CUST_01284,Luke Shanker,balangaurav@example.net,2329615120,new,38,33,5,174180.48,0.868
CUST_01285,Kavya Apte,bsanghvi@example.com,+914460422763,new,27,18,9,6715.57,0.667
CUST_01286,Leela Bakshi,chakrabartigaurangi@example.org,+915734724358,returning,13,12,1,22999.83,0.923
CUST_01287,Fiyaz Swaminathan,kwarrior@example.org,01272670866,new,11,9,2,31324.28,0.818
CUST_01288,Indali Ratta,kalpitmajumdar@example.org,7687849477,new,29,22,7,21783.98,0.759
CUST_01289,Nathaniel Bhasin,janakiaurora@example.org,01848974223,returning,33,29,4,40394.97,0.879
CUST_01290,Anita Kadakia,chatresh46@example.net,08212156495,returning,3,3,0,228107.07,1.0
CUST_01291,Ishanvi Kunda,anayratta@example.net,4411197388,returning,10,8,2,36579.54,0.8
CUST_01292,Manan Sheth,aarnavsanghvi@example.org,03594882188,returning,4,3,1,77724.82,0.75
CUST_01293,Oni Yadav,ravelnidhi@example.com,+915110212543,returning,29,23,6,45583.66,0.793
CUST_01294,Fitan Grewal,ayushmandani@example.net,00498603721,returning,13,10,3,191466.25,0.769
CUST_01295,Chatresh Bhardwaj,nihalbhatia@example.net,+911978999011,new,32,27,5,136103.54,0.844
CUST_01296,Bachittar Arya,chamelisoman@example.org,+911719786016,new,32,20,12,147421.15,0.625
CUST_01297,Isha Behl,guneet94@example.net,08550113753,returning,27,23,4,150503.53,0.852
CUST_01298,Noah Dar,sodhiojas@example.net,7807279037,new,36,23,13,157344.54,0.639
CUST_01299,Ojasvi Cherian,jbala@example.net,1972239964,returning,14,11,3,37489.91,0.786
CUST_01300,Vritti Dara,vedhikanigam@example.org,+917681024808,returning,3,2,1,8591.81,0.667
CUST_01301,Indira Shroff,auroraomkaar@example.net,04323622169,returning,39,32,7,230135.98,0.821
CUST_01302,Leena Raja,tamanna46@example.net,00675169139,new,27,24,3,40753.14,0.889
CUST_01303,Lucky Chakraborty,christopher16@example.com,+916107033508,new,39,29,10,140763.21,0.744
CUST_01304,Naksh Manda,isaiahyohannan@example.org,2484813004,vip,38,35,3,9442.09,0.921
CUST_01305,Pavani Borde,muttiveer@example.org,+911516758646,returning,21,17,4,95045.37,0.81
CUST_01306,Vihaan Narayan,dayitachana@example.org,+915014764278,new,28,24,4,16699.0,0.857
CUST_01307,Jason Nagarajan,jkoshy@example.com,01281775123,returning,8,7,1,68967.43,0.875
CUST_01308,Widisha Toor,omjanaki@example.com,+916097236024,returning,34,27,7,52658.22,0.794
CUST_01309,Radhika Pingle,pahal77@example.org,+915171073087,new,37,30,7,157430.16,0.811
CUST_01310,Janaki Rajagopalan,vasana83@example.com,0317543802,vip,31,30,1,151392.12,0.968
CUST_01311,Chaman Bora,yahvi57@example.net,+916029254686,returning,19,16,3,212025.59,0.842
CUST_01312,Shravya Grewal,chakradev76@example.com,02076327135,new,37,33,4,88786.41,0.892
CUST_01313,Nandini Soni,wdevi@example.net,+913868790604,new,37,27,10,182431.59,0.73
CUST_01314,Vivaan Goda,nattkamala@example.org,00508927396,returning,12,11,1,58564.05,0.917
CUST_01315,Falak Sengupta,xkurian@example.org,03567078977,new,13,7,6,6484.71,0.538
CUST_01316,Hemangini Kumar,rajatabose@example.net,0384227362,returning,8,7,1,52229.04,0.875
CUST_01317,Samuel Gole,godaparth@example.net,+917111757691,returning,27,22,5,83781.17,0.815
CUST_01318,Hredhaan Sampath,daksheshmenon@example.org,8514486983,returning,14,11,3,50696.19,0.786
CUST_01319,Kavya Gill,sandalabhiram@example.org,2202698014,new,5,3,2,126919.06,0.6
CUST_01320,Mitali Luthra,dbrahmbhatt@example.com,0177031637,new,1,1,0,83654.08,1.0
CUST_01321,Hema Apte,mannerushil@example.org,+916724469317,new,37,28,9,7764.79,0.757
CUST_01322,Arya Sawhney,jkhurana@example.org,3906540259,new,22,19,3,230608.8,0.864
CUST_01323,Ikbal Kanda,joshuashere@example.net,+917281291635,returning,31,28,3,161590.23,0.903
CUST_01324,Chanchal Sanghvi,dassqushi@example.net,07652728453,returning,30,28,2,134473.4,0.933
CUST_01325,Alka Prakash,sethiaadi@example.net,6406756020,new,27,24,3,14477.56,0.889
CUST_01326,Harshil Garg,gandhiquincy@example.org,04390448909,returning,37,33,4,79217.96,0.892
CUST_01327,Oscar Dugar,reyansh33@example.org,+912351025550,returning,14,12,2,83263.96,0.857
CUST_01328,Upkaar Nazareth,falguni03@example.com,8884393332,vip,23,21,2,37751.57,0.913
CUST_01329,Yatin Ramesh,poojadeo@example.org,0598312441,returning,22,21,1,156814.46,0.955
CUST_01330,Dakshesh Sawhney,maya59@example.net,2012376317,returning,37,32,5,47251.04,0.865
CUST_01331,Dayamai Prabhu,nathaniel10@example.com,+919419375919,new,20,16,4,78967.6,0.8
CUST_01332,Pratyush Randhawa,sborra@example.org,+917536264752,new,27,16,11,219323.66,0.593
CUST_01333,Zayan Rajagopal,dharatharv@example.net,01730099284,new,20,13,7,75928.42,0.65
CUST_01334,Laksh Madan,halderojas@example.net,+911535505143,new,3,2,1,228381.78,0.667
CUST_01335,Harish Cheema,wazir08@example.com,09724792542,returning,2,2,0,226286.47,1.0
CUST_01336,Girik Thaker,aachalnagy@example.net,1920487706,new,22,19,3,183244.05,0.864
CUST_01337,Lavanya Issac,wahabgarde@example.net,8651590257,returning,21,16,5,218013.85,0.762
CUST_01338,Rachita Maharaj,venkateshgauri@example.net,5883825672,returning,34,30,4,33612.93,0.882
CUST_01339,Orinder Badami,mitali72@example.net,2543551962,returning,30,25,5,216270.15,0.833
CUST_01340,Orinder Goswami,abhiram18@example.org,06247286394,new,20,18,2,171919.56,0.9
CUST_01341,Agastya Chana,nicholaskorpal@example.com,+914992900966,returning,6,5,1,222351.88,0.833
CUST_01342,Sachi Baral,nimratrastogi@example.org,05095632174,new,20,11,9,189744.21,0.55
CUST_01343,Anirudh Kata,bedifrado@example.net,+913538922247,returning,14,11,3,48540.14,0.786
CUST_01344,Gabriel Kapadia,sahluwalia@example.org,00827705646,new,21,17,4,167945.45,0.81
CUST_01345,Omya Bhakta,isarin@example.com,03850095372,new,11,7,4,4306.55,0.636
CUST_01346,Anika Sampath,saxenapavani@example.net,+913133610944,returning,33,25,8,135860.91,0.758
CUST_01347,Radhika Mistry,ryanchaudhary@example.com,04413727768,returning,18,14,4,176236.25,0.778
CUST_01348,Vansha Salvi,samisathvik@example.com,4290461755,new,16,10,6,78188.7,0.625
CUST_01349,Yasti Sastry,chadhawarda@example.net,9324202483,returning,35,29,6,32953.46,0.829
CUST_01350,Darika Loke,faras72@example.org,05653869479,returning,4,3,1,13923.07,0.75
CUST_01351,Noah Parmer,kala36@example.org,08904723864,returning,12,11,1,222873.34,0.917
CUST_01352,Advik Aggarwal,utkarsh85@example.net,07421643599,returning,29,25,4,78453.94,0.862
CUST_01353,Bachittar Kannan,ewalla@example.com,6047614378,returning,35,27,8,230734.61,0.771
CUST_01354,Anya Kala,zbehl@example.net,01875646726,returning,37,29,8,203306.33,0.784
CUST_01355,Netra Bhavsar,chameli18@example.com,9900277291,vip,30,27,3,77942.73,0.9
CUST_01356,Zansi Morar,banjeet78@example.com,+914356605033,returning,30,25,5,236888.34,0.833
CUST_01357,Amara Sandal,siddharthbala@example.com,07306718222,new,40,26,14,91180.61,0.65
CUST_01358,Nirja Soman,finn90@example.net,08865385906,new,22,18,4,220659.77,0.818
CUST_01359,Samesh Sachdeva,dakshagara@example.net,9876055049,returning,2,2,0,28665.32,1.0
CUST_01360,Liam Dalal,qbhargava@example.net,6186706632,returning,11,9,2,87479.55,0.818
CUST_01361,Ekaraj Ratti,alexandersom@example.org,9289198271,returning,33,25,8,204479.45,0.758
CUST_01362,Omya Naidu,virajsheth@example.org,00864942694,returning,21,18,3,18195.54,0.857
CUST_01363,Ayushman Jhaveri,gagankhanna@example.com,09014599670,new,30,21,9,103653.76,0.7
CUST_01364,Praneel Bhatt,reva30@example.com,09824388430,returning,36,28,8,120852.48,0.778
CUST_01365,Faqid Shukla,sachdevaurishilla@example.net,+916643158901,new,14,12,2,147947.06,0.857
CUST_01366,Zayyan Dhar,narasimhanaarav@example.org,00170926407,returning,28,24,4,85879.11,0.857
CUST_01367,Samar Balasubramanian,vasadominic@example.com,+916282968244,returning,12,11,1,19934.65,0.917
CUST_01368,Ayushman Bahl,hdin@example.net,9592741168,vip,37,36,1,29023.55,0.973
CUST_01369,Pallavi Chowdhury,kchoudhary@example.com,06208082039,returning,21,18,3,205594.75,0.857
CUST_01370,Tanmayi Bhandari,oviyahayer@example.net,04435962458,new,26,15,11,27631.79,0.577
CUST_01371,Abeer Bumb,advaymerchant@example.net,2425369091,returning,25,20,5,161424.78,0.8
CUST_01372,Udant Shanker,yuvraj02@example.net,09760396702,new,14,12,2,221871.75,0.857
CUST_01373,Xavier Prashad,kiaan40@example.com,03648187540,vip,1,1,0,165389.91,1.0
CUST_01374,Mugdha Magar,jagatpandey@example.net,7738546623,returning,19,16,3,144693.89,0.842
CUST_01375,Vihaan Sangha,rajneha@example.com,9864912594,new,21,14,7,198689.49,0.667
CUST_01376,Owen Deshmukh,kundaquincy@example.net,6226992066,returning,28,25,3,228821.92,0.893
CUST_01377,Elijah Setty,mgoel@example.com,09992998335,vip,38,34,4,246612.2,0.895
CUST_01378,Mugdha Varma,ctandon@example.net,+915604134820,returning,9,8,1,16071.43,0.889
CUST_01379,Yatin Chandran,ryan98@example.net,+919122600014,vip,4,4,0,140227.55,1.0
CUST_01380,Chandran Shukla,ndin@example.net,1430491341,vip,8,8,0,216487.07,1.0
CUST_01381,Samarth Varty,jnagy@example.net,7209986564,new,38,26,12,79872.76,0.684
CUST_01382,Krishna Minhas,narayanmatthew@example.org,2353097669,new,25,18,7,53198.41,0.72
CUST_01383,Advika Rattan,bahadurjitpingle@example.com,2017530796,new,9,6,3,96456.47,0.667
CUST_01384,Harish Vora,enath@example.org,4043474125,vip,27,25,2,249365.28,0.926
CUST_01385,Elijah Hari,zmutti@example.org,+910777321750,returning,9,7,2,162273.12,0.778
CUST_01386,Oni Chadha,chakradevdin@example.net,09991938733,new,32,25,7,243756.27,0.781
CUST_01387,Banjeet Gupta,qarin44@example.com,04890476078,new,9,7,2,104255.94,0.778
CUST_01388,Kabir Kar,dominic07@example.com,01917085173,returning,39,37,2,156000.5,0.949
CUST_01389,Idika Brar,indira63@example.com,+919185805581,returning,28,24,4,112786.42,0.857
CUST_01390,Ekani Seth,anika96@example.net,03916077004,new,12,8,4,2353.78,0.667
CUST_01391,Yatan Arora,eiravati41@example.net,00398221803,returning,16,14,2,67677.99,0.875
CUST_01392,Meera Dyal,khareyoshita@example.com,8640788026,vip,37,35,2,244569.25,0.946
CUST_01393,Nakul Nigam,rajabarkha@example.net,09333562303,returning,24,19,5,120642.46,0.792
CUST_01394,Charita Lall,thakuryashica@example.org,07089870920,returning,10,9,1,131838.81,0.9
CUST_01395,George Zachariah,tristan11@example.org,2661158485,returning,18,15,3,20019.53,0.833
CUST_01396,Hemal Gaba,lkhosla@example.net,+911960472205,returning,6,5,1,157850.38,0.833
CUST_01397,Upma Amble,rsood@example.com,4470823171,returning,5,4,1,135029.7,0.8
CUST_01398,Madhavi Borah,yagnesh94@example.com,06626235960,returning,40,30,10,86214.77,0.75
CUST_01399,Vincent Arya,leenaborah@example.net,4025787036,returning,31,26,5,226560.74,0.839
CUST_01400,Chanakya Narayanan,ramaswamywarjas@example.org,06360502816,returning,22,18,4,240165.03,0.818
CUST_01401,Abhiram Dara,kalitacaleb@example.net,+912030252094,returning,19,15,4,173915.27,0.789
CUST_01402,Nakul Iyengar,kprabhakar@example.com,9531926009,returning,20,18,2,141144.72,0.9
CUST_01403,Caleb Deol,fpalla@example.com,5449205489,new,31,23,8,143428.57,0.742
CUST_01404,Bhavika Narayan,yoshitachana@example.org,0818965583,returning,19,17,2,156267.09,0.895
CUST_01405,Barkha Narayanan,kravi@example.org,5217970566,new,6,4,2,19677.13,0.667
CUST_01406,Wahab Rege,salviliam@example.com,6070472660,returning,17,13,4,70602.5,0.765
CUST_01407,Ronith Pandit,pauyamini@example.com,+911530173167,returning,1,1,0,151153.47,1.0
CUST_01408,Diya Sampath,palanria@example.net,+915224413395,vip,10,10,0,92756.82,1.0
CUST_01409,Riya Lanka,prashadaishani@example.net,5315790571,new,16,12,4,199943.32,0.75
CUST_01410,Mitali Saran,nidhi93@example.com,06183359748,returning,22,21,1,241852.74,0.955
CUST_01411,Meghana Amble,upadhriti02@example.org,7718430192,returning,10,9,1,188313.94,0.9
CUST_01412,Atharv Parsa,psuresh@example.org,+912973239644,returning,25,20,5,110326.16,0.8
CUST_01413,Quincy Deol,wriddhish26@example.com,09924277392,returning,14,12,2,210537.34,0.857
CUST_01414,Hamsini Dhaliwal,deshpandewilliam@example.net,+910914016933,new,17,14,3,29440.59,0.824
CUST_01415,Zaitra Mallick,lakshit34@example.com,1998290755,new,26,19,7,119328.43,0.731
CUST_01416,Falguni Luthra,jonathan60@example.com,06999138310,vip,35,32,3,171035.73,0.914
CUST_01417,Maya Mane,tanaydubey@example.org,02277773316,new,17,10,7,217634.3,0.588
CUST_01418,Mitali Ratti,vanya07@example.org,+918503605952,new,29,20,9,79264.31,0.69
CUST_01419,Krishna Mani,baradurvashi@example.net,00274067582,returning,3,2,1,133057.69,0.667
CUST_01420,Sudiksha Salvi,kamyaagate@example.com,+910036385646,new,28,21,7,163190.45,0.75
CUST_01421,Barkha Sem,divya97@example.net,3183997984,new,18,12,6,25020.06,0.667
CUST_01422,Aarini Toor,lbanerjee@example.net,5504932664,returning,26,22,4,168985.13,0.846
CUST_01423,Joshua Deep,aariniraj@example.org,+911289811594,new,38,31,7,130228.1,0.816
CUST_01424,Vedant Krishnamurthy,agrawalelijah@example.org,7622398474,returning,12,10,2,3139.21,0.833
CUST_01425,Neel Om,vshenoy@example.net,7188822378,new,5,3,2,24875.84,0.6
CUST_01426,Dalbir Narayan,ekansh68@example.org,01349564799,new,29,20,9,181450.04,0.69
CUST_01427,Mahika Bakshi,yutika67@example.net,09638309723,new,3,2,1,23439.35,0.667
CUST_01428,Jagdish Bedi,dhaliwalomisha@example.org,06201655578,vip,14,14,0,159701.68,1.0
CUST_01429,Arunima Narayanan,zvirk@example.com,05751247640,returning,8,6,2,151369.1,0.75
CUST_01430,Charles Raju,hnazareth@example.com,2405166545,new,37,31,6,46599.77,0.838
CUST_01431,Mitesh Gill,chasmum41@example.net,9740233868,new,12,8,4,117005.42,0.667
CUST_01432,Anay Vala,eeshasinghal@example.org,1703630944,vip,30,29,1,69457.7,0.967
CUST_01433,Simon Vala,lbhat@example.org,5089830941,returning,21,17,4,195292.46,0.81
CUST_01434,Amruta Arora,mbhatti@example.com,7972452841,new,4,3,1,83497.36,0.75
CUST_01435,Janani Ramachandran,agastya45@example.org,03567480957,new,17,10,7,17814.92,0.588
CUST_01436,Zayan Bahl,chakradev26@example.org,+919442031589,vip,13,12,1,45021.32,0.923
CUST_01437,Gaurangi Verma,anay73@example.com,+910319777486,returning,10,9,1,108097.77,0.9
CUST_01438,Janani Pau,moreekalinga@example.net,04823088295,returning,7,7,0,178992.38,1.0
CUST_01439,Yoshita Malhotra,salvinathan@example.org,3260586942,new,5,3,2,182022.52,0.6
CUST_01440,Osha Srivastava,zaitra31@example.com,+910662931518,returning,2,2,0,37639.14,1.0
CUST_01441,Upadhriti Zachariah,chaitalydin@example.com,05946989062,returning,3,3,0,66975.9,1.0
CUST_01442,Kiaan Sharma,thomassom@example.org,09890223790,returning,26,22,4,129088.06,0.846
CUST_01443,Priya Mutti,sara08@example.com,07954176755,vip,32,30,2,101276.23,0.938
CUST_01444,Faras Zachariah,sethishivansh@example.com,1591579089,returning,5,4,1,1325.19,0.8
CUST_01445,Kala Uppal,zganesh@example.net,+918488763802,vip,31,28,3,134058.37,0.903
CUST_01446,Varenya Rastogi,dorawazir@example.net,01219051881,vip,22,21,1,100453.39,0.955
CUST_01447,Lila Chaudhari,avisuresh@example.org,06901079237,returning,6,5,1,213408.85,0.833
CUST_01448,Maanas Ram,udarshmaharaj@example.net,6497035067,new,30,24,6,72844.69,0.8
CUST_01449,Triveni Vaidya,yvenkataraman@example.net,+913557077312,new,36,20,16,96348.84,0.556
CUST_01450,Harish Naidu,harini05@example.com,0521879938,new,25,22,3,157838.96,0.88
CUST_01451,Ati Lall,mukhopadhyayjhalak@example.net,3114147012,new,6,5,1,109776.95,0.833
CUST_01452,Ekantika Bawa,nandiniwason@example.com,+915689109779,new,3,2,1,180074.89,0.667
CUST_01453,Chatresh Dhar,chasmumloke@example.com,08446794036,returning,32,26,6,198288.42,0.812
CUST_01454,Chanchal Bains,sankarantejas@example.org,5737831597,returning,32,27,5,208645.45,0.844
CUST_01455,Sneha Dyal,revakaur@example.org,6830291585,returning,2,2,0,14485.59,1.0
CUST_01456,Nihal Karan,parthmital@example.org,05185483966,returning,3,2,1,53313.7,0.667
CUST_01457,Unnati Johal,bishakha67@example.net,06215958417,returning,34,29,5,169680.42,0.853
CUST_01458,Ishwar Samra,satheaarush@example.com,+912218169814,returning,10,9,1,58629.92,0.9
CUST_01459,Vedant Mital,varsha60@example.net,4837740292,new,10,7,3,5256.22,0.7
CUST_01460,Bhavya Khurana,ayushdoshi@example.com,5099621836,vip,40,36,4,175473.55,0.9
CUST_01461,Sneha Sharaf,purohitojasvi@example.com,01025634202,new,12,9,3,226213.26,0.75
CUST_01462,Kiaan Kannan,balveer13@example.net,06836759017,returning,7,6,1,43087.0,0.857
CUST_01463,Ekbal Narang,dakshamajumdar@example.com,+914409233517,returning,7,5,2,148946.86,0.714
CUST_01464,Megha Patel,imohanty@example.com,+911863726319,returning,5,5,0,106839.76,1.0
CUST_01465,Lakshmi Natt,nakul27@example.net,06414900385,returning,26,21,5,243975.39,0.808
CUST_01466,Praneel Natt,devansh34@example.com,4867228839,returning,9,7,2,241190.75,0.778
CUST_01467,Charita Singh,vivaanbhatti@example.com,04615749325,new,3,2,1,84208.18,0.667
CUST_01468,Ishwar Lad,hvora@example.com,5312040954,new,10,8,2,42428.69,0.8
CUST_01469,Ridhi Tandon,gsandal@example.net,+910858001873,new,11,8,3,231456.04,0.727
CUST_01470,Devika Jhaveri,nairgeorge@example.org,03678621078,new,7,6,1,158232.56,0.857
CUST_01471,Tanmayi Chatterjee,raviekaja@example.com,02570680269,new,11,6,5,121998.38,0.545
CUST_01472,Yash Bora,adya23@example.org,00023028655,new,12,10,2,176831.94,0.833
CUST_01473,Eta Devi,bhavyachandran@example.org,02066701514,returning,19,16,3,201949.24,0.842
CUST_01474,Lucky Bahl,rattipanini@example.org,+918222240053,returning,9,7,2,160136.51,0.778
CUST_01475,Qarin Goda,pradhankrishna@example.org,0190113484,returning,27,22,5,44049.96,0.815
CUST_01476,Udant Chaudhuri,vedantghosh@example.com,+918613239456,returning,39,31,8,125221.96,0.795
CUST_01477,Gauri Date,dakshagrewal@example.net,04497602498,vip,20,19,1,1640.23,0.95
CUST_01478,Pushti Hans,owen09@example.com,+916773498529,new,8,7,1,244209.47,0.875
CUST_01479,Vincent Parekh,vchanda@example.net,+916655914762,returning,35,30,5,116321.89,0.857
CUST_01480,Yatin Vaidya,sahaomaja@example.com,+914753369524,returning,14,11,3,48832.89,0.786
CUST_01481,Anika Ramesh,qnadkarni@example.org,03896298532,returning,31,26,5,40360.02,0.839
CUST_01482,Samaksh Rama,tdora@example.org,07127638354,vip,4,4,0,71623.6,1.0
CUST_01483,Bhavini Roy,xiti63@example.net,0616824979,returning,22,19,3,222574.86,0.864
CUST_01484,Faras Sagar,pandyaudarsh@example.net,1168371030,returning,7,6,1,231252.91,0.857
CUST_01485,Sathvik Som,ladlibhargava@example.com,2014896780,new,2,1,1,29458.24,0.5
CUST_01486,Libni Maharaj,jacobdeep@example.org,06394762542,returning,29,25,4,81830.09,0.862
CUST_01487,Lipika Minhas,nidra33@example.net,+917299403694,new,21,13,8,27978.15,0.619
CUST_01488,Imaran Golla,trajagopal@example.com,7196706833,new,16,13,3,217536.63,0.812
CUST_01489,Thomas Choudhry,cheemalopa@example.org,+915901639949,new,15,9,6,146480.52,0.6
CUST_01490,Finn Hayer,vincentmagar@example.com,+917673481409,new,28,17,11,232007.84,0.607
CUST_01491,Gaurang Bhatia,sarafwakeeta@example.net,+910148116049,returning,25,21,4,114706.18,0.84
CUST_01492,Aryan Batta,neel02@example.net,6616801990,new,23,21,2,50951.62,0.913
CUST_01493,Bishakha Dhawan,iyeraarna@example.net,5484203531,new,37,21,16,34557.12,0.568
CUST_01494,Darsh Sridhar,sunderharish@example.org,6015711713,returning,30,25,5,190204.73,0.833
CUST_01495,Guneet More,deshmukhchavvi@example.com,0288141128,new,19,14,5,197491.97,0.737
CUST_01496,Chandani Nadig,vedhikaborde@example.net,+916785764639,returning,40,37,3,144741.3,0.925
CUST_01497,William Buch,tatacharvi@example.net,+916194232154,returning,15,12,3,214314.95,0.8
CUST_01498,Faqid Khanna,nayaktejas@example.com,+916962616845,returning,14,12,2,209328.76,0.857
CUST_01499,Oliver Naidu,watikamuni@example.org,+912547179899,new,28,23,5,62040.22,0.821
CUST_01500,Jagrati Sandhu,gmandal@example.net,3005195675,new,38,24,14,231906.18,0.632
CUST_01501,Sathvik Pau,yamini42@example.org,01726625650,vip,37,36,1,104734.08,0.973
CUST_01502,Lavanya Anand,qbajaj@example.org,+914413068624,new,31,25,6,126301.97,0.806
CUST_01503,Yauvani Saxena,ahluwaliaaarush@example.net,06890417282,returning,26,22,4,199605.37,0.846
CUST_01504,Urmi Reddy,rehaanthaker@example.net,+911522328222,returning,29,25,4,21231.34,0.862
CUST_01505,Bhanumati Arya,urishilla52@example.net,+915999400410,returning,27,25,2,33611.64,0.926
CUST_01506,Sneha D’Alia,kashishchaudry@example.net,+913505357228,new,6,3,3,167424.38,0.5
CUST_01507,Abhimanyu Sarkar,jacob57@example.net,+919783028010,new,30,26,4,186948.03,0.867
CUST_01508,Harsh Mani,xavier41@example.net,02814478674,new,30,21,9,35086.67,0.7
CUST_01509,Balhaar Gill,uppaludant@example.org,03578037891,returning,12,11,1,92919.9,0.917
CUST_01510,Gunbir Kapadia,pkrishna@example.net,09905585575,returning,1,1,0,18139.3,1.0
CUST_01511,Ansh Mall,aadisaini@example.net,09045289860,returning,22,19,3,74499.2,0.864
CUST_01512,Ekalinga Bava,anarula@example.com,+913745701652,returning,40,34,6,198722.45,0.85
CUST_01513,Oeshi Chander,omyabiswas@example.com,8025308437,returning,6,5,1,84255.82,0.833
CUST_01514,Naveen Rao,amruta47@example.com,+915084232423,vip,33,33,0,168825.92,1.0
CUST_01515,Yauvani Agrawal,mahalfariq@example.com,2415536915,returning,8,7,1,116605.54,0.875
CUST_01516,Divya Shanker,ayush62@example.com,6024257033,new,24,15,9,139918.22,0.625
CUST_01517,Maanas Nigam,jagrati23@example.org,08286304029,new,14,8,6,84064.95,0.571
CUST_01518,Manya Gour,savantnakul@example.org,04292204167,returning,31,28,3,188193.15,0.903
CUST_01519,Jagdish Parmer,patrickravi@example.com,3706325031,returning,14,13,1,190341.03,0.929
CUST_01520,Naksh Tella,mittalishita@example.org,+912061901933,new,18,13,5,106020.82,0.722
CUST_01521,Kashvi Kara,fsur@example.net,+910002956162,new,24,16,8,121813.61,0.667
CUST_01522,Harini Puri,waida18@example.net,05940799230,returning,8,7,1,133210.17,0.875
CUST_01523,Hemangini Kalla,vivaanbutala@example.com,7781456474,returning,19,16,3,92352.39,0.842
CUST_01524,Sachi Arya,merchantira@example.org,9117766650,returning,5,4,1,221052.76,0.8
CUST_01525,Peter Sinha,ibhavsar@example.org,2815780619,new,26,22,4,72448.99,0.846
CUST_01526,Nachiket Deo,ekapadcomar@example.com,08706763532,vip,7,6,1,28450.13,0.857
CUST_01527,Rushil Sunder,zachariaishani@example.net,+911268485637,new,10,9,1,130411.57,0.9
CUST_01528,Fiyaz Mangal,devikahans@example.org,+910375398923,returning,19,16,3,170759.64,0.842
CUST_01529,Sarthak Dhar,rajeshri59@example.net,8669327841,vip,31,29,2,111243.08,0.935
CUST_01530,Saksham Taneja,koommen@example.org,03820114065,returning,19,15,4,5998.14,0.789
CUST_01531,Priya Ramaswamy,qarin67@example.org,01272455337,returning,34,30,4,103217.09,0.882
CUST_01532,Manya Murthy,asingh@example.com,7849622494,new,21,15,6,166630.91,0.714
CUST_01533,Jai Bains,niharika25@example.org,09296568512,returning,36,30,6,76368.54,0.833
CUST_01534,Oviya Date,tsahni@example.com,+919350979344,new,20,12,8,65371.86,0.6
CUST_01535,Elijah Deep,mitrarajeshri@example.net,00223477804,returning,19,17,2,12306.07,0.895
CUST_01536,Waida Sheth,kashvidada@example.net,00703398214,new,30,27,3,154848.24,0.9
CUST_01537,Maanas Kibe,saidugal@example.net,+919451676706,new,35,23,12,243314.92,0.657
CUST_01538,Niharika Kanda,zinalsandhu@example.org,+911122008484,returning,10,8,2,29670.88,0.8
CUST_01539,Lipika Kulkarni,samarthkala@example.com,09608289671,vip,37,34,3,65471.6,0.919
CUST_01540,Lakshmi Anand,zehaan94@example.com,2085649013,new,36,29,7,166555.54,0.806
CUST_01541,Advika Pingle,kalekavya@example.org,0115461758,vip,10,9,1,135196.72,0.9
CUST_01542,Chanakya Kalita,mangalaadhya@example.net,+910404315668,new,20,12,8,6718.84,0.6
CUST_01543,Faqid Kala,rayaan81@example.com,3747558030,vip,10,10,0,231988.92,1.0
CUST_01544,Harshil Rau,lakshmi47@example.org,07840190271,new,35,31,4,83154.52,0.886
CUST_01545,Samarth Sule,saringirik@example.org,08668611997,returning,31,29,2,242416.59,0.935
CUST_01546,Reva Parekh,rushildutta@example.com,+917050583534,returning,37,33,4,199994.26,0.892
CUST_01547,Ekalinga Pall,cnarang@example.net,+918535339982,returning,29,24,5,28522.75,0.828
CUST_01548,Nathaniel Rama,gdhar@example.com,7580158466,returning,3,2,1,137964.52,0.667
CUST_01549,Sathvik Agrawal,abeerdoshi@example.net,03272766983,new,26,20,6,55481.02,0.769
CUST_01550,Edhitha Boase,darsh25@example.org,5461308730,new,21,12,9,160507.51,0.571
CUST_01551,Jeremiah Anand,jkapur@example.net,+917777118425,returning,15,14,1,191890.23,0.933
CUST_01552,Vasana Thaman,aissac@example.net,+910712102423,new,6,4,2,111641.79,0.667
CUST_01553,Bina Suresh,charlespalla@example.net,7771961997,returning,6,6,0,98908.69,1.0
CUST_01554,Krisha Patla,xpalla@example.com,07640996833,returning,39,34,5,235878.84,0.872
CUST_01555,Amaira Babu,perimax@example.org,02653793221,vip,24,22,2,179132.96,0.917
CUST_01556,Aarna Kohli,shankeransh@example.com,4736015791,returning,25,21,4,71520.27,0.84
CUST_01557,Falguni Barad,bassiekapad@example.com,2600802658,new,29,25,4,22355.86,0.862
CUST_01558,Advika Sidhu,tamanna83@example.org,04883571921,returning,29,26,3,104194.64,0.897
CUST_01559,Neha Sodhi,krishnanleena@example.org,8664320317,returning,11,10,1,242604.99,0.909
CUST_01560,Nikita Sampath,madhav82@example.com,08549272400,returning,27,21,6,147001.43,0.778
CUST_01561,Lohit Bail,fbawa@example.com,6051908543,new,14,9,5,247101.42,0.643
CUST_01562,Warhi Contractor,ujain@example.org,3356369301,returning,22,17,5,240043.78,0.773
CUST_01563,Dakshesh Barad,vorawahab@example.org,7810480283,returning,6,5,1,159882.1,0.833
CUST_01564,Arya Bhattacharyya,pranit90@example.net,3043766136,new,12,9,3,177706.63,0.75
CUST_01565,Onkar Walla,valafitan@example.org,+916815947470,returning,9,7,2,208154.79,0.778
CUST_01566,Thomas Borah,bansalikshita@example.net,3309673979,new,32,18,14,206648.95,0.562
CUST_01567,Liam Chandra,morarlogan@example.net,09376501676,returning,20,17,3,185094.08,0.85
CUST_01568,Guneet Upadhyay,zsrinivas@example.org,8836368850,new,1,1,0,75392.27,1.0
CUST_01569,Mekhala Edwin,lratti@example.net,+912666788093,returning,31,24,7,166645.41,0.774
CUST_01570,Mekhala Chada,knair@example.org,9890749935,new,12,9,3,172116.87,0.75
CUST_01571,Krishna Naik,vansha77@example.org,05976408385,new,8,7,1,123516.03,0.875
CUST_01572,Edhitha Balan,mannanjeet@example.com,+916578939129,vip,39,38,1,145475.91,0.974
CUST_01573,Meghana Panchal,warriorridhi@example.org,1486005009,returning,17,15,2,119272.16,0.882
CUST_01574,Adweta Madan,sanyaswamy@example.com,7030293011,returning,8,7,1,183372.84,0.875
CUST_01575,Harini Arya,tripathimahika@example.net,+917429069522,new,17,10,7,15098.34,0.588
CUST_01576,Utkarsh Gulati,hkade@example.net,0620073024,new,9,6,3,13695.64,0.667
CUST_01577,Lekha Sampath,aashiseth@example.com,+917405714469,new,23,13,10,73270.19,0.565
CUST_01578,Nikita Tandon,chandran68@example.com,+915445345146,returning,5,4,1,191727.39,0.8
CUST_01579,Omya Pandya,amritatoor@example.org,08358626736,new,7,5,2,42200.41,0.714
CUST_01580,Chandani Vasa,wridesh20@example.net,07587089432,new,21,18,3,171399.3,0.857
CUST_01581,Tejas Krishnamurthy,yagnesh69@example.net,08050450509,new,24,14,10,145221.64,0.583
CUST_01582,Amruta Rattan,ugandhi@example.org,+917342939077,returning,1,1,0,70713.73,1.0
CUST_01583,Vrishti Dhar,anamika50@example.org,0162585150,returning,27,22,5,227741.6,0.815
CUST_01584,Aayush Mital,arin28@example.org,03531279433,new,10,7,3,207977.6,0.7
CUST_01585,Ganga Guha,chaudhryisaac@example.org,+915904265274,returning,36,31,5,207938.34,0.861
CUST_01586,Radha Rai,hemanginichoudhry@example.net,+918573838554,returning,35,31,4,175715.09,0.886
CUST_01587,Faris Lad,zbaria@example.net,1935117455,returning,27,23,4,19561.88,0.852
CUST_01588,Thomas Setty,sahnikrishna@example.com,+918167337461,returning,2,2,0,78237.58,1.0
CUST_01589,Gabriel Nadkarni,bprasad@example.net,2641260848,new,29,25,4,149613.34,0.862
CUST_01590,Yasti Sathe,adutta@example.net,0693196303,returning,22,17,5,76518.72,0.773
CUST_01591,Ethan Sarin,tbhargava@example.com,+915998226731,returning,8,6,2,214275.39,0.75
CUST_01592,Tanveer Mand,balvanmorar@example.net,01420259364,new,15,10,5,52855.33,0.667
CUST_01593,Chakradhar Dhillon,wazirchhabra@example.org,02755767299,vip,28,27,1,196115.42,0.964
CUST_01594,Imaran Narula,arjun44@example.org,+918343695310,new,31,25,6,11107.98,0.806
CUST_01595,Veda Sule,chhabraekani@example.org,02917926517,new,33,25,8,117536.04,0.758
CUST_01596,Neel Upadhyay,sanelohit@example.net,1087392219,vip,3,3,0,167062.81,1.0
CUST_01597,Mekhala Borra,saanvi37@example.com,01052987707,returning,8,7,1,51747.6,0.875
CUST_01598,Hiral Buch,ronith04@example.com,00020268387,vip,12,12,0,7800.15,1.0
CUST_01599,Tanay Mukherjee,christopher29@example.com,6760304093,new,18,16,2,87285.22,0.889
CUST_01600,Nikita Sharaf,chameli18@example.net,2368810138,new,33,27,6,153432.63,0.818
CUST_01601,Sanya Gera,bavadipta@example.org,+913460184220,returning,5,4,1,144744.35,0.8
CUST_01602,Wahab Wason,janakikeer@example.org,+918316816360,new,14,11,3,241083.82,0.786
CUST_01603,Gabriel Srinivas,lajitaarora@example.com,8947672000,new,35,19,16,181474.66,0.543
CUST_01604,Kai Buch,harish07@example.org,01634850895,vip,33,32,1,118941.52,0.97
CUST_01605,Pranit Kalita,hahuja@example.com,+911919445456,returning,12,10,2,239458.06,0.833
CUST_01606,Lucky Rana,hamsini61@example.net,+917671377188,new,23,21,2,106310.92,0.913
CUST_01607,Lohit Sandal,iryarattan@example.org,+916678305573,returning,27,21,6,246160.88,0.778
CUST_01608,Guneet Hayre,cmangat@example.org,2346144662,new,8,6,2,124206.1,0.75
CUST_01609,Panini Jayaraman,aadiminhas@example.net,+911761421524,new,19,14,5,10631.84,0.737
CUST_01610,Isaiah Ranganathan,ajohal@example.com,00465689698,new,8,5,3,114507.97,0.625
CUST_01611,Anthony Kalita,akashyap@example.org,08379363159,returning,29,23,6,102116.91,0.793
CUST_01612,Maanav Comar,vasudhabhardwaj@example.com,09341040629,vip,28,26,2,17867.48,0.929
CUST_01613,Finn Seth,kabirvarghese@example.org,07183018179,returning,31,29,2,92176.63,0.935
CUST_01614,Chatresh Srinivasan,sara89@example.net,8497499799,new,32,25,7,99394.25,0.781
CUST_01615,Diya Edwin,hredhaanswaminathan@example.org,+914865658189,returning,6,5,1,99005.46,0.833
CUST_01616,Aditya Sant,tailorsiddharth@example.net,5631631297,returning,7,6,1,223160.69,0.857
CUST_01617,Indira Sen,oeshichauhan@example.com,4963788119,new,24,21,3,84988.6,0.875
CUST_01618,Chatresh Ramanathan,champakcomar@example.org,0716753216,returning,26,20,6,209608.23,0.769
CUST_01619,Robert Sama,khuranafaraj@example.com,8549004903,returning,18,16,2,191610.05,0.889
CUST_01620,Nihal Parikh,kamya85@example.net,+915639981274,returning,26,21,5,166835.91,0.808
CUST_01621,Mitesh Dhillon,hema17@example.com,+919258147621,vip,32,30,2,37269.84,0.938
CUST_01622,Raghav Ravi,daramegha@example.org,9454138453,returning,8,6,2,124569.81,0.75
CUST_01623,Dipta Ramachandran,charleskibe@example.org,09685909645,returning,9,7,2,184580.69,0.778
CUST_01624,Krishna Mall,godahritik@example.com,03516681133,returning,32,28,4,243032.1,0.875
CUST_01625,Rehaan Sanghvi,ebalakrishnan@example.net,+911734024222,new,21,13,8,155680.71,0.619
CUST_01626,Girindra Vohra,darshsabharwal@example.net,+912365401814,new,5,4,1,130227.25,0.8
CUST_01627,Amrita Ganguly,anika20@example.org,4350947651,returning,30,24,6,165692.26,0.8
CUST_01628,Yutika Sandhu,nayaromaja@example.com,+919941475398,returning,17,15,2,202465.66,0.882
CUST_01629,Reyansh Sibal,nagarajandeepa@example.net,+914519082611,returning,2,2,0,8383.83,1.0
CUST_01630,Ryan Nadkarni,nnagarajan@example.com,+919920237666,returning,8,7,1,78982.52,0.875
CUST_01631,Oscar Ganesh,vivaan38@example.com,+919411839093,new,30,17,13,44628.86,0.567
CUST_01632,Jonathan Mand,chaitalyagate@example.com,02834633488,returning,20,19,1,41453.99,0.95
CUST_01633,Wazir Kurian,urmiprabhakar@example.org,8669408654,returning,20,18,2,122120.0,0.9
CUST_01634,Bhavani Krish,leeladeol@example.net,05074350952,new,32,25,7,171500.85,0.781
CUST_01635,Anita Srinivasan,kothariprisha@example.net,04535917650,returning,31,27,4,39499.58,0.871
CUST_01636,Tanvi Dash,aayushbarad@example.net,5428873449,new,17,12,5,242732.25,0.706
CUST_01637,Krishna Varty,csani@example.net,9947061706,returning,23,21,2,71467.17,0.913
CUST_01638,Frederick Lal,fbutala@example.org,+918471567566,new,38,22,16,209315.07,0.579
CUST_01639,Aadi Nigam,tiwaripahal@example.org,1674492343,new,38,21,17,222890.05,0.553
CUST_01640,Radhika Varughese,anirudh45@example.org,5669375402,new,7,5,2,247990.41,0.714
CUST_01641,Pranav Saran,sinhaoliver@example.com,01402503857,returning,4,4,0,62279.68,1.0
CUST_01642,Orinder Puri,yoshita16@example.org,4936806358,returning,38,29,9,172153.82,0.763
CUST_01643,Timothy Bahl,bainsfariq@example.org,08969519304,returning,8,7,1,5418.14,0.875
CUST_01644,Manan Suri,hpalla@example.com,00365620363,new,30,23,7,105907.02,0.767
CUST_01645,Daksha Manda,aarnarau@example.net,6331812335,returning,27,22,5,174141.64,0.815
CUST_01646,Oviya Chakrabarti,cbatta@example.org,+917445776262,returning,21,17,4,97880.05,0.81
CUST_01647,Yash Ramanathan,uyohannan@example.net,+918989774759,returning,32,25,7,168940.27,0.781
CUST_01648,Bhavini Khatri,yadavi52@example.net,03774037676,new,33,28,5,167013.19,0.848
CUST_01649,Baghyawati Bakshi,mason07@example.com,05149753411,new,20,14,6,109279.79,0.7
CUST_01650,Urishilla Johal,danielbhardwaj@example.org,0940656582,returning,5,5,0,134190.59,1.0
CUST_01651,Bina Lall,yash85@example.net,6535232660,new,4,3,1,143593.41,0.75
CUST_01652,Balhaar Lad,kbalakrishnan@example.net,+911034956119,returning,40,36,4,23443.48,0.9
CUST_01653,Dipta Buch,chaudryeesha@example.net,+917466144776,returning,7,6,1,68704.55,0.857
CUST_01654,Yashvi Rege,racharya@example.net,09666829052,returning,34,29,5,52829.92,0.853
CUST_01655,Netra Oza,anay89@example.org,02330292764,returning,20,17,3,75327.3,0.85
CUST_01656,Diya Mall,nkhurana@example.net,02214051318,returning,21,17,4,100874.09,0.81
CUST_01657,Krisha Bali,vedhika47@example.org,+918914785247,returning,30,27,3,137116.84,0.9
CUST_01658,Chasmum Dave,guhafalak@example.net,04102387351,returning,34,31,3,144422.4,0.912
CUST_01659,Odika Mukherjee,tsrinivas@example.org,+911351830258,new,30,19,11,159662.63,0.633
CUST_01660,Rohan Loke,inadkarni@example.org,03988521789,returning,28,26,2,181790.46,0.929
CUST_01661,Hemal Bhardwaj,faqid28@example.com,05816759238,new,13,9,4,37362.05,0.692
CUST_01662,Gunbir Kannan,gavin80@example.net,+913814634292,new,20,17,3,102859.94,0.85
CUST_01663,Naksh Chauhan,ubika30@example.net,1218527341,returning,5,4,1,211568.76,0.8
CUST_01664,Chakrika Ratti,hegdezaid@example.org,05530153030,new,19,15,4,64483.44,0.789
CUST_01665,Chaman Anne,isastry@example.org,1096598455,returning,26,21,5,37915.58,0.808
CUST_01666,Niharika Sankaran,dalajananda@example.com,+918299126994,new,20,14,6,140176.34,0.7
CUST_01667,Michael Bhakta,rmohanty@example.org,1061669100,returning,3,2,1,68541.63,0.667
CUST_01668,Nathaniel Krishna,jatinravel@example.net,+916822175626,new,18,14,4,44408.31,0.778
CUST_01669,Madhav Balasubramanian,anikataneja@example.net,1005932572,returning,32,29,3,14304.15,0.906
CUST_01670,Tamanna Bawa,nakuldhingra@example.org,+917485972438,returning,21,18,3,216859.36,0.857
CUST_01671,Jason Dhillon,gaurang45@example.org,0580286060,vip,27,26,1,168082.18,0.963
CUST_01672,Ayush Ghose,adwetaarya@example.com,04747695090,returning,26,24,2,181196.5,0.923
CUST_01673,Fiyaz Thakkar,rajata64@example.org,+911655623887,new,8,6,2,125312.01,0.75
CUST_01674,Lakshmi Palan,ekhanna@example.org,00622901138,new,38,34,4,232923.13,0.895
CUST_01675,Aditya Mammen,qmalhotra@example.com,+919903803514,new,6,4,2,31008.07,0.667
CUST_01676,Yatan Ganguly,darika19@example.net,+914790534728,returning,22,20,2,184440.47,0.909
CUST_01677,Jagrati Chander,nsom@example.net,+919532670848,returning,16,15,1,54893.09,0.938
CUST_01678,Odika Narula,ldixit@example.org,08228280183,new,14,12,2,110149.12,0.857
CUST_01679,Yatan Prakash,benjaminsarkar@example.net,5684676780,new,38,22,16,133600.76,0.579
CUST_01680,Arya Naik,varshaluthra@example.net,09597521353,returning,8,7,1,106233.44,0.875
CUST_01681,Vanya Naidu,forum92@example.net,9748741148,returning,18,17,1,234274.59,0.944
CUST_01682,Naksh Sangha,wnaidu@example.org,1997645349,new,24,20,4,5758.02,0.833
CUST_01683,Ishani Nadkarni,parmarrajata@example.com,+919678963009,vip,39,35,4,184992.7,0.897
CUST_01684,Indali Thaman,darshchoudhary@example.com,+910159722422,returning,4,4,0,197306.28,1.0
CUST_01685,Tanveer Mody,varsharaj@example.com,0984601804,new,36,25,11,159917.79,0.694
CUST_01686,Samar Hegde,abdul15@example.org,03586671554,returning,8,7,1,59477.28,0.875
CUST_01687,Omaja Babu,yash92@example.com,+919674627205,returning,1,1,0,98547.4,1.0
CUST_01688,Megha Mistry,chhabramichael@example.net,5672850215,vip,17,16,1,234112.44,0.941
CUST_01689,Teerth Korpal,tanksudiksha@example.com,08212626439,returning,20,16,4,222616.56,0.8
CUST_01690,Mitali Sridhar,bhavya60@example.com,9075199198,vip,21,21,0,191801.85,1.0
CUST_01691,Tanmayi Subramanian,kamala12@example.net,4414925316,returning,3,2,1,20483.59,0.667
CUST_01692,Pranav Venkatesh,zansinayar@example.net,7477656590,returning,32,27,5,103533.85,0.844
CUST_01693,Anirudh Pathak,chavvi94@example.net,3436877156,returning,28,26,2,205150.21,0.929
CUST_01694,Lohit Agate,chatura76@example.net,+914153597710,returning,17,14,3,88288.16,0.824
CUST_01695,Imaran Dasgupta,zayyan77@example.org,09431487225,returning,36,32,4,113588.81,0.889
CUST_01696,Upadhriti Tella,nandini41@example.org,04741685573,new,4,3,1,46343.04,0.75
CUST_01697,Max Khanna,jeevikapradhan@example.com,0957947581,returning,9,7,2,50418.79,0.778
CUST_01698,Neha Basu,adwetadalal@example.org,02334704071,new,37,21,16,39876.7,0.568
CUST_01699,Nandini Saxena,kumarwaida@example.net,7341855950,returning,9,8,1,171595.47,0.889
CUST_01700,Xalak Mander,neha01@example.com,+913961017590,returning,21,18,3,218439.71,0.857
CUST_01701,Henry Sarma,rajagopaltriveni@example.net,4907869285,new,12,9,3,206778.77,0.75
CUST_01702,Guneet Rao,imaranpatla@example.net,+918967635367,returning,13,10,3,92216.09,0.769
CUST_01703,Jhalak Parekh,fbath@example.org,02288341335,new,25,22,3,221143.19,0.88
CUST_01704,Rishi Amble,magarranveer@example.org,7427493663,new,2,2,0,161953.12,1.0
CUST_01705,Varsha Sachdev,sbhatnagar@example.com,0300735658,returning,6,6,0,49967.42,1.0
CUST_01706,Madhavi Bakshi,hemagolla@example.net,03794128866,returning,11,8,3,154692.01,0.727
CUST_01707,Gaurang Date,rohanganesan@example.org,02526119789,returning,10,8,2,92296.08,0.8
CUST_01708,Gauri Mohan,cnagar@example.com,4653255441,vip,8,7,1,131696.51,0.875
CUST_01709,Gunbir Walia,frederick36@example.com,+918052038819,returning,30,27,3,123790.18,0.9
CUST_01710,Sai Sanghvi,harish84@example.com,+914622014833,new,14,9,5,215553.21,0.643
CUST_01711,Ekiya Loke,chatterjeeindrajit@example.org,02836030876,returning,19,17,2,95827.34,0.895
CUST_01712,Upadhriti Subramanian,anneoviya@example.net,7618376295,returning,14,12,2,248804.26,0.857
CUST_01713,Vasudha Sama,obhatti@example.com,+911720488868,new,13,9,4,102426.76,0.692
CUST_01714,Chandani Chauhan,ckapadia@example.org,2645649674,new,19,17,2,59253.66,0.895
CUST_01715,Fiyaz Rattan,naiduvihaan@example.net,0649097034,returning,16,13,3,171224.64,0.812
CUST_01716,Gayathri Contractor,hbera@example.net,+915891368296,returning,1,1,0,217925.15,1.0
CUST_01717,Advay Shere,parth15@example.org,+919362526022,vip,26,25,1,178477.32,0.962
CUST_01718,Pallavi Bakshi,yperi@example.com,0293358384,returning,39,31,8,24272.22,0.795
CUST_01719,Fitan Agrawal,cpathak@example.org,01745469351,new,22,19,3,117997.64,0.864
CUST_01720,Nicholas Bumb,champak12@example.net,+913195589799,new,39,34,5,241818.86,0.872
CUST_01721,Thomas Nori,fchaudhry@example.com,+917030568709,returning,3,2,1,126383.23,0.667
CUST_01722,Ethan Dayal,lavanya05@example.org,04838953376,new,26,20,6,33493.44,0.769
CUST_01723,Jack Setty,dshankar@example.net,00064345973,returning,3,3,0,65442.77,1.0
CUST_01724,Urmi Khalsa,kariupkaar@example.org,09675745104,returning,22,20,2,33413.92,0.909
CUST_01725,Caleb Mitter,hkalla@example.net,+915605427079,new,34,24,10,65471.3,0.706
CUST_01726,Chandani Sood,gdalal@example.org,+917976475456,new,9,7,2,243356.19,0.778
CUST_01727,Triya Doctor,kdoshi@example.com,9348540390,new,24,21,3,71089.91,0.875
CUST_01728,Lajita Wadhwa,omaja06@example.com,9926138268,returning,40,37,3,231715.86,0.925
CUST_01729,Bahadurjit Savant,cshan@example.net,07039962637,returning,28,26,2,79227.96,0.929
CUST_01730,Qarin Sawhney,chadachristopher@example.com,+915128962206,vip,10,10,0,230751.77,1.0
CUST_01731,Bhavna Jaggi,vincenthans@example.net,+910239934460,returning,29,22,7,37580.89,0.759
CUST_01732,Ayaan Purohit,utkarsh06@example.net,02357865294,new,3,2,1,41306.96,0.667
CUST_01733,Laban Tiwari,xavier70@example.org,04488548753,returning,8,8,0,231837.98,1.0
CUST_01734,Jackson Venkatesh,kundaojas@example.com,04280537642,new,23,21,2,140433.2,0.913
CUST_01735,Gauri Balan,jsamra@example.net,7860203922,returning,8,7,1,216786.39,0.875
CUST_01736,Zaid Borde,fbanerjee@example.net,5866399287,new,6,4,2,71387.05,0.667
CUST_01737,Nathaniel Venkataraman,zjain@example.net,+914249562917,returning,33,30,3,141030.22,0.909
CUST_01738,Dayita Mital,saneabhiram@example.org,+912888070051,returning,14,12,2,242921.02,0.857
CUST_01739,Praneel Vyas,vmuni@example.net,+912022017545,returning,37,29,8,230143.09,0.784
CUST_01740,Ekalinga Rao,wishi92@example.net,1046627501,new,32,25,7,221898.24,0.781
CUST_01741,Onveer Ravi,rkrishnan@example.org,+913607854833,new,8,6,2,147789.46,0.75
CUST_01742,Kashish Tripathi,pdhar@example.net,3680601457,vip,21,19,2,20725.28,0.905
CUST_01743,Veer Desai,esunder@example.com,8581970150,returning,31,26,5,238822.78,0.839
CUST_01744,Rachana Taneja,bdeo@example.net,+915192018285,returning,1,1,0,11439.83,1.0
CUST_01745,Wazir Karan,shivaniaggarwal@example.com,3795829158,returning,29,24,5,183020.53,0.828
CUST_01746,Ekantika Dash,sanghvisiddharth@example.net,7149207574,returning,37,29,8,215888.07,0.784
CUST_01747,Dayita Goswami,unni39@example.com,+916259188312,returning,19,15,4,14355.99,0.789
CUST_01748,Upma Sengupta,radhashenoy@example.com,+914434354978,new,39,27,12,100015.19,0.692
CUST_01749,Nitesh Puri,vamakshi15@example.com,4380299034,new,26,15,11,213160.29,0.577
CUST_01750,Chaman Dass,urishilla96@example.org,0094091657,new,26,17,9,188263.36,0.654
CUST_01751,Vanya Sagar,bhavnaganesh@example.com,02254920369,returning,8,6,2,200374.56,0.75
CUST_01752,Chatresh Chad,daniel15@example.org,03117226414,returning,20,19,1,151076.64,0.95
CUST_01753,Falguni Sama,aptedominic@example.net,02933598474,new,7,6,1,128406.98,0.857
CUST_01754,Nakul Yohannan,ekantikasahni@example.net,07715390226,returning,25,21,4,140982.74,0.84
CUST_01755,Charvi Shroff,nehanair@example.org,+913299090064,returning,28,26,2,153660.01,0.929
CUST_01756,Niharika Bir,charvi27@example.net,03554042316,returning,28,22,6,128578.69,0.786
CUST_01757,Maanas Bhat,xsavant@example.com,3934396904,vip,15,14,1,178552.05,0.933
CUST_01758,Simon Goswami,owen87@example.net,3573381330,vip,34,33,1,131407.11,0.971
CUST_01759,Viraj Malhotra,yuvraj30@example.org,+916412247409,new,28,16,12,200485.4,0.571
CUST_01760,Rayaan Shanker,christopherkhurana@example.org,00516023251,new,9,7,2,75451.96,0.778
CUST_01761,Vinaya Chakraborty,ishanvi58@example.com,+919404224564,new,28,18,10,12408.2,0.643
CUST_01762,Farhan Dugar,kashish12@example.com,+918078191350,new,3,2,1,127907.57,0.667
CUST_01763,Udant Mukherjee,ekapad97@example.org,07557166328,returning,30,26,4,142335.31,0.867
CUST_01764,Arunima Rout,anaysani@example.org,6218563520,new,17,13,4,192277.37,0.765
CUST_01765,Tara Sarin,munshibenjamin@example.com,+910598685697,new,30,18,12,45960.93,0.6
CUST_01766,Faras Mohan,tanveersami@example.org,0901014610,new,6,4,2,176242.45,0.667
CUST_01767,Manthan Sunder,yogisarthak@example.org,06163881687,new,30,24,6,112762.0,0.8
CUST_01768,Gaurang Wable,osha90@example.com,0965688267,returning,22,21,1,217900.53,0.955
CUST_01769,Bakhshi Arora,tdugal@example.com,+910814723735,new,12,7,5,245555.45,0.583
CUST_01770,Barkha Badami,ovarty@example.net,0830697899,new,7,5,2,4969.85,0.714
CUST_01771,Harshil Kumer,bhanumati98@example.org,07146749066,new,1,1,0,119541.41,1.0
CUST_01772,Shivani Pradhan,nazarethvyanjana@example.org,+916456059563,returning,39,35,4,76048.6,0.897
CUST_01773,Yuvraj Chakraborty,sarnashaurya@example.net,+910025856533,returning,40,33,7,168613.88,0.825
CUST_01774,Vansha Subramaniam,andrewiyengar@example.org,07871926154,returning,26,24,2,22364.97,0.923
CUST_01775,Mitesh Arora,dhawanadweta@example.net,+912545500549,new,13,8,5,4463.37,0.615
CUST_01776,Yashica Bansal,warhiratti@example.net,03887246163,vip,2,2,0,162331.49,1.0
CUST_01777,Samaksh Manda,thomasbhargava@example.org,+919143529493,returning,28,26,2,214618.24,0.929
CUST_01778,Vyanjana Mall,sarmanitara@example.com,06628973518,returning,6,5,1,116124.68,0.833
CUST_01779,Naksh Dhillon,mohammed75@example.net,00022302340,returning,2,2,0,225652.63,1.0
CUST_01780,Lavanya Sidhu,lchaudry@example.com,+915890418280,returning,29,27,2,118136.56,0.931
CUST_01781,Ekaraj Sachar,csankar@example.net,1239278844,returning,38,30,8,74060.44,0.789
CUST_01782,Bahadurjit Raj,omajabutala@example.com,+917695844420,returning,26,20,6,2464.63,0.769
CUST_01783,Nathaniel Lad,zayanyadav@example.net,03137371450,returning,28,26,2,212229.76,0.929
CUST_01784,Ethan Choudhary,dualajita@example.net,09141939606,returning,39,35,4,249757.08,0.897
CUST_01785,Aryan Lalla,gchanda@example.net,1199256924,new,26,19,7,147964.3,0.731
CUST_01786,Nimrat Kakar,dev03@example.com,+914131811814,returning,32,25,7,15645.82,0.781
CUST_01787,Hema Chada,nakshmurty@example.net,+917904470856,new,37,24,13,16345.89,0.649
CUST_01788,Anvi Batta,gsetty@example.com,8783103145,returning,27,25,2,29676.71,0.926
CUST_01789,Anita Murty,wdass@example.org,05794074033,returning,23,19,4,109339.39,0.826
CUST_01790,Alka Kuruvilla,maggarwal@example.org,+919136941264,new,13,9,4,109808.62,0.692
CUST_01791,Aayush Rajan,kapuroliver@example.com,05318057631,returning,38,35,3,85118.67,0.921
CUST_01792,Finn Bala,snatarajan@example.com,+912536064004,returning,30,23,7,73701.81,0.767
CUST_01793,Bina Verma,mshetty@example.com,6989484817,returning,27,25,2,168440.27,0.926
CUST_01794,Yatin Ravi,bakshichatresh@example.com,00177375949,returning,31,28,3,211210.56,0.903
CUST_01795,Saksham Bansal,gwable@example.org,+917196004902,returning,19,17,2,22004.88,0.895
CUST_01796,Amrita Mangat,gabriel55@example.net,07433384965,returning,12,9,3,151634.38,0.75
CUST_01797,Neel Karnik,srinivasanavi@example.org,3530049992,new,27,24,3,123684.41,0.889
CUST_01798,Netra Pall,libnichoudhury@example.net,7731739462,new,36,20,16,5023.58,0.556
CUST_01799,Yashawini Tandon,rohanpalla@example.net,05392768714,returning,23,20,3,44091.34,0.87
CUST_01800,Wyatt Mahal,jeetsubramaniam@example.net,07060558173,returning,33,25,8,16384.56,0.758
CUST_01801,Turvi Dass,daralipika@example.org,00698935464,returning,40,32,8,140714.37,0.8
CUST_01802,Sathvik Warrior,gaurora@example.com,5570393427,returning,22,20,2,192458.79,0.909
CUST_01803,Megha Rao,janakinagy@example.org,0509260001,returning,36,29,7,38219.0,0.806
CUST_01804,Christopher Chacko,panini16@example.org,7384498121,returning,33,29,4,26483.43,0.879
CUST_01805,Aarav Batta,reyanshwali@example.com,6990867233,new,29,24,5,240680.45,0.828
CUST_01806,Darsh Lalla,jeet77@example.net,+916556192218,returning,7,6,1,152609.13,0.857
CUST_01807,Logan Bail,wkala@example.org,6417613023,returning,7,6,1,10971.37,0.857
CUST_01808,Adweta Dada,bkhare@example.net,+915991676403,new,8,7,1,227790.95,0.875
CUST_01809,Umang Bir,praneeloza@example.org,2671269379,new,19,15,4,190610.19,0.789
CUST_01810,Ekani Gandhi,dhritigoyal@example.net,04448436868,returning,7,5,2,91252.36,0.714
CUST_01811,Jack Borde,tristan30@example.com,00980587715,returning,8,7,1,110057.56,0.875
CUST_01812,Ijaya Bhalla,xganesan@example.com,7902591204,returning,1,1,0,202381.73,1.0
CUST_01813,Warinder Sidhu,jacksonsachar@example.org,6603235841,new,33,20,13,66870.9,0.606
CUST_01814,Parth Nagarajan,vrishti73@example.net,09395795519,returning,27,22,5,166416.32,0.815
CUST_01815,Aachal Seth,frederick11@example.com,3670386256,new,34,24,10,57431.41,0.706
CUST_01816,Raagini Chawla,dyaljanya@example.net,02330080563,returning,27,25,2,224567.28,0.926
CUST_01817,Yashoda Dhingra,zayyandewan@example.net,03210788312,vip,34,33,1,90762.71,0.971
CUST_01818,Victor Sane,bina85@example.org,+910720197084,new,10,8,2,179547.62,0.8
CUST_01819,Upma Kulkarni,sarkarnaveen@example.com,6365129555,returning,5,4,1,79043.74,0.8
CUST_01820,Anirudh Badami,faris08@example.org,4842262300,vip,11,10,1,98619.93,0.909
CUST_01821,Omya Anne,idesai@example.org,00283034243,new,10,9,1,14923.55,0.9
CUST_01822,Ganga Jayaraman,saranlohit@example.net,+919166316696,returning,34,32,2,105116.67,0.941
CUST_01823,Dalaja Andra,samuelagarwal@example.com,04410616649,returning,36,33,3,180526.99,0.917
CUST_01824,Aayush Balasubramanian,bina58@example.org,+915176429628,new,23,13,10,70305.3,0.565
CUST_01825,Kai Merchant,danijagrati@example.org,00969961315,returning,10,9,1,111824.17,0.9
CUST_01826,Garima Pradhan,yashgaba@example.org,8058837743,new,35,27,8,154737.77,0.771
CUST_01827,Anika Bhandari,watika62@example.com,3950111525,returning,23,21,2,195499.99,0.913
CUST_01828,Yashawini Saran,ubikasehgal@example.net,8826031748,returning,13,12,1,21528.09,0.923
CUST_01829,Wazir Bahri,jagrati88@example.org,9718614229,returning,25,22,3,185143.03,0.88
CUST_01830,Jhalak Narasimhan,janya92@example.org,05967577991,new,35,23,12,23658.48,0.657
CUST_01831,Raghav Sen,andrewmody@example.com,06274511608,returning,34,28,6,159103.53,0.824
CUST_01832,Ucchal Barad,palloliver@example.org,+913368960083,new,35,27,8,60714.27,0.771
CUST_01833,Tara Sant,deyashica@example.net,8993074611,returning,28,27,1,28055.26,0.964
CUST_01834,Varenya Date,ocheema@example.com,6033878852,new,24,15,9,127121.09,0.625
CUST_01835,Yauvani Ranganathan,kuruvillawahab@example.net,06309007379,new,8,6,2,143322.6,0.75
CUST_01836,Chameli Malhotra,turvi44@example.com,+910769262654,new,22,20,2,201444.2,0.909
CUST_01837,Chameli Seth,ikbal60@example.net,03598398590,vip,37,36,1,234416.09,0.973
CUST_01838,Pushti Patla,shravya83@example.net,05681678434,returning,39,31,8,75150.8,0.795
CUST_01839,Vrinda Kade,savantguneet@example.net,07613500788,returning,37,33,4,178730.57,0.892
CUST_01840,Lipika Dugar,rayaanhora@example.net,8540336999,returning,16,12,4,129354.73,0.75
CUST_01841,Kalpit Nath,groverudarsh@example.org,+916532735514,new,24,17,7,37065.04,0.708
CUST_01842,Nachiket Lala,guhalogan@example.org,+914771469509,returning,27,21,6,16017.32,0.778
CUST_01843,Ishanvi Murthy,hemangini70@example.org,+910617413644,returning,31,25,6,19979.14,0.806
CUST_01844,Anusha Singhal,xchoudhry@example.org,+918939127065,returning,26,23,3,129976.78,0.885
CUST_01845,Raksha Ravel,dubeom@example.org,3056446853,new,17,13,4,159297.06,0.765
CUST_01846,Aahana Prabhakar,ekiya59@example.com,+912635607778,vip,32,31,1,104522.13,0.969
CUST_01847,Tarak Kata,vinayarout@example.org,9046008236,new,33,20,13,177932.07,0.606
CUST_01848,Lucky Samra,gourqarin@example.org,+919755061790,new,33,28,5,29955.51,0.848
CUST_01849,Turvi Bajwa,oakhritik@example.org,+910393449076,new,31,17,14,39631.5,0.548
CUST_01850,Nihal Contractor,ugopal@example.org,3339192969,returning,8,7,1,102450.65,0.875
CUST_01851,Isaiah Agate,udarsh07@example.org,+912600822837,new,37,24,13,130932.99,0.649
CUST_01852,Ati Gopal,ubhagat@example.com,8578872820,new,20,18,2,76163.39,0.9
CUST_01853,Rishi Dora,zarnabal@example.org,+916980446658,returning,10,8,2,147611.25,0.8
CUST_01854,Laksh Madan,arege@example.net,00647245257,new,20,17,3,54287.57,0.85
CUST_01855,Sneha Shroff,upasna78@example.net,00709465777,returning,32,24,8,137110.56,0.75
CUST_01856,Radha Chadha,yoshitatella@example.net,02842680928,new,3,2,1,143478.24,0.667
CUST_01857,Nandini Bobal,hkurian@example.com,+910537186056,returning,22,20,2,119069.27,0.909
CUST_01858,Yutika Anne,falanratti@example.com,07951279831,returning,39,30,9,35061.31,0.769
CUST_01859,Adweta Deol,wazir54@example.org,00199198480,returning,29,26,3,37671.16,0.897
CUST_01860,Aarnav Dani,sagarwal@example.net,6715207710,returning,6,5,1,166293.33,0.833
CUST_01861,Bhavika Bhardwaj,upkaar36@example.net,5796724610,returning,15,14,1,85079.97,0.933
CUST_01862,Ekalinga Chand,acharyacharan@example.net,00178502050,new,29,23,6,161656.17,0.793
CUST_01863,Ijaya Mani,rgade@example.net,+919201029759,returning,2,2,0,199141.62,1.0
CUST_01864,Amruta Sharma,victor96@example.com,7442526942,returning,36,32,4,161156.59,0.889
CUST_01865,Baghyawati Chacko,hmane@example.com,3740513379,new,40,30,10,189524.98,0.75
CUST_01866,Sachi Sampath,ysem@example.net,+916085571749,vip,34,31,3,119221.01,0.912
CUST_01867,Janani Verma,mahika88@example.org,04990803586,returning,8,7,1,133198.93,0.875
CUST_01868,Bhanumati Bath,sachi44@example.com,+919998632453,vip,18,17,1,61699.03,0.944
CUST_01869,Maanav Sastry,chatterjeejackson@example.org,0851846689,returning,38,32,6,201826.8,0.842
CUST_01870,Tristan Gandhi,kibeishanvi@example.net,01830734800,returning,26,23,3,123122.52,0.885
CUST_01871,Manbir Sahota,mohammed59@example.com,2055482987,vip,22,21,1,104026.64,0.955
CUST_01872,Lohit Bhatt,upma49@example.net,4746042937,returning,21,17,4,23210.76,0.81
CUST_01873,Vasatika Krishnan,fgole@example.com,01727580452,vip,35,32,3,36436.55,0.914
CUST_01874,Pallavi Sehgal,hthakur@example.net,7988775445,new,6,4,2,238065.1,0.667
CUST_01875,Siya Menon,keerarunima@example.org,+919293605962,returning,4,3,1,81660.03,0.75
CUST_01876,Gaurangi Bhatt,zayanpuri@example.org,9012484479,new,4,3,1,25136.68,0.75
CUST_01877,Pahal Palla,edani@example.com,08622307065,new,21,13,8,235423.59,0.619
CUST_01878,Zarna Balan,vincent16@example.org,+912743303727,returning,4,3,1,188157.37,0.75
CUST_01879,Odika Edwin,chanchal75@example.com,+911121380782,returning,32,27,5,126353.1,0.844
CUST_01880,Champak Rana,ubrahmbhatt@example.net,05985866356,vip,18,16,2,116473.47,0.889
CUST_01881,Chaman Buch,gandhipatrick@example.com,+911288669059,returning,31,23,8,158568.55,0.742
CUST_01882,Madhavi Vora,parth88@example.org,8470520313,vip,2,2,0,240886.93,1.0
CUST_01883,Triveni Chand,shauryadutta@example.org,+916686427786,returning,16,14,2,163061.95,0.875
CUST_01884,Prisha Nigam,urishilladhawan@example.net,06032087783,new,37,26,11,21435.13,0.703
CUST_01885,Raksha Buch,rayqabil@example.net,3345573562,returning,14,13,1,36020.57,0.929
CUST_01886,Kai Sethi,dbansal@example.com,03585973027,returning,11,10,1,134615.14,0.909
CUST_01887,Jonathan Garde,sara04@example.net,+914025554689,returning,36,30,6,749.76,0.833
CUST_01888,Shivani Shanker,memonhemang@example.org,07881596467,returning,40,32,8,243034.41,0.8
CUST_01889,Mahika Oza,tanne@example.com,4673322912,new,31,20,11,63096.79,0.645
CUST_01890,Ganga Pandey,bsarma@example.org,6239459942,returning,23,21,2,53582.16,0.913
CUST_01891,Anvi Balay,bsachar@example.net,9530120339,returning,19,14,5,184926.14,0.737
CUST_01892,Jacob Khurana,wchand@example.com,+918335689058,returning,20,15,5,174758.11,0.75
CUST_01893,Balvan Zachariah,dadajasmit@example.org,+917435670277,returning,36,34,2,219630.68,0.944
CUST_01894,Yasti Sharma,nagarlakshmi@example.com,6957945759,new,33,29,4,79916.83,0.879
CUST_01895,Kamala Pillai,oommenekiya@example.net,+916291714854,returning,22,19,3,244920.27,0.864
CUST_01896,Udarsh Pai,dhritideep@example.net,5207882165,returning,18,14,4,245763.98,0.778
CUST_01897,Ekalinga Goyal,mistrykavya@example.com,04520302769,new,30,27,3,82450.08,0.9
CUST_01898,Ubika Jain,vargheselohit@example.com,+913532124402,vip,9,9,0,1010.85,1.0
CUST_01899,Rajata Kaur,anthony94@example.org,+911805257959,returning,1,1,0,103584.18,1.0
CUST_01900,Avi Mandal,fkrishnan@example.org,3254601891,returning,32,29,3,134763.8,0.906
CUST_01901,Samar Mittal,adwetathakkar@example.net,07133996276,returning,5,4,1,223196.76,0.8
CUST_01902,Gagan Grewal,skhare@example.org,+911202913813,returning,29,26,3,88572.19,0.897
CUST_01903,George Mann,bakhshi29@example.net,0888196645,returning,39,32,7,44708.07,0.821
CUST_01904,Raghav Dada,banikyochana@example.org,+913356831723,returning,1,1,0,92934.92,1.0
CUST_01905,Mohini Suresh,mitalekapad@example.com,+910389191874,new,1,1,0,5435.53,1.0
CUST_01906,Ekani Balan,kharesamesh@example.org,+913449560714,new,23,14,9,204162.07,0.609
CUST_01907,Mahika Pai,tandonsudiksha@example.com,2572316316,returning,15,12,3,123705.26,0.8
CUST_01908,Rohan Tank,chanderchristopher@example.com,7039963066,new,18,13,5,176159.9,0.722
CUST_01909,Arin Arya,avni69@example.com,09323370071,returning,1,1,0,205370.31,1.0
CUST_01910,Aditya Bala,rbhatti@example.net,+918633234306,new,18,13,5,123755.82,0.722
CUST_01911,Vritti Memon,reyansh92@example.org,05909722858,returning,37,33,4,150941.65,0.892
CUST_01912,Kashvi Nazareth,ishani51@example.org,1960348236,new,38,23,15,16729.81,0.605
CUST_01913,Samuel Suresh,meghanahans@example.org,+918004364758,new,37,31,6,220310.27,0.838
CUST_01914,Odika Sama,zansi67@example.net,01637120631,returning,18,14,4,169655.69,0.778
CUST_01915,Gaurangi Pai,riyasrivastava@example.com,+911458408114,vip,35,33,2,170329.75,0.943
CUST_01916,Fariq Pingle,igokhale@example.org,4361168611,returning,1,1,0,160421.09,1.0
CUST_01917,Libni Balasubramanian,keyaborra@example.org,9260555465,vip,4,4,0,81088.32,1.0
CUST_01918,Parth Rao,ladlitoor@example.com,+917714034454,returning,27,22,5,170203.28,0.815
CUST_01919,Irya Roy,abalakrishnan@example.org,+911196227238,returning,24,20,4,11344.44,0.833
CUST_01920,Urishilla Loke,hardiksaxena@example.net,+916838509570,returning,4,3,1,105305.49,0.75
CUST_01921,Aarna Balan,rayjalsa@example.org,1136403484,returning,1,1,0,84009.1,1.0
CUST_01922,Ranbir Som,abandi@example.net,02795951429,returning,2,2,0,56794.19,1.0
CUST_01923,Aadhya Mane,ksangha@example.com,02175627528,returning,5,5,0,49620.77,1.0
CUST_01924,Advik Choudhury,pbhavsar@example.com,+914479459235,new,5,4,1,24633.16,0.8
CUST_01925,Nimrat Kala,nicholassami@example.com,8971001707,returning,2,2,0,156761.13,1.0
CUST_01926,Jeremiah Mander,saumya61@example.net,3049484142,new,17,11,6,118657.34,0.647
CUST_01927,Dhriti Panchal,sakshamkala@example.com,+918756798130,vip,4,4,0,130158.92,1.0
CUST_01928,Oeshi Nanda,omahal@example.com,7115882187,new,5,4,1,155081.86,0.8
CUST_01929,Arunima Bora,surajai@example.org,01146446119,returning,29,25,4,21840.91,0.862
CUST_01930,Darpan Shankar,chavvi24@example.com,+918852377487,new,3,2,1,222575.89,0.667
CUST_01931,Aayush Bhalla,odara@example.org,03251218082,returning,9,7,2,200695.58,0.778
CUST_01932,Nidra Subramanian,regenidra@example.com,0286538395,new,40,31,9,16914.67,0.775
CUST_01933,Dev Rout,neha82@example.org,0037090703,returning,36,27,9,212557.36,0.75
CUST_01934,Zinal Bhat,wsaran@example.net,+912070983484,returning,40,36,4,58661.44,0.9
CUST_01935,Radhika Swamy,ria62@example.net,05074456572,returning,40,30,10,96288.05,0.75
CUST_01936,Urishilla Rana,anya19@example.net,+918179477950,returning,40,35,5,85234.31,0.875
CUST_01937,Rishi Mohanty,kevin20@example.org,02693032645,vip,2,2,0,82384.32,1.0
CUST_01938,Kamya Savant,wyattanne@example.net,0740635168,new,7,4,3,178468.2,0.571
CUST_01939,Manan Dixit,udyati67@example.com,+912583799005,returning,13,12,1,31932.42,0.923
CUST_01940,Mugdha Reddy,rishideshpande@example.com,03342285628,returning,23,19,4,181293.45,0.826
CUST_01941,Udyati Dey,widishagoda@example.org,09310337008,returning,16,12,4,11495.66,0.75
CUST_01942,Lucky Johal,bahadurjit37@example.org,03333188384,new,38,27,11,239955.47,0.711
CUST_01943,Mohini Butala,jagvisur@example.net,0473719851,returning,20,17,3,135515.35,0.85
CUST_01944,Oviya Rajan,rajuchakrika@example.com,5442157837,new,31,20,11,86053.63,0.645
CUST_01945,Radhika Mann,naidusamuel@example.net,+917396885934,new,1,1,0,164590.36,1.0
CUST_01946,Tanay Barad,tanmayisidhu@example.net,8331503219,new,16,12,4,208876.14,0.75
CUST_01947,Osha Pai,faris02@example.com,+916668606734,returning,28,23,5,244139.44,0.821
CUST_01948,Omisha Sinha,mishrapriya@example.org,+918959103852,returning,13,12,1,85717.2,0.923
CUST_01949,Manan Singh,jganguly@example.org,05963743963,returning,30,26,4,83120.79,0.867
CUST_01950,Gayathri Mani,iyerijaya@example.com,4656531708,returning,22,19,3,104964.47,0.864
CUST_01951,Teerth Balay,doctorgavin@example.org,2736632567,new,30,26,4,227680.48,0.867
CUST_01952,Quincy Garde,bhavanitiwari@example.com,09391660191,returning,1,1,0,173458.53,1.0
CUST_01953,Advaith Mittal,urandhawa@example.net,+917326447893,returning,14,11,3,183779.25,0.786
CUST_01954,Yoshita Parikh,ati17@example.com,+919093716458,vip,22,21,1,94289.99,0.955
CUST_01955,Akshay Mangal,vritti34@example.com,09447338780,returning,1,1,0,18895.92,1.0
CUST_01956,Kalpit Thaker,narulalopa@example.com,01837847719,new,8,5,3,110381.83,0.625
CUST_01957,Sai Mahal,aishanipant@example.org,6859380625,returning,24,18,6,7906.55,0.75
CUST_01958,Mason Khatri,vaidyamadhavi@example.com,09243435486,new,12,8,4,65868.71,0.667
CUST_01959,Peter Choudhury,harshparekh@example.com,+913871088035,new,36,23,13,49398.9,0.639
CUST_01960,Oni Mannan,asane@example.com,0376474769,new,17,15,2,5737.94,0.882
CUST_01961,Finn Sandhu,grewalpeter@example.org,00396558681,returning,25,22,3,221310.38,0.88
CUST_01962,Brijesh Mittal,murthytimothy@example.org,+915286601385,new,14,9,5,60417.41,0.643
CUST_01963,Aadi Bal,hamsinisubramaniam@example.org,0101245718,returning,11,10,1,244286.91,0.909
CUST_01964,Kavya Bhakta,mchana@example.com,9913650551,vip,28,27,1,16811.69,0.964
CUST_01965,Tristan Sabharwal,gbumb@example.com,7170804929,new,9,7,2,48324.48,0.778
CUST_01966,Nicholas Pau,swaminathanharrison@example.net,01293321349,new,24,16,8,107670.27,0.667
CUST_01967,Nihal Deshmukh,lankabenjamin@example.net,+913717758856,returning,3,3,0,147037.81,1.0
CUST_01968,Saumya Kumer,ramamugdha@example.org,+912620306951,returning,19,17,2,82256.31,0.895
CUST_01969,Eesha Swaminathan,gangulyimaran@example.org,6018112399,new,18,15,3,212949.91,0.833
CUST_01970,Rohan Bhargava,ektaparikh@example.net,8792062314,vip,32,29,3,20811.22,0.906
CUST_01971,Qushi Tiwari,bahrilila@example.net,+919680450521,returning,40,31,9,127399.14,0.775
CUST_01972,Lohit Bawa,pahalahuja@example.net,+916418044608,returning,33,27,6,129963.65,0.818
CUST_01973,Xalak Chaudry,balvan83@example.com,09544950609,new,24,18,6,121082.62,0.75
CUST_01974,Yachana Banerjee,sdeep@example.com,05669839859,vip,31,29,2,100536.04,0.935
CUST_01975,Vidhi Kuruvilla,anushabrar@example.com,+919049577625,vip,38,36,2,52196.3,0.947
CUST_01976,Bhavna Sha,mramakrishnan@example.org,5301647286,returning,29,27,2,99277.04,0.931
CUST_01977,Upasna Memon,uvenkataraman@example.net,+912629761166,new,25,19,6,233906.98,0.76
CUST_01978,Mohini Saran,guptadarika@example.net,2468967016,new,36,21,15,188029.88,0.583
CUST_01979,Kritika Dugar,rswaminathan@example.com,+912157231252,new,34,23,11,146198.58,0.676
CUST_01980,Praneel Jain,max56@example.org,+918589496172,returning,40,33,7,113062.23,0.825
CUST_01981,Janaki Bhalla,mason05@example.net,+915313184560,returning,24,22,2,79596.6,0.917
CUST_01982,Victor Mani,xavierdoctor@example.org,1091294431,new,12,8,4,66773.41,0.667
CUST_01983,Falan Mand,yohannanvedika@example.net,+914377982402,new,6,4,2,125690.35,0.667
CUST_01984,Ishwar Sane,vedantchanda@example.org,09981810096,returning,6,5,1,231688.18,0.833
CUST_01985,Deepa Gaba,dpadmanabhan@example.net,6355877452,new,5,3,2,136733.5,0.6
CUST_01986,Tanay Mital,rohantak@example.net,+915442253511,new,22,14,8,186430.23,0.636
CUST_01987,Rachit Bakshi,chakradhar34@example.com,03882872047,returning,18,14,4,151206.49,0.778
CUST_01988,Urvashi Saran,tradhakrishnan@example.org,2887458712,new,35,30,5,2629.2,0.857
CUST_01989,Urmi Munshi,ekbalkale@example.net,08593152621,new,23,19,4,101250.88,0.826
CUST_01990,Vasana Merchant,kurianadya@example.org,+911061445299,returning,38,34,4,3466.73,0.895
CUST_01991,Damini Pandey,rmuni@example.org,+911997115333,returning,10,9,1,57280.83,0.9
CUST_01992,Shravya Gala,bsibal@example.org,+910343449975,returning,14,12,2,129198.42,0.857
CUST_01993,Odika Biswas,soniyauvani@example.com,+912159927943,returning,30,27,3,115619.58,0.9
CUST_01994,Rajeshri Kanda,vrittimani@example.net,+913312223954,returning,21,19,2,107483.85,0.905
CUST_01995,Reva Atwal,shravya31@example.com,8368747774,vip,27,25,2,112768.0,0.926
CUST_01996,Tripti Badami,neharajan@example.com,06007622821,returning,24,19,5,218500.68,0.792
CUST_01997,Joshua Dara,yahvisagar@example.net,+917847264393,new,1,1,0,164882.61,1.0
CUST_01998,Advay Mistry,raagini92@example.net,+916660485312,new,15,10,5,171597.82,0.667
CUST_01999,Zayyan Lalla,hariniverma@example.net,09811846512,returning,35,28,7,146945.29,0.8
CUST_02000,Pratyush Dani,ramachandranwahab@example.com,1704836481,returning,3,3,0,38845.96,1.0
