order_id,customer_id,amount,currency,created_at
ORDER_0000001,CUST_01109,66685.54,INR,2026-08-30 07:33:41.122833
ORDER_0000002,CUST_00654,647.05,INR,2026-07-10 12:36:46.122833
ORDER_0000003,CUST_01338,4477.9,INR,2026-07-27 21:25:51.122833
ORDER_0000004,CUST_00542,965.74,INR,2026-06-12 17:25:55.122833
ORDER_0000005,CUST_01083,84382.73,INR,2026-07-20 00:54:58.122833
ORDER_0000006,CUST_01138,2790.99,INR,2026-06-30 03:42:27.122833
ORDER_0000007,CUST_01744,3619.95,INR,2026-06-08 04:14:25.122833
ORDER_0000008,CUST_00328,1099.42,INR,2026-07-10 13:42:21.122833
ORDER_0000009,CUST_00004,1996.7,INR,2026-08-13 18:00:46.122833
ORDER_0000010,CUST_00275,161.89,INR,2026-08-26 02:39:29.122833
ORDER_0000011,CUST_01751,4889.81,INR,2026-06-18 00:21:06.122833
ORDER_0000012,CUST_00216,62874.28,INR,2026-08-11 04:33:52.122833
ORDER_0000013,CUST_00589,716.35,INR,2026-07-15 20:59:40.122833
ORDER_0000014,CUST_01024,82680.92,INR,2026-07-04 12:44:14.122833
ORDER_0000015,CUST_01503,51418.41,INR,2026-06-06 09:26:19.122833
ORDER_0000016,CUST_01930,3591.21,INR,2026-07-06 06:25:29.122833
ORDER_0000017,CUST_01426,36770.39,INR,2026-08-21 13:05:41.122833
ORDER_0000018,CUST_00378,32422.13,INR,2026-08-12 18:56:49.122833
ORDER_0000019,CUST_01404,69317.2,INR,2026-07-27 19:20:03.122833
ORDER_0000020,CUST_00752,185.98,INR,2026-06-29 04:18:34.122833
ORDER_0000021,CUST_01810,894.3,INR,2026-08-09 08:55:30.122833
ORDER_0000022,CUST_01420,9120.11,INR,2026-08-15 13:37:44.122833
ORDER_0000023,CUST_01855,597.54,INR,2026-07-21 13:41:23.122833
ORDER_0000024,CUST_00456,3934.12,INR,2026-06-22 17:34:36.122833
ORDER_0000025,CUST_00863,16587.59,INR,2026-08-07 04:40:41.122833
ORDER_0000026,CUST_01547,774.76,INR,2026-07-11 02:40:58.122833
ORDER_0000027,CUST_00940,134.0,INR,2026-07-04 08:35:13.122833
ORDER_0000028,CUST_00522,703.27,INR,2026-07-25 20:17:45.122833
ORDER_0000029,CUST_01457,7422.23,INR,2026-08-21 06:05:50.122833
ORDER_0000030,CUST_01760,85464.63,INR,2026-06-12 08:34:54.122833
ORDER_0000031,CUST_01401,259.51,INR,2026-06-10 03:09:05.122833
ORDER_0000032,CUST_01319,1100.9,INR,2026-07-07 08:46:04.122833
ORDER_0000033,CUST_00363,90341.89,INR,2026-06-23 14:04:09.122833
ORDER_0000034,CUST_00506,67131.14,INR,2026-08-03 20:01:52.122833
ORDER_0000035,CUST_00335,19251.4,INR,2026-07-02 12:48:44.122833
ORDER_0000036,CUST_00759,6383.85,INR,2026-08-16 01:52:13.122833
ORDER_0000037,CUST_00628,281.56,INR,2026-06-11 11:18:37.122833
ORDER_0000038,CUST_00980,114.43,INR,2026-08-07 14:47:06.122833
ORDER_0000039,CUST_01281,89405.75,INR,2026-06-18 21:33:36.122833
ORDER_0000040,CUST_01352,1396.11,INR,2026-07-03 22:15:45.122833
ORDER_0000041,CUST_01467,28640.74,INR,2026-07-10 22:55:49.122833
ORDER_0000042,CUST_00942,2087.24,INR,2026-07-03 23:51:58.122833
ORDER_0000043,CUST_01087,4619.26,INR,2026-06-23 06:08:59.122833
ORDER_0000044,CUST_01162,83357.64,INR,2026-08-02 04:10:44.122833
ORDER_0000045,CUST_01761,1605.98,INR,2026-08-16 02:52:28.122833
ORDER_0000046,CUST_01556,19163.22,INR,2026-08-18 10:08:01.122833
ORDER_0000047,CUST_01907,991.48,INR,2026-07-30 20:09:23.122833
ORDER_0000048,CUST_00490,44970.89,INR,2026-06-15 12:07:02.122833
ORDER_0000049,CUST_01260,6718.18,INR,2026-08-24 06:37:47.122833
ORDER_0000050,CUST_01157,11588.39,INR,2026-07-16 04:24:16.122833
ORDER_0000051,CUST_01953,30918.29,INR,2026-08-10 00:16:10.122833
ORDER_0000052,CUST_00534,989.54,INR,2026-07-02 14:02:03.122833
ORDER_0000053,CUST_00711,312.76,INR,2026-06-08 09:59:43.122833
ORDER_0000054,CUST_01298,5488.54,INR,2026-06-22 10:37:01.122833
ORDER_0000055,CUST_00070,3142.58,INR,2026-08-13 08:57:18.122833
ORDER_0000056,CUST_01593,889.6,INR,2026-07-23 04:05:11.122833
ORDER_0000057,CUST_01257,812.6,INR,2026-06-24 19:59:48.122833
ORDER_0000058,CUST_00964,31802.41,INR,2026-06-07 20:21:58.122833
ORDER_0000059,CUST_01862,32350.42,INR,2026-08-09 04:48:36.122833
ORDER_0000060,CUST_01656,6472.57,INR,2026-06-20 10:03:24.122833
ORDER_0000061,CUST_01008,498.12,INR,2026-06-21 06:50:30.122833
ORDER_0000062,CUST_01967,146.9,INR,2026-06-11 12:10:46.122833
ORDER_0000063,CUST_00444,256.31,INR,2026-06-25 13:00:26.122833
ORDER_0000064,CUST_01114,556.68,INR,2026-08-11 15:59:11.122833
ORDER_0000065,CUST_00624,4816.15,INR,2026-06-30 07:17:06.122833
ORDER_0000066,CUST_00241,9709.53,INR,2026-06-10 08:48:55.122833
ORDER_0000067,CUST_00493,4236.24,INR,2026-07-15 10:50:43.122833
ORDER_0000068,CUST_00221,480.43,INR,2026-08-21 04:10:48.122833
ORDER_0000069,CUST_00750,5338.01,INR,2026-08-24 12:25:38.122833
ORDER_0000070,CUST_00695,37020.84,INR,2026-06-17 10:24:41.122833
ORDER_0000071,CUST_00675,2581.29,INR,2026-07-16 15:20:11.122833
ORDER_0000072,CUST_01952,6059.28,INR,2026-06-15 20:47:49.122833
ORDER_0000073,CUST_01866,743.38,INR,2026-06-03 20:16:14.122833
ORDER_0000074,CUST_01963,7573.32,INR,2026-08-31 11:22:52.122833
ORDER_0000075,CUST_00782,4551.85,INR,2026-07-20 03:06:05.122833
ORDER_0000076,CUST_00834,377.03,INR,2026-08-31 01:51:21.122833
ORDER_0000077,CUST_01650,9389.17,INR,2026-06-27 09:09:35.122833
ORDER_0000078,CUST_00651,41372.08,INR,2026-07-20 00:56:10.122833
ORDER_0000079,CUST_00525,4313.62,INR,2026-08-31 13:18:35.122833
ORDER_0000080,CUST_00320,3221.13,INR,2026-08-02 20:35:27.122833
ORDER_0000081,CUST_00467,735.9,INR,2026-06-27 23:18:33.122833
ORDER_0000082,CUST_00163,644.89,INR,2026-07-31 01:28:27.122833
ORDER_0000083,CUST_01780,620.51,INR,2026-08-16 10:51:36.122833
ORDER_0000084,CUST_00729,44591.3,INR,2026-07-29 12:13:03.122833
ORDER_0000085,CUST_01299,1723.13,INR,2026-06-18 16:45:42.122833
ORDER_0000086,CUST_00296,37199.76,INR,2026-08-05 12:44:54.122833
ORDER_0000087,CUST_01099,76054.01,INR,2026-08-26 00:15:19.122833
ORDER_0000088,CUST_00206,6725.62,INR,2026-08-20 15:39:12.122833
ORDER_0000089,CUST_00588,7738.57,INR,2026-08-09 11:10:25.122833
ORDER_0000090,CUST_00504,377.29,INR,2026-06-12 00:05:23.122833
ORDER_0000091,CUST_01287,57246.58,INR,2026-06-30 14:14:46.122833
ORDER_0000092,CUST_01633,43718.62,INR,2026-06-15 15:22:52.122833
ORDER_0000093,CUST_00306,2637.86,INR,2026-07-27 15:47:06.122833
ORDER_0000094,CUST_00999,832.93,INR,2026-08-20 03:53:15.122833
ORDER_0000095,CUST_00653,3334.17,INR,2026-07-15 09:20:27.122833
ORDER_0000096,CUST_01908,664.15,INR,2026-06-10 08:20:06.122833
ORDER_0000097,CUST_00137,4399.56,INR,2026-06-05 11:29:34.122833
ORDER_0000098,CUST_00868,627.08,INR,2026-06-03 12:30:59.122833
ORDER_0000099,CUST_00764,10650.4,INR,2026-08-18 05:21:02.122833
ORDER_0000100,CUST_00987,988.86,INR,2026-07-09 01:43:46.122833
ORDER_0000101,CUST_01897,9882.07,INR,2026-07-18 13:04:28.122833
ORDER_0000102,CUST_01739,40289.52,INR,2026-08-28 00:34:10.122833
ORDER_0000103,CUST_01934,3837.01,INR,2026-08-06 04:06:34.122833
ORDER_0000104,CUST_01936,6497.28,INR,2026-08-19 21:06:37.122833
ORDER_0000105,CUST_01653,72847.74,INR,2026-08-22 17:02:13.122833
ORDER_0000106,CUST_00176,64171.83,INR,2026-06-29 17:34:16.122833
ORDER_0000107,CUST_00735,7762.96,INR,2026-08-01 15:13:42.122833
ORDER_0000108,CUST_01653,56342.26,INR,2026-06-20 20:17:05.122833
ORDER_0000109,CUST_01669,6742.66,INR,2026-06-04 05:06:58.122833
ORDER_0000110,CUST_00066,97263.78,INR,2026-07-04 04:53:36.122833
ORDER_0000111,CUST_00047,53608.25,INR,2026-08-01 01:48:30.122833
ORDER_0000112,CUST_01261,4135.01,INR,2026-08-05 12:24:20.122833
ORDER_0000113,CUST_01943,9146.82,INR,2026-07-31 13:10:56.122833
ORDER_0000114,CUST_01743,56804.9,INR,2026-08-17 19:13:32.122833
ORDER_0000115,CUST_00510,871.12,INR,2026-07-01 20:33:25.122833
ORDER_0000116,CUST_01473,9966.74,INR,2026-06-18 21:57:22.122833
ORDER_0000117,CUST_01617,53395.17,INR,2026-06-25 23:42:22.122833
ORDER_0000118,CUST_00456,94978.89,INR,2026-06-11 06:45:21.122833
ORDER_0000119,CUST_01107,9940.25,INR,2026-08-29 05:41:17.122833
ORDER_0000120,CUST_01671,74725.75,INR,2026-07-18 20:13:46.122833
ORDER_0000121,CUST_01681,69892.87,INR,2026-08-03 02:38:20.122833
ORDER_0000122,CUST_01380,752.87,INR,2026-07-28 12:28:37.122833
ORDER_0000123,CUST_00075,6406.11,INR,2026-08-29 23:12:28.122833
ORDER_0000124,CUST_00031,44348.55,INR,2026-08-17 19:44:17.122833
ORDER_0000125,CUST_01875,605.71,INR,2026-06-27 18:05:50.122833
ORDER_0000126,CUST_01598,18022.55,INR,2026-07-30 02:17:30.122833
ORDER_0000127,CUST_01959,7701.56,INR,2026-06-14 23:16:08.122833
ORDER_0000128,CUST_00378,868.0,INR,2026-07-02 18:34:43.122833
ORDER_0000129,CUST_00183,5820.43,INR,2026-07-03 15:11:12.122833
ORDER_0000130,CUST_01809,794.15,INR,2026-07-23 01:28:23.122833
ORDER_0000131,CUST_01962,697.37,INR,2026-07-24 20:40:41.122833
ORDER_0000132,CUST_01980,3843.34,INR,2026-08-22 21:13:15.122833
ORDER_0000133,CUST_00043,7119.83,INR,2026-06-16 18:16:05.122833
ORDER_0000134,CUST_00008,772.35,INR,2026-07-30 17:51:25.122833
ORDER_0000135,CUST_01183,5521.4,INR,2026-08-23 21:34:38.122833
ORDER_0000136,CUST_01028,5304.54,INR,2026-06-30 21:35:51.122833
ORDER_0000137,CUST_00845,4390.38,INR,2026-06-17 10:11:12.122833
ORDER_0000138,CUST_00431,845.1,INR,2026-08-09 14:25:56.122833
ORDER_0000139,CUST_01404,9308.42,INR,2026-08-12 05:19:08.122833
ORDER_0000140,CUST_01160,452.63,INR,2026-06-04 16:37:00.122833
ORDER_0000141,CUST_01980,4036.69,INR,2026-08-15 03:58:00.122833
ORDER_0000142,CUST_00342,1646.41,INR,2026-08-09 05:02:20.122833
ORDER_0000143,CUST_01316,930.76,INR,2026-06-15 07:23:07.122833
ORDER_0000144,CUST_00647,391.08,INR,2026-08-24 02:33:53.122833
ORDER_0000145,CUST_01710,68917.06,INR,2026-06-15 22:54:17.122833
ORDER_0000146,CUST_00393,497.7,INR,2026-06-23 18:39:34.122833
ORDER_0000147,CUST_00073,2760.9,INR,2026-08-12 01:58:05.122833
ORDER_0000148,CUST_01343,870.53,INR,2026-07-09 03:48:11.122833
ORDER_0000149,CUST_01528,955.36,INR,2026-06-11 22:10:19.122833
ORDER_0000150,CUST_01325,420.03,INR,2026-07-22 15:24:56.122833
ORDER_0000151,CUST_00057,97275.43,INR,2026-08-11 18:01:45.122833
ORDER_0000152,CUST_01918,1305.94,INR,2026-07-01 23:40:57.122833
ORDER_0000153,CUST_01506,9591.0,INR,2026-08-16 22:13:32.122833
ORDER_0000154,CUST_00576,8157.93,INR,2026-08-25 13:43:04.122833
ORDER_0000155,CUST_00406,4438.91,INR,2026-07-08 06:17:22.122833
ORDER_0000156,CUST_01949,20984.64,INR,2026-08-06 12:45:48.122833
ORDER_0000157,CUST_01451,62816.54,INR,2026-07-19 03:40:36.122833
ORDER_0000158,CUST_00093,346.35,INR,2026-07-09 21:03:21.122833
ORDER_0000159,CUST_01838,49029.08,INR,2026-06-14 18:11:12.122833
ORDER_0000160,CUST_01421,91799.25,INR,2026-06-20 13:11:21.122833
ORDER_0000161,CUST_01256,45441.69,INR,2026-08-17 15:59:33.122833
ORDER_0000162,CUST_01586,56701.1,INR,2026-07-24 22:16:59.122833
ORDER_0000163,CUST_00065,742.37,INR,2026-08-05 12:58:22.122833
ORDER_0000164,CUST_01835,907.84,INR,2026-06-03 02:46:13.122833
ORDER_0000165,CUST_01338,599.25,INR,2026-07-28 10:24:02.122833
ORDER_0000166,CUST_00563,285.61,INR,2026-06-10 19:31:15.122833
ORDER_0000167,CUST_01622,42720.37,INR,2026-06-19 06:13:44.122833
ORDER_0000168,CUST_01768,9507.06,INR,2026-06-07 01:56:23.122833
ORDER_0000169,CUST_00714,80452.16,INR,2026-07-24 10:54:48.122833
ORDER_0000170,CUST_00899,72559.13,INR,2026-08-30 00:38:35.122833
ORDER_0000171,CUST_00585,987.42,INR,2026-08-08 09:21:30.122833
ORDER_0000172,CUST_01410,189.11,INR,2026-06-16 08:28:24.122833
ORDER_0000173,CUST_01703,96168.06,INR,2026-07-26 04:46:57.122833
ORDER_0000174,CUST_00209,21564.29,INR,2026-07-13 13:43:51.122833
ORDER_0000175,CUST_01769,166.92,INR,2026-07-11 10:34:14.122833
ORDER_0000176,CUST_00170,70887.31,INR,2026-06-16 12:08:50.122833
ORDER_0000177,CUST_01326,75940.74,INR,2026-08-09 06:01:59.122833
ORDER_0000178,CUST_00091,60727.79,INR,2026-08-21 06:17:14.122833
ORDER_0000179,CUST_00577,2476.39,INR,2026-08-18 02:02:04.122833
ORDER_0000180,CUST_00514,490.26,INR,2026-06-28 19:48:07.122833
ORDER_0000181,CUST_00784,212.16,INR,2026-07-04 13:49:24.122833
ORDER_0000182,CUST_01919,4265.38,INR,2026-06-16 19:20:14.122833
ORDER_0000183,CUST_01616,3031.89,INR,2026-06-24 04:11:16.122833
ORDER_0000184,CUST_01987,440.77,INR,2026-07-23 17:08:31.122833
ORDER_0000185,CUST_01668,3758.95,INR,2026-06-11 20:59:25.122833
ORDER_0000186,CUST_01013,87885.85,INR,2026-06-28 21:57:58.122833
ORDER_0000187,CUST_00095,9069.13,INR,2026-06-20 03:21:43.122833
ORDER_0000188,CUST_00704,97120.03,INR,2026-07-26 03:51:10.122833
ORDER_0000189,CUST_00932,635.16,INR,2026-06-27 18:01:14.122833
ORDER_0000190,CUST_01561,108.55,INR,2026-06-16 10:48:36.122833
ORDER_0000191,CUST_00370,14757.82,INR,2026-08-03 15:47:36.122833
ORDER_0000192,CUST_01068,32420.05,INR,2026-07-13 04:56:35.122833
ORDER_0000193,CUST_01333,2647.94,INR,2026-07-21 08:38:37.122833
ORDER_0000194,CUST_01817,56853.52,INR,2026-08-27 04:08:48.122833
ORDER_0000195,CUST_00866,931.43,INR,2026-07-02 06:36:27.122833
ORDER_0000196,CUST_00773,465.86,INR,2026-06-10 01:04:22.122833
ORDER_0000197,CUST_00852,756.96,INR,2026-06-10 19:27:44.122833
ORDER_0000198,CUST_01488,769.07,INR,2026-07-13 18:19:05.122833
ORDER_0000199,CUST_00257,9391.97,INR,2026-07-22 14:25:42.122833
ORDER_0000200,CUST_00677,716.61,INR,2026-07-11 23:10:54.122833
ORDER_0000201,CUST_01346,112.51,INR,2026-08-10 22:28:41.122833
ORDER_0000202,CUST_00147,41055.46,INR,2026-08-05 19:00:43.122833
ORDER_0000203,CUST_01363,89229.87,INR,2026-08-08 00:22:56.122833
ORDER_0000204,CUST_00303,96818.26,INR,2026-08-27 05:24:42.122833
ORDER_0000205,CUST_00647,9134.19,INR,2026-08-23 02:19:45.122833
ORDER_0000206,CUST_01617,4179.62,INR,2026-07-09 09:43:10.122833
ORDER_0000207,CUST_01642,40416.27,INR,2026-06-26 20:21:35.122833
ORDER_0000208,CUST_01435,8656.99,INR,2026-07-01 15:29:59.122833
ORDER_0000209,CUST_01799,10201.09,INR,2026-07-27 19:51:45.122833
ORDER_0000210,CUST_01478,93619.81,INR,2026-07-22 15:38:03.122833
ORDER_0000211,CUST_00941,51675.13,INR,2026-08-23 23:10:03.122833
ORDER_0000212,CUST_00937,4201.7,INR,2026-07-01 13:34:19.122833
ORDER_0000213,CUST_00524,418.5,INR,2026-07-11 15:15:04.122833
ORDER_0000214,CUST_01156,419.08,INR,2026-07-23 23:14:56.122833
ORDER_0000215,CUST_00838,2383.4,INR,2026-06-03 06:28:02.122833
ORDER_0000216,CUST_01333,6909.7,INR,2026-07-08 22:34:08.122833
ORDER_0000217,CUST_00140,4855.07,INR,2026-06-13 03:38:32.122833
ORDER_0000218,CUST_01258,990.43,INR,2026-07-06 22:38:00.122833
ORDER_0000219,CUST_00344,89521.86,INR,2026-06-21 20:49:14.122833
ORDER_0000220,CUST_01918,3564.1,INR,2026-08-13 19:49:59.122833
ORDER_0000221,CUST_01239,1284.46,INR,2026-08-06 04:29:34.122833
ORDER_0000222,CUST_01614,2069.13,INR,2026-08-19 06:04:50.122833
ORDER_0000223,CUST_00125,2146.91,INR,2026-07-21 07:46:47.122833
ORDER_0000224,CUST_01823,753.4,INR,2026-06-13 06:03:38.122833
ORDER_0000225,CUST_01766,8134.42,INR,2026-07-21 03:27:04.122833
ORDER_0000226,CUST_01184,7159.94,INR,2026-07-14 07:33:24.122833
ORDER_0000227,CUST_00331,7636.88,INR,2026-06-29 23:59:34.122833
ORDER_0000228,CUST_01751,537.34,INR,2026-08-12 09:38:13.122833
ORDER_0000229,CUST_00182,3245.2,INR,2026-08-09 15:42:36.122833
ORDER_0000230,CUST_00503,27857.12,INR,2026-08-17 14:13:38.122833
ORDER_0000231,CUST_00249,828.96,INR,2026-06-20 21:59:43.122833
ORDER_0000232,CUST_01648,993.3,INR,2026-06-14 07:03:34.122833
ORDER_0000233,CUST_00118,219.07,INR,2026-07-13 23:43:21.122833
ORDER_0000234,CUST_01103,2796.79,INR,2026-07-12 03:26:09.122833
ORDER_0000235,CUST_01863,572.47,INR,2026-07-05 05:42:57.122833
ORDER_0000236,CUST_00115,483.47,INR,2026-07-02 03:24:42.122833
ORDER_0000237,CUST_01807,94869.89,INR,2026-07-13 04:32:53.122833
ORDER_0000238,CUST_01354,322.27,INR,2026-06-07 15:50:16.122833
ORDER_0000239,CUST_01204,3894.76,INR,2026-08-29 19:16:52.122833
ORDER_0000240,CUST_00423,4878.17,INR,2026-07-07 21:34:13.122833
ORDER_0000241,CUST_00533,70205.28,INR,2026-07-26 04:04:40.122833
ORDER_0000242,CUST_01259,2172.77,INR,2026-08-13 17:31:18.122833
ORDER_0000243,CUST_01065,43443.31,INR,2026-06-29 09:22:03.122833
ORDER_0000244,CUST_00237,289.03,INR,2026-08-02 17:20:33.122833
ORDER_0000245,CUST_00861,62790.53,INR,2026-08-20 23:03:57.122833
ORDER_0000246,CUST_01361,271.39,INR,2026-07-25 15:59:10.122833
ORDER_0000247,CUST_00066,657.11,INR,2026-07-24 09:38:38.122833
ORDER_0000248,CUST_00112,27253.61,INR,2026-08-10 16:31:12.122833
ORDER_0000249,CUST_00825,86809.45,INR,2026-07-06 07:43:28.122833
ORDER_0000250,CUST_01632,5036.34,INR,2026-06-09 04:08:13.122833
ORDER_0000251,CUST_00937,534.54,INR,2026-06-18 19:21:06.122833
ORDER_0000252,CUST_00197,639.24,INR,2026-07-27 13:38:51.122833
ORDER_0000253,CUST_00247,9752.27,INR,2026-07-20 15:51:31.122833
ORDER_0000254,CUST_01976,716.22,INR,2026-07-15 02:23:03.122833
ORDER_0000255,CUST_01212,4457.35,INR,2026-07-31 13:17:09.122833
ORDER_0000256,CUST_01235,344.34,INR,2026-07-30 02:05:14.122833
ORDER_0000257,CUST_00854,8912.4,INR,2026-07-21 12:20:42.122833
ORDER_0000258,CUST_01136,736.98,INR,2026-07-01 08:56:31.122833
ORDER_0000259,CUST_01358,737.43,INR,2026-07-24 09:39:47.122833
ORDER_0000260,CUST_00374,1351.82,INR,2026-06-15 12:12:37.122833
ORDER_0000261,CUST_01492,343.39,INR,2026-08-21 13:02:58.122833
ORDER_0000262,CUST_00040,68378.1,INR,2026-07-31 08:29:19.122833
ORDER_0000263,CUST_00400,95178.5,INR,2026-06-28 05:37:05.122833
ORDER_0000264,CUST_01844,4675.09,INR,2026-06-08 03:47:53.122833
ORDER_0000265,CUST_01134,41993.48,INR,2026-06-29 18:05:21.122833
ORDER_0000266,CUST_00379,58364.98,INR,2026-06-12 22:23:39.122833
ORDER_0000267,CUST_00483,7193.04,INR,2026-08-26 01:40:18.122833
ORDER_0000268,CUST_00081,6439.08,INR,2026-06-24 00:29:27.122833
ORDER_0000269,CUST_01480,2835.27,INR,2026-06-17 17:02:08.122833
ORDER_0000270,CUST_01514,501.45,INR,2026-08-29 04:34:07.122833
ORDER_0000271,CUST_00263,531.11,INR,2026-06-20 22:26:24.122833
ORDER_0000272,CUST_00011,9490.2,INR,2026-06-04 15:24:30.122833
ORDER_0000273,CUST_01474,83574.93,INR,2026-07-31 14:41:34.122833
ORDER_0000274,CUST_01401,2291.7,INR,2026-08-29 20:47:37.122833
ORDER_0000275,CUST_01202,680.61,INR,2026-08-12 03:50:56.122833
ORDER_0000276,CUST_00912,1106.1,INR,2026-06-04 14:38:10.122833
ORDER_0000277,CUST_00122,199.03,INR,2026-06-15 10:21:51.122833
ORDER_0000278,CUST_01869,22837.2,INR,2026-07-30 19:37:14.122833
ORDER_0000279,CUST_01519,112.15,INR,2026-07-25 06:10:43.122833
ORDER_0000280,CUST_01203,762.52,INR,2026-06-16 02:47:39.122833
ORDER_0000281,CUST_00697,532.38,INR,2026-07-02 10:37:25.122833
ORDER_0000282,CUST_00507,15028.8,INR,2026-06-28 13:35:01.122833
ORDER_0000283,CUST_01984,664.74,INR,2026-07-25 11:28:22.122833
ORDER_0000284,CUST_01562,367.06,INR,2026-06-02 17:11:06.122833
ORDER_0000285,CUST_01889,920.95,INR,2026-07-06 21:38:11.122833
ORDER_0000286,CUST_00947,3032.96,INR,2026-08-08 06:38:46.122833
ORDER_0000287,CUST_00046,895.8,INR,2026-06-13 06:59:57.122833
ORDER_0000288,CUST_00551,302.07,INR,2026-08-01 09:02:31.122833
ORDER_0000289,CUST_01073,400.35,INR,2026-08-28 13:13:57.122833
ORDER_0000290,CUST_00038,2359.93,INR,2026-07-30 19:33:38.122833
ORDER_0000291,CUST_01869,90380.58,INR,2026-07-01 21:03:33.122833
ORDER_0000292,CUST_01920,3583.05,INR,2026-08-30 13:20:43.122833
ORDER_0000293,CUST_00882,33886.09,INR,2026-08-19 03:25:56.122833
ORDER_0000294,CUST_01603,168.73,INR,2026-08-17 02:43:58.122833
ORDER_0000295,CUST_01245,45153.96,INR,2026-08-18 23:09:41.122833
ORDER_0000296,CUST_00024,16058.23,INR,2026-07-14 02:24:09.122833
ORDER_0000297,CUST_00127,963.63,INR,2026-06-20 06:09:28.122833
ORDER_0000298,CUST_00270,4173.48,INR,2026-08-08 22:09:08.122833
ORDER_0000299,CUST_01504,975.56,INR,2026-08-19 11:29:18.122833
ORDER_0000300,CUST_00445,44486.67,INR,2026-07-20 20:41:49.122833
ORDER_0000301,CUST_01099,584.87,INR,2026-07-09 22:36:40.122833
ORDER_0000302,CUST_00824,57425.14,INR,2026-08-20 08:48:44.122833
ORDER_0000303,CUST_00907,773.46,INR,2026-06-22 08:02:26.122833
ORDER_0000304,CUST_01528,994.51,INR,2026-08-31 00:13:36.122833
ORDER_0000305,CUST_00506,199.14,INR,2026-07-01 05:03:33.122833
ORDER_0000306,CUST_00284,8517.27,INR,2026-06-26 03:25:28.122833
ORDER_0000307,CUST_01054,289.66,INR,2026-08-09 03:39:04.122833
ORDER_0000308,CUST_00112,4397.15,INR,2026-07-08 16:27:06.122833
ORDER_0000309,CUST_01515,1954.09,INR,2026-08-22 21:44:05.122833
ORDER_0000310,CUST_00431,634.53,INR,2026-06-10 06:25:56.122833
ORDER_0000311,CUST_00787,1112.3,INR,2026-06-17 03:13:52.122833
ORDER_0000312,CUST_01664,22610.12,INR,2026-08-09 10:08:11.122833
ORDER_0000313,CUST_01146,5231.66,INR,2026-08-17 11:09:05.122833
ORDER_0000314,CUST_00343,680.36,INR,2026-08-27 03:36:34.122833
ORDER_0000315,CUST_01310,678.21,INR,2026-06-03 15:41:16.122833
ORDER_0000316,CUST_00116,4812.59,INR,2026-07-26 09:38:29.122833
ORDER_0000317,CUST_00838,3322.49,INR,2026-08-10 11:16:35.122833
ORDER_0000318,CUST_00359,304.58,INR,2026-07-23 05:33:00.122833
ORDER_0000319,CUST_00277,9559.66,INR,2026-08-01 16:50:28.122833
ORDER_0000320,CUST_01218,84025.45,INR,2026-07-31 08:18:40.122833
ORDER_0000321,CUST_01441,8349.03,INR,2026-08-04 23:15:57.122833
ORDER_0000322,CUST_00003,8445.28,INR,2026-08-04 09:09:42.122833
ORDER_0000323,CUST_01572,3429.28,INR,2026-07-31 03:53:58.122833
ORDER_0000324,CUST_01406,800.92,INR,2026-07-25 04:18:33.122833
ORDER_0000325,CUST_00708,2907.19,INR,2026-06-20 19:50:22.122833
ORDER_0000326,CUST_01346,6745.5,INR,2026-06-10 20:31:14.122833
ORDER_0000327,CUST_01547,6083.17,INR,2026-06-07 00:48:29.122833
ORDER_0000328,CUST_00809,1838.9,INR,2026-08-14 13:54:17.122833
ORDER_0000329,CUST_00241,4583.23,INR,2026-08-12 01:20:26.122833
ORDER_0000330,CUST_00614,2165.65,INR,2026-07-12 03:24:40.122833
ORDER_0000331,CUST_01935,906.86,INR,2026-06-04 21:33:19.122833
ORDER_0000332,CUST_00626,628.46,INR,2026-06-30 18:23:30.122833
ORDER_0000333,CUST_00289,17087.76,INR,2026-06-11 15:44:53.122833
ORDER_0000334,CUST_01542,29408.25,INR,2026-08-05 02:48:29.122833
ORDER_0000335,CUST_01428,99407.5,INR,2026-07-22 17:25:57.122833
ORDER_0000336,CUST_00536,6478.65,INR,2026-07-16 01:04:09.122833
ORDER_0000337,CUST_01795,4051.19,INR,2026-06-06 11:36:05.122833
ORDER_0000338,CUST_00983,901.61,INR,2026-07-31 20:40:12.122833
ORDER_0000339,CUST_01982,9622.14,INR,2026-06-12 01:20:14.122833
ORDER_0000340,CUST_00321,88341.17,INR,2026-08-25 19:51:52.122833
ORDER_0000341,CUST_01932,972.05,INR,2026-07-16 18:08:37.122833
ORDER_0000342,CUST_01443,9406.5,INR,2026-07-28 13:44:03.122833
ORDER_0000343,CUST_01467,1803.06,INR,2026-06-27 15:25:04.122833
ORDER_0000344,CUST_01361,9806.35,INR,2026-08-04 17:39:18.122833
ORDER_0000345,CUST_01562,9458.47,INR,2026-06-06 10:37:20.122833
ORDER_0000346,CUST_00623,46812.99,INR,2026-08-30 15:27:21.122833
ORDER_0000347,CUST_00371,56123.13,INR,2026-07-03 01:12:41.122833
ORDER_0000348,CUST_00258,7139.81,INR,2026-08-26 18:52:29.122833
ORDER_0000349,CUST_00534,65855.24,INR,2026-06-08 03:19:15.122833
ORDER_0000350,CUST_00433,766.94,INR,2026-06-17 14:31:14.122833
ORDER_0000351,CUST_01387,3615.95,INR,2026-08-24 11:55:51.122833
ORDER_0000352,CUST_01148,165.68,INR,2026-07-06 11:26:56.122833
ORDER_0000353,CUST_00335,6782.36,INR,2026-06-13 04:37:49.122833
ORDER_0000354,CUST_01197,7586.0,INR,2026-08-16 04:26:21.122833
ORDER_0000355,CUST_00582,4613.68,INR,2026-07-31 06:38:51.122833
ORDER_0000356,CUST_00002,7320.62,INR,2026-07-16 17:36:35.122833
ORDER_0000357,CUST_01880,52297.08,INR,2026-06-23 07:47:10.122833
ORDER_0000358,CUST_01333,1281.91,INR,2026-06-08 15:46:04.122833
ORDER_0000359,CUST_01736,4253.43,INR,2026-06-23 07:40:16.122833
ORDER_0000360,CUST_00024,95738.05,INR,2026-07-13 15:50:26.122833
ORDER_0000361,CUST_01795,342.86,INR,2026-06-29 04:36:37.122833
ORDER_0000362,CUST_00116,3685.03,INR,2026-07-23 13:11:09.122833
ORDER_0000363,CUST_00448,292.69,INR,2026-06-11 13:46:06.122833
ORDER_0000364,CUST_00072,4856.81,INR,2026-06-18 13:45:18.122833
ORDER_0000365,CUST_01446,53346.27,INR,2026-08-08 11:27:21.122833
ORDER_0000366,CUST_01401,49310.56,INR,2026-07-27 23:17:57.122833
ORDER_0000367,CUST_00793,80476.51,INR,2026-06-21 21:02:34.122833
ORDER_0000368,CUST_01748,7011.66,INR,2026-08-06 01:44:36.122833
ORDER_0000369,CUST_00313,76855.27,INR,2026-08-12 18:40:24.122833
ORDER_0000370,CUST_01382,384.86,INR,2026-07-21 02:09:26.122833
ORDER_0000371,CUST_01904,2022.46,INR,2026-06-28 02:44:21.122833
ORDER_0000372,CUST_01584,568.62,INR,2026-08-03 04:22:28.122833
ORDER_0000373,CUST_01278,504.4,INR,2026-08-13 23:59:21.122833
ORDER_0000374,CUST_01531,981.13,INR,2026-07-30 22:39:51.122833
ORDER_0000375,CUST_00712,95713.92,INR,2026-07-28 14:29:27.122833
ORDER_0000376,CUST_00571,4332.31,INR,2026-08-28 15:43:19.122833
ORDER_0000377,CUST_01982,8371.46,INR,2026-08-04 14:26:18.122833
ORDER_0000378,CUST_00595,41655.61,INR,2026-07-13 22:39:54.122833
ORDER_0000379,CUST_01627,570.85,INR,2026-07-17 03:30:04.122833
ORDER_0000380,CUST_01907,63540.26,INR,2026-07-14 22:01:47.122833
ORDER_0000381,CUST_01755,8605.82,INR,2026-08-03 03:56:30.122833
ORDER_0000382,CUST_00276,354.92,INR,2026-06-11 02:32:04.122833
ORDER_0000383,CUST_00362,68466.21,INR,2026-07-12 12:42:56.122833
ORDER_0000384,CUST_01234,66144.31,INR,2026-06-12 06:41:14.122833
ORDER_0000385,CUST_00226,82528.36,INR,2026-06-30 17:53:27.122833
ORDER_0000386,CUST_01825,79919.22,INR,2026-07-09 14:20:42.122833
ORDER_0000387,CUST_00377,8707.08,INR,2026-08-18 15:56:20.122833
ORDER_0000388,CUST_00194,83837.62,INR,2026-08-17 18:41:49.122833
ORDER_0000389,CUST_00555,767.04,INR,2026-07-21 21:04:01.122833
ORDER_0000390,CUST_00892,8916.46,INR,2026-08-06 23:16:09.122833
ORDER_0000391,CUST_01569,317.4,INR,2026-06-05 03:31:27.122833
ORDER_0000392,CUST_00078,83503.63,INR,2026-07-30 20:20:22.122833
ORDER_0000393,CUST_00572,2533.7,INR,2026-06-26 01:52:19.122833
ORDER_0000394,CUST_01799,4522.26,INR,2026-08-22 01:01:33.122833
ORDER_0000395,CUST_00174,48619.22,INR,2026-07-10 12:05:23.122833
ORDER_0000396,CUST_01680,91375.42,INR,2026-06-17 23:33:54.122833
ORDER_0000397,CUST_00802,82105.48,INR,2026-06-14 02:11:35.122833
ORDER_0000398,CUST_01738,85872.77,INR,2026-08-30 14:20:59.122833
ORDER_0000399,CUST_01442,334.21,INR,2026-06-11 15:39:47.122833
ORDER_0000400,CUST_00322,66600.47,INR,2026-06-17 10:59:37.122833
ORDER_0000401,CUST_01291,125.04,INR,2026-07-28 02:44:27.122833
ORDER_0000402,CUST_01724,7681.06,INR,2026-08-03 04:46:15.122833
ORDER_0000403,CUST_01765,668.35,INR,2026-07-01 10:14:39.122833
ORDER_0000404,CUST_00376,8564.11,INR,2026-08-16 09:30:26.122833
ORDER_0000405,CUST_01175,334.43,INR,2026-08-02 12:24:04.122833
ORDER_0000406,CUST_00216,120.83,INR,2026-07-17 04:12:35.122833
ORDER_0000407,CUST_00688,2104.16,INR,2026-08-28 10:56:41.122833
ORDER_0000408,CUST_00638,262.56,INR,2026-07-10 12:59:42.122833
ORDER_0000409,CUST_01520,8158.97,INR,2026-08-02 08:18:40.122833
ORDER_0000410,CUST_00597,7186.03,INR,2026-08-03 02:38:50.122833
ORDER_0000411,CUST_00409,917.47,INR,2026-08-29 07:59:39.122833
ORDER_0000412,CUST_01791,260.81,INR,2026-06-13 23:28:37.122833
ORDER_0000413,CUST_01275,53551.99,INR,2026-07-30 20:26:57.122833
ORDER_0000414,CUST_01439,591.83,INR,2026-06-21 07:43:36.122833
ORDER_0000415,CUST_01436,645.5,INR,2026-06-23 14:23:43.122833
ORDER_0000416,CUST_00874,2033.1,INR,2026-06-16 01:14:40.122833
ORDER_0000417,CUST_01500,7549.7,INR,2026-06-29 04:03:13.122833
ORDER_0000418,CUST_01843,41369.8,INR,2026-08-04 21:27:32.122833
ORDER_0000419,CUST_01468,54622.15,INR,2026-07-11 10:17:50.122833
ORDER_0000420,CUST_01233,27808.88,INR,2026-06-29 21:20:06.122833
ORDER_0000421,CUST_01020,81383.79,INR,2026-07-02 20:24:38.122833
ORDER_0000422,CUST_00457,2852.49,INR,2026-08-27 07:34:17.122833
ORDER_0000423,CUST_01741,6366.97,INR,2026-08-02 01:51:08.122833
ORDER_0000424,CUST_01975,4447.41,INR,2026-07-08 21:45:20.122833
ORDER_0000425,CUST_01653,908.11,INR,2026-07-22 05:54:44.122833
ORDER_0000426,CUST_00156,64349.39,INR,2026-07-24 02:30:54.122833
ORDER_0000427,CUST_00935,1269.46,INR,2026-07-14 06:54:30.122833
ORDER_0000428,CUST_01151,16537.63,INR,2026-07-08 16:23:45.122833
ORDER_0000429,CUST_00962,8015.63,INR,2026-08-08 10:12:08.122833
ORDER_0000430,CUST_01262,3959.82,INR,2026-08-28 20:35:23.122833
ORDER_0000431,CUST_01413,309.38,INR,2026-07-23 18:58:30.122833
ORDER_0000432,CUST_01075,74463.91,INR,2026-06-09 20:43:03.122833
ORDER_0000433,CUST_01611,6816.43,INR,2026-07-03 10:51:12.122833
ORDER_0000434,CUST_01897,2783.35,INR,2026-07-21 00:18:20.122833
ORDER_0000435,CUST_00144,3469.74,INR,2026-06-19 05:08:57.122833
ORDER_0000436,CUST_01019,641.29,INR,2026-06-30 06:32:55.122833
ORDER_0000437,CUST_01882,116.05,INR,2026-08-30 02:38:49.122833
ORDER_0000438,CUST_01830,515.59,INR,2026-08-28 13:47:55.122833
ORDER_0000439,CUST_01909,580.12,INR,2026-06-09 08:12:16.122833
ORDER_0000440,CUST_01435,8468.65,INR,2026-06-29 06:24:01.122833
ORDER_0000441,CUST_00074,4112.42,INR,2026-07-20 13:02:43.122833
ORDER_0000442,CUST_00914,4539.95,INR,2026-07-20 11:55:20.122833
ORDER_0000443,CUST_01504,9704.37,INR,2026-08-01 14:21:19.122833
ORDER_0000444,CUST_01427,192.47,INR,2026-06-12 19:20:55.122833
ORDER_0000445,CUST_00435,994.19,INR,2026-06-19 02:56:22.122833
ORDER_0000446,CUST_00579,83105.38,INR,2026-06-03 01:52:44.122833
ORDER_0000447,CUST_01831,940.7,INR,2026-06-13 08:33:20.122833
ORDER_0000448,CUST_01728,33735.44,INR,2026-08-01 02:10:37.122833
ORDER_0000449,CUST_01362,812.47,INR,2026-07-29 05:54:33.122833
ORDER_0000450,CUST_00813,87570.54,INR,2026-08-27 19:05:05.122833
ORDER_0000451,CUST_00989,67321.33,INR,2026-06-14 11:30:54.122833
ORDER_0000452,CUST_01014,3164.71,INR,2026-06-29 20:04:26.122833
ORDER_0000453,CUST_00712,7577.78,INR,2026-08-15 23:44:41.122833
ORDER_0000454,CUST_00181,366.61,INR,2026-08-05 15:03:58.122833
ORDER_0000455,CUST_01428,682.42,INR,2026-07-20 14:52:46.122833
ORDER_0000456,CUST_00098,1118.15,INR,2026-06-20 20:14:38.122833
ORDER_0000457,CUST_00212,83259.59,INR,2026-07-22 11:54:07.122833
ORDER_0000458,CUST_01571,7844.39,INR,2026-08-05 05:17:58.122833
ORDER_0000459,CUST_00878,238.6,INR,2026-08-30 14:25:26.122833
ORDER_0000460,CUST_00362,88107.29,INR,2026-06-22 07:26:14.122833
ORDER_0000461,CUST_01683,802.02,INR,2026-08-08 05:28:49.122833
ORDER_0000462,CUST_01621,376.43,INR,2026-07-17 08:27:56.122833
ORDER_0000463,CUST_00321,7705.23,INR,2026-06-20 18:10:32.122833
ORDER_0000464,CUST_01770,5286.16,INR,2026-06-28 09:12:28.122833
ORDER_0000465,CUST_00254,206.49,INR,2026-06-17 05:20:05.122833
ORDER_0000466,CUST_00915,4877.64,INR,2026-06-29 01:32:34.122833
ORDER_0000467,CUST_00565,1442.21,INR,2026-06-21 10:15:29.122833
ORDER_0000468,CUST_00601,63464.42,INR,2026-07-31 13:49:17.122833
ORDER_0000469,CUST_00600,71304.45,INR,2026-06-26 18:26:48.122833
ORDER_0000470,CUST_00530,963.07,INR,2026-07-28 10:44:56.122833
ORDER_0000471,CUST_01245,339.56,INR,2026-08-27 06:58:20.122833
ORDER_0000472,CUST_00591,658.2,INR,2026-06-23 22:44:29.122833
ORDER_0000473,CUST_01361,760.53,INR,2026-06-19 04:53:29.122833
ORDER_0000474,CUST_01959,35919.33,INR,2026-06-30 13:24:12.122833
ORDER_0000475,CUST_00755,55291.61,INR,2026-08-02 00:00:19.122833
ORDER_0000476,CUST_01511,529.08,INR,2026-06-19 03:02:07.122833
ORDER_0000477,CUST_01178,1625.09,INR,2026-06-16 08:51:39.122833
ORDER_0000478,CUST_01667,966.02,INR,2026-06-19 20:00:17.122833
ORDER_0000479,CUST_01809,976.93,INR,2026-07-30 06:29:49.122833
ORDER_0000480,CUST_00255,416.93,INR,2026-07-18 11:31:42.122833
ORDER_0000481,CUST_00342,8370.34,INR,2026-08-22 16:53:32.122833
ORDER_0000482,CUST_01088,305.46,INR,2026-06-12 07:21:50.122833
ORDER_0000483,CUST_00971,50735.47,INR,2026-07-06 15:44:37.122833
ORDER_0000484,CUST_00395,3316.06,INR,2026-07-17 03:19:53.122833
ORDER_0000485,CUST_00458,73914.14,INR,2026-08-16 19:08:30.122833
ORDER_0000486,CUST_00086,8786.15,INR,2026-06-13 13:07:01.122833
ORDER_0000487,CUST_00806,342.94,INR,2026-07-12 10:28:37.122833
ORDER_0000488,CUST_00231,6934.3,INR,2026-06-05 14:22:40.122833
ORDER_0000489,CUST_00624,7669.11,INR,2026-06-22 15:05:45.122833
ORDER_0000490,CUST_01292,95933.3,INR,2026-06-13 01:51:49.122833
ORDER_0000491,CUST_01661,8894.3,INR,2026-08-26 15:48:32.122833
ORDER_0000492,CUST_00534,3387.78,INR,2026-07-10 13:31:18.122833
ORDER_0000493,CUST_00429,630.23,INR,2026-06-06 14:08:04.122833
ORDER_0000494,CUST_01643,621.57,INR,2026-07-14 16:23:55.122833
ORDER_0000495,CUST_00993,6099.96,INR,2026-06-30 14:24:19.122833
ORDER_0000496,CUST_00796,199.17,INR,2026-07-17 20:57:47.122833
ORDER_0000497,CUST_00643,36080.36,INR,2026-08-06 02:20:35.122833
ORDER_0000498,CUST_01496,5381.42,INR,2026-06-04 02:41:51.122833
ORDER_0000499,CUST_01822,508.47,INR,2026-06-07 18:18:50.122833
ORDER_0000500,CUST_01030,539.53,INR,2026-06-07 10:38:41.122833
ORDER_0000501,CUST_01829,35493.9,INR,2026-08-06 04:41:11.122833
ORDER_0000502,CUST_01857,95831.67,INR,2026-06-28 21:04:08.122833
ORDER_0000503,CUST_00221,228.38,INR,2026-06-30 19:58:57.122833
ORDER_0000504,CUST_01063,41916.9,INR,2026-08-03 10:47:10.122833
ORDER_0000505,CUST_01264,4592.02,INR,2026-08-30 22:34:20.122833
ORDER_0000506,CUST_00045,60751.69,INR,2026-08-26 15:26:06.122833
ORDER_0000507,CUST_01719,390.23,INR,2026-06-26 20:57:16.122833
ORDER_0000508,CUST_00169,222.12,INR,2026-07-01 11:12:12.122833
ORDER_0000509,CUST_01808,6654.87,INR,2026-08-17 13:30:07.122833
ORDER_0000510,CUST_00057,4932.04,INR,2026-08-08 23:48:45.122833
ORDER_0000511,CUST_00864,9413.92,INR,2026-07-06 23:41:46.122833
ORDER_0000512,CUST_01230,484.9,INR,2026-08-30 04:46:46.122833
ORDER_0000513,CUST_01853,603.02,INR,2026-08-01 07:54:16.122833
ORDER_0000514,CUST_01861,8079.69,INR,2026-06-14 22:56:11.122833
ORDER_0000515,CUST_01364,658.8,INR,2026-08-14 22:25:23.122833
ORDER_0000516,CUST_01299,2133.42,INR,2026-08-19 23:55:54.122833
ORDER_0000517,CUST_00768,786.7,INR,2026-06-07 21:48:29.122833
ORDER_0000518,CUST_01161,19634.4,INR,2026-06-12 01:19:15.122833
ORDER_0000519,CUST_00410,839.75,INR,2026-06-14 09:20:48.122833
ORDER_0000520,CUST_00223,766.43,INR,2026-08-09 17:08:51.122833
ORDER_0000521,CUST_00516,2297.37,INR,2026-06-15 20:12:22.122833
ORDER_0000522,CUST_00912,7081.13,INR,2026-08-02 14:16:07.122833
ORDER_0000523,CUST_01666,9902.43,INR,2026-08-02 03:36:25.122833
ORDER_0000524,CUST_01945,10003.21,INR,2026-08-27 00:40:41.122833
ORDER_0000525,CUST_00702,1871.77,INR,2026-06-04 23:49:05.122833
ORDER_0000526,CUST_00580,849.45,INR,2026-07-01 17:14:15.122833
ORDER_0000527,CUST_00428,83824.39,INR,2026-06-27 20:50:28.122833
ORDER_0000528,CUST_00372,87338.25,INR,2026-06-14 13:26:00.122833
ORDER_0000529,CUST_00458,26632.71,INR,2026-08-05 10:22:12.122833
ORDER_0000530,CUST_01503,316.61,INR,2026-07-18 19:53:39.122833
ORDER_0000531,CUST_00997,19001.77,INR,2026-07-20 11:03:15.122833
ORDER_0000532,CUST_00448,430.61,INR,2026-07-17 15:28:42.122833
ORDER_0000533,CUST_01861,4823.5,INR,2026-06-14 06:16:47.122833
ORDER_0000534,CUST_00428,37248.54,INR,2026-08-04 17:57:30.122833
ORDER_0000535,CUST_01395,6578.89,INR,2026-06-16 02:57:55.122833
ORDER_0000536,CUST_01584,521.12,INR,2026-07-07 07:58:37.122833
ORDER_0000537,CUST_00434,28970.21,INR,2026-07-23 13:49:59.122833
ORDER_0000538,CUST_01443,1564.89,INR,2026-08-05 06:48:01.122833
ORDER_0000539,CUST_01112,747.29,INR,2026-06-29 14:56:39.122833
ORDER_0000540,CUST_01344,806.46,INR,2026-08-30 13:10:20.122833
ORDER_0000541,CUST_00961,96629.95,INR,2026-08-05 13:52:49.122833
ORDER_0000542,CUST_00299,55628.22,INR,2026-07-23 14:42:52.122833
ORDER_0000543,CUST_01414,62996.69,INR,2026-07-06 09:29:07.122833
ORDER_0000544,CUST_00255,626.04,INR,2026-08-24 07:44:28.122833
ORDER_0000545,CUST_01268,3085.34,INR,2026-08-07 13:18:01.122833
ORDER_0000546,CUST_00397,98319.56,INR,2026-08-18 20:15:30.122833
ORDER_0000547,CUST_01510,9098.15,INR,2026-08-14 23:32:19.122833
ORDER_0000548,CUST_00545,9301.38,INR,2026-06-13 17:06:28.122833
ORDER_0000549,CUST_00209,7749.41,INR,2026-07-31 11:41:23.122833
ORDER_0000550,CUST_01767,668.16,INR,2026-08-09 10:30:49.122833
ORDER_0000551,CUST_01515,67365.62,INR,2026-06-21 23:46:46.122833
ORDER_0000552,CUST_01132,276.15,INR,2026-06-22 03:10:40.122833
ORDER_0000553,CUST_00936,767.94,INR,2026-06-10 22:48:06.122833
ORDER_0000554,CUST_01211,623.9,INR,2026-06-05 19:49:03.122833
ORDER_0000555,CUST_01850,9039.62,INR,2026-07-27 18:35:17.122833
ORDER_0000556,CUST_00684,26677.39,INR,2026-08-30 01:07:18.122833
ORDER_0000557,CUST_01023,755.46,INR,2026-07-27 23:25:23.122833
ORDER_0000558,CUST_01535,42083.67,INR,2026-08-24 10:58:52.122833
ORDER_0000559,CUST_01957,1604.39,INR,2026-08-26 10:52:42.122833
ORDER_0000560,CUST_00082,1703.29,INR,2026-06-12 09:30:32.122833
ORDER_0000561,CUST_01131,3075.16,INR,2026-06-04 18:53:33.122833
ORDER_0000562,CUST_00561,9465.56,INR,2026-07-10 12:07:27.122833
ORDER_0000563,CUST_00967,1611.58,INR,2026-06-09 20:36:28.122833
ORDER_0000564,CUST_00470,56598.38,INR,2026-07-21 03:33:31.122833
ORDER_0000565,CUST_01287,381.02,INR,2026-07-29 04:19:23.122833
ORDER_0000566,CUST_01643,523.88,INR,2026-06-05 17:34:13.122833
ORDER_0000567,CUST_00451,404.24,INR,2026-06-16 02:55:50.122833
ORDER_0000568,CUST_01375,39664.83,INR,2026-08-30 04:13:23.122833
ORDER_0000569,CUST_00822,16562.07,INR,2026-08-29 09:35:31.122833
ORDER_0000570,CUST_01718,8515.03,INR,2026-06-09 11:15:16.122833
ORDER_0000571,CUST_01650,954.92,INR,2026-08-27 18:25:58.122833
ORDER_0000572,CUST_00026,596.28,INR,2026-06-12 16:50:41.122833
ORDER_0000573,CUST_01502,5568.44,INR,2026-07-18 23:14:10.122833
ORDER_0000574,CUST_00527,373.08,INR,2026-06-07 23:21:17.122833
ORDER_0000575,CUST_01013,27655.69,INR,2026-08-25 02:59:46.122833
ORDER_0000576,CUST_01785,7152.36,INR,2026-06-07 15:51:38.122833
ORDER_0000577,CUST_01267,21271.37,INR,2026-07-14 00:57:32.122833
ORDER_0000578,CUST_00691,20619.33,INR,2026-08-29 07:47:30.122833
ORDER_0000579,CUST_00426,430.94,INR,2026-06-25 17:20:29.122833
ORDER_0000580,CUST_01304,30441.33,INR,2026-08-14 15:58:39.122833
ORDER_0000581,CUST_01723,899.5,INR,2026-08-26 09:11:53.122833
ORDER_0000582,CUST_01451,747.84,INR,2026-07-15 04:16:26.122833
ORDER_0000583,CUST_01313,41470.07,INR,2026-08-28 01:12:16.122833
ORDER_0000584,CUST_00022,3631.71,INR,2026-08-05 10:38:37.122833
ORDER_0000585,CUST_01060,32517.9,INR,2026-06-22 14:03:19.122833
ORDER_0000586,CUST_00425,545.44,INR,2026-07-15 15:53:31.122833
ORDER_0000587,CUST_00811,9472.84,INR,2026-08-25 23:12:49.122833
ORDER_0000588,CUST_00260,34078.17,INR,2026-07-25 03:57:46.122833
ORDER_0000589,CUST_01547,91038.28,INR,2026-08-01 23:25:51.122833
ORDER_0000590,CUST_01747,92084.43,INR,2026-06-24 23:33:08.122833
ORDER_0000591,CUST_00603,21047.32,INR,2026-08-20 20:40:02.122833
ORDER_0000592,CUST_01450,1322.81,INR,2026-08-04 16:45:37.122833
ORDER_0000593,CUST_00737,787.77,INR,2026-06-28 20:12:21.122833
ORDER_0000594,CUST_00313,350.17,INR,2026-06-08 09:31:21.122833
ORDER_0000595,CUST_00272,6487.73,INR,2026-07-09 22:41:42.122833
ORDER_0000596,CUST_01694,44139.43,INR,2026-07-14 10:51:55.122833
ORDER_0000597,CUST_00670,6943.62,INR,2026-06-05 02:55:50.122833
ORDER_0000598,CUST_01206,7790.3,INR,2026-08-20 06:22:09.122833
ORDER_0000599,CUST_00007,12461.06,INR,2026-08-22 02:37:57.122833
ORDER_0000600,CUST_01490,80435.14,INR,2026-08-14 15:35:07.122833
ORDER_0000601,CUST_01222,44929.95,INR,2026-08-07 10:08:53.122833
ORDER_0000602,CUST_01910,9918.02,INR,2026-07-28 04:37:31.122833
ORDER_0000603,CUST_00555,7921.11,INR,2026-07-17 23:19:41.122833
ORDER_0000604,CUST_00957,771.07,INR,2026-06-29 20:26:36.122833
ORDER_0000605,CUST_00099,819.63,INR,2026-08-16 11:42:55.122833
ORDER_0000606,CUST_00559,45514.11,INR,2026-06-29 05:27:35.122833
ORDER_0000607,CUST_01403,80418.37,INR,2026-06-03 19:07:01.122833
ORDER_0000608,CUST_00476,6115.97,INR,2026-08-23 21:23:55.122833
ORDER_0000609,CUST_01670,5164.52,INR,2026-06-06 04:35:23.122833
ORDER_0000610,CUST_01573,969.3,INR,2026-07-12 06:29:49.122833
ORDER_0000611,CUST_00330,34880.11,INR,2026-07-26 03:19:53.122833
ORDER_0000612,CUST_00223,1576.39,INR,2026-06-27 19:08:19.122833
ORDER_0000613,CUST_01440,882.15,INR,2026-08-26 04:29:56.122833
ORDER_0000614,CUST_00248,656.15,INR,2026-06-20 11:42:40.122833
ORDER_0000615,CUST_01109,716.0,INR,2026-07-26 07:53:53.122833
ORDER_0000616,CUST_00098,1547.32,INR,2026-06-27 14:15:18.122833
ORDER_0000617,CUST_01558,86446.66,INR,2026-08-11 08:10:12.122833
ORDER_0000618,CUST_01977,19824.71,INR,2026-07-15 16:31:23.122833
ORDER_0000619,CUST_00816,28363.77,INR,2026-07-08 15:41:41.122833
ORDER_0000620,CUST_01916,7129.15,INR,2026-08-26 15:15:01.122833
ORDER_0000621,CUST_00851,1222.25,INR,2026-07-05 02:56:17.122833
ORDER_0000622,CUST_00912,9076.53,INR,2026-08-01 23:32:05.122833
ORDER_0000623,CUST_00571,128.04,INR,2026-08-30 03:10:55.122833
ORDER_0000624,CUST_00438,1956.09,INR,2026-07-22 04:36:21.122833
ORDER_0000625,CUST_00144,80512.04,INR,2026-07-06 00:03:56.122833
ORDER_0000626,CUST_00333,62441.76,INR,2026-08-12 02:40:21.122833
ORDER_0000627,CUST_01074,235.07,INR,2026-06-24 09:40:35.122833
ORDER_0000628,CUST_00030,66729.19,INR,2026-07-13 04:33:43.122833
ORDER_0000629,CUST_01336,585.07,INR,2026-07-31 13:00:53.122833
ORDER_0000630,CUST_01872,5720.03,INR,2026-06-21 12:48:09.122833
ORDER_0000631,CUST_00639,852.41,INR,2026-08-19 04:11:00.122833
ORDER_0000632,CUST_01159,51023.91,INR,2026-06-13 19:18:20.122833
ORDER_0000633,CUST_00914,5005.07,INR,2026-07-07 17:36:32.122833
ORDER_0000634,CUST_00431,6044.11,INR,2026-08-05 00:44:01.122833
ORDER_0000635,CUST_00004,535.74,INR,2026-07-27 21:01:41.122833
ORDER_0000636,CUST_00629,845.04,INR,2026-08-16 23:37:13.122833
ORDER_0000637,CUST_00980,69931.24,INR,2026-06-27 20:51:31.122833
ORDER_0000638,CUST_01479,4074.15,INR,2026-07-13 11:25:06.122833
ORDER_0000639,CUST_01127,554.52,INR,2026-08-28 23:13:10.122833
ORDER_0000640,CUST_00037,5086.62,INR,2026-06-28 04:04:32.122833
ORDER_0000641,CUST_01283,788.96,INR,2026-06-14 20:53:35.122833
ORDER_0000642,CUST_00663,882.51,INR,2026-06-09 16:30:04.122833
ORDER_0000643,CUST_00120,8801.92,INR,2026-07-07 00:06:05.122833
ORDER_0000644,CUST_00931,7272.36,INR,2026-06-14 03:43:26.122833
ORDER_0000645,CUST_01967,40297.64,INR,2026-08-01 11:12:56.122833
ORDER_0000646,CUST_01366,7499.62,INR,2026-07-16 04:22:00.122833
ORDER_0000647,CUST_01447,6677.49,INR,2026-06-30 16:27:42.122833
ORDER_0000648,CUST_01217,76009.88,INR,2026-08-15 23:10:15.122833
ORDER_0000649,CUST_01676,630.6,INR,2026-08-28 13:15:43.122833
ORDER_0000650,CUST_01820,6337.43,INR,2026-07-09 10:22:17.122833
ORDER_0000651,CUST_00015,2590.5,INR,2026-08-16 15:36:00.122833
ORDER_0000652,CUST_00386,40700.55,INR,2026-07-22 20:38:27.122833
ORDER_0000653,CUST_00363,6218.45,INR,2026-06-30 07:03:43.122833
ORDER_0000654,CUST_01295,390.52,INR,2026-06-06 16:04:44.122833
ORDER_0000655,CUST_01802,832.59,INR,2026-07-14 09:35:24.122833
ORDER_0000656,CUST_00118,567.22,INR,2026-07-06 07:44:19.122833
ORDER_0000657,CUST_00019,2066.96,INR,2026-06-24 07:28:05.122833
ORDER_0000658,CUST_00378,92592.38,INR,2026-08-14 18:04:27.122833
ORDER_0000659,CUST_00445,195.51,INR,2026-06-22 16:20:38.122833
ORDER_0000660,CUST_01820,25196.72,INR,2026-08-29 05:26:18.122833
ORDER_0000661,CUST_00354,135.77,INR,2026-06-03 05:53:43.122833
ORDER_0000662,CUST_00880,8401.58,INR,2026-07-28 01:16:33.122833
ORDER_0000663,CUST_01550,5003.42,INR,2026-07-01 05:37:42.122833
ORDER_0000664,CUST_00209,926.2,INR,2026-07-15 17:54:12.122833
ORDER_0000665,CUST_00847,899.99,INR,2026-06-29 15:12:27.122833
ORDER_0000666,CUST_00126,758.47,INR,2026-08-13 20:39:25.122833
ORDER_0000667,CUST_01821,39440.41,INR,2026-07-05 03:45:25.122833
ORDER_0000668,CUST_01250,348.5,INR,2026-08-10 05:21:03.122833
ORDER_0000669,CUST_00647,719.14,INR,2026-08-10 01:22:31.122833
ORDER_0000670,CUST_00060,85728.79,INR,2026-08-22 22:11:44.122833
ORDER_0000671,CUST_00184,889.82,INR,2026-06-26 11:23:06.122833
ORDER_0000672,CUST_00225,94884.61,INR,2026-06-21 14:19:41.122833
ORDER_0000673,CUST_01110,83248.2,INR,2026-07-20 19:49:16.122833
ORDER_0000674,CUST_01320,88827.76,INR,2026-08-24 19:41:05.122833
ORDER_0000675,CUST_00183,2927.7,INR,2026-07-26 17:59:11.122833
ORDER_0000676,CUST_00039,13493.15,INR,2026-06-28 03:22:16.122833
ORDER_0000677,CUST_01870,6679.24,INR,2026-07-19 14:42:34.122833
ORDER_0000678,CUST_00377,577.42,INR,2026-08-26 13:21:12.122833
ORDER_0000679,CUST_00934,5365.54,INR,2026-07-30 15:26:16.122833
ORDER_0000680,CUST_00181,421.42,INR,2026-08-27 02:59:57.122833
ORDER_0000681,CUST_00570,7875.43,INR,2026-07-04 04:35:41.122833
ORDER_0000682,CUST_00509,4823.79,INR,2026-08-05 17:42:15.122833
ORDER_0000683,CUST_00940,7272.72,INR,2026-08-23 03:59:17.122833
ORDER_0000684,CUST_01213,824.25,INR,2026-06-05 09:51:08.122833
ORDER_0000685,CUST_00399,5567.39,INR,2026-06-08 12:02:47.122833
ORDER_0000686,CUST_01910,3908.73,INR,2026-07-10 14:20:32.122833
ORDER_0000687,CUST_00289,828.13,INR,2026-06-28 15:35:21.122833
ORDER_0000688,CUST_00626,536.95,INR,2026-07-02 13:14:47.122833
ORDER_0000689,CUST_01788,88805.98,INR,2026-06-22 14:50:50.122833
ORDER_0000690,CUST_00443,97143.02,INR,2026-07-04 14:35:04.122833
ORDER_0000691,CUST_01539,216.29,INR,2026-08-19 12:07:20.122833
ORDER_0000692,CUST_00170,8023.9,INR,2026-08-16 01:14:10.122833
ORDER_0000693,CUST_00391,789.41,INR,2026-07-07 18:06:49.122833
ORDER_0000694,CUST_00666,9866.96,INR,2026-08-25 01:39:50.122833
ORDER_0000695,CUST_00765,3611.69,INR,2026-07-04 18:49:14.122833
ORDER_0000696,CUST_00614,472.06,INR,2026-06-06 02:25:31.122833
ORDER_0000697,CUST_00089,57389.98,INR,2026-07-11 05:37:33.122833
ORDER_0000698,CUST_00213,812.21,INR,2026-06-24 22:18:56.122833
ORDER_0000699,CUST_00455,13040.02,INR,2026-06-14 14:28:24.122833
ORDER_0000700,CUST_00349,46067.58,INR,2026-08-26 17:02:28.122833
ORDER_0000701,CUST_01377,16650.12,INR,2026-08-09 21:36:48.122833
ORDER_0000702,CUST_00236,11326.76,INR,2026-07-31 07:49:05.122833
ORDER_0000703,CUST_01349,1860.01,INR,2026-06-21 11:04:45.122833
ORDER_0000704,CUST_01008,8733.73,INR,2026-07-22 08:14:23.122833
ORDER_0000705,CUST_01519,769.14,INR,2026-06-28 06:09:30.122833
ORDER_0000706,CUST_01740,6185.81,INR,2026-06-11 15:12:56.122833
ORDER_0000707,CUST_00810,4656.98,INR,2026-08-29 17:22:45.122833
ORDER_0000708,CUST_01938,5559.34,INR,2026-08-12 05:41:47.122833
ORDER_0000709,CUST_00873,454.28,INR,2026-07-16 12:13:51.122833
ORDER_0000710,CUST_00832,301.65,INR,2026-07-16 00:08:56.122833
ORDER_0000711,CUST_00909,6068.38,INR,2026-06-16 13:22:33.122833
ORDER_0000712,CUST_00121,828.71,INR,2026-06-22 18:17:54.122833
ORDER_0000713,CUST_00102,878.34,INR,2026-07-11 17:52:38.122833
ORDER_0000714,CUST_01138,75072.92,INR,2026-08-15 10:38:53.122833
ORDER_0000715,CUST_01603,7906.68,INR,2026-08-13 11:52:50.122833
ORDER_0000716,CUST_01724,38929.87,INR,2026-07-30 17:30:25.122833
ORDER_0000717,CUST_01251,72135.76,INR,2026-08-18 18:08:24.122833
ORDER_0000718,CUST_00533,539.85,INR,2026-07-03 20:18:05.122833
ORDER_0000719,CUST_01985,59932.65,INR,2026-08-12 18:32:24.122833
ORDER_0000720,CUST_00292,1945.39,INR,2026-06-14 22:57:15.122833
ORDER_0000721,CUST_01482,781.2,INR,2026-06-21 18:15:52.122833
ORDER_0000722,CUST_00065,9747.25,INR,2026-07-20 16:13:41.122833
ORDER_0000723,CUST_01903,53847.4,INR,2026-08-26 11:26:00.122833
ORDER_0000724,CUST_00678,4594.65,INR,2026-07-01 03:57:19.122833
ORDER_0000725,CUST_00021,8922.04,INR,2026-08-01 07:39:09.122833
ORDER_0000726,CUST_00670,6074.29,INR,2026-07-23 09:37:42.122833
ORDER_0000727,CUST_01086,8225.32,INR,2026-07-23 00:36:26.122833
ORDER_0000728,CUST_00266,5248.99,INR,2026-08-14 02:27:05.122833
ORDER_0000729,CUST_01954,22180.53,INR,2026-08-11 00:37:30.122833
ORDER_0000730,CUST_01288,846.47,INR,2026-07-18 06:41:38.122833
ORDER_0000731,CUST_01695,160.34,INR,2026-06-21 22:41:31.122833
ORDER_0000732,CUST_01134,724.64,INR,2026-08-02 06:39:24.122833
ORDER_0000733,CUST_01528,41540.75,INR,2026-08-27 08:42:12.122833
ORDER_0000734,CUST_01157,6659.4,INR,2026-06-30 04:34:11.122833
ORDER_0000735,CUST_00871,8812.84,INR,2026-07-08 06:10:37.122833
ORDER_0000736,CUST_01278,32927.44,INR,2026-08-03 21:23:58.122833
ORDER_0000737,CUST_00797,23717.96,INR,2026-06-23 14:42:35.122833
ORDER_0000738,CUST_01616,19208.99,INR,2026-07-29 14:54:45.122833
ORDER_0000739,CUST_01455,61809.01,INR,2026-07-31 07:35:35.122833
ORDER_0000740,CUST_01890,88420.29,INR,2026-08-29 21:01:24.122833
ORDER_0000741,CUST_00634,526.07,INR,2026-06-11 11:11:53.122833
ORDER_0000742,CUST_01381,6534.31,INR,2026-08-26 12:21:47.122833
ORDER_0000743,CUST_00118,100.22,INR,2026-07-22 06:43:27.122833
ORDER_0000744,CUST_01334,4828.65,INR,2026-07-21 04:19:23.122833
ORDER_0000745,CUST_00646,3166.96,INR,2026-08-10 04:02:02.122833
ORDER_0000746,CUST_00600,56978.71,INR,2026-06-10 04:34:59.122833
ORDER_0000747,CUST_00755,95982.41,INR,2026-08-22 12:48:18.122833
ORDER_0000748,CUST_00566,2285.96,INR,2026-07-20 04:21:55.122833
ORDER_0000749,CUST_01745,3254.85,INR,2026-08-04 21:50:58.122833
ORDER_0000750,CUST_01238,1227.66,INR,2026-08-16 10:19:48.122833
ORDER_0000751,CUST_00306,29240.2,INR,2026-08-26 16:16:46.122833
ORDER_0000752,CUST_01203,998.11,INR,2026-08-14 04:27:55.122833
ORDER_0000753,CUST_00719,995.89,INR,2026-06-03 03:26:51.122833
ORDER_0000754,CUST_00302,3956.06,INR,2026-07-21 09:57:29.122833
ORDER_0000755,CUST_01722,6460.97,INR,2026-08-03 21:34:25.122833
ORDER_0000756,CUST_00656,1395.26,INR,2026-06-29 05:14:09.122833
ORDER_0000757,CUST_01912,84099.31,INR,2026-07-18 07:25:47.122833
ORDER_0000758,CUST_00887,6690.16,INR,2026-08-14 09:50:32.122833
ORDER_0000759,CUST_00668,887.44,INR,2026-07-08 11:26:27.122833
ORDER_0000760,CUST_00374,23787.26,INR,2026-06-19 18:35:22.122833
ORDER_0000761,CUST_01663,883.82,INR,2026-06-08 00:57:57.122833
ORDER_0000762,CUST_00066,38281.29,INR,2026-06-29 12:56:08.122833
ORDER_0000763,CUST_01502,985.06,INR,2026-07-04 21:31:49.122833
ORDER_0000764,CUST_00932,38483.23,INR,2026-06-19 00:39:39.122833
ORDER_0000765,CUST_00010,94987.09,INR,2026-06-03 23:23:09.122833
ORDER_0000766,CUST_00175,85394.5,INR,2026-06-08 13:37:53.122833
ORDER_0000767,CUST_01643,55137.31,INR,2026-06-28 11:40:17.122833
ORDER_0000768,CUST_00957,175.57,INR,2026-08-08 11:11:27.122833
ORDER_0000769,CUST_00305,554.92,INR,2026-07-02 19:25:50.122833
ORDER_0000770,CUST_00385,40730.72,INR,2026-08-22 18:37:55.122833
ORDER_0000771,CUST_01637,726.66,INR,2026-08-30 17:29:08.122833
ORDER_0000772,CUST_01661,26709.3,INR,2026-08-02 10:30:23.122833
ORDER_0000773,CUST_01305,969.19,INR,2026-08-03 12:53:08.122833
ORDER_0000774,CUST_00333,437.08,INR,2026-07-02 11:32:58.122833
ORDER_0000775,CUST_00370,853.58,INR,2026-08-14 03:57:09.122833
ORDER_0000776,CUST_01865,14800.18,INR,2026-06-30 11:18:05.122833
ORDER_0000777,CUST_01423,260.2,INR,2026-08-22 16:41:49.122833
ORDER_0000778,CUST_01682,8952.12,INR,2026-06-27 18:42:12.122833
ORDER_0000779,CUST_01115,54089.71,INR,2026-07-07 21:38:41.122833
ORDER_0000780,CUST_02000,50470.58,INR,2026-08-08 07:17:01.122833
ORDER_0000781,CUST_01296,1330.58,INR,2026-06-17 17:10:54.122833
ORDER_0000782,CUST_00873,2895.97,INR,2026-08-04 07:40:20.122833
ORDER_0000783,CUST_00763,28670.23,INR,2026-07-21 12:13:22.122833
ORDER_0000784,CUST_01884,34205.51,INR,2026-08-16 16:32:17.122833
ORDER_0000785,CUST_00732,289.65,INR,2026-07-22 19:07:53.122833
ORDER_0000786,CUST_01156,22583.38,INR,2026-07-03 22:59:17.122833
ORDER_0000787,CUST_00992,435.05,INR,2026-07-03 21:32:45.122833
ORDER_0000788,CUST_00690,731.16,INR,2026-06-18 00:16:48.122833
ORDER_0000789,CUST_01179,479.27,INR,2026-06-20 18:21:58.122833
ORDER_0000790,CUST_01247,921.83,INR,2026-08-14 14:45:25.122833
ORDER_0000791,CUST_00059,51080.11,INR,2026-08-09 00:39:48.122833
ORDER_0000792,CUST_00921,4594.0,INR,2026-08-11 19:56:40.122833
ORDER_0000793,CUST_00570,4040.9,INR,2026-06-06 11:52:19.122833
ORDER_0000794,CUST_00868,78685.57,INR,2026-06-13 01:41:08.122833
ORDER_0000795,CUST_01021,7966.65,INR,2026-07-30 04:19:55.122833
ORDER_0000796,CUST_01833,93011.82,INR,2026-08-09 07:57:50.122833
ORDER_0000797,CUST_00784,948.56,INR,2026-06-15 05:01:56.122833
ORDER_0000798,CUST_00285,697.07,INR,2026-07-02 15:01:27.122833
ORDER_0000799,CUST_01924,2273.15,INR,2026-06-18 15:38:22.122833
ORDER_0000800,CUST_01540,514.53,INR,2026-07-01 20:24:12.122833
ORDER_0000801,CUST_00181,2661.34,INR,2026-06-11 08:28:07.122833
ORDER_0000802,CUST_00903,2387.24,INR,2026-06-03 01:53:12.122833
ORDER_0000803,CUST_01120,52372.06,INR,2026-07-10 20:33:41.122833
ORDER_0000804,CUST_00458,9215.5,INR,2026-08-10 03:59:10.122833
ORDER_0000805,CUST_00377,9252.55,INR,2026-08-15 16:23:12.122833
ORDER_0000806,CUST_01298,4598.95,INR,2026-08-21 04:36:58.122833
ORDER_0000807,CUST_00963,63724.5,INR,2026-06-09 13:20:13.122833
ORDER_0000808,CUST_01167,412.18,INR,2026-06-24 02:56:57.122833
ORDER_0000809,CUST_01315,2603.44,INR,2026-07-05 14:16:29.122833
ORDER_0000810,CUST_00085,1014.32,INR,2026-08-30 09:30:16.122833
ORDER_0000811,CUST_00487,169.54,INR,2026-06-23 02:34:18.122833
ORDER_0000812,CUST_01635,371.74,INR,2026-07-13 22:20:38.122833
ORDER_0000813,CUST_00428,3799.83,INR,2026-06-05 23:31:00.122833
ORDER_0000814,CUST_00647,9595.15,INR,2026-08-07 20:19:53.122833
ORDER_0000815,CUST_01908,1957.88,INR,2026-08-08 05:00:48.122833
ORDER_0000816,CUST_00295,759.4,INR,2026-06-18 05:15:03.122833
ORDER_0000817,CUST_00361,6172.14,INR,2026-06-03 17:22:05.122833
ORDER_0000818,CUST_01179,537.53,INR,2026-07-02 00:17:59.122833
ORDER_0000819,CUST_01845,7678.59,INR,2026-07-21 08:15:10.122833
ORDER_0000820,CUST_00485,40155.72,INR,2026-07-08 00:33:15.122833
ORDER_0000821,CUST_01329,2609.56,INR,2026-08-26 02:20:38.122833
ORDER_0000822,CUST_01387,40340.41,INR,2026-07-29 21:31:15.122833
ORDER_0000823,CUST_00004,5634.07,INR,2026-07-14 19:43:38.122833
ORDER_0000824,CUST_01460,3535.43,INR,2026-07-17 06:49:35.122833
ORDER_0000825,CUST_00120,9002.49,INR,2026-07-13 22:19:24.122833
ORDER_0000826,CUST_01262,83725.24,INR,2026-06-28 13:04:07.122833
ORDER_0000827,CUST_00365,4211.97,INR,2026-07-01 12:01:01.122833
ORDER_0000828,CUST_00708,672.38,INR,2026-07-24 04:18:36.122833
ORDER_0000829,CUST_00265,764.81,INR,2026-06-14 20:05:35.122833
ORDER_0000830,CUST_00966,6696.28,INR,2026-07-06 03:10:23.122833
ORDER_0000831,CUST_01830,31969.06,INR,2026-08-21 06:14:05.122833
ORDER_0000832,CUST_01672,5125.78,INR,2026-06-06 07:34:50.122833
ORDER_0000833,CUST_00559,232.08,INR,2026-07-09 16:17:11.122833
ORDER_0000834,CUST_01654,40399.55,INR,2026-08-14 08:17:00.122833
ORDER_0000835,CUST_01974,26553.73,INR,2026-06-27 12:53:14.122833
ORDER_0000836,CUST_01487,7684.16,INR,2026-06-13 21:39:20.122833
ORDER_0000837,CUST_00814,99542.66,INR,2026-07-22 12:09:49.122833
ORDER_0000838,CUST_01407,585.24,INR,2026-07-08 22:23:55.122833
ORDER_0000839,CUST_01865,2936.88,INR,2026-08-14 02:41:50.122833
ORDER_0000840,CUST_00641,719.98,INR,2026-07-31 07:14:14.122833
ORDER_0000841,CUST_00471,458.8,INR,2026-07-12 03:10:09.122833
ORDER_0000842,CUST_00318,8038.46,INR,2026-06-28 12:38:38.122833
ORDER_0000843,CUST_00288,516.2,INR,2026-06-24 02:05:10.122833
ORDER_0000844,CUST_00846,29895.19,INR,2026-06-30 13:03:37.122833
ORDER_0000845,CUST_01530,6483.85,INR,2026-08-03 05:29:32.122833
ORDER_0000846,CUST_00284,52804.26,INR,2026-06-03 19:38:54.122833
ORDER_0000847,CUST_01177,408.66,INR,2026-07-17 10:46:49.122833
ORDER_0000848,CUST_00936,868.92,INR,2026-08-06 22:32:08.122833
ORDER_0000849,CUST_01730,69462.86,INR,2026-06-10 05:32:09.122833
ORDER_0000850,CUST_01895,668.25,INR,2026-08-14 05:21:23.122833
ORDER_0000851,CUST_01681,4322.72,INR,2026-07-16 10:26:02.122833
ORDER_0000852,CUST_01640,707.05,INR,2026-08-02 05:00:28.122833
ORDER_0000853,CUST_01625,416.46,INR,2026-08-14 13:13:35.122833
ORDER_0000854,CUST_01371,976.02,INR,2026-07-09 00:50:26.122833
ORDER_0000855,CUST_01453,929.06,INR,2026-06-12 00:20:38.122833
ORDER_0000856,CUST_00866,2901.75,INR,2026-06-19 22:35:06.122833
ORDER_0000857,CUST_00251,7901.87,INR,2026-07-26 00:07:17.122833
ORDER_0000858,CUST_00100,47636.2,INR,2026-06-29 16:12:05.122833
ORDER_0000859,CUST_00392,19507.49,INR,2026-08-03 01:38:50.122833
ORDER_0000860,CUST_01664,3859.98,INR,2026-06-24 10:53:02.122833
ORDER_0000861,CUST_01522,5453.5,INR,2026-06-17 20:07:34.122833
ORDER_0000862,CUST_01937,35956.7,INR,2026-08-22 04:05:36.122833
ORDER_0000863,CUST_01560,400.65,INR,2026-07-09 19:38:34.122833
ORDER_0000864,CUST_00812,622.14,INR,2026-08-03 09:19:24.122833
ORDER_0000865,CUST_01627,64873.55,INR,2026-06-10 09:57:24.122833
ORDER_0000866,CUST_00448,7589.33,INR,2026-07-31 19:19:51.122833
ORDER_0000867,CUST_01112,324.95,INR,2026-07-08 13:13:00.122833
ORDER_0000868,CUST_01805,6412.08,INR,2026-07-26 04:45:05.122833
ORDER_0000869,CUST_00699,2737.28,INR,2026-07-08 10:20:48.122833
ORDER_0000870,CUST_01614,52495.2,INR,2026-08-31 01:20:56.122833
ORDER_0000871,CUST_01384,279.81,INR,2026-06-22 16:43:35.122833
ORDER_0000872,CUST_01147,5132.74,INR,2026-06-26 01:59:40.122833
ORDER_0000873,CUST_00938,817.08,INR,2026-08-19 15:05:27.122833
ORDER_0000874,CUST_01137,643.61,INR,2026-06-26 08:56:16.122833
ORDER_0000875,CUST_00320,515.99,INR,2026-08-07 19:35:41.122833
ORDER_0000876,CUST_00564,8803.56,INR,2026-06-09 10:19:42.122833
ORDER_0000877,CUST_01055,89502.13,INR,2026-06-14 08:16:23.122833
ORDER_0000878,CUST_01565,99028.79,INR,2026-06-04 21:38:11.122833
ORDER_0000879,CUST_00778,8449.78,INR,2026-08-22 00:27:41.122833
ORDER_0000880,CUST_01897,42703.59,INR,2026-07-22 06:23:06.122833
ORDER_0000881,CUST_00205,666.34,INR,2026-06-16 18:31:53.122833
ORDER_0000882,CUST_01839,862.36,INR,2026-08-11 16:43:59.122833
ORDER_0000883,CUST_00859,252.06,INR,2026-08-18 20:08:16.122833
ORDER_0000884,CUST_01190,39702.31,INR,2026-06-09 18:57:33.122833
ORDER_0000885,CUST_01819,7381.75,INR,2026-07-05 20:18:52.122833
ORDER_0000886,CUST_00163,80863.66,INR,2026-06-27 15:21:57.122833
ORDER_0000887,CUST_01853,611.41,INR,2026-07-23 06:11:54.122833
ORDER_0000888,CUST_01530,2989.19,INR,2026-08-10 21:38:47.122833
ORDER_0000889,CUST_00014,24247.22,INR,2026-07-02 04:27:48.122833
ORDER_0000890,CUST_01235,36539.17,INR,2026-08-19 18:36:48.122833
ORDER_0000891,CUST_01816,2318.74,INR,2026-06-27 13:55:50.122833
ORDER_0000892,CUST_00602,1252.04,INR,2026-06-17 00:04:35.122833
ORDER_0000893,CUST_01689,74902.54,INR,2026-08-26 02:09:12.122833
ORDER_0000894,CUST_01046,996.51,INR,2026-07-06 00:26:25.122833
ORDER_0000895,CUST_00992,55098.58,INR,2026-07-08 22:41:33.122833
ORDER_0000896,CUST_01800,68353.89,INR,2026-07-19 09:37:42.122833
ORDER_0000897,CUST_00029,257.85,INR,2026-07-05 20:08:15.122833
ORDER_0000898,CUST_01453,23507.97,INR,2026-08-17 03:16:10.122833
ORDER_0000899,CUST_00557,2076.32,INR,2026-07-17 04:39:42.122833
ORDER_0000900,CUST_00411,11098.07,INR,2026-08-23 17:05:44.122833
ORDER_0000901,CUST_00062,90832.12,INR,2026-06-22 06:17:37.122833
ORDER_0000902,CUST_01614,1295.56,INR,2026-07-21 20:43:51.122833
ORDER_0000903,CUST_00454,58127.85,INR,2026-07-24 19:21:51.122833
ORDER_0000904,CUST_01581,15037.73,INR,2026-07-23 08:55:25.122833
ORDER_0000905,CUST_01307,76549.22,INR,2026-08-04 18:51:19.122833
ORDER_0000906,CUST_00410,871.77,INR,2026-06-06 12:06:50.122833
ORDER_0000907,CUST_01150,34972.89,INR,2026-06-21 01:07:47.122833
ORDER_0000908,CUST_01455,760.0,INR,2026-07-23 08:00:44.122833
ORDER_0000909,CUST_00577,31954.65,INR,2026-07-18 22:30:47.122833
ORDER_0000910,CUST_01341,5832.4,INR,2026-08-18 07:14:08.122833
ORDER_0000911,CUST_00848,670.52,INR,2026-07-18 19:36:30.122833
ORDER_0000912,CUST_01158,5881.32,INR,2026-07-01 17:19:27.122833
ORDER_0000913,CUST_00167,612.4,INR,2026-08-11 12:02:35.122833
ORDER_0000914,CUST_00273,27531.89,INR,2026-08-01 06:03:05.122833
ORDER_0000915,CUST_01354,9930.14,INR,2026-07-30 23:37:17.122833
ORDER_0000916,CUST_00004,6680.15,INR,2026-07-22 12:32:17.122833
ORDER_0000917,CUST_01874,33777.99,INR,2026-06-26 18:37:40.122833
ORDER_0000918,CUST_01991,55275.61,INR,2026-07-15 07:44:27.122833
ORDER_0000919,CUST_01825,200.32,INR,2026-07-03 14:10:19.122833
ORDER_0000920,CUST_00288,904.03,INR,2026-06-08 23:07:45.122833
ORDER_0000921,CUST_00641,7056.79,INR,2026-07-05 20:17:18.122833
ORDER_0000922,CUST_01087,674.09,INR,2026-08-15 15:56:24.122833
ORDER_0000923,CUST_01269,37484.54,INR,2026-07-18 09:54:52.122833
ORDER_0000924,CUST_01773,64857.4,INR,2026-08-06 19:58:31.122833
ORDER_0000925,CUST_01541,239.14,INR,2026-08-24 08:30:04.122833
ORDER_0000926,CUST_01741,39311.31,INR,2026-07-18 14:20:27.122833
ORDER_0000927,CUST_00586,8098.74,INR,2026-06-24 19:19:45.122833
ORDER_0000928,CUST_01611,5247.84,INR,2026-07-08 14:22:14.122833
ORDER_0000929,CUST_01559,41854.02,INR,2026-07-03 05:10:32.122833
ORDER_0000930,CUST_00917,4827.68,INR,2026-06-03 03:34:57.122833
ORDER_0000931,CUST_01657,4636.73,INR,2026-08-04 07:10:14.122833
ORDER_0000932,CUST_01468,824.83,INR,2026-08-21 01:41:06.122833
ORDER_0000933,CUST_01249,2877.48,INR,2026-08-22 10:21:03.122833
ORDER_0000934,CUST_01420,3896.61,INR,2026-07-26 18:45:28.122833
ORDER_0000935,CUST_01938,29348.19,INR,2026-07-15 07:52:45.122833
ORDER_0000936,CUST_01288,1961.51,INR,2026-08-11 18:43:31.122833
ORDER_0000937,CUST_00999,531.71,INR,2026-08-17 10:45:27.122833
ORDER_0000938,CUST_01494,7190.21,INR,2026-06-26 20:32:54.122833
ORDER_0000939,CUST_01959,352.13,INR,2026-06-08 01:07:16.122833
ORDER_0000940,CUST_01549,3484.42,INR,2026-06-13 09:05:06.122833
ORDER_0000941,CUST_01538,16658.99,INR,2026-07-12 18:32:09.122833
ORDER_0000942,CUST_00918,63082.75,INR,2026-06-22 00:23:06.122833
ORDER_0000943,CUST_01245,39505.79,INR,2026-08-15 15:47:15.122833
ORDER_0000944,CUST_01631,83557.9,INR,2026-06-04 17:16:59.122833
ORDER_0000945,CUST_01091,88365.28,INR,2026-08-10 16:03:11.122833
ORDER_0000946,CUST_00594,9614.8,INR,2026-08-14 03:38:14.122833
ORDER_0000947,CUST_00132,2657.26,INR,2026-07-07 18:21:38.122833
ORDER_0000948,CUST_00906,7099.02,INR,2026-07-31 04:53:38.122833
ORDER_0000949,CUST_00756,1208.24,INR,2026-07-14 02:07:04.122833
ORDER_0000950,CUST_00116,14322.8,INR,2026-06-08 10:50:31.122833
ORDER_0000951,CUST_01004,5610.36,INR,2026-06-05 17:07:33.122833
ORDER_0000952,CUST_01075,39436.3,INR,2026-07-20 08:49:47.122833
ORDER_0000953,CUST_00364,354.38,INR,2026-07-27 11:37:30.122833
ORDER_0000954,CUST_01790,182.93,INR,2026-08-19 03:12:59.122833
ORDER_0000955,CUST_01009,8663.37,INR,2026-07-31 19:50:27.122833
ORDER_0000956,CUST_01385,16577.52,INR,2026-07-14 10:32:36.122833
ORDER_0000957,CUST_01008,90042.02,INR,2026-06-17 09:01:43.122833
ORDER_0000958,CUST_01952,1657.23,INR,2026-07-16 16:22:15.122833
ORDER_0000959,CUST_00463,7233.28,INR,2026-08-27 22:48:35.122833
ORDER_0000960,CUST_01228,6172.64,INR,2026-06-04 10:20:19.122833
ORDER_0000961,CUST_00037,107.68,INR,2026-07-29 08:03:38.122833
ORDER_0000962,CUST_00103,51197.8,INR,2026-06-22 01:10:15.122833
ORDER_0000963,CUST_01304,41918.08,INR,2026-08-25 19:11:15.122833
ORDER_0000964,CUST_01891,2699.63,INR,2026-06-20 05:29:32.122833
ORDER_0000965,CUST_01697,190.81,INR,2026-08-17 06:38:44.122833
ORDER_0000966,CUST_00282,4136.68,INR,2026-06-24 22:32:44.122833
ORDER_0000967,CUST_00713,2815.31,INR,2026-06-25 05:14:41.122833
ORDER_0000968,CUST_00937,942.67,INR,2026-08-26 19:24:30.122833
ORDER_0000969,CUST_01339,4956.77,INR,2026-06-05 01:36:24.122833
ORDER_0000970,CUST_00514,7695.48,INR,2026-06-07 09:02:32.122833
ORDER_0000971,CUST_01100,4592.6,INR,2026-07-29 21:40:13.122833
ORDER_0000972,CUST_01843,25758.71,INR,2026-08-11 22:36:53.122833
ORDER_0000973,CUST_00524,2465.95,INR,2026-08-13 12:11:08.122833
ORDER_0000974,CUST_00782,644.36,INR,2026-06-23 00:27:47.122833
ORDER_0000975,CUST_01765,8198.12,INR,2026-07-21 23:48:13.122833
ORDER_0000976,CUST_01930,5112.58,INR,2026-07-11 11:09:02.122833
ORDER_0000977,CUST_01885,1900.59,INR,2026-08-22 19:37:54.122833
ORDER_0000978,CUST_01091,158.78,INR,2026-08-09 16:18:41.122833
ORDER_0000979,CUST_00280,6792.24,INR,2026-06-04 03:17:52.122833
ORDER_0000980,CUST_00448,3472.45,INR,2026-06-07 00:04:59.122833
ORDER_0000981,CUST_00964,226.66,INR,2026-07-22 22:50:29.122833
ORDER_0000982,CUST_00824,240.18,INR,2026-07-30 11:37:18.122833
ORDER_0000983,CUST_01013,8797.11,INR,2026-08-01 13:22:20.122833
ORDER_0000984,CUST_00060,25517.8,INR,2026-06-17 07:06:24.122833
ORDER_0000985,CUST_00023,767.77,INR,2026-08-17 23:10:29.122833
ORDER_0000986,CUST_01203,37545.83,INR,2026-07-08 19:56:48.122833
ORDER_0000987,CUST_00867,918.08,INR,2026-07-04 19:00:24.122833
ORDER_0000988,CUST_01112,125.65,INR,2026-08-30 07:09:11.122833
ORDER_0000989,CUST_00236,78625.21,INR,2026-07-23 14:10:48.122833
ORDER_0000990,CUST_00479,252.77,INR,2026-06-11 13:01:44.122833
ORDER_0000991,CUST_00046,1596.93,INR,2026-07-12 21:33:49.122833
ORDER_0000992,CUST_00286,22096.49,INR,2026-08-20 04:27:43.122833
ORDER_0000993,CUST_00395,3802.88,INR,2026-06-15 01:05:20.122833
ORDER_0000994,CUST_00238,96121.48,INR,2026-08-11 03:30:01.122833
ORDER_0000995,CUST_01973,84798.04,INR,2026-06-21 15:44:48.122833
ORDER_0000996,CUST_01339,213.25,INR,2026-06-24 11:56:18.122833
ORDER_0000997,CUST_01748,7688.67,INR,2026-08-27 17:01:59.122833
ORDER_0000998,CUST_01967,32560.36,INR,2026-08-05 14:48:24.122833
ORDER_0000999,CUST_01396,51593.42,INR,2026-07-23 01:51:32.122833
ORDER_0001000,CUST_01486,565.21,INR,2026-07-04 10:31:46.122833
ORDER_0001001,CUST_00965,479.82,INR,2026-08-14 05:10:54.122833
ORDER_0001002,CUST_00123,915.41,INR,2026-06-20 06:51:26.122833
ORDER_0001003,CUST_01294,112.89,INR,2026-06-18 07:35:04.122833
ORDER_0001004,CUST_00492,1105.41,INR,2026-06-20 19:50:59.122833
ORDER_0001005,CUST_01752,8352.91,INR,2026-06-23 10:58:09.122833
ORDER_0001006,CUST_00845,49587.67,INR,2026-06-29 17:11:34.122833
ORDER_0001007,CUST_01357,689.91,INR,2026-06-27 09:13:13.122833
ORDER_0001008,CUST_00043,8847.74,INR,2026-08-05 23:50:41.122833
ORDER_0001009,CUST_01730,8705.93,INR,2026-06-08 17:26:23.122833
ORDER_0001010,CUST_00703,12287.26,INR,2026-06-14 20:29:51.122833
ORDER_0001011,CUST_01437,185.13,INR,2026-07-26 01:02:26.122833
ORDER_0001012,CUST_01623,2136.69,INR,2026-07-14 22:42:02.122833
ORDER_0001013,CUST_01715,96966.33,INR,2026-06-20 07:52:56.122833
ORDER_0001014,CUST_01545,457.8,INR,2026-06-16 08:34:09.122833
ORDER_0001015,CUST_00962,11504.73,INR,2026-08-13 21:23:55.122833
ORDER_0001016,CUST_00772,23659.41,INR,2026-07-23 13:48:31.122833
ORDER_0001017,CUST_00650,58551.15,INR,2026-07-24 03:22:53.122833
ORDER_0001018,CUST_00849,71235.72,INR,2026-08-03 04:25:12.122833
ORDER_0001019,CUST_01948,93758.4,INR,2026-06-17 08:40:09.122833
ORDER_0001020,CUST_01302,586.74,INR,2026-06-29 15:08:00.122833
ORDER_0001021,CUST_00395,9722.32,INR,2026-08-29 01:44:44.122833
ORDER_0001022,CUST_00797,4791.38,INR,2026-06-15 19:32:49.122833
ORDER_0001023,CUST_01437,16738.34,INR,2026-07-26 13:22:23.122833
ORDER_0001024,CUST_00222,76011.44,INR,2026-06-09 02:03:16.122833
ORDER_0001025,CUST_00122,153.3,INR,2026-08-15 19:59:43.122833
ORDER_0001026,CUST_00512,9788.1,INR,2026-08-17 22:36:23.122833
ORDER_0001027,CUST_01615,243.5,INR,2026-08-22 14:29:32.122833
ORDER_0001028,CUST_00899,415.37,INR,2026-08-28 06:21:47.122833
ORDER_0001029,CUST_00467,62733.68,INR,2026-06-17 08:11:31.122833
ORDER_0001030,CUST_00848,2281.68,INR,2026-06-03 15:27:30.122833
ORDER_0001031,CUST_00150,57181.69,INR,2026-07-30 16:50:46.122833
ORDER_0001032,CUST_01095,524.0,INR,2026-07-25 03:35:26.122833
ORDER_0001033,CUST_01906,16336.25,INR,2026-07-05 17:49:52.122833
ORDER_0001034,CUST_01654,9545.39,INR,2026-06-13 13:17:43.122833
ORDER_0001035,CUST_00257,25161.04,INR,2026-08-08 17:31:46.122833
ORDER_0001036,CUST_00959,36199.62,INR,2026-06-12 14:29:20.122833
ORDER_0001037,CUST_00820,7585.83,INR,2026-06-26 00:37:01.122833
ORDER_0001038,CUST_01642,6984.2,INR,2026-07-13 12:56:11.122833
ORDER_0001039,CUST_01814,79295.1,INR,2026-08-12 17:04:47.122833
ORDER_0001040,CUST_00155,3265.04,INR,2026-08-06 08:32:14.122833
ORDER_0001041,CUST_01450,852.67,INR,2026-08-10 19:59:52.122833
ORDER_0001042,CUST_01166,54547.85,INR,2026-07-14 17:06:54.122833
ORDER_0001043,CUST_00741,80282.97,INR,2026-07-19 23:09:55.122833
ORDER_0001044,CUST_01050,43824.01,INR,2026-08-26 02:31:42.122833
ORDER_0001045,CUST_00250,64149.61,INR,2026-08-22 23:31:31.122833
ORDER_0001046,CUST_00654,814.24,INR,2026-08-15 18:41:06.122833
ORDER_0001047,CUST_01735,73837.48,INR,2026-07-13 13:17:53.122833
ORDER_0001048,CUST_01143,13587.84,INR,2026-08-18 02:51:19.122833
ORDER_0001049,CUST_00755,496.22,INR,2026-07-11 07:23:10.122833
ORDER_0001050,CUST_01015,79986.77,INR,2026-08-29 18:20:51.122833
ORDER_0001051,CUST_00294,6102.37,INR,2026-06-12 04:35:42.122833
ORDER_0001052,CUST_00467,4709.3,INR,2026-08-24 01:40:48.122833
ORDER_0001053,CUST_01324,4227.3,INR,2026-06-26 17:52:48.122833
ORDER_0001054,CUST_00837,39206.12,INR,2026-08-03 05:34:22.122833
ORDER_0001055,CUST_00936,28844.29,INR,2026-08-04 12:58:57.122833
ORDER_0001056,CUST_00633,389.69,INR,2026-08-23 14:42:16.122833
ORDER_0001057,CUST_01084,41662.42,INR,2026-08-13 10:21:42.122833
ORDER_0001058,CUST_00502,9693.13,INR,2026-06-12 10:24:23.122833
ORDER_0001059,CUST_01580,46545.87,INR,2026-07-20 20:54:27.122833
ORDER_0001060,CUST_00733,28193.42,INR,2026-07-19 17:31:24.122833
ORDER_0001061,CUST_01943,415.53,INR,2026-06-18 23:05:55.122833
ORDER_0001062,CUST_00493,62366.22,INR,2026-08-09 14:00:53.122833
ORDER_0001063,CUST_00982,678.08,INR,2026-07-11 05:42:17.122833
ORDER_0001064,CUST_00780,18402.73,INR,2026-07-30 15:44:03.122833
ORDER_0001065,CUST_01226,923.23,INR,2026-08-11 02:30:17.122833
ORDER_0001066,CUST_00931,4184.2,INR,2026-06-12 15:49:51.122833
ORDER_0001067,CUST_00062,7626.54,INR,2026-08-01 03:44:13.122833
ORDER_0001068,CUST_00034,1739.9,INR,2026-08-21 19:23:47.122833
ORDER_0001069,CUST_00083,5931.88,INR,2026-06-05 03:47:09.122833
ORDER_0001070,CUST_01286,545.04,INR,2026-08-26 13:34:45.122833
ORDER_0001071,CUST_00008,303.25,INR,2026-07-01 09:56:34.122833
ORDER_0001072,CUST_01069,1186.97,INR,2026-07-12 20:16:47.122833
ORDER_0001073,CUST_01214,600.69,INR,2026-08-23 22:07:33.122833
ORDER_0001074,CUST_00079,4596.55,INR,2026-08-14 02:31:04.122833
ORDER_0001075,CUST_01215,8171.18,INR,2026-07-14 11:24:02.122833
ORDER_0001076,CUST_01957,9100.48,INR,2026-07-25 01:30:57.122833
ORDER_0001077,CUST_00671,22104.35,INR,2026-06-26 13:40:21.122833
ORDER_0001078,CUST_01585,18695.93,INR,2026-08-10 08:56:56.122833
ORDER_0001079,CUST_00792,82652.82,INR,2026-06-24 17:14:02.122833
ORDER_0001080,CUST_01527,68046.94,INR,2026-08-21 07:36:50.122833
ORDER_0001081,CUST_01328,986.57,INR,2026-07-17 06:47:56.122833
ORDER_0001082,CUST_01253,656.93,INR,2026-06-04 17:53:48.122833
ORDER_0001083,CUST_00114,6030.96,INR,2026-07-18 20:59:05.122833
ORDER_0001084,CUST_01695,880.82,INR,2026-08-11 09:27:01.122833
ORDER_0001085,CUST_01820,348.48,INR,2026-08-10 21:12:05.122833
ORDER_0001086,CUST_01176,637.96,INR,2026-07-11 01:41:05.122833
ORDER_0001087,CUST_01454,58455.61,INR,2026-07-02 04:16:35.122833
ORDER_0001088,CUST_01712,6128.72,INR,2026-06-16 14:27:07.122833
ORDER_0001089,CUST_01082,789.67,INR,2026-07-31 18:49:21.122833
ORDER_0001090,CUST_00051,147.67,INR,2026-08-01 04:44:23.122833
ORDER_0001091,CUST_00412,157.27,INR,2026-06-26 18:06:34.122833
ORDER_0001092,CUST_00586,981.8,INR,2026-06-05 11:04:32.122833
ORDER_0001093,CUST_00753,684.47,INR,2026-06-11 17:46:36.122833
ORDER_0001094,CUST_01109,6166.03,INR,2026-08-19 17:57:00.122833
ORDER_0001095,CUST_00345,7267.74,INR,2026-06-20 08:45:41.122833
ORDER_0001096,CUST_00150,4196.41,INR,2026-07-21 02:42:27.122833
ORDER_0001097,CUST_01339,3344.55,INR,2026-08-04 10:30:32.122833
ORDER_0001098,CUST_00540,77663.38,INR,2026-06-27 15:00:26.122833
ORDER_0001099,CUST_01331,118.36,INR,2026-08-07 21:11:40.122833
ORDER_0001100,CUST_00255,96723.98,INR,2026-06-03 19:40:28.122833
ORDER_0001101,CUST_00523,12488.82,INR,2026-07-27 07:05:58.122833
ORDER_0001102,CUST_00675,25515.37,INR,2026-08-01 21:06:08.122833
ORDER_0001103,CUST_01410,548.38,INR,2026-08-26 06:29:53.122833
ORDER_0001104,CUST_01475,714.86,INR,2026-08-28 03:33:46.122833
ORDER_0001105,CUST_00809,79478.52,INR,2026-06-17 01:12:35.122833
ORDER_0001106,CUST_00323,65987.44,INR,2026-08-27 20:05:55.122833
ORDER_0001107,CUST_01090,9466.34,INR,2026-06-30 21:26:52.122833
ORDER_0001108,CUST_00672,197.0,INR,2026-08-29 00:03:14.122833
ORDER_0001109,CUST_01277,23972.74,INR,2026-08-30 22:07:05.122833
ORDER_0001110,CUST_01379,5092.0,INR,2026-08-17 17:21:47.122833
ORDER_0001111,CUST_01220,2047.43,INR,2026-06-26 12:06:14.122833
ORDER_0001112,CUST_00801,429.12,INR,2026-08-18 16:38:40.122833
ORDER_0001113,CUST_01380,4224.89,INR,2026-08-20 07:54:56.122833
ORDER_0001114,CUST_01364,77915.04,INR,2026-06-12 04:32:22.122833
ORDER_0001115,CUST_00465,68932.37,INR,2026-07-27 06:14:31.122833
ORDER_0001116,CUST_01163,45476.64,INR,2026-08-04 01:07:33.122833
ORDER_0001117,CUST_01526,280.84,INR,2026-07-01 01:00:32.122833
ORDER_0001118,CUST_01642,949.82,INR,2026-07-20 05:13:54.122833
ORDER_0001119,CUST_01432,60512.77,INR,2026-07-10 08:21:16.122833
ORDER_0001120,CUST_00388,79366.67,INR,2026-08-09 10:55:25.122833
ORDER_0001121,CUST_00753,149.6,INR,2026-07-02 10:00:20.122833
ORDER_0001122,CUST_01262,902.88,INR,2026-08-03 19:50:43.122833
ORDER_0001123,CUST_01781,1431.6,INR,2026-07-09 23:14:59.122833
ORDER_0001124,CUST_01905,14719.17,INR,2026-08-26 10:14:43.122833
ORDER_0001125,CUST_00243,86429.87,INR,2026-07-08 14:26:49.122833
ORDER_0001126,CUST_00807,1402.49,INR,2026-06-20 15:05:22.122833
ORDER_0001127,CUST_00978,903.12,INR,2026-07-20 16:26:22.122833
ORDER_0001128,CUST_00073,6763.79,INR,2026-06-22 14:26:56.122833
ORDER_0001129,CUST_00268,910.29,INR,2026-08-05 15:19:50.122833
ORDER_0001130,CUST_00418,8481.74,INR,2026-08-21 20:25:03.122833
ORDER_0001131,CUST_01804,305.53,INR,2026-06-16 08:28:42.122833
ORDER_0001132,CUST_00699,6595.87,INR,2026-08-07 15:48:05.122833
ORDER_0001133,CUST_01722,613.49,INR,2026-08-26 21:50:23.122833
ORDER_0001134,CUST_01304,688.0,INR,2026-07-12 23:27:09.122833
ORDER_0001135,CUST_01318,841.2,INR,2026-08-20 21:28:15.122833
ORDER_0001136,CUST_01007,10938.67,INR,2026-07-10 23:52:23.122833
ORDER_0001137,CUST_01886,21599.94,INR,2026-06-24 05:55:59.122833
ORDER_0001138,CUST_01367,2029.42,INR,2026-06-09 01:19:18.122833
ORDER_0001139,CUST_01295,3946.41,INR,2026-08-07 16:59:23.122833
ORDER_0001140,CUST_01111,7255.17,INR,2026-06-30 05:46:30.122833
ORDER_0001141,CUST_01086,3353.49,INR,2026-08-21 11:48:29.122833
ORDER_0001142,CUST_00806,2819.13,INR,2026-06-22 02:14:06.122833
ORDER_0001143,CUST_00178,214.4,INR,2026-06-13 09:57:39.122833
ORDER_0001144,CUST_00098,26603.05,INR,2026-08-19 21:26:02.122833
ORDER_0001145,CUST_00108,43381.17,INR,2026-06-16 11:00:59.122833
ORDER_0001146,CUST_00320,69658.91,INR,2026-08-16 01:06:55.122833
ORDER_0001147,CUST_01936,977.06,INR,2026-07-27 19:46:04.122833
ORDER_0001148,CUST_01998,2374.39,INR,2026-08-31 02:24:25.122833
ORDER_0001149,CUST_00130,257.98,INR,2026-07-10 14:11:14.122833
ORDER_0001150,CUST_01073,442.03,INR,2026-06-20 11:01:47.122833
ORDER_0001151,CUST_01444,664.49,INR,2026-08-26 04:43:40.122833
ORDER_0001152,CUST_01508,8590.8,INR,2026-07-26 15:55:35.122833
ORDER_0001153,CUST_00232,244.99,INR,2026-08-08 01:58:39.122833
ORDER_0001154,CUST_01091,11571.56,INR,2026-06-19 02:17:45.122833
ORDER_0001155,CUST_00381,751.67,INR,2026-08-08 00:56:16.122833
ORDER_0001156,CUST_01546,4430.92,INR,2026-08-16 05:33:17.122833
ORDER_0001157,CUST_01556,610.26,INR,2026-07-27 07:44:17.122833
ORDER_0001158,CUST_00343,1178.14,INR,2026-07-28 02:02:14.122833
ORDER_0001159,CUST_01849,3542.22,INR,2026-08-29 23:22:48.122833
ORDER_0001160,CUST_01497,7145.93,INR,2026-08-03 09:58:39.122833
ORDER_0001161,CUST_00425,23782.41,INR,2026-08-26 23:37:06.122833
ORDER_0001162,CUST_01972,424.12,INR,2026-07-10 07:31:22.122833
ORDER_0001163,CUST_00689,999.23,INR,2026-07-14 12:23:01.122833
ORDER_0001164,CUST_01524,51393.89,INR,2026-08-27 00:27:32.122833
ORDER_0001165,CUST_01734,46200.79,INR,2026-07-06 20:46:39.122833
ORDER_0001166,CUST_01195,4652.13,INR,2026-08-12 19:25:31.122833
ORDER_0001167,CUST_01411,9571.37,INR,2026-07-04 06:01:31.122833
ORDER_0001168,CUST_00531,698.84,INR,2026-06-23 15:54:59.122833
ORDER_0001169,CUST_00167,95320.45,INR,2026-08-05 14:42:20.122833
ORDER_0001170,CUST_00283,4270.73,INR,2026-07-08 23:45:02.122833
ORDER_0001171,CUST_01606,679.6,INR,2026-07-25 07:14:50.122833
ORDER_0001172,CUST_01092,84959.91,INR,2026-07-12 14:40:08.122833
ORDER_0001173,CUST_00937,145.8,INR,2026-08-05 15:27:50.122833
ORDER_0001174,CUST_01681,5657.51,INR,2026-06-04 21:54:18.122833
ORDER_0001175,CUST_00734,4473.74,INR,2026-08-14 00:36:17.122833
ORDER_0001176,CUST_01163,67711.43,INR,2026-08-17 12:13:40.122833
ORDER_0001177,CUST_00383,820.75,INR,2026-08-25 21:01:17.122833
ORDER_0001178,CUST_00402,53801.65,INR,2026-08-15 17:11:54.122833
ORDER_0001179,CUST_00417,88832.49,INR,2026-06-12 00:32:29.122833
ORDER_0001180,CUST_01890,808.27,INR,2026-07-04 18:50:08.122833
ORDER_0001181,CUST_00550,867.34,INR,2026-08-13 19:02:30.122833
ORDER_0001182,CUST_00730,2917.11,INR,2026-08-02 02:35:59.122833
ORDER_0001183,CUST_00355,6251.04,INR,2026-07-05 11:24:29.122833
ORDER_0001184,CUST_01370,19134.95,INR,2026-06-18 02:45:16.122833
ORDER_0001185,CUST_01600,47366.73,INR,2026-08-29 23:21:28.122833
ORDER_0001186,CUST_00147,2424.52,INR,2026-08-09 13:09:46.122833
ORDER_0001187,CUST_00495,984.97,INR,2026-08-06 01:17:30.122833
ORDER_0001188,CUST_01257,950.86,INR,2026-06-15 18:19:57.122833
ORDER_0001189,CUST_00082,892.21,INR,2026-07-29 12:15:08.122833
ORDER_0001190,CUST_01576,93784.8,INR,2026-07-28 03:00:43.122833
ORDER_0001191,CUST_00430,97326.7,INR,2026-07-27 15:03:53.122833
ORDER_0001192,CUST_01730,4057.99,INR,2026-06-09 06:53:24.122833
ORDER_0001193,CUST_01177,259.51,INR,2026-06-13 08:56:52.122833
ORDER_0001194,CUST_00879,70201.35,INR,2026-07-03 17:38:47.122833
ORDER_0001195,CUST_01047,8135.04,INR,2026-07-31 03:01:11.122833
ORDER_0001196,CUST_00478,65967.6,INR,2026-07-13 03:45:58.122833
ORDER_0001197,CUST_01007,32744.42,INR,2026-06-29 19:23:05.122833
ORDER_0001198,CUST_01485,9138.52,INR,2026-08-29 13:04:13.122833
ORDER_0001199,CUST_01993,6844.65,INR,2026-07-16 04:26:59.122833
ORDER_0001200,CUST_00018,34555.29,INR,2026-07-17 01:47:09.122833
ORDER_0001201,CUST_01721,12823.64,INR,2026-06-03 15:14:45.122833
ORDER_0001202,CUST_00738,1172.91,INR,2026-07-09 11:52:06.122833
ORDER_0001203,CUST_01376,7257.59,INR,2026-07-05 04:27:02.122833
ORDER_0001204,CUST_01008,5613.26,INR,2026-07-12 03:11:52.122833
ORDER_0001205,CUST_01586,2191.06,INR,2026-07-26 05:30:34.122833
ORDER_0001206,CUST_01819,3534.77,INR,2026-08-30 19:16:05.122833
ORDER_0001207,CUST_00524,92200.75,INR,2026-08-28 13:46:28.122833
ORDER_0001208,CUST_00985,202.17,INR,2026-06-26 04:30:17.122833
ORDER_0001209,CUST_01210,166.97,INR,2026-08-17 05:16:44.122833
ORDER_0001210,CUST_00151,75079.64,INR,2026-08-19 22:46:44.122833
ORDER_0001211,CUST_01360,16334.45,INR,2026-08-02 09:20:41.122833
ORDER_0001212,CUST_01667,9721.99,INR,2026-08-17 22:11:03.122833
ORDER_0001213,CUST_01177,698.44,INR,2026-06-21 23:16:59.122833
ORDER_0001214,CUST_00057,26701.73,INR,2026-06-11 11:46:31.122833
ORDER_0001215,CUST_01035,103.46,INR,2026-08-11 05:02:50.122833
ORDER_0001216,CUST_00479,3883.64,INR,2026-08-20 23:23:47.122833
ORDER_0001217,CUST_00201,277.57,INR,2026-07-18 03:42:15.122833
ORDER_0001218,CUST_00353,359.26,INR,2026-07-15 13:30:09.122833
ORDER_0001219,CUST_01996,266.44,INR,2026-06-28 03:48:31.122833
ORDER_0001220,CUST_00659,97545.13,INR,2026-06-14 15:19:46.122833
ORDER_0001221,CUST_01769,1682.02,INR,2026-08-15 00:38:21.122833
ORDER_0001222,CUST_00248,67176.72,INR,2026-07-01 09:46:16.122833
ORDER_0001223,CUST_01537,5559.89,INR,2026-06-26 23:07:12.122833
ORDER_0001224,CUST_00963,57749.58,INR,2026-08-28 01:30:38.122833
ORDER_0001225,CUST_00030,971.33,INR,2026-06-08 13:56:55.122833
ORDER_0001226,CUST_00508,75962.28,INR,2026-08-14 23:09:25.122833
ORDER_0001227,CUST_00601,78799.04,INR,2026-07-15 21:27:41.122833
ORDER_0001228,CUST_00260,17940.85,INR,2026-08-16 11:49:28.122833
ORDER_0001229,CUST_01831,71297.27,INR,2026-06-08 23:52:24.122833
ORDER_0001230,CUST_01962,7544.34,INR,2026-08-13 15:47:56.122833
ORDER_0001231,CUST_01898,4333.99,INR,2026-07-03 00:48:49.122833
ORDER_0001232,CUST_01563,591.33,INR,2026-06-06 17:51:42.122833
ORDER_0001233,CUST_01769,4687.59,INR,2026-08-31 06:08:59.122833
ORDER_0001234,CUST_01101,9506.92,INR,2026-07-16 12:00:43.122833
ORDER_0001235,CUST_01813,237.42,INR,2026-08-26 09:26:42.122833
ORDER_0001236,CUST_00445,99078.59,INR,2026-06-17 02:27:16.122833
ORDER_0001237,CUST_00353,81223.76,INR,2026-08-29 12:00:42.122833
ORDER_0001238,CUST_00969,255.5,INR,2026-06-04 04:33:16.122833
ORDER_0001239,CUST_01784,452.16,INR,2026-07-20 21:12:35.122833
ORDER_0001240,CUST_00864,95967.62,INR,2026-06-29 13:22:54.122833
ORDER_0001241,CUST_01897,5378.81,INR,2026-07-14 20:14:19.122833
ORDER_0001242,CUST_00611,952.6,INR,2026-07-06 21:46:30.122833
ORDER_0001243,CUST_00740,1602.15,INR,2026-07-31 14:40:57.122833
ORDER_0001244,CUST_01865,360.39,INR,2026-07-13 00:31:11.122833
ORDER_0001245,CUST_00715,9611.71,INR,2026-08-02 19:26:26.122833
ORDER_0001246,CUST_01328,65046.41,INR,2026-06-15 03:57:14.122833
ORDER_0001247,CUST_01262,43601.92,INR,2026-08-25 11:51:28.122833
ORDER_0001248,CUST_01398,215.32,INR,2026-07-16 00:07:56.122833
ORDER_0001249,CUST_00650,95011.91,INR,2026-06-25 06:18:55.122833
ORDER_0001250,CUST_01843,9122.99,INR,2026-08-17 23:45:21.122833
ORDER_0001251,CUST_01591,81443.62,INR,2026-06-21 11:17:51.122833
ORDER_0001252,CUST_01817,80343.56,INR,2026-08-30 02:02:09.122833
ORDER_0001253,CUST_00836,306.03,INR,2026-07-20 00:51:25.122833
ORDER_0001254,CUST_01363,606.97,INR,2026-07-09 21:29:00.122833
ORDER_0001255,CUST_00667,6612.46,INR,2026-07-17 12:30:31.122833
ORDER_0001256,CUST_00282,9018.2,INR,2026-06-09 02:18:44.122833
ORDER_0001257,CUST_00447,7996.9,INR,2026-08-10 17:13:46.122833
ORDER_0001258,CUST_00337,228.78,INR,2026-06-24 06:46:08.122833
ORDER_0001259,CUST_00810,3944.93,INR,2026-07-27 03:38:06.122833
ORDER_0001260,CUST_01682,3454.82,INR,2026-07-31 07:35:00.122833
ORDER_0001261,CUST_00370,894.89,INR,2026-08-31 06:45:47.122833
ORDER_0001262,CUST_00211,76007.79,INR,2026-08-27 12:01:55.122833
ORDER_0001263,CUST_01421,8189.64,INR,2026-07-13 16:00:21.122833
ORDER_0001264,CUST_00839,730.58,INR,2026-06-16 14:02:52.122833
ORDER_0001265,CUST_01425,1259.39,INR,2026-06-10 05:46:17.122833
ORDER_0001266,CUST_00134,7982.17,INR,2026-08-02 08:47:37.122833
ORDER_0001267,CUST_00450,2412.81,INR,2026-06-13 01:25:42.122833
ORDER_0001268,CUST_00538,27800.26,INR,2026-07-16 14:42:29.122833
ORDER_0001269,CUST_01735,356.29,INR,2026-06-14 15:06:26.122833
ORDER_0001270,CUST_01033,147.18,INR,2026-07-03 04:59:38.122833
ORDER_0001271,CUST_00922,4375.26,INR,2026-08-04 08:25:07.122833
ORDER_0001272,CUST_00701,391.5,INR,2026-08-04 02:06:37.122833
ORDER_0001273,CUST_01619,61167.67,INR,2026-06-08 00:31:33.122833
ORDER_0001274,CUST_01482,750.5,INR,2026-06-16 04:22:55.122833
ORDER_0001275,CUST_01321,236.41,INR,2026-06-11 12:24:45.122833
ORDER_0001276,CUST_00124,9750.87,INR,2026-07-05 22:56:53.122833
ORDER_0001277,CUST_00031,59060.02,INR,2026-07-13 00:32:14.122833
ORDER_0001278,CUST_01463,677.64,INR,2026-08-20 15:58:14.122833
ORDER_0001279,CUST_01393,2431.54,INR,2026-06-24 16:14:10.122833
ORDER_0001280,CUST_00602,315.34,INR,2026-08-04 00:26:10.122833
ORDER_0001281,CUST_01864,858.6,INR,2026-08-15 05:51:44.122833
ORDER_0001282,CUST_01051,88343.48,INR,2026-07-03 14:45:29.122833
ORDER_0001283,CUST_00360,390.66,INR,2026-07-22 03:19:34.122833
ORDER_0001284,CUST_00684,70267.79,INR,2026-07-12 21:14:31.122833
ORDER_0001285,CUST_01354,595.03,INR,2026-06-24 21:09:08.122833
ORDER_0001286,CUST_01076,73164.18,INR,2026-08-27 04:45:03.122833
ORDER_0001287,CUST_00842,431.31,INR,2026-06-17 09:08:47.122833
ORDER_0001288,CUST_00382,9236.81,INR,2026-06-28 09:21:59.122833
ORDER_0001289,CUST_00891,600.64,INR,2026-08-14 19:42:41.122833
ORDER_0001290,CUST_00552,4010.37,INR,2026-07-10 17:15:52.122833
ORDER_0001291,CUST_00650,12593.57,INR,2026-08-04 20:15:24.122833
ORDER_0001292,CUST_00079,704.66,INR,2026-06-06 15:26:23.122833
ORDER_0001293,CUST_00546,448.71,INR,2026-06-22 00:43:51.122833
ORDER_0001294,CUST_00696,36874.88,INR,2026-08-07 01:22:45.122833
ORDER_0001295,CUST_01268,6339.32,INR,2026-06-07 21:03:01.122833
ORDER_0001296,CUST_00670,3068.29,INR,2026-06-23 15:33:34.122833
ORDER_0001297,CUST_01331,559.99,INR,2026-08-25 03:08:39.122833
ORDER_0001298,CUST_00008,74794.79,INR,2026-07-04 09:09:57.122833
ORDER_0001299,CUST_00244,4516.79,INR,2026-07-19 05:15:17.122833
ORDER_0001300,CUST_01927,604.75,INR,2026-06-10 03:21:30.122833
ORDER_0001301,CUST_01826,86741.33,INR,2026-06-07 10:56:18.122833
ORDER_0001302,CUST_01959,9521.08,INR,2026-07-15 19:25:52.122833
ORDER_0001303,CUST_01546,443.28,INR,2026-07-08 07:58:58.122833
ORDER_0001304,CUST_01121,2717.07,INR,2026-06-09 23:41:21.122833
ORDER_0001305,CUST_00605,351.98,INR,2026-08-28 20:04:19.122833
ORDER_0001306,CUST_00105,208.07,INR,2026-06-14 06:44:32.122833
ORDER_0001307,CUST_00771,927.47,INR,2026-08-27 01:35:25.122833
ORDER_0001308,CUST_01865,937.94,INR,2026-08-11 23:17:31.122833
ORDER_0001309,CUST_01479,62179.93,INR,2026-06-29 02:48:51.122833
ORDER_0001310,CUST_01656,53175.25,INR,2026-08-08 18:22:44.122833
ORDER_0001311,CUST_00641,237.97,INR,2026-06-06 04:57:23.122833
ORDER_0001312,CUST_00820,547.68,INR,2026-07-28 14:18:52.122833
ORDER_0001313,CUST_01580,6909.49,INR,2026-08-10 12:33:20.122833
ORDER_0001314,CUST_00011,353.41,INR,2026-08-06 18:28:23.122833
ORDER_0001315,CUST_00213,8847.92,INR,2026-08-20 06:37:34.122833
ORDER_0001316,CUST_00317,6851.64,INR,2026-07-26 20:47:58.122833
ORDER_0001317,CUST_00098,30836.88,INR,2026-06-07 04:34:08.122833
ORDER_0001318,CUST_01383,1795.74,INR,2026-07-25 11:21:11.122833
ORDER_0001319,CUST_01402,43414.51,INR,2026-07-25 02:26:35.122833
ORDER_0001320,CUST_01519,231.13,INR,2026-07-28 22:21:22.122833
ORDER_0001321,CUST_00754,5207.36,INR,2026-06-16 22:22:29.122833
ORDER_0001322,CUST_01044,54505.96,INR,2026-07-12 04:40:03.122833
ORDER_0001323,CUST_00675,424.3,INR,2026-07-04 21:51:15.122833
ORDER_0001324,CUST_01175,50569.19,INR,2026-08-25 06:30:15.122833
ORDER_0001325,CUST_00499,40910.84,INR,2026-06-16 16:21:24.122833
ORDER_0001326,CUST_00774,638.91,INR,2026-08-24 05:33:59.122833
ORDER_0001327,CUST_01442,818.86,INR,2026-08-21 16:01:16.122833
ORDER_0001328,CUST_00993,723.89,INR,2026-07-21 06:40:23.122833
ORDER_0001329,CUST_01237,5676.12,INR,2026-07-26 01:00:10.122833
ORDER_0001330,CUST_01626,30410.41,INR,2026-08-18 01:53:42.122833
ORDER_0001331,CUST_00399,2052.29,INR,2026-07-25 20:20:50.122833
ORDER_0001332,CUST_01865,943.24,INR,2026-07-28 14:55:02.122833
ORDER_0001333,CUST_01382,416.02,INR,2026-06-24 12:33:04.122833
ORDER_0001334,CUST_01580,676.42,INR,2026-08-11 03:14:09.122833
ORDER_0001335,CUST_00362,100.54,INR,2026-07-20 16:16:16.122833
ORDER_0001336,CUST_00884,229.92,INR,2026-08-14 23:30:27.122833
ORDER_0001337,CUST_01991,465.51,INR,2026-08-20 16:16:26.122833
ORDER_0001338,CUST_00676,271.91,INR,2026-06-20 15:06:35.122833
ORDER_0001339,CUST_01931,7124.33,INR,2026-06-14 03:32:42.122833
ORDER_0001340,CUST_00596,46270.07,INR,2026-07-30 14:46:56.122833
ORDER_0001341,CUST_01734,4489.73,INR,2026-08-01 17:20:23.122833
ORDER_0001342,CUST_00013,630.72,INR,2026-08-07 12:49:22.122833
ORDER_0001343,CUST_00491,542.2,INR,2026-06-27 10:22:49.122833
ORDER_0001344,CUST_01746,44537.97,INR,2026-08-16 08:05:57.122833
ORDER_0001345,CUST_01629,7197.32,INR,2026-08-08 02:10:35.122833
ORDER_0001346,CUST_01943,1245.95,INR,2026-08-15 07:04:41.122833
ORDER_0001347,CUST_01362,915.29,INR,2026-06-26 10:09:49.122833
ORDER_0001348,CUST_01806,7440.48,INR,2026-07-09 11:28:55.122833
ORDER_0001349,CUST_00835,774.15,INR,2026-07-03 22:42:43.122833
ORDER_0001350,CUST_00050,378.83,INR,2026-08-01 04:25:46.122833
ORDER_0001351,CUST_01707,21554.57,INR,2026-08-17 09:50:30.122833
ORDER_0001352,CUST_00689,125.41,INR,2026-07-17 13:39:08.122833
ORDER_0001353,CUST_01707,82117.69,INR,2026-08-05 01:36:05.122833
ORDER_0001354,CUST_00603,20590.17,INR,2026-07-20 06:42:30.122833
ORDER_0001355,CUST_00488,256.53,INR,2026-06-30 18:46:53.122833
ORDER_0001356,CUST_01018,641.01,INR,2026-06-21 22:21:18.122833
ORDER_0001357,CUST_00057,44857.33,INR,2026-08-19 22:21:04.122833
ORDER_0001358,CUST_00743,2589.68,INR,2026-06-20 08:02:05.122833
ORDER_0001359,CUST_01641,8790.09,INR,2026-06-24 19:21:00.122833
ORDER_0001360,CUST_01337,742.45,INR,2026-06-12 10:57:53.122833
ORDER_0001361,CUST_00509,98091.72,INR,2026-07-27 05:42:56.122833
ORDER_0001362,CUST_01732,5465.31,INR,2026-06-04 14:13:14.122833
ORDER_0001363,CUST_00633,43145.95,INR,2026-06-12 22:07:37.122833
ORDER_0001364,CUST_01238,49266.2,INR,2026-07-13 14:17:26.122833
ORDER_0001365,CUST_00511,89000.29,INR,2026-07-07 07:43:56.122833
ORDER_0001366,CUST_00768,527.16,INR,2026-06-14 08:20:25.122833
ORDER_0001367,CUST_00857,121.7,INR,2026-07-15 21:51:28.122833
ORDER_0001368,CUST_00897,5913.27,INR,2026-06-09 02:03:50.122833
ORDER_0001369,CUST_01207,973.78,INR,2026-07-26 22:28:56.122833
ORDER_0001370,CUST_01542,37030.88,INR,2026-08-09 16:55:02.122833
ORDER_0001371,CUST_00553,451.64,INR,2026-06-13 13:05:50.122833
ORDER_0001372,CUST_01497,3392.99,INR,2026-08-27 01:48:34.122833
ORDER_0001373,CUST_01066,3875.76,INR,2026-08-19 09:21:17.122833
ORDER_0001374,CUST_01780,292.2,INR,2026-06-12 05:09:39.122833
ORDER_0001375,CUST_00494,255.18,INR,2026-06-16 18:49:52.122833
ORDER_0001376,CUST_01029,700.37,INR,2026-07-18 23:27:33.122833
ORDER_0001377,CUST_01130,562.05,INR,2026-08-02 11:14:34.122833
ORDER_0001378,CUST_01873,778.07,INR,2026-08-21 23:41:16.122833
ORDER_0001379,CUST_00285,1537.06,INR,2026-08-17 09:22:08.122833
ORDER_0001380,CUST_00059,2733.45,INR,2026-07-10 12:56:21.122833
ORDER_0001381,CUST_00493,504.85,INR,2026-07-19 03:22:04.122833
ORDER_0001382,CUST_01543,89986.97,INR,2026-08-26 05:58:18.122833
ORDER_0001383,CUST_00805,2415.57,INR,2026-07-20 20:46:10.122833
ORDER_0001384,CUST_00130,795.79,INR,2026-07-27 03:11:22.122833
ORDER_0001385,CUST_01922,23100.74,INR,2026-06-06 11:27:05.122833
ORDER_0001386,CUST_01870,4539.41,INR,2026-07-02 01:33:49.122833
ORDER_0001387,CUST_01794,6447.66,INR,2026-07-22 06:06:22.122833
ORDER_0001388,CUST_00721,85555.69,INR,2026-08-09 02:24:49.122833
ORDER_0001389,CUST_00935,63940.77,INR,2026-06-15 22:13:14.122833
ORDER_0001390,CUST_00949,1818.89,INR,2026-07-24 07:44:12.122833
ORDER_0001391,CUST_01111,6682.29,INR,2026-06-28 22:25:32.122833
ORDER_0001392,CUST_01512,6349.9,INR,2026-08-29 16:20:06.122833
ORDER_0001393,CUST_00706,315.47,INR,2026-08-21 18:28:02.122833
ORDER_0001394,CUST_00299,35066.99,INR,2026-07-13 18:00:08.122833
ORDER_0001395,CUST_01465,702.72,INR,2026-08-19 11:43:46.122833
ORDER_0001396,CUST_01482,3655.14,INR,2026-08-10 18:53:31.122833
ORDER_0001397,CUST_01092,81822.76,INR,2026-07-23 02:18:54.122833
ORDER_0001398,CUST_00851,88853.11,INR,2026-06-26 13:58:46.122833
ORDER_0001399,CUST_00671,285.16,INR,2026-08-27 17:51:40.122833
ORDER_0001400,CUST_00909,5472.6,INR,2026-08-11 05:11:32.122833
ORDER_0001401,CUST_00032,343.67,INR,2026-06-27 07:55:07.122833
ORDER_0001402,CUST_01243,96986.23,INR,2026-07-10 18:18:35.122833
ORDER_0001403,CUST_01943,2700.35,INR,2026-07-16 18:02:01.122833
ORDER_0001404,CUST_00012,83904.24,INR,2026-07-27 16:37:39.122833
ORDER_0001405,CUST_01186,98341.99,INR,2026-07-20 03:07:16.122833
ORDER_0001406,CUST_01389,635.74,INR,2026-06-16 03:57:11.122833
ORDER_0001407,CUST_01903,262.99,INR,2026-06-06 13:58:56.122833
ORDER_0001408,CUST_00540,3496.2,INR,2026-06-14 23:16:47.122833
ORDER_0001409,CUST_01856,805.48,INR,2026-06-06 11:25:32.122833
ORDER_0001410,CUST_01085,6099.11,INR,2026-08-02 05:13:44.122833
ORDER_0001411,CUST_01089,747.61,INR,2026-08-01 15:08:09.122833
ORDER_0001412,CUST_00935,7765.54,INR,2026-08-23 05:29:46.122833
ORDER_0001413,CUST_00615,312.73,INR,2026-06-19 06:47:10.122833
ORDER_0001414,CUST_00252,28282.71,INR,2026-06-04 07:00:15.122833
ORDER_0001415,CUST_01703,1820.6,INR,2026-08-20 04:45:13.122833
ORDER_0001416,CUST_01303,537.63,INR,2026-06-26 02:19:21.122833
ORDER_0001417,CUST_00692,513.56,INR,2026-06-29 17:34:43.122833
ORDER_0001418,CUST_00040,37764.48,INR,2026-08-25 04:23:45.122833
ORDER_0001419,CUST_01646,639.74,INR,2026-08-23 20:40:31.122833
ORDER_0001420,CUST_01168,49827.48,INR,2026-08-27 19:49:50.122833
ORDER_0001421,CUST_01239,44214.64,INR,2026-08-15 21:04:26.122833
ORDER_0001422,CUST_01224,54236.78,INR,2026-07-05 19:57:19.122833
ORDER_0001423,CUST_01226,5491.29,INR,2026-07-31 11:44:16.122833
ORDER_0001424,CUST_01159,16962.13,INR,2026-08-07 22:31:08.122833
ORDER_0001425,CUST_00017,8092.63,INR,2026-07-06 21:31:58.122833
ORDER_0001426,CUST_01972,464.59,INR,2026-07-09 10:32:00.122833
ORDER_0001427,CUST_00118,12184.84,INR,2026-06-26 07:05:44.122833
ORDER_0001428,CUST_00464,680.93,INR,2026-07-10 08:29:49.122833
ORDER_0001429,CUST_01917,4235.69,INR,2026-08-11 21:49:22.122833
ORDER_0001430,CUST_00813,4817.24,INR,2026-06-24 18:56:26.122833
ORDER_0001431,CUST_00045,342.21,INR,2026-06-18 23:05:42.122833
ORDER_0001432,CUST_00834,56545.28,INR,2026-08-20 06:07:57.122833
ORDER_0001433,CUST_00320,276.14,INR,2026-08-15 10:56:53.122833
ORDER_0001434,CUST_01309,24287.83,INR,2026-08-09 02:33:39.122833
ORDER_0001435,CUST_01520,3253.52,INR,2026-07-16 14:09:58.122833
ORDER_0001436,CUST_00693,234.13,INR,2026-06-24 20:10:48.122833
ORDER_0001437,CUST_01279,468.52,INR,2026-08-01 21:16:14.122833
ORDER_0001438,CUST_00491,80583.67,INR,2026-06-19 16:20:37.122833
ORDER_0001439,CUST_01976,359.42,INR,2026-06-25 12:51:21.122833
ORDER_0001440,CUST_00326,115.46,INR,2026-06-09 03:22:35.122833
ORDER_0001441,CUST_00741,80482.92,INR,2026-06-14 15:37:31.122833
ORDER_0001442,CUST_01409,801.15,INR,2026-06-17 10:13:29.122833
ORDER_0001443,CUST_00865,2681.26,INR,2026-08-24 15:36:29.122833
ORDER_0001444,CUST_00392,83197.52,INR,2026-07-21 13:57:27.122833
ORDER_0001445,CUST_00250,4544.25,INR,2026-06-17 17:39:35.122833
ORDER_0001446,CUST_01807,3177.33,INR,2026-07-28 07:33:57.122833
ORDER_0001447,CUST_01554,50944.97,INR,2026-06-13 06:23:41.122833
ORDER_0001448,CUST_00460,742.09,INR,2026-06-09 02:39:30.122833
ORDER_0001449,CUST_01881,35848.22,INR,2026-08-19 03:47:32.122833
ORDER_0001450,CUST_01975,59528.42,INR,2026-07-11 19:30:58.122833
ORDER_0001451,CUST_01274,68261.79,INR,2026-07-06 23:05:39.122833
ORDER_0001452,CUST_01023,6197.25,INR,2026-08-14 13:47:33.122833
ORDER_0001453,CUST_01199,9431.83,INR,2026-06-14 20:31:29.122833
ORDER_0001454,CUST_01364,2862.04,INR,2026-08-23 08:14:28.122833
ORDER_0001455,CUST_00325,6439.56,INR,2026-07-01 16:17:31.122833
ORDER_0001456,CUST_00317,436.26,INR,2026-06-23 12:40:48.122833
ORDER_0001457,CUST_01636,23245.32,INR,2026-08-18 08:25:11.122833
ORDER_0001458,CUST_01916,2258.61,INR,2026-06-26 08:04:18.122833
ORDER_0001459,CUST_01315,9104.53,INR,2026-07-19 20:38:04.122833
ORDER_0001460,CUST_00992,459.32,INR,2026-07-17 13:55:49.122833
ORDER_0001461,CUST_01386,217.37,INR,2026-08-28 16:37:00.122833
ORDER_0001462,CUST_00181,1911.56,INR,2026-07-17 18:06:05.122833
ORDER_0001463,CUST_01539,918.45,INR,2026-07-30 16:21:24.122833
ORDER_0001464,CUST_01825,364.56,INR,2026-08-25 22:25:01.122833
ORDER_0001465,CUST_00273,1609.8,INR,2026-08-31 02:44:46.122833
ORDER_0001466,CUST_01678,19117.25,INR,2026-08-10 15:21:34.122833
ORDER_0001467,CUST_01027,55855.6,INR,2026-07-23 04:35:41.122833
ORDER_0001468,CUST_00913,40063.68,INR,2026-07-17 06:55:13.122833
ORDER_0001469,CUST_01269,43117.08,INR,2026-07-29 10:57:39.122833
ORDER_0001470,CUST_01294,53876.51,INR,2026-06-06 02:36:50.122833
ORDER_0001471,CUST_00449,77404.36,INR,2026-06-09 03:09:35.122833
ORDER_0001472,CUST_01395,2379.97,INR,2026-08-05 17:42:43.122833
ORDER_0001473,CUST_00631,742.84,INR,2026-06-16 09:44:27.122833
ORDER_0001474,CUST_01984,2767.01,INR,2026-07-10 21:22:55.122833
ORDER_0001475,CUST_01496,298.21,INR,2026-06-21 11:34:02.122833
ORDER_0001476,CUST_01099,476.54,INR,2026-07-14 01:08:26.122833
ORDER_0001477,CUST_00708,592.35,INR,2026-06-09 00:41:15.122833
ORDER_0001478,CUST_00100,247.05,INR,2026-06-23 20:53:30.122833
ORDER_0001479,CUST_01865,9830.78,INR,2026-06-13 16:33:22.122833
ORDER_0001480,CUST_01437,90946.48,INR,2026-08-12 06:32:44.122833
ORDER_0001481,CUST_00954,8655.34,INR,2026-07-28 14:58:24.122833
ORDER_0001482,CUST_01030,9002.53,INR,2026-08-02 21:55:24.122833
ORDER_0001483,CUST_01670,70097.67,INR,2026-07-29 20:39:02.122833
ORDER_0001484,CUST_00269,568.04,INR,2026-06-24 13:26:46.122833
ORDER_0001485,CUST_01287,34496.97,INR,2026-07-01 18:44:28.122833
ORDER_0001486,CUST_00549,46423.82,INR,2026-07-01 18:12:48.122833
ORDER_0001487,CUST_01797,84166.21,INR,2026-06-24 07:26:57.122833
ORDER_0001488,CUST_00194,2970.57,INR,2026-08-29 11:34:28.122833
ORDER_0001489,CUST_00086,1887.38,INR,2026-07-12 15:53:50.122833
ORDER_0001490,CUST_00830,768.27,INR,2026-06-26 03:25:01.122833
ORDER_0001491,CUST_01030,246.2,INR,2026-08-16 20:09:59.122833
ORDER_0001492,CUST_00816,9003.76,INR,2026-06-17 13:19:04.122833
ORDER_0001493,CUST_01811,9805.23,INR,2026-06-14 01:51:07.122833
ORDER_0001494,CUST_00243,5378.68,INR,2026-07-29 17:29:24.122833
ORDER_0001495,CUST_01715,292.63,INR,2026-07-31 21:06:08.122833
ORDER_0001496,CUST_00775,63818.39,INR,2026-07-09 04:29:00.122833
ORDER_0001497,CUST_01283,17407.92,INR,2026-06-03 10:08:51.122833
ORDER_0001498,CUST_00393,90692.32,INR,2026-08-04 12:14:37.122833
ORDER_0001499,CUST_01035,236.7,INR,2026-06-15 13:24:12.122833
ORDER_0001500,CUST_00599,71086.58,INR,2026-07-07 06:49:07.122833
ORDER_0001501,CUST_00010,1787.68,INR,2026-07-04 15:39:02.122833
ORDER_0001502,CUST_01424,189.97,INR,2026-08-01 05:56:06.122833
ORDER_0001503,CUST_00754,9302.96,INR,2026-08-21 14:52:07.122833
ORDER_0001504,CUST_00401,63403.31,INR,2026-08-22 20:21:58.122833
ORDER_0001505,CUST_00869,573.48,INR,2026-07-17 11:41:13.122833
ORDER_0001506,CUST_00030,67911.76,INR,2026-07-22 14:08:55.122833
ORDER_0001507,CUST_00701,186.51,INR,2026-07-10 19:02:16.122833
ORDER_0001508,CUST_01786,6985.08,INR,2026-07-07 10:19:02.122833
ORDER_0001509,CUST_01774,3757.59,INR,2026-07-13 04:18:16.122833
ORDER_0001510,CUST_01491,3116.13,INR,2026-08-06 06:51:08.122833
ORDER_0001511,CUST_01643,393.95,INR,2026-06-06 04:06:34.122833
ORDER_0001512,CUST_01504,171.51,INR,2026-07-16 04:25:28.122833
ORDER_0001513,CUST_01204,7504.93,INR,2026-08-08 08:52:55.122833
ORDER_0001514,CUST_00062,3153.29,INR,2026-06-14 12:05:11.122833
ORDER_0001515,CUST_00195,70447.66,INR,2026-07-29 15:44:12.122833
ORDER_0001516,CUST_00794,90603.07,INR,2026-06-05 21:12:31.122833
ORDER_0001517,CUST_01321,427.79,INR,2026-06-05 15:29:03.122833
ORDER_0001518,CUST_00313,8232.65,INR,2026-07-17 14:24:25.122833
ORDER_0001519,CUST_01212,4577.41,INR,2026-07-16 06:02:13.122833
ORDER_0001520,CUST_00521,3942.17,INR,2026-08-05 12:33:32.122833
ORDER_0001521,CUST_01867,60991.19,INR,2026-06-20 11:01:37.122833
ORDER_0001522,CUST_01868,8048.86,INR,2026-06-11 15:34:28.122833
ORDER_0001523,CUST_00902,538.2,INR,2026-06-25 21:39:35.122833
ORDER_0001524,CUST_00942,561.51,INR,2026-08-11 13:54:50.122833
ORDER_0001525,CUST_00846,1346.04,INR,2026-08-10 15:57:56.122833
ORDER_0001526,CUST_01582,408.67,INR,2026-07-19 11:21:59.122833
ORDER_0001527,CUST_00794,794.41,INR,2026-07-04 21:11:15.122833
ORDER_0001528,CUST_00080,8719.97,INR,2026-07-24 03:22:45.122833
ORDER_0001529,CUST_01698,63143.9,INR,2026-06-21 16:37:05.122833
ORDER_0001530,CUST_01767,9548.35,INR,2026-08-11 10:00:21.122833
ORDER_0001531,CUST_01433,3611.74,INR,2026-06-06 22:05:20.122833
ORDER_0001532,CUST_00095,356.04,INR,2026-07-18 16:04:14.122833
ORDER_0001533,CUST_01960,51718.88,INR,2026-07-28 02:58:58.122833
ORDER_0001534,CUST_00217,3836.62,INR,2026-06-28 07:09:41.122833
ORDER_0001535,CUST_00301,370.25,INR,2026-08-06 11:55:28.122833
ORDER_0001536,CUST_00558,33882.93,INR,2026-06-24 20:29:16.122833
ORDER_0001537,CUST_00349,9568.08,INR,2026-06-02 19:36:30.122833
ORDER_0001538,CUST_01735,9627.74,INR,2026-07-24 13:36:19.122833
ORDER_0001539,CUST_00240,47507.96,INR,2026-08-25 22:13:24.122833
ORDER_0001540,CUST_00323,8151.67,INR,2026-08-16 06:02:00.122833
ORDER_0001541,CUST_00208,640.22,INR,2026-07-24 10:53:04.122833
ORDER_0001542,CUST_00706,695.16,INR,2026-08-31 11:14:13.122833
ORDER_0001543,CUST_00509,39572.86,INR,2026-08-05 07:11:39.122833
ORDER_0001544,CUST_00768,17170.92,INR,2026-06-26 10:38:44.122833
ORDER_0001545,CUST_00475,21688.97,INR,2026-08-12 13:45:24.122833
ORDER_0001546,CUST_01298,6917.11,INR,2026-06-18 07:31:45.122833
ORDER_0001547,CUST_01209,915.36,INR,2026-08-15 21:09:35.122833
ORDER_0001548,CUST_00140,58808.76,INR,2026-08-03 15:23:43.122833
ORDER_0001549,CUST_01681,161.73,INR,2026-06-25 20:33:35.122833
ORDER_0001550,CUST_00244,7933.05,INR,2026-06-19 23:23:46.122833
ORDER_0001551,CUST_00140,20929.51,INR,2026-07-17 18:35:09.122833
ORDER_0001552,CUST_01611,559.7,INR,2026-07-07 04:30:30.122833
ORDER_0001553,CUST_01331,810.1,INR,2026-07-25 13:00:58.122833
ORDER_0001554,CUST_01226,91982.79,INR,2026-08-19 16:41:42.122833
ORDER_0001555,CUST_01156,972.48,INR,2026-06-16 18:08:00.122833
ORDER_0001556,CUST_01542,407.89,INR,2026-07-19 01:47:38.122833
ORDER_0001557,CUST_01878,7815.83,INR,2026-08-24 11:10:42.122833
ORDER_0001558,CUST_01551,19321.24,INR,2026-08-16 22:15:16.122833
ORDER_0001559,CUST_00114,27112.93,INR,2026-07-19 12:49:20.122833
ORDER_0001560,CUST_01143,16021.05,INR,2026-06-24 14:43:59.122833
ORDER_0001561,CUST_01188,80268.9,INR,2026-08-16 10:32:59.122833
ORDER_0001562,CUST_00839,512.07,INR,2026-06-06 03:08:06.122833
ORDER_0001563,CUST_00965,41987.93,INR,2026-07-08 18:26:23.122833
ORDER_0001564,CUST_00579,4739.8,INR,2026-08-25 06:59:10.122833
ORDER_0001565,CUST_00486,18637.96,INR,2026-07-27 02:33:00.122833
ORDER_0001566,CUST_00300,52608.68,INR,2026-07-26 03:41:47.122833
ORDER_0001567,CUST_00945,753.31,INR,2026-08-17 22:13:05.122833
ORDER_0001568,CUST_01063,3853.6,INR,2026-07-01 02:09:21.122833
ORDER_0001569,CUST_00902,94514.38,INR,2026-06-15 21:24:36.122833
ORDER_0001570,CUST_01665,8341.24,INR,2026-07-05 14:29:06.122833
ORDER_0001571,CUST_01261,9831.79,INR,2026-06-09 21:23:15.122833
ORDER_0001572,CUST_00645,548.46,INR,2026-06-30 06:49:28.122833
ORDER_0001573,CUST_00651,88255.44,INR,2026-07-31 03:14:18.122833
ORDER_0001574,CUST_00299,1901.1,INR,2026-08-16 03:55:53.122833
ORDER_0001575,CUST_00312,400.41,INR,2026-07-29 03:03:17.122833
ORDER_0001576,CUST_00282,34886.34,INR,2026-08-14 21:16:15.122833
ORDER_0001577,CUST_01811,83041.94,INR,2026-07-28 15:42:55.122833
ORDER_0001578,CUST_01674,91568.75,INR,2026-07-01 11:41:50.122833
ORDER_0001579,CUST_00259,4632.85,INR,2026-08-30 19:24:47.122833
ORDER_0001580,CUST_01235,39993.99,INR,2026-06-07 15:39:29.122833
ORDER_0001581,CUST_01302,223.2,INR,2026-06-12 23:17:37.122833
ORDER_0001582,CUST_01652,1382.72,INR,2026-07-25 05:14:00.122833
ORDER_0001583,CUST_00465,196.2,INR,2026-06-10 13:27:33.122833
ORDER_0001584,CUST_01786,92634.68,INR,2026-08-25 17:54:14.122833
ORDER_0001585,CUST_00307,52328.41,INR,2026-08-10 08:30:02.122833
ORDER_0001586,CUST_00411,83995.81,INR,2026-07-22 02:00:56.122833
ORDER_0001587,CUST_00729,4671.19,INR,2026-07-28 14:09:05.122833
ORDER_0001588,CUST_00964,26879.5,INR,2026-06-25 16:44:21.122833
ORDER_0001589,CUST_01494,153.43,INR,2026-08-21 16:48:47.122833
ORDER_0001590,CUST_00603,46406.85,INR,2026-07-12 13:19:46.122833
ORDER_0001591,CUST_01284,919.67,INR,2026-08-10 05:34:16.122833
ORDER_0001592,CUST_00865,478.2,INR,2026-07-11 23:21:10.122833
ORDER_0001593,CUST_00875,72217.0,INR,2026-06-20 11:56:59.122833
ORDER_0001594,CUST_00544,833.0,INR,2026-06-15 10:59:32.122833
ORDER_0001595,CUST_00965,739.96,INR,2026-08-12 14:18:23.122833
ORDER_0001596,CUST_00763,4552.47,INR,2026-06-13 12:46:23.122833
ORDER_0001597,CUST_01741,74551.29,INR,2026-06-03 22:25:39.122833
ORDER_0001598,CUST_00639,472.02,INR,2026-08-11 22:08:20.122833
ORDER_0001599,CUST_00241,2109.2,INR,2026-07-09 08:51:25.122833
ORDER_0001600,CUST_01771,693.57,INR,2026-08-24 21:04:53.122833
ORDER_0001601,CUST_00306,41786.04,INR,2026-08-24 21:54:51.122833
ORDER_0001602,CUST_01464,3184.92,INR,2026-07-15 01:41:56.122833
ORDER_0001603,CUST_00932,144.04,INR,2026-08-17 11:08:33.122833
ORDER_0001604,CUST_01596,1536.33,INR,2026-06-22 09:20:45.122833
ORDER_0001605,CUST_00437,8931.76,INR,2026-06-19 18:56:40.122833
ORDER_0001606,CUST_01143,80712.57,INR,2026-06-08 22:30:47.122833
ORDER_0001607,CUST_00156,4130.59,INR,2026-06-22 02:33:05.122833
ORDER_0001608,CUST_01331,3480.54,INR,2026-06-28 18:40:13.122833
ORDER_0001609,CUST_01331,244.41,INR,2026-08-17 10:14:41.122833
ORDER_0001610,CUST_00130,29698.56,INR,2026-07-22 02:02:47.122833
ORDER_0001611,CUST_01287,2302.23,INR,2026-07-23 06:46:43.122833
ORDER_0001612,CUST_01055,87580.22,INR,2026-08-19 05:14:40.122833
ORDER_0001613,CUST_00242,379.2,INR,2026-06-26 00:27:41.122833
ORDER_0001614,CUST_00658,31986.48,INR,2026-07-26 13:50:28.122833
ORDER_0001615,CUST_00906,870.27,INR,2026-08-02 12:35:26.122833
ORDER_0001616,CUST_01340,547.33,INR,2026-07-04 09:12:27.122833
ORDER_0001617,CUST_01009,7927.18,INR,2026-06-02 17:46:04.122833
ORDER_0001618,CUST_00718,75935.7,INR,2026-08-15 18:59:30.122833
ORDER_0001619,CUST_00826,482.36,INR,2026-08-02 15:41:04.122833
ORDER_0001620,CUST_00902,64141.51,INR,2026-07-07 05:58:22.122833
ORDER_0001621,CUST_00082,186.48,INR,2026-07-04 03:00:20.122833
ORDER_0001622,CUST_01085,141.22,INR,2026-07-24 07:08:49.122833
ORDER_0001623,CUST_01127,400.09,INR,2026-08-08 13:33:01.122833
ORDER_0001624,CUST_00498,6086.43,INR,2026-08-25 17:34:34.122833
ORDER_0001625,CUST_01939,58148.26,INR,2026-06-09 15:32:39.122833
ORDER_0001626,CUST_01922,59371.13,INR,2026-06-15 18:37:05.122833
ORDER_0001627,CUST_00239,298.66,INR,2026-06-27 11:57:06.122833
ORDER_0001628,CUST_00480,6287.5,INR,2026-08-04 00:42:29.122833
ORDER_0001629,CUST_00104,5048.53,INR,2026-08-31 06:25:55.122833
ORDER_0001630,CUST_01171,82487.42,INR,2026-07-24 17:24:41.122833
ORDER_0001631,CUST_00340,9444.45,INR,2026-08-08 11:50:36.122833
ORDER_0001632,CUST_01016,78159.38,INR,2026-06-03 05:10:36.122833
ORDER_0001633,CUST_00802,5405.95,INR,2026-08-27 18:18:56.122833
ORDER_0001634,CUST_00553,62459.13,INR,2026-06-29 13:22:57.122833
ORDER_0001635,CUST_00740,7267.41,INR,2026-07-26 14:36:25.122833
ORDER_0001636,CUST_01008,18776.01,INR,2026-07-28 02:31:55.122833
ORDER_0001637,CUST_01670,119.23,INR,2026-06-25 08:08:09.122833
ORDER_0001638,CUST_01465,763.73,INR,2026-06-21 18:54:36.122833
ORDER_0001639,CUST_01672,219.37,INR,2026-08-01 15:54:53.122833
ORDER_0001640,CUST_00143,221.06,INR,2026-07-08 04:42:12.122833
ORDER_0001641,CUST_00137,36963.43,INR,2026-07-14 12:35:02.122833
ORDER_0001642,CUST_00864,1569.41,INR,2026-07-09 07:22:09.122833
ORDER_0001643,CUST_01500,57972.67,INR,2026-08-23 10:28:55.122833
ORDER_0001644,CUST_01243,903.61,INR,2026-06-09 16:57:48.122833
ORDER_0001645,CUST_01480,238.37,INR,2026-06-28 10:30:57.122833
ORDER_0001646,CUST_00007,89544.58,INR,2026-08-29 01:38:46.122833
ORDER_0001647,CUST_00281,9090.78,INR,2026-08-27 15:47:56.122833
ORDER_0001648,CUST_00891,63484.26,INR,2026-07-27 16:15:16.122833
ORDER_0001649,CUST_00506,5041.53,INR,2026-06-29 16:53:25.122833
ORDER_0001650,CUST_01296,384.16,INR,2026-06-21 15:42:22.122833
ORDER_0001651,CUST_00552,465.23,INR,2026-08-26 12:37:15.122833
ORDER_0001652,CUST_01803,623.26,INR,2026-06-24 21:41:33.122833
ORDER_0001653,CUST_01512,87145.82,INR,2026-07-19 03:15:54.122833
ORDER_0001654,CUST_00100,455.15,INR,2026-06-07 17:28:17.122833
ORDER_0001655,CUST_01702,566.16,INR,2026-06-25 22:43:49.122833
ORDER_0001656,CUST_00845,917.2,INR,2026-06-26 01:05:17.122833
ORDER_0001657,CUST_01452,585.1,INR,2026-06-27 19:24:44.122833
ORDER_0001658,CUST_00344,335.03,INR,2026-07-14 03:01:34.122833
ORDER_0001659,CUST_01467,541.46,INR,2026-08-09 10:37:46.122833
ORDER_0001660,CUST_00596,672.62,INR,2026-07-13 13:58:52.122833
ORDER_0001661,CUST_01136,5920.54,INR,2026-07-17 08:20:15.122833
ORDER_0001662,CUST_01140,248.17,INR,2026-06-05 19:30:27.122833
ORDER_0001663,CUST_01510,79777.38,INR,2026-06-04 22:46:17.122833
ORDER_0001664,CUST_00118,876.6,INR,2026-08-15 03:36:14.122833
ORDER_0001665,CUST_01651,17295.69,INR,2026-06-21 02:04:48.122833
ORDER_0001666,CUST_01490,49508.12,INR,2026-08-04 11:15:36.122833
ORDER_0001667,CUST_00101,77362.46,INR,2026-06-05 02:34:45.122833
ORDER_0001668,CUST_00505,38155.96,INR,2026-06-13 18:42:04.122833
ORDER_0001669,CUST_00874,5536.18,INR,2026-06-27 22:04:56.122833
ORDER_0001670,CUST_00073,23314.93,INR,2026-07-28 13:26:20.122833
ORDER_0001671,CUST_00233,586.01,INR,2026-06-17 05:14:06.122833
ORDER_0001672,CUST_01601,258.15,INR,2026-07-03 02:18:09.122833
ORDER_0001673,CUST_01768,441.5,INR,2026-06-06 21:13:59.122833
ORDER_0001674,CUST_00907,639.29,INR,2026-07-09 06:55:32.122833
ORDER_0001675,CUST_00636,42532.01,INR,2026-06-29 07:20:45.122833
ORDER_0001676,CUST_00341,577.03,INR,2026-07-12 16:39:36.122833
ORDER_0001677,CUST_01356,3424.68,INR,2026-07-08 11:30:59.122833
ORDER_0001678,CUST_01532,83942.04,INR,2026-07-09 00:56:11.122833
ORDER_0001679,CUST_01310,5972.89,INR,2026-06-07 17:56:57.122833
ORDER_0001680,CUST_01554,64189.23,INR,2026-07-26 19:12:37.122833
ORDER_0001681,CUST_01355,99886.69,INR,2026-08-17 04:39:58.122833
ORDER_0001682,CUST_00159,672.62,INR,2026-06-14 19:25:20.122833
ORDER_0001683,CUST_00056,158.06,INR,2026-08-25 14:32:47.122833
ORDER_0001684,CUST_01382,21183.8,INR,2026-08-30 11:01:00.122833
ORDER_0001685,CUST_00383,1044.75,INR,2026-08-24 19:11:35.122833
ORDER_0001686,CUST_00350,679.4,INR,2026-07-22 15:56:50.122833
ORDER_0001687,CUST_00946,26891.56,INR,2026-06-08 19:52:55.122833
ORDER_0001688,CUST_00675,459.74,INR,2026-08-09 05:39:50.122833
ORDER_0001689,CUST_00205,75339.07,INR,2026-07-28 01:52:14.122833
ORDER_0001690,CUST_00207,7002.81,INR,2026-06-17 23:54:46.122833
ORDER_0001691,CUST_00976,118.64,INR,2026-07-08 08:27:52.122833
ORDER_0001692,CUST_01125,750.02,INR,2026-07-02 15:45:00.122833
ORDER_0001693,CUST_01136,964.7,INR,2026-08-21 09:50:58.122833
ORDER_0001694,CUST_00323,451.17,INR,2026-07-07 00:49:11.122833
ORDER_0001695,CUST_01776,951.53,INR,2026-06-20 17:08:55.122833
ORDER_0001696,CUST_00262,3061.71,INR,2026-07-25 08:44:23.122833
ORDER_0001697,CUST_01515,96329.66,INR,2026-06-04 20:34:26.122833
ORDER_0001698,CUST_01788,5228.49,INR,2026-08-25 09:29:47.122833
ORDER_0001699,CUST_00506,83324.97,INR,2026-08-30 13:26:20.122833
ORDER_0001700,CUST_01317,7948.33,INR,2026-06-26 00:58:06.122833
ORDER_0001701,CUST_00702,5508.73,INR,2026-07-04 18:56:06.122833
ORDER_0001702,CUST_00135,64908.57,INR,2026-06-08 13:44:24.122833
ORDER_0001703,CUST_01518,36072.66,INR,2026-06-08 04:24:14.122833
ORDER_0001704,CUST_01280,993.81,INR,2026-06-22 21:13:25.122833
ORDER_0001705,CUST_00367,27489.6,INR,2026-06-27 14:53:20.122833
ORDER_0001706,CUST_01963,20996.24,INR,2026-06-24 03:22:47.122833
ORDER_0001707,CUST_00095,18105.19,INR,2026-07-30 20:07:43.122833
ORDER_0001708,CUST_00277,509.27,INR,2026-07-25 10:51:25.122833
ORDER_0001709,CUST_01814,143.5,INR,2026-08-02 20:24:24.122833
ORDER_0001710,CUST_00054,22123.63,INR,2026-07-03 23:03:22.122833
ORDER_0001711,CUST_01306,999.5,INR,2026-08-11 19:55:03.122833
ORDER_0001712,CUST_00962,77503.82,INR,2026-07-20 19:40:52.122833
ORDER_0001713,CUST_00739,3946.97,INR,2026-07-21 05:02:30.122833
ORDER_0001714,CUST_01668,74825.75,INR,2026-08-28 04:27:54.122833
ORDER_0001715,CUST_00013,107.54,INR,2026-08-20 07:24:10.122833
ORDER_0001716,CUST_01550,126.46,INR,2026-07-25 23:21:10.122833
ORDER_0001717,CUST_00078,215.12,INR,2026-08-08 10:26:43.122833
ORDER_0001718,CUST_01221,5250.46,INR,2026-08-12 09:39:58.122833
ORDER_0001719,CUST_01046,20773.09,INR,2026-08-29 18:00:39.122833
ORDER_0001720,CUST_01134,473.96,INR,2026-07-10 15:14:05.122833
ORDER_0001721,CUST_01691,431.11,INR,2026-06-10 00:02:40.122833
ORDER_0001722,CUST_01836,21085.63,INR,2026-08-03 16:00:53.122833
ORDER_0001723,CUST_01339,794.68,INR,2026-06-25 01:26:53.122833
ORDER_0001724,CUST_00200,85425.87,INR,2026-06-16 02:56:32.122833
ORDER_0001725,CUST_01409,25354.06,INR,2026-06-17 21:46:52.122833
ORDER_0001726,CUST_01018,947.44,INR,2026-06-25 21:56:13.122833
ORDER_0001727,CUST_01829,506.16,INR,2026-06-27 08:54:03.122833
ORDER_0001728,CUST_00530,7258.75,INR,2026-06-15 05:24:32.122833
ORDER_0001729,CUST_01976,4665.23,INR,2026-08-02 19:29:05.122833
ORDER_0001730,CUST_00131,8128.29,INR,2026-07-14 05:14:13.122833
ORDER_0001731,CUST_01451,14172.26,INR,2026-06-11 22:01:36.122833
ORDER_0001732,CUST_00423,204.86,INR,2026-06-06 16:36:04.122833
ORDER_0001733,CUST_00105,949.46,INR,2026-07-07 16:18:22.122833
ORDER_0001734,CUST_00472,451.53,INR,2026-07-10 02:28:19.122833
ORDER_0001735,CUST_01348,38834.04,INR,2026-06-23 06:20:57.122833
ORDER_0001736,CUST_00736,2579.57,INR,2026-07-07 03:25:40.122833
ORDER_0001737,CUST_00768,4868.14,INR,2026-07-28 03:19:04.122833
ORDER_0001738,CUST_01505,53674.31,INR,2026-08-04 03:20:42.122833
ORDER_0001739,CUST_00536,6590.61,INR,2026-06-30 19:02:51.122833
ORDER_0001740,CUST_01963,31789.01,INR,2026-06-03 01:55:12.122833
ORDER_0001741,CUST_01503,9866.32,INR,2026-07-01 13:46:51.122833
ORDER_0001742,CUST_00043,92145.18,INR,2026-08-28 08:53:40.122833
ORDER_0001743,CUST_01747,29076.47,INR,2026-07-08 22:33:10.122833
ORDER_0001744,CUST_00298,2117.23,INR,2026-07-16 10:30:53.122833
ORDER_0001745,CUST_01857,84003.12,INR,2026-07-08 08:25:57.122833
ORDER_0001746,CUST_01683,6227.59,INR,2026-06-30 08:14:38.122833
ORDER_0001747,CUST_00736,9414.65,INR,2026-06-27 09:07:34.122833
ORDER_0001748,CUST_01024,78059.68,INR,2026-07-28 05:03:21.122833
ORDER_0001749,CUST_00347,78996.56,INR,2026-08-20 01:18:15.122833
ORDER_0001750,CUST_01170,36677.05,INR,2026-08-03 21:44:56.122833
ORDER_0001751,CUST_00037,75678.23,INR,2026-08-15 11:49:11.122833
ORDER_0001752,CUST_00571,5105.82,INR,2026-06-16 16:39:39.122833
ORDER_0001753,CUST_01843,44568.9,INR,2026-06-26 16:42:52.122833
ORDER_0001754,CUST_00300,36496.68,INR,2026-08-27 18:00:47.122833
ORDER_0001755,CUST_00139,378.63,INR,2026-06-19 14:25:56.122833
ORDER_0001756,CUST_01998,901.49,INR,2026-07-01 04:26:24.122833
ORDER_0001757,CUST_00417,48688.71,INR,2026-07-26 22:54:24.122833
ORDER_0001758,CUST_01127,964.57,INR,2026-07-26 18:23:09.122833
ORDER_0001759,CUST_00650,4581.94,INR,2026-08-28 03:57:38.122833
ORDER_0001760,CUST_01277,4977.9,INR,2026-07-27 03:07:35.122833
ORDER_0001761,CUST_01388,948.73,INR,2026-07-04 05:28:57.122833
ORDER_0001762,CUST_01708,703.13,INR,2026-08-28 20:04:20.122833
ORDER_0001763,CUST_01130,955.06,INR,2026-08-22 18:19:08.122833
ORDER_0001764,CUST_01779,3562.31,INR,2026-07-12 03:50:37.122833
ORDER_0001765,CUST_00259,22821.06,INR,2026-07-27 13:51:51.122833
ORDER_0001766,CUST_00783,649.01,INR,2026-07-12 00:57:05.122833
ORDER_0001767,CUST_01587,4228.5,INR,2026-08-05 18:25:00.122833
ORDER_0001768,CUST_01775,8052.41,INR,2026-07-06 01:36:52.122833
ORDER_0001769,CUST_01567,466.23,INR,2026-07-27 03:26:23.122833
ORDER_0001770,CUST_01138,70481.05,INR,2026-08-27 06:14:31.122833
ORDER_0001771,CUST_01804,57565.42,INR,2026-07-05 07:17:16.122833
ORDER_0001772,CUST_00026,982.43,INR,2026-08-17 01:24:55.122833
ORDER_0001773,CUST_00111,5873.21,INR,2026-08-24 02:27:26.122833
ORDER_0001774,CUST_00072,558.13,INR,2026-08-22 10:18:00.122833
ORDER_0001775,CUST_00307,963.3,INR,2026-08-06 10:15:23.122833
ORDER_0001776,CUST_00425,4908.23,INR,2026-06-08 16:14:41.122833
ORDER_0001777,CUST_01444,2051.06,INR,2026-07-21 12:32:06.122833
ORDER_0001778,CUST_00041,27399.96,INR,2026-07-05 02:36:02.122833
ORDER_0001779,CUST_00729,841.2,INR,2026-07-09 00:37:26.122833
ORDER_0001780,CUST_00680,6508.61,INR,2026-08-02 18:02:58.122833
ORDER_0001781,CUST_01388,8720.53,INR,2026-07-12 04:35:12.122833
ORDER_0001782,CUST_00571,56962.69,INR,2026-07-15 15:21:37.122833
ORDER_0001783,CUST_01791,6642.8,INR,2026-06-24 00:11:31.122833
ORDER_0001784,CUST_00562,3431.09,INR,2026-07-15 13:55:07.122833
ORDER_0001785,CUST_00353,4516.64,INR,2026-08-27 13:34:44.122833
ORDER_0001786,CUST_00189,87671.47,INR,2026-06-15 05:21:13.122833
ORDER_0001787,CUST_00085,636.68,INR,2026-08-14 00:21:05.122833
ORDER_0001788,CUST_00550,7524.89,INR,2026-08-31 05:19:13.122833
ORDER_0001789,CUST_00320,72935.23,INR,2026-06-09 02:00:22.122833
ORDER_0001790,CUST_00188,45755.1,INR,2026-08-07 02:22:19.122833
ORDER_0001791,CUST_01794,580.18,INR,2026-07-16 15:57:00.122833
ORDER_0001792,CUST_01698,9435.18,INR,2026-07-07 08:16:59.122833
ORDER_0001793,CUST_00043,2541.24,INR,2026-06-13 03:41:06.122833
ORDER_0001794,CUST_01741,520.47,INR,2026-08-24 01:56:57.122833
ORDER_0001795,CUST_00641,996.5,INR,2026-07-31 03:17:12.122833
ORDER_0001796,CUST_01927,4418.47,INR,2026-06-25 16:52:55.122833
ORDER_0001797,CUST_01656,9815.9,INR,2026-07-20 17:32:29.122833
ORDER_0001798,CUST_00396,591.5,INR,2026-06-23 18:55:57.122833
ORDER_0001799,CUST_01144,9022.6,INR,2026-06-28 06:55:27.122833
ORDER_0001800,CUST_00004,25182.42,INR,2026-07-03 23:03:43.122833
ORDER_0001801,CUST_00714,143.01,INR,2026-08-20 23:11:15.122833
ORDER_0001802,CUST_00937,185.06,INR,2026-07-16 10:59:31.122833
ORDER_0001803,CUST_01123,3251.13,INR,2026-07-24 11:05:54.122833
ORDER_0001804,CUST_00690,2275.96,INR,2026-08-06 09:13:52.122833
ORDER_0001805,CUST_01953,562.05,INR,2026-08-03 15:29:17.122833
ORDER_0001806,CUST_01808,83857.14,INR,2026-08-21 22:09:59.122833
ORDER_0001807,CUST_01952,6654.39,INR,2026-06-19 06:16:02.122833
ORDER_0001808,CUST_01224,84677.27,INR,2026-08-08 06:40:34.122833
ORDER_0001809,CUST_00235,645.84,INR,2026-08-26 12:38:27.122833
ORDER_0001810,CUST_00470,20348.69,INR,2026-06-19 19:18:33.122833
ORDER_0001811,CUST_01339,9963.24,INR,2026-06-24 19:45:34.122833
ORDER_0001812,CUST_00936,5046.79,INR,2026-08-17 20:57:47.122833
ORDER_0001813,CUST_00903,5901.39,INR,2026-08-07 16:36:58.122833
ORDER_0001814,CUST_01198,934.39,INR,2026-07-11 16:37:44.122833
ORDER_0001815,CUST_00384,91028.13,INR,2026-08-17 07:37:49.122833
ORDER_0001816,CUST_00201,826.85,INR,2026-07-09 02:46:49.122833
ORDER_0001817,CUST_00581,586.56,INR,2026-06-24 08:06:31.122833
ORDER_0001818,CUST_00935,3951.02,INR,2026-08-07 11:57:36.122833
ORDER_0001819,CUST_00920,79955.79,INR,2026-07-16 00:36:29.122833
ORDER_0001820,CUST_00360,943.35,INR,2026-08-12 17:11:21.122833
ORDER_0001821,CUST_00074,165.58,INR,2026-07-28 00:00:05.122833
ORDER_0001822,CUST_00629,97202.49,INR,2026-06-06 10:15:16.122833
ORDER_0001823,CUST_01384,601.77,INR,2026-07-14 08:14:47.122833
ORDER_0001824,CUST_00468,661.09,INR,2026-06-17 23:18:59.122833
ORDER_0001825,CUST_01284,214.19,INR,2026-07-31 08:30:17.122833
ORDER_0001826,CUST_00310,3068.19,INR,2026-08-11 10:11:47.122833
ORDER_0001827,CUST_01662,7222.66,INR,2026-08-04 13:10:40.122833
ORDER_0001828,CUST_01108,40394.89,INR,2026-07-31 19:08:18.122833
ORDER_0001829,CUST_01887,6665.64,INR,2026-07-06 06:25:09.122833
ORDER_0001830,CUST_00621,506.68,INR,2026-08-09 02:29:07.122833
ORDER_0001831,CUST_01088,689.35,INR,2026-08-28 12:19:21.122833
ORDER_0001832,CUST_00072,52984.13,INR,2026-08-16 06:30:52.122833
ORDER_0001833,CUST_00954,2680.85,INR,2026-06-29 06:55:41.122833
ORDER_0001834,CUST_00763,65262.18,INR,2026-08-02 13:17:20.122833
ORDER_0001835,CUST_01927,5152.65,INR,2026-07-09 22:15:18.122833
ORDER_0001836,CUST_00355,8713.21,INR,2026-07-21 16:58:37.122833
ORDER_0001837,CUST_01359,547.5,INR,2026-07-03 16:17:22.122833
ORDER_0001838,CUST_01792,564.51,INR,2026-08-18 08:25:42.122833
ORDER_0001839,CUST_01583,3864.28,INR,2026-08-04 01:56:37.122833
ORDER_0001840,CUST_00392,267.61,INR,2026-08-09 03:00:03.122833
ORDER_0001841,CUST_00388,1269.08,INR,2026-08-14 22:57:49.122833
ORDER_0001842,CUST_01153,65758.52,INR,2026-07-16 22:24:08.122833
ORDER_0001843,CUST_01524,1275.71,INR,2026-08-28 22:58:23.122833
ORDER_0001844,CUST_01428,8005.41,INR,2026-06-28 15:36:04.122833
ORDER_0001845,CUST_01627,45385.6,INR,2026-07-10 20:36:26.122833
ORDER_0001846,CUST_01948,4177.18,INR,2026-06-20 15:03:04.122833
ORDER_0001847,CUST_00268,21978.81,INR,2026-08-13 09:11:58.122833
ORDER_0001848,CUST_00518,618.45,INR,2026-08-25 16:58:18.122833
ORDER_0001849,CUST_00258,91136.61,INR,2026-06-12 14:36:40.122833
ORDER_0001850,CUST_00441,17164.63,INR,2026-08-30 12:47:33.122833
ORDER_0001851,CUST_01520,5797.36,INR,2026-06-19 20:53:54.122833
ORDER_0001852,CUST_00583,25091.14,INR,2026-06-19 06:49:15.122833
ORDER_0001853,CUST_00612,463.29,INR,2026-07-05 22:22:12.122833
ORDER_0001854,CUST_01563,576.77,INR,2026-08-25 03:21:32.122833
ORDER_0001855,CUST_00424,5540.33,INR,2026-07-08 10:44:10.122833
ORDER_0001856,CUST_00829,9564.66,INR,2026-07-10 02:27:36.122833
ORDER_0001857,CUST_00203,6028.16,INR,2026-08-14 23:56:39.122833
ORDER_0001858,CUST_01588,538.99,INR,2026-06-03 08:04:45.122833
ORDER_0001859,CUST_00159,20798.0,INR,2026-08-28 09:13:33.122833
ORDER_0001860,CUST_00792,561.08,INR,2026-08-30 07:51:37.122833
ORDER_0001861,CUST_01567,14220.09,INR,2026-08-22 11:27:09.122833
ORDER_0001862,CUST_01167,734.22,INR,2026-06-10 22:46:58.122833
ORDER_0001863,CUST_00335,2891.67,INR,2026-07-01 02:37:07.122833
ORDER_0001864,CUST_01069,508.31,INR,2026-06-23 15:04:10.122833
ORDER_0001865,CUST_01014,4294.99,INR,2026-07-18 19:11:19.122833
ORDER_0001866,CUST_00476,9555.6,INR,2026-07-16 00:42:42.122833
ORDER_0001867,CUST_01608,1412.13,INR,2026-08-23 19:05:51.122833
ORDER_0001868,CUST_01144,8778.33,INR,2026-08-16 08:02:02.122833
ORDER_0001869,CUST_00065,1316.73,INR,2026-07-09 18:39:42.122833
ORDER_0001870,CUST_01931,20981.23,INR,2026-07-23 10:43:23.122833
ORDER_0001871,CUST_00140,525.6,INR,2026-08-15 04:05:04.122833
ORDER_0001872,CUST_01123,21679.83,INR,2026-07-23 17:51:29.122833
ORDER_0001873,CUST_01045,602.02,INR,2026-07-04 17:24:06.122833
ORDER_0001874,CUST_00148,9216.04,INR,2026-06-08 06:22:28.122833
ORDER_0001875,CUST_01681,8776.31,INR,2026-08-18 12:32:50.122833
ORDER_0001876,CUST_00945,778.86,INR,2026-06-16 00:26:18.122833
ORDER_0001877,CUST_00537,40355.68,INR,2026-08-28 07:36:14.122833
ORDER_0001878,CUST_00807,40558.26,INR,2026-07-13 13:36:48.122833
ORDER_0001879,CUST_00054,38559.46,INR,2026-08-23 07:22:47.122833
ORDER_0001880,CUST_00751,21600.72,INR,2026-08-29 23:57:09.122833
ORDER_0001881,CUST_01326,1746.8,INR,2026-06-05 01:32:27.122833
ORDER_0001882,CUST_00997,222.51,INR,2026-06-17 17:44:18.122833
ORDER_0001883,CUST_00919,30661.6,INR,2026-08-26 21:12:11.122833
ORDER_0001884,CUST_01960,308.88,INR,2026-08-19 04:53:48.122833
ORDER_0001885,CUST_00325,3856.39,INR,2026-07-05 14:27:30.122833
ORDER_0001886,CUST_00414,5696.08,INR,2026-07-26 12:52:51.122833
ORDER_0001887,CUST_01056,7137.95,INR,2026-08-24 05:37:22.122833
ORDER_0001888,CUST_01396,44724.31,INR,2026-08-11 04:29:02.122833
ORDER_0001889,CUST_00406,541.57,INR,2026-07-13 16:11:40.122833
ORDER_0001890,CUST_01137,6735.9,INR,2026-08-04 01:00:09.122833
ORDER_0001891,CUST_00827,21676.29,INR,2026-08-13 07:46:24.122833
ORDER_0001892,CUST_01544,733.32,INR,2026-07-23 15:37:55.122833
ORDER_0001893,CUST_00939,296.59,INR,2026-08-13 03:48:24.122833
ORDER_0001894,CUST_00010,21366.59,INR,2026-06-16 12:04:27.122833
ORDER_0001895,CUST_00402,66422.08,INR,2026-06-11 14:08:52.122833
ORDER_0001896,CUST_00705,89693.39,INR,2026-06-26 08:40:12.122833
ORDER_0001897,CUST_00060,28356.13,INR,2026-07-17 13:39:59.122833
ORDER_0001898,CUST_01726,5792.62,INR,2026-07-22 22:58:47.122833
ORDER_0001899,CUST_00858,735.55,INR,2026-08-28 23:10:15.122833
ORDER_0001900,CUST_00839,5178.35,INR,2026-07-27 04:00:57.122833
ORDER_0001901,CUST_01174,44101.86,INR,2026-06-05 18:32:48.122833
ORDER_0001902,CUST_00146,55983.54,INR,2026-08-13 15:07:12.122833
ORDER_0001903,CUST_00723,59841.98,INR,2026-06-12 12:37:27.122833
ORDER_0001904,CUST_01466,5944.37,INR,2026-06-14 08:09:05.122833
ORDER_0001905,CUST_01960,680.88,INR,2026-06-21 20:29:11.122833
ORDER_0001906,CUST_00656,29554.29,INR,2026-08-05 05:32:53.122833
ORDER_0001907,CUST_01397,624.3,INR,2026-07-04 05:35:11.122833
ORDER_0001908,CUST_00001,95967.35,INR,2026-06-23 09:15:01.122833
ORDER_0001909,CUST_00139,95980.78,INR,2026-07-14 01:34:47.122833
ORDER_0001910,CUST_01273,62665.91,INR,2026-07-02 00:52:06.122833
ORDER_0001911,CUST_01976,312.64,INR,2026-07-04 03:54:30.122833
ORDER_0001912,CUST_01228,32006.91,INR,2026-08-24 16:17:16.122833
ORDER_0001913,CUST_01679,2828.68,INR,2026-06-28 12:00:11.122833
ORDER_0001914,CUST_01068,68014.58,INR,2026-08-13 19:13:05.122833
ORDER_0001915,CUST_01005,2969.79,INR,2026-06-26 14:13:54.122833
ORDER_0001916,CUST_01115,6139.39,INR,2026-07-28 16:17:27.122833
ORDER_0001917,CUST_00076,65009.16,INR,2026-06-13 21:46:48.122833
ORDER_0001918,CUST_01548,84238.21,INR,2026-07-15 04:50:00.122833
ORDER_0001919,CUST_01943,102.42,INR,2026-06-07 23:32:36.122833
ORDER_0001920,CUST_00727,63630.62,INR,2026-08-30 00:21:51.122833
ORDER_0001921,CUST_01737,2012.62,INR,2026-06-16 00:34:10.122833
ORDER_0001922,CUST_00368,621.62,INR,2026-06-15 06:50:38.122833
ORDER_0001923,CUST_00768,234.32,INR,2026-06-15 16:16:35.122833
ORDER_0001924,CUST_01597,813.91,INR,2026-07-25 19:14:58.122833
ORDER_0001925,CUST_00935,14001.9,INR,2026-07-20 01:41:24.122833
ORDER_0001926,CUST_00158,89634.29,INR,2026-07-21 11:30:47.122833
ORDER_0001927,CUST_01968,555.32,INR,2026-08-08 21:54:59.122833
ORDER_0001928,CUST_00759,43497.36,INR,2026-07-07 07:05:01.122833
ORDER_0001929,CUST_01355,266.19,INR,2026-08-19 03:27:07.122833
ORDER_0001930,CUST_01782,854.07,INR,2026-06-22 05:02:51.122833
ORDER_0001931,CUST_01860,9801.91,INR,2026-08-04 06:16:18.122833
ORDER_0001932,CUST_00314,6153.99,INR,2026-06-13 05:28:24.122833
ORDER_0001933,CUST_01299,514.19,INR,2026-08-26 06:17:14.122833
ORDER_0001934,CUST_01324,755.16,INR,2026-08-17 05:26:15.122833
ORDER_0001935,CUST_01581,80129.85,INR,2026-07-29 13:53:35.122833
ORDER_0001936,CUST_01476,774.35,INR,2026-07-19 00:06:45.122833
ORDER_0001937,CUST_00946,349.47,INR,2026-08-01 00:36:53.122833
ORDER_0001938,CUST_01628,9204.89,INR,2026-06-10 14:56:53.122833
ORDER_0001939,CUST_01066,289.38,INR,2026-06-16 16:40:05.122833
ORDER_0001940,CUST_00814,458.04,INR,2026-06-22 17:16:55.122833
ORDER_0001941,CUST_01710,8800.58,INR,2026-07-12 09:59:37.122833
ORDER_0001942,CUST_01121,14815.31,INR,2026-08-16 11:48:11.122833
ORDER_0001943,CUST_00309,1803.13,INR,2026-06-12 17:52:48.122833
ORDER_0001944,CUST_00549,20886.11,INR,2026-06-05 16:44:15.122833
ORDER_0001945,CUST_01917,69554.59,INR,2026-08-15 09:10:52.122833
ORDER_0001946,CUST_00973,93293.47,INR,2026-08-12 10:38:40.122833
ORDER_0001947,CUST_00981,3642.51,INR,2026-07-05 08:21:41.122833
ORDER_0001948,CUST_00410,26095.39,INR,2026-08-26 17:37:32.122833
ORDER_0001949,CUST_00744,698.63,INR,2026-08-15 19:27:10.122833
ORDER_0001950,CUST_00927,806.5,INR,2026-08-18 06:49:05.122833
ORDER_0001951,CUST_00355,4553.05,INR,2026-08-25 01:56:45.122833
ORDER_0001952,CUST_01221,107.87,INR,2026-07-30 11:53:55.122833
ORDER_0001953,CUST_01654,85599.22,INR,2026-06-21 09:36:39.122833
ORDER_0001954,CUST_00098,97090.87,INR,2026-07-09 12:59:01.122833
ORDER_0001955,CUST_00756,76790.08,INR,2026-06-02 17:14:41.122833
ORDER_0001956,CUST_00904,70025.55,INR,2026-07-06 02:49:45.122833
ORDER_0001957,CUST_00096,215.38,INR,2026-08-16 23:25:17.122833
ORDER_0001958,CUST_00408,9719.97,INR,2026-06-21 02:51:33.122833
ORDER_0001959,CUST_00439,4231.14,INR,2026-07-10 04:59:57.122833
ORDER_0001960,CUST_01261,376.25,INR,2026-06-27 18:42:39.122833
ORDER_0001961,CUST_01066,947.36,INR,2026-06-16 06:33:33.122833
ORDER_0001962,CUST_01413,9371.67,INR,2026-08-01 05:40:25.122833
ORDER_0001963,CUST_00650,245.76,INR,2026-06-18 17:59:33.122833
ORDER_0001964,CUST_01446,639.16,INR,2026-07-14 11:11:04.122833
ORDER_0001965,CUST_01890,483.58,INR,2026-06-14 21:05:27.122833
ORDER_0001966,CUST_01449,874.01,INR,2026-07-05 20:11:31.122833
ORDER_0001967,CUST_01388,24273.86,INR,2026-08-02 22:24:48.122833
ORDER_0001968,CUST_01790,2996.53,INR,2026-06-05 17:49:21.122833
ORDER_0001969,CUST_01220,2122.25,INR,2026-07-20 19:01:49.122833
ORDER_0001970,CUST_01475,7915.71,INR,2026-08-28 07:18:16.122833
ORDER_0001971,CUST_01426,43379.92,INR,2026-08-07 08:02:54.122833
ORDER_0001972,CUST_00623,800.54,INR,2026-06-26 11:48:48.122833
ORDER_0001973,CUST_01535,8574.21,INR,2026-07-17 10:18:38.122833
ORDER_0001974,CUST_00772,490.77,INR,2026-08-19 00:06:46.122833
ORDER_0001975,CUST_00966,28649.75,INR,2026-08-18 13:05:35.122833
ORDER_0001976,CUST_01858,3068.66,INR,2026-08-15 17:19:07.122833
ORDER_0001977,CUST_01676,948.89,INR,2026-07-25 10:50:41.122833
ORDER_0001978,CUST_00813,1876.85,INR,2026-07-16 01:43:26.122833
ORDER_0001979,CUST_01382,196.66,INR,2026-07-05 20:57:28.122833
ORDER_0001980,CUST_01527,733.87,INR,2026-07-12 06:26:27.122833
ORDER_0001981,CUST_01450,507.67,INR,2026-07-04 20:18:19.122833
ORDER_0001982,CUST_01225,1430.19,INR,2026-07-24 02:58:18.122833
ORDER_0001983,CUST_01139,5428.3,INR,2026-06-19 14:05:56.122833
ORDER_0001984,CUST_01428,2768.98,INR,2026-06-20 05:49:00.122833
ORDER_0001985,CUST_00085,8734.64,INR,2026-07-13 22:48:11.122833
ORDER_0001986,CUST_00184,733.07,INR,2026-06-14 07:08:29.122833
ORDER_0001987,CUST_00118,605.13,INR,2026-07-31 12:41:25.122833
ORDER_0001988,CUST_01486,8403.27,INR,2026-08-31 02:42:31.122833
ORDER_0001989,CUST_01334,328.8,INR,2026-06-10 06:17:34.122833
ORDER_0001990,CUST_00990,417.91,INR,2026-08-09 12:15:53.122833
ORDER_0001991,CUST_00471,1170.83,INR,2026-07-11 17:23:10.122833
ORDER_0001992,CUST_01058,96857.29,INR,2026-07-29 19:33:58.122833
ORDER_0001993,CUST_00742,1610.3,INR,2026-07-29 17:42:08.122833
ORDER_0001994,CUST_01000,537.09,INR,2026-06-04 12:08:51.122833
ORDER_0001995,CUST_00839,31235.68,INR,2026-06-09 04:41:14.122833
ORDER_0001996,CUST_01188,72994.05,INR,2026-08-02 20:52:30.122833
ORDER_0001997,CUST_00366,38354.23,INR,2026-08-10 07:29:33.122833
ORDER_0001998,CUST_00512,13806.72,INR,2026-07-31 17:05:10.122833
ORDER_0001999,CUST_00536,36786.6,INR,2026-08-21 09:05:30.122833
ORDER_0002000,CUST_01292,80499.33,INR,2026-07-20 10:43:43.122833
ORDER_0002001,CUST_00797,27879.74,INR,2026-07-15 05:20:57.122833
ORDER_0002002,CUST_01755,44399.91,INR,2026-08-14 09:46:26.122833
ORDER_0002003,CUST_00624,363.35,INR,2026-06-17 00:15:16.122833
ORDER_0002004,CUST_00791,3579.9,INR,2026-07-28 00:55:58.122833
ORDER_0002005,CUST_01100,3099.69,INR,2026-07-15 00:24:03.122833
ORDER_0002006,CUST_01394,97033.68,INR,2026-07-29 23:26:11.122833
ORDER_0002007,CUST_00001,92077.27,INR,2026-07-15 21:46:42.122833
ORDER_0002008,CUST_01287,1602.96,INR,2026-06-18 15:10:30.122833
ORDER_0002009,CUST_00549,895.08,INR,2026-06-05 03:39:51.122833
ORDER_0002010,CUST_01778,51466.76,INR,2026-08-23 13:36:42.122833
ORDER_0002011,CUST_00519,254.38,INR,2026-08-05 18:02:15.122833
ORDER_0002012,CUST_01515,82292.46,INR,2026-06-27 19:01:25.122833
ORDER_0002013,CUST_00485,185.57,INR,2026-06-25 10:26:43.122833
ORDER_0002014,CUST_01325,65368.85,INR,2026-07-30 09:55:10.122833
ORDER_0002015,CUST_00945,554.01,INR,2026-08-28 17:34:02.122833
ORDER_0002016,CUST_00351,96626.73,INR,2026-08-22 19:02:20.122833
ORDER_0002017,CUST_00882,96812.4,INR,2026-07-21 22:35:50.122833
ORDER_0002018,CUST_01984,16354.85,INR,2026-07-11 08:06:21.122833
ORDER_0002019,CUST_00326,904.75,INR,2026-07-16 09:56:59.122833
ORDER_0002020,CUST_01449,56975.17,INR,2026-06-25 05:36:54.122833
ORDER_0002021,CUST_00290,4963.18,INR,2026-06-03 17:14:27.122833
ORDER_0002022,CUST_01497,12312.36,INR,2026-06-07 03:28:07.122833
ORDER_0002023,CUST_01858,476.91,INR,2026-08-23 08:38:37.122833
ORDER_0002024,CUST_00670,6070.86,INR,2026-06-11 11:35:01.122833
ORDER_0002025,CUST_01965,94073.38,INR,2026-08-28 02:31:18.122833
ORDER_0002026,CUST_01259,549.72,INR,2026-07-30 20:14:13.122833
ORDER_0002027,CUST_00012,6037.2,INR,2026-08-12 02:32:45.122833
ORDER_0002028,CUST_01833,6207.36,INR,2026-08-06 02:57:22.122833
ORDER_0002029,CUST_00849,671.85,INR,2026-08-10 20:39:54.122833
ORDER_0002030,CUST_01536,17959.33,INR,2026-07-13 17:14:39.122833
ORDER_0002031,CUST_00445,54491.99,INR,2026-08-03 23:05:40.122833
ORDER_0002032,CUST_01423,70677.32,INR,2026-07-26 07:26:26.122833
ORDER_0002033,CUST_01656,602.37,INR,2026-08-17 05:38:16.122833
ORDER_0002034,CUST_01458,87309.4,INR,2026-08-06 15:38:39.122833
ORDER_0002035,CUST_01449,67599.88,INR,2026-08-31 12:37:49.122833
ORDER_0002036,CUST_01249,6756.89,INR,2026-07-09 20:31:19.122833
ORDER_0002037,CUST_00793,7483.19,INR,2026-06-05 02:03:57.122833
ORDER_0002038,CUST_00804,5605.31,INR,2026-06-03 17:25:48.122833
ORDER_0002039,CUST_01601,237.65,INR,2026-07-07 02:54:21.122833
ORDER_0002040,CUST_01032,3188.42,INR,2026-07-25 06:45:36.122833
ORDER_0002041,CUST_00623,592.04,INR,2026-06-28 09:59:56.122833
ORDER_0002042,CUST_01594,55162.79,INR,2026-06-06 14:06:23.122833
ORDER_0002043,CUST_00122,2237.13,INR,2026-06-17 07:00:33.122833
ORDER_0002044,CUST_01477,50065.69,INR,2026-06-09 05:09:55.122833
ORDER_0002045,CUST_00299,6609.15,INR,2026-06-09 18:27:17.122833
ORDER_0002046,CUST_01961,62784.81,INR,2026-06-26 16:54:39.122833
ORDER_0002047,CUST_00075,421.97,INR,2026-08-21 06:50:50.122833
ORDER_0002048,CUST_01745,885.82,INR,2026-07-18 17:27:07.122833
ORDER_0002049,CUST_00858,747.74,INR,2026-06-06 20:24:17.122833
ORDER_0002050,CUST_00145,3890.96,INR,2026-07-04 21:01:51.122833
ORDER_0002051,CUST_01077,7302.99,INR,2026-08-29 14:29:51.122833
ORDER_0002052,CUST_00497,7754.29,INR,2026-06-14 16:37:56.122833
ORDER_0002053,CUST_01784,654.65,INR,2026-08-09 06:31:34.122833
ORDER_0002054,CUST_01308,1254.29,INR,2026-08-23 15:39:20.122833
ORDER_0002055,CUST_00979,53581.56,INR,2026-06-08 22:36:10.122833
ORDER_0002056,CUST_01501,33282.27,INR,2026-07-28 06:05:53.122833
ORDER_0002057,CUST_01138,59203.39,INR,2026-06-02 21:00:33.122833
ORDER_0002058,CUST_00518,879.67,INR,2026-06-28 23:00:08.122833
ORDER_0002059,CUST_00846,171.66,INR,2026-08-18 00:51:10.122833
ORDER_0002060,CUST_00619,3938.03,INR,2026-08-02 10:25:31.122833
ORDER_0002061,CUST_00628,47996.66,INR,2026-07-24 20:56:11.122833
ORDER_0002062,CUST_01424,72899.27,INR,2026-07-11 00:42:35.122833
ORDER_0002063,CUST_01623,38045.42,INR,2026-07-09 14:32:15.122833
ORDER_0002064,CUST_01182,7198.2,INR,2026-07-05 15:17:10.122833
ORDER_0002065,CUST_00583,629.52,INR,2026-06-13 08:11:18.122833
ORDER_0002066,CUST_01696,211.71,INR,2026-06-08 06:53:05.122833
ORDER_0002067,CUST_01394,860.34,INR,2026-08-09 06:28:16.122833
ORDER_0002068,CUST_00390,935.87,INR,2026-06-09 10:22:13.122833
ORDER_0002069,CUST_01565,527.03,INR,2026-08-22 10:17:10.122833
ORDER_0002070,CUST_00208,7774.36,INR,2026-06-22 17:02:22.122833
ORDER_0002071,CUST_01502,97827.78,INR,2026-06-14 19:24:49.122833
ORDER_0002072,CUST_00321,39488.85,INR,2026-06-08 00:24:52.122833
ORDER_0002073,CUST_01723,12229.59,INR,2026-08-04 20:04:02.122833
ORDER_0002074,CUST_01460,36884.2,INR,2026-06-26 21:24:51.122833
ORDER_0002075,CUST_00995,3639.86,INR,2026-08-07 20:29:29.122833
ORDER_0002076,CUST_00153,76650.41,INR,2026-08-01 03:40:05.122833
ORDER_0002077,CUST_01268,5477.53,INR,2026-06-28 01:10:25.122833
ORDER_0002078,CUST_01572,8381.72,INR,2026-07-13 17:24:09.122833
ORDER_0002079,CUST_00382,49878.65,INR,2026-08-28 05:57:20.122833
ORDER_0002080,CUST_00383,5055.59,INR,2026-06-24 00:42:32.122833
ORDER_0002081,CUST_01947,5557.8,INR,2026-06-15 07:16:51.122833
ORDER_0002082,CUST_01359,8040.07,INR,2026-08-26 15:19:34.122833
ORDER_0002083,CUST_01118,2177.26,INR,2026-07-05 06:29:01.122833
ORDER_0002084,CUST_01575,1487.73,INR,2026-07-31 04:58:20.122833
ORDER_0002085,CUST_01952,14832.92,INR,2026-08-07 03:51:07.122833
ORDER_0002086,CUST_01503,482.95,INR,2026-07-01 03:41:46.122833
ORDER_0002087,CUST_00597,7858.33,INR,2026-08-08 23:23:04.122833
ORDER_0002088,CUST_00233,3795.55,INR,2026-08-01 03:23:40.122833
ORDER_0002089,CUST_01001,1249.74,INR,2026-08-10 10:46:58.122833
ORDER_0002090,CUST_00918,91964.7,INR,2026-08-20 18:07:03.122833
ORDER_0002091,CUST_00628,5800.68,INR,2026-06-08 10:06:06.122833
ORDER_0002092,CUST_01704,105.51,INR,2026-07-18 16:13:43.122833
ORDER_0002093,CUST_01903,9837.81,INR,2026-07-26 20:31:53.122833
ORDER_0002094,CUST_01575,25560.02,INR,2026-08-27 06:41:19.122833
ORDER_0002095,CUST_01423,947.59,INR,2026-08-19 10:57:35.122833
ORDER_0002096,CUST_01506,2214.19,INR,2026-08-24 09:23:49.122833
ORDER_0002097,CUST_01714,16852.57,INR,2026-06-13 08:47:54.122833
ORDER_0002098,CUST_01058,927.57,INR,2026-08-13 00:00:27.122833
ORDER_0002099,CUST_00487,5308.5,INR,2026-08-09 05:10:27.122833
ORDER_0002100,CUST_01327,629.87,INR,2026-07-17 09:02:54.122833
ORDER_0002101,CUST_01225,9763.33,INR,2026-06-28 07:13:24.122833
ORDER_0002102,CUST_00023,21512.5,INR,2026-07-26 17:24:55.122833
ORDER_0002103,CUST_00686,3093.05,INR,2026-07-07 17:57:13.122833
ORDER_0002104,CUST_01894,817.22,INR,2026-08-07 05:08:27.122833
ORDER_0002105,CUST_01383,3290.18,INR,2026-08-04 22:07:02.122833
ORDER_0002106,CUST_00203,520.5,INR,2026-06-13 09:57:14.122833
ORDER_0002107,CUST_00846,2741.94,INR,2026-06-30 07:32:55.122833
ORDER_0002108,CUST_00409,6532.99,INR,2026-08-07 19:56:27.122833
ORDER_0002109,CUST_01234,7600.96,INR,2026-07-15 03:53:01.122833
ORDER_0002110,CUST_00812,28565.19,INR,2026-07-01 02:11:56.122833
ORDER_0002111,CUST_01374,680.56,INR,2026-06-05 13:54:46.122833
ORDER_0002112,CUST_00537,58500.64,INR,2026-06-19 01:49:53.122833
ORDER_0002113,CUST_00839,837.68,INR,2026-08-05 04:45:10.122833
ORDER_0002114,CUST_01315,8210.77,INR,2026-06-26 13:46:18.122833
ORDER_0002115,CUST_00572,844.03,INR,2026-06-05 19:43:35.122833
ORDER_0002116,CUST_00742,9948.97,INR,2026-08-11 10:11:27.122833
ORDER_0002117,CUST_01429,590.79,INR,2026-07-04 17:42:24.122833
ORDER_0002118,CUST_01356,11063.38,INR,2026-08-18 02:09:47.122833
ORDER_0002119,CUST_00617,1934.53,INR,2026-07-15 08:54:03.122833
ORDER_0002120,CUST_00378,3579.45,INR,2026-07-06 03:03:58.122833
ORDER_0002121,CUST_01170,32895.4,INR,2026-07-07 11:58:39.122833
ORDER_0002122,CUST_01426,335.49,INR,2026-08-21 03:49:11.122833
ORDER_0002123,CUST_01339,15936.16,INR,2026-08-01 18:00:00.122833
ORDER_0002124,CUST_01961,295.7,INR,2026-08-03 21:50:12.122833
ORDER_0002125,CUST_00466,82040.78,INR,2026-07-03 17:10:49.122833
ORDER_0002126,CUST_01915,6361.81,INR,2026-07-21 08:53:59.122833
ORDER_0002127,CUST_01073,3299.11,INR,2026-08-19 15:35:57.122833
ORDER_0002128,CUST_01593,98935.48,INR,2026-07-22 13:13:08.122833
ORDER_0002129,CUST_01921,78790.08,INR,2026-06-08 12:19:14.122833
ORDER_0002130,CUST_01084,53311.68,INR,2026-06-15 11:54:56.122833
ORDER_0002131,CUST_01094,85577.11,INR,2026-06-15 22:50:00.122833
ORDER_0002132,CUST_01489,82920.14,INR,2026-07-30 16:18:43.122833
ORDER_0002133,CUST_00117,586.4,INR,2026-06-28 14:22:59.122833
ORDER_0002134,CUST_01266,218.98,INR,2026-07-30 02:44:24.122833
ORDER_0002135,CUST_00467,504.58,INR,2026-06-17 06:05:55.122833
ORDER_0002136,CUST_00353,9867.97,INR,2026-06-05 12:27:52.122833
ORDER_0002137,CUST_01255,94933.13,INR,2026-06-22 23:54:37.122833
ORDER_0002138,CUST_00766,985.06,INR,2026-08-10 16:43:27.122833
ORDER_0002139,CUST_00794,620.27,INR,2026-06-06 22:42:52.122833
ORDER_0002140,CUST_01732,834.59,INR,2026-06-04 04:17:38.122833
ORDER_0002141,CUST_01906,5698.19,INR,2026-06-13 17:26:07.122833
ORDER_0002142,CUST_01192,85714.76,INR,2026-08-06 19:00:37.122833
ORDER_0002143,CUST_01063,70906.18,INR,2026-07-10 02:21:17.122833
ORDER_0002144,CUST_00866,209.53,INR,2026-07-08 18:45:06.122833
ORDER_0002145,CUST_01155,15554.06,INR,2026-06-25 10:29:40.122833
ORDER_0002146,CUST_01317,907.97,INR,2026-08-03 20:21:36.122833
ORDER_0002147,CUST_00706,6306.69,INR,2026-06-29 10:20:18.122833
ORDER_0002148,CUST_00653,87059.31,INR,2026-06-16 00:31:00.122833
ORDER_0002149,CUST_01528,87971.91,INR,2026-07-03 07:36:43.122833
ORDER_0002150,CUST_01906,848.85,INR,2026-08-12 19:09:34.122833
ORDER_0002151,CUST_01817,1152.12,INR,2026-08-30 12:47:52.122833
ORDER_0002152,CUST_01938,4330.52,INR,2026-08-13 15:48:11.122833
ORDER_0002153,CUST_00511,629.49,INR,2026-08-29 06:21:57.122833
ORDER_0002154,CUST_00751,97519.97,INR,2026-07-10 10:58:36.122833
ORDER_0002155,CUST_00007,11173.77,INR,2026-07-10 18:05:30.122833
ORDER_0002156,CUST_01814,924.53,INR,2026-08-09 22:59:21.122833
ORDER_0002157,CUST_00205,9938.06,INR,2026-06-02 18:03:34.122833
ORDER_0002158,CUST_00736,19051.44,INR,2026-08-21 00:18:52.122833
ORDER_0002159,CUST_01928,6323.33,INR,2026-06-06 16:07:59.122833
ORDER_0002160,CUST_01664,570.51,INR,2026-07-14 08:05:46.122833
ORDER_0002161,CUST_00729,2820.72,INR,2026-07-24 11:21:51.122833
ORDER_0002162,CUST_01789,6081.42,INR,2026-07-31 12:37:18.122833
ORDER_0002163,CUST_01998,1138.84,INR,2026-07-26 18:40:08.122833
ORDER_0002164,CUST_01369,9079.35,INR,2026-07-23 23:20:49.122833
ORDER_0002165,CUST_01251,53676.56,INR,2026-06-09 15:38:47.122833
ORDER_0002166,CUST_01575,427.68,INR,2026-07-07 20:15:56.122833
ORDER_0002167,CUST_01038,1697.81,INR,2026-06-04 20:49:45.122833
ORDER_0002168,CUST_01217,723.89,INR,2026-06-15 11:34:50.122833
ORDER_0002169,CUST_01810,7313.88,INR,2026-08-24 01:18:27.122833
ORDER_0002170,CUST_01145,967.05,INR,2026-07-09 12:09:22.122833
ORDER_0002171,CUST_01324,113.22,INR,2026-08-15 11:44:43.122833
ORDER_0002172,CUST_01232,949.25,INR,2026-06-09 16:05:36.122833
ORDER_0002173,CUST_01889,805.57,INR,2026-07-17 07:34:19.122833
ORDER_0002174,CUST_00553,18119.11,INR,2026-06-15 23:51:27.122833
ORDER_0002175,CUST_01816,539.45,INR,2026-06-11 23:23:37.122833
ORDER_0002176,CUST_00847,587.63,INR,2026-06-29 19:34:58.122833
ORDER_0002177,CUST_00161,182.71,INR,2026-07-14 21:43:05.122833
ORDER_0002178,CUST_01577,2464.47,INR,2026-07-05 01:15:51.122833
ORDER_0002179,CUST_01151,14805.51,INR,2026-08-27 04:44:17.122833
ORDER_0002180,CUST_00004,8954.92,INR,2026-06-28 11:07:26.122833
ORDER_0002181,CUST_01953,59819.69,INR,2026-07-01 02:36:54.122833
ORDER_0002182,CUST_00565,8500.95,INR,2026-08-17 06:44:12.122833
ORDER_0002183,CUST_00167,555.22,INR,2026-08-23 14:20:30.122833
ORDER_0002184,CUST_00420,10005.48,INR,2026-06-04 08:27:06.122833
ORDER_0002185,CUST_00132,944.29,INR,2026-08-31 10:33:53.122833
ORDER_0002186,CUST_00575,733.71,INR,2026-07-17 04:44:48.122833
ORDER_0002187,CUST_01981,8445.53,INR,2026-06-19 20:15:42.122833
ORDER_0002188,CUST_01070,64992.39,INR,2026-08-27 13:40:47.122833
ORDER_0002189,CUST_01296,18006.35,INR,2026-08-04 21:31:03.122833
ORDER_0002190,CUST_00950,26449.14,INR,2026-06-28 00:26:37.122833
ORDER_0002191,CUST_00531,3163.33,INR,2026-06-09 15:16:26.122833
ORDER_0002192,CUST_00794,9405.64,INR,2026-06-03 04:55:16.122833
ORDER_0002193,CUST_01799,41628.9,INR,2026-08-03 21:07:20.122833
ORDER_0002194,CUST_00690,18232.01,INR,2026-07-08 16:43:30.122833
ORDER_0002195,CUST_01493,977.25,INR,2026-08-20 20:26:19.122833
ORDER_0002196,CUST_01782,48466.33,INR,2026-08-27 01:10:27.122833
ORDER_0002197,CUST_00156,4264.55,INR,2026-06-07 18:25:23.122833
ORDER_0002198,CUST_01932,2225.48,INR,2026-06-09 11:31:38.122833
ORDER_0002199,CUST_00154,828.7,INR,2026-07-19 13:51:22.122833
ORDER_0002200,CUST_01319,330.78,INR,2026-08-26 18:31:14.122833
ORDER_0002201,CUST_00875,8066.87,INR,2026-08-09 11:26:54.122833
ORDER_0002202,CUST_01798,22676.43,INR,2026-07-23 06:29:12.122833
ORDER_0002203,CUST_00788,6337.88,INR,2026-07-06 01:22:22.122833
ORDER_0002204,CUST_01347,218.35,INR,2026-07-12 17:42:07.122833
ORDER_0002205,CUST_00676,66196.47,INR,2026-07-22 13:38:01.122833
ORDER_0002206,CUST_01065,9796.64,INR,2026-08-20 07:59:03.122833
ORDER_0002207,CUST_00589,584.58,INR,2026-06-06 01:08:10.122833
ORDER_0002208,CUST_00891,41661.55,INR,2026-08-06 01:34:06.122833
ORDER_0002209,CUST_00811,2996.01,INR,2026-08-28 05:48:42.122833
ORDER_0002210,CUST_01430,80530.44,INR,2026-07-07 13:05:34.122833
ORDER_0002211,CUST_01220,494.07,INR,2026-07-05 08:33:08.122833
ORDER_0002212,CUST_00648,2362.46,INR,2026-08-25 07:04:23.122833
ORDER_0002213,CUST_00035,5911.03,INR,2026-07-16 01:49:30.122833
ORDER_0002214,CUST_00596,5931.58,INR,2026-08-28 02:32:07.122833
ORDER_0002215,CUST_01124,5877.48,INR,2026-06-19 18:31:02.122833
ORDER_0002216,CUST_00128,92902.36,INR,2026-08-24 02:33:53.122833
ORDER_0002217,CUST_01131,9235.04,INR,2026-07-05 00:37:25.122833
ORDER_0002218,CUST_00871,93431.08,INR,2026-06-07 11:09:18.122833
ORDER_0002219,CUST_01109,454.13,INR,2026-07-07 23:03:49.122833
ORDER_0002220,CUST_01258,60811.39,INR,2026-08-21 15:56:34.122833
ORDER_0002221,CUST_01519,1306.13,INR,2026-06-13 00:01:09.122833
ORDER_0002222,CUST_01255,138.25,INR,2026-08-06 06:26:57.122833
ORDER_0002223,CUST_01624,991.1,INR,2026-06-12 07:39:15.122833
ORDER_0002224,CUST_00796,44911.02,INR,2026-08-08 06:26:26.122833
ORDER_0002225,CUST_00575,3956.81,INR,2026-08-07 19:29:12.122833
ORDER_0002226,CUST_01716,25943.28,INR,2026-06-04 21:48:23.122833
ORDER_0002227,CUST_00907,6588.84,INR,2026-08-20 23:26:49.122833
ORDER_0002228,CUST_00906,94644.71,INR,2026-06-19 19:05:57.122833
ORDER_0002229,CUST_01757,998.39,INR,2026-07-15 02:22:00.122833
ORDER_0002230,CUST_01482,8064.4,INR,2026-08-26 06:05:32.122833
ORDER_0002231,CUST_00948,87393.84,INR,2026-08-30 19:43:36.122833
ORDER_0002232,CUST_01229,40353.45,INR,2026-06-20 09:00:06.122833
ORDER_0002233,CUST_00312,81815.29,INR,2026-08-08 05:46:39.122833
ORDER_0002234,CUST_00800,4961.39,INR,2026-06-05 16:54:29.122833
ORDER_0002235,CUST_00304,494.26,INR,2026-08-15 20:54:32.122833
ORDER_0002236,CUST_00629,21622.16,INR,2026-07-26 01:41:33.122833
ORDER_0002237,CUST_01332,76884.72,INR,2026-07-08 03:34:24.122833
ORDER_0002238,CUST_00848,679.52,INR,2026-06-07 06:32:58.122833
ORDER_0002239,CUST_01231,96165.34,INR,2026-06-23 14:13:16.122833
ORDER_0002240,CUST_01707,11098.43,INR,2026-08-28 17:08:15.122833
ORDER_0002241,CUST_01141,621.08,INR,2026-08-26 20:55:17.122833
ORDER_0002242,CUST_00125,1410.46,INR,2026-06-08 20:26:58.122833
ORDER_0002243,CUST_00991,164.81,INR,2026-06-24 02:13:14.122833
ORDER_0002244,CUST_01289,991.44,INR,2026-07-25 13:20:23.122833
ORDER_0002245,CUST_00388,7839.69,INR,2026-08-08 04:55:05.122833
ORDER_0002246,CUST_00293,610.37,INR,2026-06-05 19:51:38.122833
ORDER_0002247,CUST_00130,61245.5,INR,2026-06-03 20:46:09.122833
ORDER_0002248,CUST_01671,48562.59,INR,2026-06-08 07:21:17.122833
ORDER_0002249,CUST_01153,4481.72,INR,2026-06-06 21:05:56.122833
ORDER_0002250,CUST_01874,99650.43,INR,2026-06-28 12:39:00.122833
ORDER_0002251,CUST_01421,724.95,INR,2026-08-05 21:25:52.122833
ORDER_0002252,CUST_01755,37608.11,INR,2026-07-09 00:06:17.122833
ORDER_0002253,CUST_00394,1184.6,INR,2026-07-09 04:47:04.122833
ORDER_0002254,CUST_01744,782.89,INR,2026-06-23 18:15:46.122833
ORDER_0002255,CUST_01136,4131.45,INR,2026-06-23 05:33:51.122833
ORDER_0002256,CUST_00999,3817.93,INR,2026-06-20 10:17:18.122833
ORDER_0002257,CUST_01853,32929.41,INR,2026-06-08 12:51:02.122833
ORDER_0002258,CUST_00978,664.96,INR,2026-06-23 20:17:15.122833
ORDER_0002259,CUST_00803,810.35,INR,2026-06-04 01:51:39.122833
ORDER_0002260,CUST_00493,1287.53,INR,2026-08-23 01:12:50.122833
ORDER_0002261,CUST_01828,10505.67,INR,2026-07-26 13:26:22.122833
ORDER_0002262,CUST_01301,922.17,INR,2026-08-27 15:49:22.122833
ORDER_0002263,CUST_01890,912.57,INR,2026-08-18 17:51:58.122833
ORDER_0002264,CUST_00034,35343.09,INR,2026-07-05 01:50:00.122833
ORDER_0002265,CUST_00733,51088.47,INR,2026-07-26 15:03:55.122833
ORDER_0002266,CUST_00196,39094.99,INR,2026-08-25 03:56:59.122833
ORDER_0002267,CUST_01193,2538.93,INR,2026-07-02 20:38:35.122833
ORDER_0002268,CUST_01089,250.74,INR,2026-07-13 06:53:33.122833
ORDER_0002269,CUST_01539,81760.56,INR,2026-06-16 08:00:09.122833
ORDER_0002270,CUST_01118,4183.51,INR,2026-07-17 10:46:17.122833
ORDER_0002271,CUST_00093,984.97,INR,2026-06-02 16:55:18.122833
ORDER_0002272,CUST_00191,916.6,INR,2026-06-24 12:10:00.122833
ORDER_0002273,CUST_01641,5956.58,INR,2026-08-09 14:28:15.122833
ORDER_0002274,CUST_00671,81573.55,INR,2026-08-05 16:51:58.122833
ORDER_0002275,CUST_01353,253.83,INR,2026-07-23 07:18:16.122833
ORDER_0002276,CUST_01985,5399.5,INR,2026-07-27 12:10:34.122833
ORDER_0002277,CUST_00511,1957.74,INR,2026-06-23 03:02:46.122833
ORDER_0002278,CUST_01337,59554.1,INR,2026-07-29 17:45:54.122833
ORDER_0002279,CUST_01168,6120.78,INR,2026-06-18 20:37:11.122833
ORDER_0002280,CUST_01310,733.58,INR,2026-08-10 10:03:27.122833
ORDER_0002281,CUST_01612,145.31,INR,2026-07-19 01:56:00.122833
ORDER_0002282,CUST_01161,581.48,INR,2026-06-09 02:52:45.122833
ORDER_0002283,CUST_01833,94834.44,INR,2026-08-29 19:35:26.122833
ORDER_0002284,CUST_01211,9092.93,INR,2026-07-04 19:16:44.122833
ORDER_0002285,CUST_01613,965.3,INR,2026-07-22 11:52:13.122833
ORDER_0002286,CUST_00841,224.29,INR,2026-06-07 20:08:02.122833
ORDER_0002287,CUST_00812,259.87,INR,2026-08-02 07:21:15.122833
ORDER_0002288,CUST_00460,933.96,INR,2026-06-08 08:12:59.122833
ORDER_0002289,CUST_00108,3496.82,INR,2026-08-05 04:14:16.122833
ORDER_0002290,CUST_01800,77437.55,INR,2026-08-14 04:48:04.122833
ORDER_0002291,CUST_00058,4793.14,INR,2026-07-28 15:30:41.122833
ORDER_0002292,CUST_00593,642.2,INR,2026-08-13 00:42:53.122833
ORDER_0002293,CUST_00996,664.57,INR,2026-06-07 12:31:19.122833
ORDER_0002294,CUST_01027,349.3,INR,2026-06-15 06:38:55.122833
ORDER_0002295,CUST_00398,745.25,INR,2026-08-09 02:53:12.122833
ORDER_0002296,CUST_01520,888.23,INR,2026-08-28 20:02:50.122833
ORDER_0002297,CUST_01531,2175.78,INR,2026-08-27 15:40:37.122833
ORDER_0002298,CUST_00025,27733.73,INR,2026-08-21 16:28:15.122833
ORDER_0002299,CUST_01475,7437.23,INR,2026-07-16 23:03:39.122833
ORDER_0002300,CUST_00133,62610.6,INR,2026-07-24 18:17:32.122833
ORDER_0002301,CUST_01183,71540.83,INR,2026-06-18 07:37:01.122833
ORDER_0002302,CUST_00892,71437.26,INR,2026-08-13 16:02:26.122833
ORDER_0002303,CUST_01298,166.62,INR,2026-08-25 03:42:34.122833
ORDER_0002304,CUST_01434,950.4,INR,2026-06-14 04:25:39.122833
ORDER_0002305,CUST_00747,32314.73,INR,2026-07-25 03:28:50.122833
ORDER_0002306,CUST_00165,839.06,INR,2026-06-17 05:50:15.122833
ORDER_0002307,CUST_01840,610.74,INR,2026-07-13 08:34:06.122833
ORDER_0002308,CUST_01550,43020.32,INR,2026-08-27 12:05:37.122833
ORDER_0002309,CUST_00738,8571.15,INR,2026-07-17 07:25:05.122833
ORDER_0002310,CUST_01113,958.64,INR,2026-08-09 14:28:33.122833
ORDER_0002311,CUST_00197,2376.74,INR,2026-07-07 18:00:15.122833
ORDER_0002312,CUST_01407,3728.77,INR,2026-07-01 18:35:15.122833
ORDER_0002313,CUST_00967,690.42,INR,2026-08-08 02:11:56.122833
ORDER_0002314,CUST_01956,74555.18,INR,2026-07-13 01:39:15.122833
ORDER_0002315,CUST_00229,409.41,INR,2026-07-16 15:21:54.122833
ORDER_0002316,CUST_01866,8618.58,INR,2026-08-27 05:43:23.122833
ORDER_0002317,CUST_01643,1796.14,INR,2026-06-23 14:42:41.122833
ORDER_0002318,CUST_01273,92767.16,INR,2026-07-05 22:49:49.122833
ORDER_0002319,CUST_00755,38850.53,INR,2026-06-17 06:55:56.122833
ORDER_0002320,CUST_00608,191.27,INR,2026-07-24 10:12:39.122833
ORDER_0002321,CUST_00026,63470.67,INR,2026-08-01 13:42:29.122833
ORDER_0002322,CUST_01635,46680.75,INR,2026-06-25 21:50:35.122833
ORDER_0002323,CUST_00423,74009.42,INR,2026-07-30 22:17:43.122833
ORDER_0002324,CUST_00894,29854.28,INR,2026-07-05 11:54:30.122833
ORDER_0002325,CUST_01284,8986.25,INR,2026-07-17 08:24:59.122833
ORDER_0002326,CUST_01806,976.7,INR,2026-07-08 00:06:30.122833
ORDER_0002327,CUST_00388,578.47,INR,2026-08-20 18:00:12.122833
ORDER_0002328,CUST_00580,16979.35,INR,2026-08-22 14:46:59.122833
ORDER_0002329,CUST_00165,429.26,INR,2026-07-08 21:31:35.122833
ORDER_0002330,CUST_01272,87721.04,INR,2026-07-10 12:04:21.122833
ORDER_0002331,CUST_01173,6073.44,INR,2026-08-18 21:19:58.122833
ORDER_0002332,CUST_00442,6281.44,INR,2026-08-11 16:09:14.122833
ORDER_0002333,CUST_00483,794.88,INR,2026-07-07 14:22:24.122833
ORDER_0002334,CUST_01167,4929.28,INR,2026-07-10 18:11:06.122833
ORDER_0002335,CUST_00710,7553.2,INR,2026-08-19 22:33:44.122833
ORDER_0002336,CUST_00350,157.22,INR,2026-06-19 18:59:54.122833
ORDER_0002337,CUST_00504,408.93,INR,2026-07-28 04:49:15.122833
ORDER_0002338,CUST_01455,8548.95,INR,2026-07-21 22:11:48.122833
ORDER_0002339,CUST_00897,78437.6,INR,2026-06-16 10:38:09.122833
ORDER_0002340,CUST_01694,9459.56,INR,2026-07-01 22:16:42.122833
ORDER_0002341,CUST_00345,859.82,INR,2026-06-03 21:55:47.122833
ORDER_0002342,CUST_01339,9827.54,INR,2026-08-17 00:43:07.122833
ORDER_0002343,CUST_00049,9885.69,INR,2026-06-14 11:54:11.122833
ORDER_0002344,CUST_00306,3573.24,INR,2026-08-04 18:31:27.122833
ORDER_0002345,CUST_01817,590.02,INR,2026-07-12 22:26:51.122833
ORDER_0002346,CUST_01464,3708.98,INR,2026-06-23 07:50:05.122833
ORDER_0002347,CUST_00291,746.55,INR,2026-08-05 11:06:57.122833
ORDER_0002348,CUST_00793,96494.55,INR,2026-08-29 08:03:40.122833
ORDER_0002349,CUST_00682,116.26,INR,2026-07-20 17:23:18.122833
ORDER_0002350,CUST_00736,946.13,INR,2026-06-14 06:33:40.122833
ORDER_0002351,CUST_01605,50197.07,INR,2026-06-29 20:47:44.122833
ORDER_0002352,CUST_00405,83408.09,INR,2026-06-29 17:19:15.122833
ORDER_0002353,CUST_01639,90026.21,INR,2026-08-19 00:41:55.122833
ORDER_0002354,CUST_01620,71224.87,INR,2026-07-20 22:55:03.122833
ORDER_0002355,CUST_01448,143.75,INR,2026-08-26 00:53:51.122833
ORDER_0002356,CUST_01755,12278.36,INR,2026-07-12 11:52:57.122833
ORDER_0002357,CUST_00623,816.97,INR,2026-08-29 11:01:17.122833
ORDER_0002358,CUST_00090,5076.7,INR,2026-08-07 19:28:00.122833
ORDER_0002359,CUST_00295,391.52,INR,2026-06-29 15:41:00.122833
ORDER_0002360,CUST_00543,14197.72,INR,2026-08-09 14:06:09.122833
ORDER_0002361,CUST_00640,49539.55,INR,2026-06-08 16:53:23.122833
ORDER_0002362,CUST_00994,39293.53,INR,2026-08-05 12:16:50.122833
ORDER_0002363,CUST_01536,1327.3,INR,2026-08-24 17:46:10.122833
ORDER_0002364,CUST_01070,714.18,INR,2026-07-03 15:31:34.122833
ORDER_0002365,CUST_00910,8620.14,INR,2026-06-05 04:02:37.122833
ORDER_0002366,CUST_01463,643.79,INR,2026-08-16 06:49:20.122833
ORDER_0002367,CUST_01745,57617.79,INR,2026-08-08 23:47:58.122833
ORDER_0002368,CUST_01300,178.16,INR,2026-06-14 09:46:01.122833
ORDER_0002369,CUST_00664,278.3,INR,2026-07-22 21:37:09.122833
ORDER_0002370,CUST_01605,74876.13,INR,2026-08-04 05:01:59.122833
ORDER_0002371,CUST_00034,267.84,INR,2026-07-05 23:52:17.122833
ORDER_0002372,CUST_01860,65383.32,INR,2026-08-07 21:36:11.122833
ORDER_0002373,CUST_01131,25207.84,INR,2026-08-08 21:41:45.122833
ORDER_0002374,CUST_00595,793.77,INR,2026-08-28 08:39:13.122833
ORDER_0002375,CUST_00642,6471.31,INR,2026-08-24 09:40:55.122833
ORDER_0002376,CUST_00956,526.31,INR,2026-08-17 12:13:39.122833
ORDER_0002377,CUST_00658,418.63,INR,2026-07-21 20:24:11.122833
ORDER_0002378,CUST_00361,415.01,INR,2026-07-26 02:49:00.122833
ORDER_0002379,CUST_00311,26869.38,INR,2026-07-20 22:24:08.122833
ORDER_0002380,CUST_01545,809.12,INR,2026-08-22 03:51:25.122833
ORDER_0002381,CUST_00640,4430.2,INR,2026-06-14 16:53:35.122833
ORDER_0002382,CUST_01454,68032.55,INR,2026-06-24 04:16:16.122833
ORDER_0002383,CUST_01683,903.65,INR,2026-08-10 03:39:59.122833
ORDER_0002384,CUST_01667,69959.86,INR,2026-07-14 19:23:11.122833
ORDER_0002385,CUST_00422,7858.4,INR,2026-08-17 06:23:00.122833
ORDER_0002386,CUST_00964,2802.74,INR,2026-06-15 07:40:23.122833
ORDER_0002387,CUST_01702,96775.52,INR,2026-06-17 10:20:09.122833
ORDER_0002388,CUST_01943,227.47,INR,2026-08-03 05:25:01.122833
ORDER_0002389,CUST_00784,195.52,INR,2026-07-06 04:51:01.122833
ORDER_0002390,CUST_00431,604.19,INR,2026-08-11 05:55:22.122833
ORDER_0002391,CUST_00552,834.12,INR,2026-06-19 22:37:18.122833
ORDER_0002392,CUST_01950,760.83,INR,2026-08-21 07:33:23.122833
ORDER_0002393,CUST_01990,9936.13,INR,2026-08-05 07:09:52.122833
ORDER_0002394,CUST_01641,84980.45,INR,2026-08-18 08:01:37.122833
ORDER_0002395,CUST_00489,32017.79,INR,2026-06-13 17:43:44.122833
ORDER_0002396,CUST_00997,3444.0,INR,2026-06-29 08:58:40.122833
ORDER_0002397,CUST_00309,3126.83,INR,2026-06-24 20:14:30.122833
ORDER_0002398,CUST_00770,79495.32,INR,2026-07-27 03:11:05.122833
ORDER_0002399,CUST_00505,391.56,INR,2026-08-16 19:42:21.122833
ORDER_0002400,CUST_00369,4611.63,INR,2026-08-06 01:31:38.122833
ORDER_0002401,CUST_00563,74808.56,INR,2026-07-08 01:45:00.122833
ORDER_0002402,CUST_01012,3824.48,INR,2026-06-06 23:17:56.122833
ORDER_0002403,CUST_01363,425.38,INR,2026-08-02 09:32:16.122833
ORDER_0002404,CUST_00486,48530.72,INR,2026-06-28 14:04:36.122833
ORDER_0002405,CUST_00347,6096.04,INR,2026-07-04 15:12:00.122833
ORDER_0002406,CUST_00378,485.44,INR,2026-07-28 13:04:57.122833
ORDER_0002407,CUST_01457,6331.83,INR,2026-07-16 08:56:34.122833
ORDER_0002408,CUST_01048,4219.77,INR,2026-08-19 14:29:16.122833
ORDER_0002409,CUST_00099,2233.79,INR,2026-06-17 23:13:13.122833
ORDER_0002410,CUST_01493,1640.09,INR,2026-06-11 22:16:47.122833
ORDER_0002411,CUST_00530,222.36,INR,2026-06-22 04:33:31.122833
ORDER_0002412,CUST_01551,48699.68,INR,2026-07-11 18:39:58.122833
ORDER_0002413,CUST_00865,516.48,INR,2026-07-27 14:09:36.122833
ORDER_0002414,CUST_01612,5271.1,INR,2026-07-20 05:25:40.122833
ORDER_0002415,CUST_01897,903.88,INR,2026-06-15 09:36:04.122833
ORDER_0002416,CUST_00134,4504.63,INR,2026-07-05 12:34:08.122833
ORDER_0002417,CUST_01338,9674.51,INR,2026-08-04 14:03:28.122833
ORDER_0002418,CUST_01779,590.23,INR,2026-08-02 20:37:12.122833
ORDER_0002419,CUST_00897,9100.98,INR,2026-06-22 07:25:28.122833
ORDER_0002420,CUST_01852,1825.26,INR,2026-07-02 13:50:35.122833
ORDER_0002421,CUST_01459,70490.21,INR,2026-08-03 10:31:44.122833
ORDER_0002422,CUST_01226,401.38,INR,2026-06-14 08:26:05.122833
ORDER_0002423,CUST_01820,4167.76,INR,2026-07-19 19:30:08.122833
ORDER_0002424,CUST_01452,35450.95,INR,2026-07-16 21:08:33.122833
ORDER_0002425,CUST_01981,819.59,INR,2026-06-02 17:08:20.122833
ORDER_0002426,CUST_01996,9713.53,INR,2026-07-02 14:49:20.122833
ORDER_0002427,CUST_01455,7862.64,INR,2026-07-28 04:08:37.122833
ORDER_0002428,CUST_00299,503.04,INR,2026-07-13 08:32:43.122833
ORDER_0002429,CUST_00069,41280.29,INR,2026-06-05 21:03:55.122833
ORDER_0002430,CUST_01386,331.24,INR,2026-07-06 20:55:19.122833
ORDER_0002431,CUST_01292,27926.19,INR,2026-08-13 08:37:37.122833
ORDER_0002432,CUST_01799,447.51,INR,2026-07-17 16:30:08.122833
ORDER_0002433,CUST_00830,67149.08,INR,2026-07-07 08:46:58.122833
ORDER_0002434,CUST_01125,223.62,INR,2026-06-07 09:48:49.122833
ORDER_0002435,CUST_00366,725.25,INR,2026-07-08 07:52:58.122833
ORDER_0002436,CUST_00271,2453.61,INR,2026-08-07 01:52:47.122833
ORDER_0002437,CUST_01450,3697.39,INR,2026-08-01 05:16:42.122833
ORDER_0002438,CUST_00537,86494.5,INR,2026-08-15 17:20:01.122833
ORDER_0002439,CUST_01204,4541.24,INR,2026-08-05 10:21:19.122833
ORDER_0002440,CUST_00773,3686.83,INR,2026-08-26 12:28:04.122833
ORDER_0002441,CUST_01963,9310.11,INR,2026-08-10 10:32:23.122833
ORDER_0002442,CUST_01066,90701.91,INR,2026-06-14 09:02:34.122833
ORDER_0002443,CUST_01334,63017.94,INR,2026-06-26 03:19:58.122833
ORDER_0002444,CUST_00465,33263.08,INR,2026-07-16 09:00:55.122833
ORDER_0002445,CUST_01906,6174.28,INR,2026-06-28 05:03:00.122833
ORDER_0002446,CUST_01617,85309.44,INR,2026-07-27 02:25:18.122833
ORDER_0002447,CUST_01018,63398.89,INR,2026-07-13 09:20:04.122833
ORDER_0002448,CUST_01520,215.47,INR,2026-07-28 11:39:19.122833
ORDER_0002449,CUST_00183,79348.33,INR,2026-07-29 04:00:25.122833
ORDER_0002450,CUST_01465,872.32,INR,2026-06-03 08:57:01.122833
ORDER_0002451,CUST_01542,997.94,INR,2026-08-08 17:08:42.122833
ORDER_0002452,CUST_00408,8743.79,INR,2026-07-04 07:55:07.122833
ORDER_0002453,CUST_00987,8664.63,INR,2026-08-02 19:03:49.122833
ORDER_0002454,CUST_01764,40301.03,INR,2026-06-15 09:44:28.122833
ORDER_0002455,CUST_01218,873.23,INR,2026-07-01 21:32:33.122833
ORDER_0002456,CUST_01851,350.32,INR,2026-06-17 00:07:08.122833
ORDER_0002457,CUST_00461,751.18,INR,2026-06-16 07:55:56.122833
ORDER_0002458,CUST_01949,907.51,INR,2026-06-22 09:48:45.122833
ORDER_0002459,CUST_00917,5153.24,INR,2026-07-23 22:28:35.122833
ORDER_0002460,CUST_00356,4524.46,INR,2026-08-02 13:43:16.122833
ORDER_0002461,CUST_00892,5242.18,INR,2026-08-19 20:51:50.122833
ORDER_0002462,CUST_00564,170.99,INR,2026-06-27 22:45:06.122833
ORDER_0002463,CUST_00788,27023.73,INR,2026-07-04 08:55:35.122833
ORDER_0002464,CUST_01063,16523.11,INR,2026-07-26 01:39:31.122833
ORDER_0002465,CUST_01624,433.89,INR,2026-06-21 02:14:49.122833
ORDER_0002466,CUST_01192,845.93,INR,2026-06-05 20:23:29.122833
ORDER_0002467,CUST_01604,872.18,INR,2026-06-28 08:08:47.122833
ORDER_0002468,CUST_00088,465.92,INR,2026-08-05 23:55:56.122833
ORDER_0002469,CUST_01813,55399.12,INR,2026-08-07 02:45:21.122833
ORDER_0002470,CUST_00018,820.9,INR,2026-06-05 18:29:24.122833
ORDER_0002471,CUST_00442,9114.46,INR,2026-08-10 14:32:43.122833
ORDER_0002472,CUST_01330,2267.81,INR,2026-08-14 17:35:43.122833
ORDER_0002473,CUST_00157,89750.89,INR,2026-06-11 07:18:44.122833
ORDER_0002474,CUST_01845,9750.51,INR,2026-06-08 20:27:14.122833
ORDER_0002475,CUST_01902,519.23,INR,2026-08-23 07:08:15.122833
ORDER_0002476,CUST_00087,2396.49,INR,2026-06-07 03:43:24.122833
ORDER_0002477,CUST_01375,8335.6,INR,2026-07-13 13:59:08.122833
ORDER_0002478,CUST_00012,77644.58,INR,2026-08-26 06:35:58.122833
ORDER_0002479,CUST_01148,778.5,INR,2026-07-23 02:47:02.122833
ORDER_0002480,CUST_00440,994.61,INR,2026-06-04 04:12:38.122833
ORDER_0002481,CUST_01090,221.0,INR,2026-06-22 10:40:38.122833
ORDER_0002482,CUST_00408,3067.5,INR,2026-07-12 05:45:10.122833
ORDER_0002483,CUST_01905,72303.22,INR,2026-08-29 01:37:20.122833
ORDER_0002484,CUST_01358,485.0,INR,2026-07-15 01:54:21.122833
ORDER_0002485,CUST_01116,53054.93,INR,2026-07-06 07:48:12.122833
ORDER_0002486,CUST_00107,775.81,INR,2026-06-19 10:47:26.122833
ORDER_0002487,CUST_01730,350.19,INR,2026-08-29 23:21:59.122833
ORDER_0002488,CUST_00198,6235.49,INR,2026-06-19 03:57:18.122833
ORDER_0002489,CUST_01858,311.49,INR,2026-06-07 03:06:21.122833
ORDER_0002490,CUST_00308,16129.12,INR,2026-08-20 04:38:06.122833
ORDER_0002491,CUST_00278,767.26,INR,2026-07-16 16:46:17.122833
ORDER_0002492,CUST_01365,745.93,INR,2026-07-01 00:20:41.122833
ORDER_0002493,CUST_00793,49541.19,INR,2026-07-12 18:05:33.122833
ORDER_0002494,CUST_00897,3330.49,INR,2026-08-12 10:33:58.122833
ORDER_0002495,CUST_01453,92560.98,INR,2026-08-03 08:29:50.122833
ORDER_0002496,CUST_01776,721.89,INR,2026-08-02 00:25:31.122833
ORDER_0002497,CUST_01435,6406.48,INR,2026-06-07 10:58:52.122833
ORDER_0002498,CUST_01654,6758.37,INR,2026-06-17 13:24:41.122833
ORDER_0002499,CUST_00059,23350.42,INR,2026-08-26 06:45:39.122833
ORDER_0002500,CUST_00956,938.02,INR,2026-08-19 12:42:30.122833
ORDER_0002501,CUST_00850,8037.47,INR,2026-08-15 05:12:50.122833
ORDER_0002502,CUST_01031,92337.23,INR,2026-08-13 09:31:08.122833
ORDER_0002503,CUST_01998,232.69,INR,2026-07-16 10:07:54.122833
ORDER_0002504,CUST_01777,616.06,INR,2026-06-15 05:15:54.122833
ORDER_0002505,CUST_00943,9813.94,INR,2026-07-22 10:56:10.122833
ORDER_0002506,CUST_00063,98426.82,INR,2026-07-12 23:32:55.122833
ORDER_0002507,CUST_00982,826.61,INR,2026-07-16 17:13:38.122833
ORDER_0002508,CUST_01345,53625.81,INR,2026-06-06 02:22:33.122833
ORDER_0002509,CUST_01544,9392.79,INR,2026-06-12 15:41:52.122833
ORDER_0002510,CUST_00336,6574.84,INR,2026-06-19 21:36:26.122833
ORDER_0002511,CUST_00746,638.36,INR,2026-07-20 13:26:56.122833
ORDER_0002512,CUST_01837,2579.53,INR,2026-08-14 06:21:08.122833
ORDER_0002513,CUST_00901,329.07,INR,2026-06-04 16:22:46.122833
ORDER_0002514,CUST_00676,3603.35,INR,2026-06-19 16:49:05.122833
ORDER_0002515,CUST_00335,82981.8,INR,2026-08-26 22:44:47.122833
ORDER_0002516,CUST_00826,681.44,INR,2026-08-13 10:46:40.122833
ORDER_0002517,CUST_01766,762.35,INR,2026-06-30 17:52:23.122833
ORDER_0002518,CUST_01527,364.98,INR,2026-07-02 04:26:40.122833
ORDER_0002519,CUST_01851,55771.71,INR,2026-08-31 03:49:32.122833
ORDER_0002520,CUST_00368,397.53,INR,2026-06-03 14:25:20.122833
ORDER_0002521,CUST_01682,43977.08,INR,2026-08-08 01:01:36.122833
ORDER_0002522,CUST_01084,414.42,INR,2026-08-18 02:35:27.122833
ORDER_0002523,CUST_01096,713.68,INR,2026-07-11 04:02:59.122833
ORDER_0002524,CUST_01121,24396.25,INR,2026-08-13 13:12:30.122833
ORDER_0002525,CUST_01889,3098.54,INR,2026-07-18 15:14:59.122833
ORDER_0002526,CUST_01784,92084.37,INR,2026-06-17 12:18:15.122833
ORDER_0002527,CUST_01484,45943.07,INR,2026-06-10 17:26:04.122833
ORDER_0002528,CUST_01979,6441.28,INR,2026-07-28 04:51:47.122833
ORDER_0002529,CUST_00440,752.61,INR,2026-06-09 12:35:21.122833
ORDER_0002530,CUST_01695,8782.17,INR,2026-06-23 19:11:42.122833
ORDER_0002531,CUST_01529,38422.42,INR,2026-08-09 16:07:09.122833
ORDER_0002532,CUST_00410,31992.74,INR,2026-08-11 12:33:21.122833
ORDER_0002533,CUST_01161,25512.44,INR,2026-08-11 18:25:26.122833
ORDER_0002534,CUST_01114,7875.51,INR,2026-07-09 04:47:57.122833
ORDER_0002535,CUST_00341,168.4,INR,2026-08-04 08:22:10.122833
ORDER_0002536,CUST_00901,27507.86,INR,2026-06-12 23:37:15.122833
ORDER_0002537,CUST_01121,300.73,INR,2026-06-29 01:35:42.122833
ORDER_0002538,CUST_01981,616.51,INR,2026-06-08 20:02:12.122833
ORDER_0002539,CUST_01432,837.03,INR,2026-08-22 01:41:30.122833
ORDER_0002540,CUST_00354,77426.5,INR,2026-08-05 22:40:31.122833
ORDER_0002541,CUST_01388,920.53,INR,2026-08-26 00:58:58.122833
ORDER_0002542,CUST_01809,4754.41,INR,2026-07-01 12:38:54.122833
ORDER_0002543,CUST_01100,62456.42,INR,2026-07-04 07:40:10.122833
ORDER_0002544,CUST_01391,5835.1,INR,2026-08-14 10:10:11.122833
ORDER_0002545,CUST_00399,8531.38,INR,2026-06-19 20:20:44.122833
ORDER_0002546,CUST_00304,5522.29,INR,2026-08-03 13:40:01.122833
ORDER_0002547,CUST_00558,3200.97,INR,2026-08-16 22:25:55.122833
ORDER_0002548,CUST_01066,4489.45,INR,2026-08-14 07:30:29.122833
ORDER_0002549,CUST_00658,63621.4,INR,2026-06-15 03:39:29.122833
ORDER_0002550,CUST_00397,295.94,INR,2026-08-11 00:06:25.122833
ORDER_0002551,CUST_00861,937.15,INR,2026-06-20 08:50:10.122833
ORDER_0002552,CUST_00943,115.4,INR,2026-07-31 23:48:31.122833
ORDER_0002553,CUST_01703,2952.62,INR,2026-08-12 17:46:12.122833
ORDER_0002554,CUST_01608,89197.71,INR,2026-08-25 15:55:14.122833
ORDER_0002555,CUST_01529,200.72,INR,2026-08-21 17:38:41.122833
ORDER_0002556,CUST_00107,63465.53,INR,2026-06-29 13:25:04.122833
ORDER_0002557,CUST_01205,68651.89,INR,2026-08-09 09:32:33.122833
ORDER_0002558,CUST_01718,279.25,INR,2026-08-26 13:41:23.122833
ORDER_0002559,CUST_00010,76375.04,INR,2026-06-18 22:02:46.122833
ORDER_0002560,CUST_00127,735.61,INR,2026-08-14 05:19:16.122833
ORDER_0002561,CUST_01192,245.16,INR,2026-08-26 08:31:40.122833
ORDER_0002562,CUST_00771,186.73,INR,2026-06-28 19:51:58.122833
ORDER_0002563,CUST_01203,31144.9,INR,2026-06-02 18:49:03.122833
ORDER_0002564,CUST_01712,5978.36,INR,2026-08-23 09:25:06.122833
ORDER_0002565,CUST_01865,80051.81,INR,2026-06-08 15:52:42.122833
ORDER_0002566,CUST_01096,153.68,INR,2026-08-21 11:14:35.122833
ORDER_0002567,CUST_01251,511.65,INR,2026-06-19 19:31:40.122833
ORDER_0002568,CUST_01897,28612.82,INR,2026-07-31 18:24:06.122833
ORDER_0002569,CUST_00962,903.66,INR,2026-06-23 10:09:46.122833
ORDER_0002570,CUST_00866,77228.54,INR,2026-07-05 05:49:11.122833
ORDER_0002571,CUST_00925,8949.46,INR,2026-06-19 18:52:54.122833
ORDER_0002572,CUST_01134,1942.79,INR,2026-08-17 00:50:22.122833
ORDER_0002573,CUST_00725,27088.47,INR,2026-07-21 17:03:38.122833
ORDER_0002574,CUST_01457,30304.79,INR,2026-06-17 09:22:35.122833
ORDER_0002575,CUST_01948,189.23,INR,2026-07-06 12:21:25.122833
ORDER_0002576,CUST_01251,907.94,INR,2026-07-23 21:31:15.122833
ORDER_0002577,CUST_01528,78782.85,INR,2026-06-04 12:28:00.122833
ORDER_0002578,CUST_00374,465.45,INR,2026-08-04 18:28:18.122833
ORDER_0002579,CUST_00043,75101.65,INR,2026-06-18 19:36:54.122833
ORDER_0002580,CUST_01886,105.65,INR,2026-08-24 17:41:23.122833
ORDER_0002581,CUST_01832,79329.21,INR,2026-06-14 23:18:40.122833
ORDER_0002582,CUST_01850,5001.35,INR,2026-08-30 17:58:28.122833
ORDER_0002583,CUST_00494,1996.02,INR,2026-07-28 20:49:36.122833
ORDER_0002584,CUST_00820,6789.26,INR,2026-07-06 13:47:31.122833
ORDER_0002585,CUST_01552,70800.12,INR,2026-08-21 09:33:02.122833
ORDER_0002586,CUST_01971,43918.34,INR,2026-08-21 09:42:21.122833
ORDER_0002587,CUST_00780,4460.25,INR,2026-07-28 09:37:13.122833
ORDER_0002588,CUST_00764,2245.29,INR,2026-08-01 11:28:45.122833
ORDER_0002589,CUST_01657,6089.54,INR,2026-07-04 06:20:59.122833
ORDER_0002590,CUST_01821,49163.98,INR,2026-06-03 11:24:42.122833
ORDER_0002591,CUST_01406,89793.5,INR,2026-08-25 06:09:43.122833
ORDER_0002592,CUST_01307,647.05,INR,2026-08-15 20:33:10.122833
ORDER_0002593,CUST_00323,4807.46,INR,2026-06-08 17:00:00.122833
ORDER_0002594,CUST_00115,788.02,INR,2026-07-27 04:56:07.122833
ORDER_0002595,CUST_00480,51155.59,INR,2026-08-07 14:13:01.122833
ORDER_0002596,CUST_01749,71702.55,INR,2026-06-30 04:39:38.122833
ORDER_0002597,CUST_00661,55815.3,INR,2026-08-19 11:07:11.122833
ORDER_0002598,CUST_00519,553.66,INR,2026-06-30 15:43:33.122833
ORDER_0002599,CUST_00994,855.01,INR,2026-07-11 07:19:42.122833
ORDER_0002600,CUST_01724,5827.91,INR,2026-07-01 01:01:40.122833
ORDER_0002601,CUST_00955,5803.34,INR,2026-06-03 13:22:41.122833
ORDER_0002602,CUST_01165,2499.99,INR,2026-08-26 15:12:57.122833
ORDER_0002603,CUST_00271,108.92,INR,2026-06-18 12:34:26.122833
ORDER_0002604,CUST_01634,9650.62,INR,2026-06-30 17:49:45.122833
ORDER_0002605,CUST_01018,11627.04,INR,2026-06-19 23:47:40.122833
ORDER_0002606,CUST_00540,343.5,INR,2026-08-16 08:59:47.122833
ORDER_0002607,CUST_01770,58566.16,INR,2026-06-21 00:59:21.122833
ORDER_0002608,CUST_00530,8240.48,INR,2026-08-06 08:01:18.122833
ORDER_0002609,CUST_00695,65696.89,INR,2026-07-18 14:13:41.122833
ORDER_0002610,CUST_00617,99535.91,INR,2026-07-06 08:24:29.122833
ORDER_0002611,CUST_01938,8789.44,INR,2026-08-18 03:14:36.122833
ORDER_0002612,CUST_01912,433.5,INR,2026-08-07 14:04:49.122833
ORDER_0002613,CUST_00198,410.42,INR,2026-07-30 02:13:47.122833
ORDER_0002614,CUST_00813,899.74,INR,2026-06-04 06:38:50.122833
ORDER_0002615,CUST_01208,920.04,INR,2026-07-26 18:30:05.122833
ORDER_0002616,CUST_00204,84292.12,INR,2026-08-06 03:50:55.122833
ORDER_0002617,CUST_01283,48879.39,INR,2026-06-07 15:02:08.122833
ORDER_0002618,CUST_00936,552.39,INR,2026-08-05 01:25:39.122833
ORDER_0002619,CUST_01561,47300.09,INR,2026-08-19 14:59:43.122833
ORDER_0002620,CUST_00763,2016.99,INR,2026-07-08 18:01:45.122833
ORDER_0002621,CUST_01627,2105.88,INR,2026-07-02 00:26:36.122833
ORDER_0002622,CUST_00057,954.72,INR,2026-07-10 19:02:26.122833
ORDER_0002623,CUST_00161,95922.29,INR,2026-08-29 05:04:42.122833
ORDER_0002624,CUST_01964,8366.5,INR,2026-06-06 08:21:15.122833
ORDER_0002625,CUST_00736,8086.58,INR,2026-08-29 23:11:38.122833
ORDER_0002626,CUST_00668,409.77,INR,2026-07-03 05:21:41.122833
ORDER_0002627,CUST_00564,939.2,INR,2026-06-14 17:21:57.122833
ORDER_0002628,CUST_00566,29390.94,INR,2026-08-04 11:11:13.122833
ORDER_0002629,CUST_00713,4956.19,INR,2026-07-02 10:25:58.122833
ORDER_0002630,CUST_00936,58706.55,INR,2026-08-17 20:38:10.122833
ORDER_0002631,CUST_00470,6375.59,INR,2026-06-19 04:10:36.122833
ORDER_0002632,CUST_00386,186.75,INR,2026-07-02 22:38:07.122833
ORDER_0002633,CUST_00493,8473.93,INR,2026-07-04 22:21:01.122833
ORDER_0002634,CUST_01154,24960.17,INR,2026-06-08 01:41:06.122833
ORDER_0002635,CUST_00914,102.99,INR,2026-06-11 11:21:10.122833
ORDER_0002636,CUST_00257,1611.91,INR,2026-06-25 14:12:54.122833
ORDER_0002637,CUST_01484,6760.83,INR,2026-07-20 14:59:27.122833
ORDER_0002638,CUST_00833,58246.45,INR,2026-08-12 14:53:53.122833
ORDER_0002639,CUST_01610,38888.65,INR,2026-07-03 18:52:56.122833
ORDER_0002640,CUST_00501,2538.72,INR,2026-06-19 03:13:06.122833
ORDER_0002641,CUST_00903,4116.48,INR,2026-06-12 10:39:04.122833
ORDER_0002642,CUST_01128,9797.49,INR,2026-08-01 07:17:48.122833
ORDER_0002643,CUST_01850,175.63,INR,2026-07-23 23:14:26.122833
ORDER_0002644,CUST_00455,866.51,INR,2026-06-27 16:18:31.122833
ORDER_0002645,CUST_00440,3765.31,INR,2026-08-03 14:28:37.122833
ORDER_0002646,CUST_01549,36780.68,INR,2026-08-12 15:34:57.122833
ORDER_0002647,CUST_01778,7590.24,INR,2026-06-14 03:50:49.122833
ORDER_0002648,CUST_00709,82519.99,INR,2026-07-17 04:59:22.122833
ORDER_0002649,CUST_01560,279.49,INR,2026-06-06 03:45:30.122833
ORDER_0002650,CUST_01918,400.03,INR,2026-06-21 13:17:48.122833
ORDER_0002651,CUST_00711,212.33,INR,2026-08-08 10:24:30.122833
ORDER_0002652,CUST_01634,56904.91,INR,2026-06-20 06:58:03.122833
ORDER_0002653,CUST_00389,52699.08,INR,2026-08-27 23:20:23.122833
ORDER_0002654,CUST_00904,257.57,INR,2026-07-19 04:39:25.122833
ORDER_0002655,CUST_00111,35671.69,INR,2026-07-14 19:30:37.122833
ORDER_0002656,CUST_01046,265.56,INR,2026-07-15 19:41:12.122833
ORDER_0002657,CUST_01023,722.36,INR,2026-08-31 13:27:27.122833
ORDER_0002658,CUST_00637,83095.1,INR,2026-06-07 10:52:44.122833
ORDER_0002659,CUST_01763,6080.73,INR,2026-08-08 03:49:59.122833
ORDER_0002660,CUST_00249,3632.84,INR,2026-06-11 02:32:22.122833
ORDER_0002661,CUST_00633,761.7,INR,2026-07-30 02:57:58.122833
ORDER_0002662,CUST_01349,6299.65,INR,2026-06-24 09:27:00.122833
ORDER_0002663,CUST_00416,62889.47,INR,2026-06-27 13:06:27.122833
ORDER_0002664,CUST_00239,6661.94,INR,2026-06-07 17:04:02.122833
ORDER_0002665,CUST_00188,81126.7,INR,2026-06-06 04:25:14.122833
ORDER_0002666,CUST_00874,5790.39,INR,2026-06-24 17:21:07.122833
ORDER_0002667,CUST_00083,31055.73,INR,2026-08-10 10:09:07.122833
ORDER_0002668,CUST_01937,17648.59,INR,2026-07-12 08:47:56.122833
ORDER_0002669,CUST_01176,35874.09,INR,2026-07-01 05:19:10.122833
ORDER_0002670,CUST_00659,56313.98,INR,2026-07-01 11:41:06.122833
ORDER_0002671,CUST_01824,85543.53,INR,2026-08-11 21:51:58.122833
ORDER_0002672,CUST_00595,4336.41,INR,2026-08-21 14:09:23.122833
ORDER_0002673,CUST_01441,67159.85,INR,2026-07-06 10:29:50.122833
ORDER_0002674,CUST_00507,778.81,INR,2026-08-23 09:44:05.122833
ORDER_0002675,CUST_01649,16431.14,INR,2026-07-29 06:44:00.122833
ORDER_0002676,CUST_01527,69429.98,INR,2026-08-23 17:03:16.122833
ORDER_0002677,CUST_01462,22389.31,INR,2026-07-25 01:41:58.122833
ORDER_0002678,CUST_01998,268.78,INR,2026-07-17 11:11:14.122833
ORDER_0002679,CUST_01924,3953.5,INR,2026-08-30 12:34:33.122833
ORDER_0002680,CUST_00035,9328.96,INR,2026-08-18 18:23:40.122833
ORDER_0002681,CUST_00286,933.37,INR,2026-07-23 09:12:41.122833
ORDER_0002682,CUST_01358,995.42,INR,2026-08-12 02:20:44.122833
ORDER_0002683,CUST_01614,1267.16,INR,2026-08-14 14:37:04.122833
ORDER_0002684,CUST_00692,79782.46,INR,2026-06-26 11:01:51.122833
ORDER_0002685,CUST_01563,648.78,INR,2026-06-29 07:23:57.122833
ORDER_0002686,CUST_00498,950.73,INR,2026-08-13 05:46:10.122833
ORDER_0002687,CUST_01236,87981.97,INR,2026-07-28 05:13:19.122833
ORDER_0002688,CUST_00249,2502.32,INR,2026-07-28 15:05:13.122833
ORDER_0002689,CUST_00964,3840.61,INR,2026-08-31 08:51:57.122833
ORDER_0002690,CUST_01148,2869.53,INR,2026-06-11 06:45:08.122833
ORDER_0002691,CUST_01838,77006.22,INR,2026-08-14 11:59:26.122833
ORDER_0002692,CUST_01578,118.6,INR,2026-08-16 05:48:13.122833
ORDER_0002693,CUST_00613,3865.75,INR,2026-06-04 12:54:37.122833
ORDER_0002694,CUST_00706,61810.59,INR,2026-06-10 08:21:33.122833
ORDER_0002695,CUST_00065,57937.44,INR,2026-07-18 15:35:18.122833
ORDER_0002696,CUST_01280,376.64,INR,2026-06-26 05:24:34.122833
ORDER_0002697,CUST_00210,15316.37,INR,2026-07-04 10:52:12.122833
ORDER_0002698,CUST_01717,87002.67,INR,2026-06-14 13:00:53.122833
ORDER_0002699,CUST_00751,3949.66,INR,2026-06-23 04:46:26.122833
ORDER_0002700,CUST_01054,2859.26,INR,2026-08-09 06:51:54.122833
ORDER_0002701,CUST_01637,5778.37,INR,2026-06-16 04:15:51.122833
ORDER_0002702,CUST_00699,72118.64,INR,2026-08-11 13:32:29.122833
ORDER_0002703,CUST_01001,639.63,INR,2026-08-19 02:57:21.122833
ORDER_0002704,CUST_01586,66396.82,INR,2026-07-03 20:06:47.122833
ORDER_0002705,CUST_00065,9789.15,INR,2026-06-11 08:53:23.122833
ORDER_0002706,CUST_00377,430.05,INR,2026-06-10 22:38:18.122833
ORDER_0002707,CUST_01200,685.6,INR,2026-07-29 09:00:29.122833
ORDER_0002708,CUST_01403,538.61,INR,2026-06-12 10:19:20.122833
ORDER_0002709,CUST_01710,96086.69,INR,2026-06-06 17:36:01.122833
ORDER_0002710,CUST_01412,8544.87,INR,2026-07-19 19:11:50.122833
ORDER_0002711,CUST_00640,24256.72,INR,2026-07-13 13:17:10.122833
ORDER_0002712,CUST_01319,6851.41,INR,2026-08-30 08:24:05.122833
ORDER_0002713,CUST_00918,2593.8,INR,2026-06-27 11:52:39.122833
ORDER_0002714,CUST_00441,161.82,INR,2026-08-28 07:54:27.122833
ORDER_0002715,CUST_00782,9992.58,INR,2026-08-03 05:06:13.122833
ORDER_0002716,CUST_00407,88497.32,INR,2026-08-30 19:53:50.122833
ORDER_0002717,CUST_00759,8454.12,INR,2026-06-14 16:19:49.122833
ORDER_0002718,CUST_00553,133.73,INR,2026-07-20 05:06:51.122833
ORDER_0002719,CUST_01836,1074.45,INR,2026-06-22 20:16:34.122833
ORDER_0002720,CUST_01440,480.0,INR,2026-06-28 03:53:29.122833
ORDER_0002721,CUST_00455,50795.89,INR,2026-08-14 21:35:26.122833
ORDER_0002722,CUST_00843,621.11,INR,2026-07-28 11:00:52.122833
ORDER_0002723,CUST_00990,8175.59,INR,2026-06-27 20:30:22.122833
ORDER_0002724,CUST_00003,69334.81,INR,2026-08-02 10:40:21.122833
ORDER_0002725,CUST_01995,968.67,INR,2026-07-21 16:37:45.122833
ORDER_0002726,CUST_00701,94463.6,INR,2026-07-16 17:03:52.122833
ORDER_0002727,CUST_00422,8840.52,INR,2026-06-13 11:04:39.122833
ORDER_0002728,CUST_00030,3134.17,INR,2026-07-24 19:09:03.122833
ORDER_0002729,CUST_00278,773.75,INR,2026-07-16 15:07:33.122833
ORDER_0002730,CUST_01331,2768.91,INR,2026-08-19 20:35:00.122833
ORDER_0002731,CUST_01802,597.52,INR,2026-08-15 03:36:18.122833
ORDER_0002732,CUST_01778,34389.02,INR,2026-08-15 22:29:50.122833
ORDER_0002733,CUST_00375,95239.99,INR,2026-07-21 12:28:57.122833
ORDER_0002734,CUST_00015,784.01,INR,2026-07-25 20:10:30.122833
ORDER_0002735,CUST_01339,42322.98,INR,2026-06-24 04:41:54.122833
ORDER_0002736,CUST_00156,2930.04,INR,2026-07-16 05:47:32.122833
ORDER_0002737,CUST_00155,112.53,INR,2026-07-31 08:13:00.122833
ORDER_0002738,CUST_01079,9218.3,INR,2026-06-21 08:05:25.122833
ORDER_0002739,CUST_00323,561.39,INR,2026-06-20 16:27:04.122833
ORDER_0002740,CUST_00964,590.46,INR,2026-06-06 10:27:04.122833
ORDER_0002741,CUST_00099,931.45,INR,2026-08-28 10:33:28.122833
ORDER_0002742,CUST_01046,1313.65,INR,2026-07-17 10:29:44.122833
ORDER_0002743,CUST_00552,220.56,INR,2026-06-08 02:14:43.122833
ORDER_0002744,CUST_01328,63240.86,INR,2026-06-29 00:25:48.122833
ORDER_0002745,CUST_01803,189.73,INR,2026-08-23 04:08:46.122833
ORDER_0002746,CUST_01116,65924.57,INR,2026-08-01 10:02:29.122833
ORDER_0002747,CUST_01219,378.61,INR,2026-08-14 11:30:45.122833
ORDER_0002748,CUST_01429,12534.51,INR,2026-08-12 23:55:16.122833
ORDER_0002749,CUST_00643,2359.21,INR,2026-08-25 15:14:33.122833
ORDER_0002750,CUST_00239,4661.86,INR,2026-06-10 04:25:03.122833
ORDER_0002751,CUST_00726,992.67,INR,2026-06-30 17:12:39.122833
ORDER_0002752,CUST_01776,72450.75,INR,2026-06-23 08:59:08.122833
ORDER_0002753,CUST_00700,58021.25,INR,2026-06-07 14:38:33.122833
ORDER_0002754,CUST_01283,131.9,INR,2026-08-08 08:27:15.122833
ORDER_0002755,CUST_01009,11079.93,INR,2026-07-11 08:55:56.122833
ORDER_0002756,CUST_01874,503.79,INR,2026-08-17 05:39:00.122833
ORDER_0002757,CUST_01512,131.63,INR,2026-07-10 13:16:58.122833
ORDER_0002758,CUST_00544,22198.78,INR,2026-07-07 14:08:11.122833
ORDER_0002759,CUST_00951,276.93,INR,2026-07-05 12:12:30.122833
ORDER_0002760,CUST_01103,518.36,INR,2026-07-20 15:38:30.122833
ORDER_0002761,CUST_00272,319.06,INR,2026-06-05 02:56:30.122833
ORDER_0002762,CUST_01029,818.68,INR,2026-08-14 16:07:54.122833
ORDER_0002763,CUST_01548,800.82,INR,2026-06-13 04:43:08.122833
ORDER_0002764,CUST_01579,60973.45,INR,2026-07-22 01:09:26.122833
ORDER_0002765,CUST_01743,525.35,INR,2026-06-20 14:55:56.122833
ORDER_0002766,CUST_00640,32849.72,INR,2026-08-16 16:41:23.122833
ORDER_0002767,CUST_00296,4667.61,INR,2026-06-13 08:55:07.122833
ORDER_0002768,CUST_00571,612.53,INR,2026-07-18 14:46:25.122833
ORDER_0002769,CUST_00080,5093.09,INR,2026-06-07 19:42:46.122833
ORDER_0002770,CUST_01670,2302.3,INR,2026-07-01 01:25:13.122833
ORDER_0002771,CUST_00542,9376.06,INR,2026-06-16 14:25:57.122833
ORDER_0002772,CUST_01708,183.56,INR,2026-06-23 10:35:27.122833
ORDER_0002773,CUST_01982,17405.39,INR,2026-08-30 07:49:06.122833
ORDER_0002774,CUST_00827,7573.83,INR,2026-08-13 15:08:06.122833
ORDER_0002775,CUST_00200,840.96,INR,2026-07-09 02:06:23.122833
ORDER_0002776,CUST_01156,26436.84,INR,2026-08-02 07:54:30.122833
ORDER_0002777,CUST_01652,1849.36,INR,2026-07-12 07:20:46.122833
ORDER_0002778,CUST_01920,83650.71,INR,2026-07-26 16:42:52.122833
ORDER_0002779,CUST_00467,9736.07,INR,2026-08-21 21:47:24.122833
ORDER_0002780,CUST_00401,6259.12,INR,2026-06-06 04:42:36.122833
ORDER_0002781,CUST_01596,1956.71,INR,2026-07-24 17:43:17.122833
ORDER_0002782,CUST_01054,8574.34,INR,2026-07-25 01:48:13.122833
ORDER_0002783,CUST_01749,73280.68,INR,2026-07-31 11:57:44.122833
ORDER_0002784,CUST_00041,32976.93,INR,2026-07-14 03:35:00.122833
ORDER_0002785,CUST_01178,9174.71,INR,2026-06-14 22:04:01.122833
ORDER_0002786,CUST_00842,292.5,INR,2026-07-21 03:54:53.122833
ORDER_0002787,CUST_01466,33293.61,INR,2026-08-14 08:07:50.122833
ORDER_0002788,CUST_01759,307.65,INR,2026-07-27 09:52:24.122833
ORDER_0002789,CUST_01434,36241.83,INR,2026-06-15 06:45:12.122833
ORDER_0002790,CUST_00128,14531.67,INR,2026-08-13 03:38:44.122833
ORDER_0002791,CUST_01087,753.49,INR,2026-07-10 18:12:35.122833
ORDER_0002792,CUST_00068,647.14,INR,2026-08-17 20:31:59.122833
ORDER_0002793,CUST_00494,58629.92,INR,2026-07-15 00:45:22.122833
ORDER_0002794,CUST_00631,343.38,INR,2026-06-13 23:37:11.122833
ORDER_0002795,CUST_00812,9689.18,INR,2026-07-14 12:17:00.122833
ORDER_0002796,CUST_01992,268.74,INR,2026-06-18 18:20:13.122833
ORDER_0002797,CUST_00293,71768.73,INR,2026-06-17 00:07:31.122833
ORDER_0002798,CUST_00073,879.6,INR,2026-08-15 12:28:04.122833
ORDER_0002799,CUST_00727,11635.63,INR,2026-07-09 04:36:47.122833
ORDER_0002800,CUST_01177,3625.22,INR,2026-07-16 14:56:58.122833
ORDER_0002801,CUST_01876,10434.63,INR,2026-07-23 04:35:51.122833
ORDER_0002802,CUST_01609,614.56,INR,2026-06-27 01:51:10.122833
ORDER_0002803,CUST_00406,207.2,INR,2026-07-09 22:16:30.122833
ORDER_0002804,CUST_01079,610.95,INR,2026-06-16 01:56:26.122833
ORDER_0002805,CUST_00235,51107.17,INR,2026-08-06 23:09:37.122833
ORDER_0002806,CUST_01996,75408.01,INR,2026-08-11 03:36:23.122833
ORDER_0002807,CUST_00274,58759.93,INR,2026-07-05 07:15:18.122833
ORDER_0002808,CUST_00496,95585.94,INR,2026-07-13 21:17:10.122833
ORDER_0002809,CUST_01625,532.03,INR,2026-06-04 20:05:34.122833
ORDER_0002810,CUST_00648,97519.68,INR,2026-06-29 12:35:25.122833
ORDER_0002811,CUST_00097,715.87,INR,2026-08-11 19:06:21.122833
ORDER_0002812,CUST_00628,851.53,INR,2026-07-23 09:57:18.122833
ORDER_0002813,CUST_00661,69593.75,INR,2026-08-04 07:05:55.122833
ORDER_0002814,CUST_00546,55112.37,INR,2026-08-19 17:48:53.122833
ORDER_0002815,CUST_00144,9755.01,INR,2026-08-19 17:57:50.122833
ORDER_0002816,CUST_00718,1108.34,INR,2026-08-15 15:26:33.122833
ORDER_0002817,CUST_00902,4715.86,INR,2026-07-09 00:19:19.122833
ORDER_0002818,CUST_00551,32534.46,INR,2026-08-28 01:32:42.122833
ORDER_0002819,CUST_01308,733.65,INR,2026-08-11 03:01:52.122833
ORDER_0002820,CUST_00459,22415.34,INR,2026-08-11 14:27:28.122833
ORDER_0002821,CUST_00012,114.43,INR,2026-08-08 11:11:41.122833
ORDER_0002822,CUST_00336,68735.64,INR,2026-07-15 23:20:25.122833
ORDER_0002823,CUST_01927,636.82,INR,2026-08-28 01:48:22.122833
ORDER_0002824,CUST_00854,451.97,INR,2026-07-20 20:10:50.122833
ORDER_0002825,CUST_01654,335.87,INR,2026-08-18 06:25:33.122833
ORDER_0002826,CUST_00419,6734.56,INR,2026-06-18 02:39:16.122833
ORDER_0002827,CUST_01365,955.93,INR,2026-06-03 09:59:15.122833
ORDER_0002828,CUST_01909,18523.11,INR,2026-06-16 03:23:53.122833
ORDER_0002829,CUST_00932,59405.68,INR,2026-07-13 05:56:35.122833
ORDER_0002830,CUST_00564,6655.08,INR,2026-07-06 04:29:25.122833
ORDER_0002831,CUST_00123,3581.78,INR,2026-06-13 16:59:16.122833
ORDER_0002832,CUST_00174,895.03,INR,2026-06-07 23:24:45.122833
ORDER_0002833,CUST_00661,338.05,INR,2026-07-27 02:53:19.122833
ORDER_0002834,CUST_01118,318.07,INR,2026-08-11 20:01:24.122833
ORDER_0002835,CUST_01893,891.08,INR,2026-07-27 17:25:50.122833
ORDER_0002836,CUST_00271,9327.07,INR,2026-06-11 07:04:51.122833
ORDER_0002837,CUST_01302,33804.28,INR,2026-08-11 01:12:17.122833
ORDER_0002838,CUST_00653,5479.83,INR,2026-06-24 09:13:38.122833
ORDER_0002839,CUST_01198,7947.13,INR,2026-07-02 21:30:33.122833
ORDER_0002840,CUST_01631,88778.73,INR,2026-06-19 20:26:45.122833
ORDER_0002841,CUST_01374,904.45,INR,2026-08-24 07:58:19.122833
ORDER_0002842,CUST_00335,670.61,INR,2026-08-01 23:49:16.122833
ORDER_0002843,CUST_01679,42935.59,INR,2026-08-13 18:53:44.122833
ORDER_0002844,CUST_01297,9847.32,INR,2026-07-20 08:23:02.122833
ORDER_0002845,CUST_00070,3335.26,INR,2026-06-10 15:56:29.122833
ORDER_0002846,CUST_01277,4688.49,INR,2026-08-15 01:58:54.122833
ORDER_0002847,CUST_01981,84344.51,INR,2026-06-20 09:25:17.122833
ORDER_0002848,CUST_00011,9881.79,INR,2026-08-09 21:51:13.122833
ORDER_0002849,CUST_01382,9414.53,INR,2026-06-17 10:02:53.122833
ORDER_0002850,CUST_00925,16892.96,INR,2026-08-26 23:19:52.122833
ORDER_0002851,CUST_00897,9980.11,INR,2026-07-22 04:14:04.122833
ORDER_0002852,CUST_01327,3426.06,INR,2026-07-17 22:44:36.122833
ORDER_0002853,CUST_00706,62036.3,INR,2026-06-22 18:19:32.122833
ORDER_0002854,CUST_01161,425.45,INR,2026-08-19 21:07:29.122833
ORDER_0002855,CUST_00285,5505.39,INR,2026-06-16 17:34:39.122833
ORDER_0002856,CUST_00711,213.0,INR,2026-07-02 11:07:24.122833
ORDER_0002857,CUST_00408,7534.52,INR,2026-07-25 18:33:37.122833
ORDER_0002858,CUST_00004,17819.26,INR,2026-07-14 14:55:00.122833
ORDER_0002859,CUST_00811,859.13,INR,2026-07-07 06:02:31.122833
ORDER_0002860,CUST_00488,8070.89,INR,2026-08-05 16:06:03.122833
ORDER_0002861,CUST_01800,721.86,INR,2026-08-16 00:14:27.122833
ORDER_0002862,CUST_01388,211.35,INR,2026-07-25 16:16:21.122833
ORDER_0002863,CUST_01089,595.39,INR,2026-08-24 19:43:34.122833
ORDER_0002864,CUST_00782,30281.26,INR,2026-07-29 13:36:47.122833
ORDER_0002865,CUST_01567,810.06,INR,2026-08-11 21:26:36.122833
ORDER_0002866,CUST_01986,5651.35,INR,2026-07-24 17:17:36.122833
ORDER_0002867,CUST_01927,120.88,INR,2026-07-06 07:40:16.122833
ORDER_0002868,CUST_00972,862.07,INR,2026-06-11 10:39:42.122833
ORDER_0002869,CUST_01342,37990.19,INR,2026-08-14 09:24:47.122833
ORDER_0002870,CUST_00725,351.07,INR,2026-06-14 02:24:19.122833
ORDER_0002871,CUST_00654,65017.07,INR,2026-07-13 18:05:09.122833
ORDER_0002872,CUST_01251,103.77,INR,2026-08-10 21:00:36.122833
ORDER_0002873,CUST_01836,756.98,INR,2026-06-22 06:32:24.122833
ORDER_0002874,CUST_01238,28148.0,INR,2026-07-15 23:18:07.122833
ORDER_0002875,CUST_01697,595.68,INR,2026-06-10 09:12:07.122833
ORDER_0002876,CUST_01987,180.52,INR,2026-07-01 12:19:18.122833
ORDER_0002877,CUST_00657,927.09,INR,2026-08-14 10:29:11.122833
ORDER_0002878,CUST_01694,7727.85,INR,2026-08-15 13:47:04.122833
ORDER_0002879,CUST_00294,687.01,INR,2026-08-27 11:41:34.122833
ORDER_0002880,CUST_01329,4491.58,INR,2026-08-07 23:36:04.122833
ORDER_0002881,CUST_00510,99156.19,INR,2026-07-21 20:31:18.122833
ORDER_0002882,CUST_01745,35640.58,INR,2026-07-17 21:45:35.122833
ORDER_0002883,CUST_01303,839.33,INR,2026-08-02 15:18:36.122833
ORDER_0002884,CUST_00694,208.43,INR,2026-07-05 09:15:21.122833
ORDER_0002885,CUST_01621,577.1,INR,2026-07-26 18:51:33.122833
ORDER_0002886,CUST_01101,49927.65,INR,2026-06-02 22:26:03.122833
ORDER_0002887,CUST_00865,524.51,INR,2026-08-11 00:34:21.122833
ORDER_0002888,CUST_00636,2007.56,INR,2026-06-05 06:25:18.122833
ORDER_0002889,CUST_01249,5607.87,INR,2026-08-22 15:33:55.122833
ORDER_0002890,CUST_00282,70916.15,INR,2026-08-03 03:05:36.122833
ORDER_0002891,CUST_01045,989.06,INR,2026-07-24 14:06:33.122833
ORDER_0002892,CUST_01280,4049.63,INR,2026-08-26 20:58:03.122833
ORDER_0002893,CUST_01242,477.3,INR,2026-06-20 06:35:52.122833
ORDER_0002894,CUST_00262,70636.28,INR,2026-07-25 21:43:22.122833
ORDER_0002895,CUST_00524,88041.84,INR,2026-06-05 15:42:48.122833
ORDER_0002896,CUST_00253,6861.99,INR,2026-06-21 10:46:40.122833
ORDER_0002897,CUST_01670,818.56,INR,2026-06-18 08:28:46.122833
ORDER_0002898,CUST_01865,2093.88,INR,2026-07-31 02:12:34.122833
ORDER_0002899,CUST_01986,4441.84,INR,2026-06-27 19:14:01.122833
ORDER_0002900,CUST_01171,5249.44,INR,2026-08-07 20:05:59.122833
ORDER_0002901,CUST_01374,714.38,INR,2026-06-26 11:22:17.122833
ORDER_0002902,CUST_01555,93836.61,INR,2026-08-14 06:39:14.122833
ORDER_0002903,CUST_01278,945.64,INR,2026-08-13 00:54:09.122833
ORDER_0002904,CUST_01666,203.9,INR,2026-07-10 07:23:28.122833
ORDER_0002905,CUST_01893,165.43,INR,2026-07-07 22:29:47.122833
ORDER_0002906,CUST_00230,83203.31,INR,2026-08-16 01:14:24.122833
ORDER_0002907,CUST_01528,332.22,INR,2026-08-09 20:02:43.122833
ORDER_0002908,CUST_01416,773.25,INR,2026-07-28 16:56:23.122833
ORDER_0002909,CUST_01908,223.26,INR,2026-06-23 23:54:43.122833
ORDER_0002910,CUST_01076,3712.85,INR,2026-07-30 22:04:00.122833
ORDER_0002911,CUST_00222,828.43,INR,2026-06-07 03:32:05.122833
ORDER_0002912,CUST_00148,4314.71,INR,2026-08-11 11:22:33.122833
ORDER_0002913,CUST_00406,8267.88,INR,2026-08-09 09:29:19.122833
ORDER_0002914,CUST_01165,32056.12,INR,2026-08-25 20:20:09.122833
ORDER_0002915,CUST_01998,30940.53,INR,2026-06-11 09:44:47.122833
ORDER_0002916,CUST_01131,3932.66,INR,2026-08-30 03:40:27.122833
ORDER_0002917,CUST_00644,3336.19,INR,2026-07-21 16:24:54.122833
ORDER_0002918,CUST_01224,838.24,INR,2026-07-03 16:09:08.122833
ORDER_0002919,CUST_01064,525.21,INR,2026-06-15 21:10:06.122833
ORDER_0002920,CUST_01493,1687.24,INR,2026-07-04 14:11:31.122833
ORDER_0002921,CUST_01523,63304.78,INR,2026-07-20 22:12:27.122833
ORDER_0002922,CUST_01343,4072.3,INR,2026-08-24 12:31:11.122833
ORDER_0002923,CUST_00584,70430.19,INR,2026-07-17 10:34:33.122833
ORDER_0002924,CUST_00088,7609.17,INR,2026-08-17 23:40:00.122833
ORDER_0002925,CUST_01458,7825.41,INR,2026-08-16 12:33:37.122833
ORDER_0002926,CUST_01824,352.17,INR,2026-07-07 08:48:19.122833
ORDER_0002927,CUST_01040,158.19,INR,2026-08-21 21:12:17.122833
ORDER_0002928,CUST_01132,2102.53,INR,2026-08-14 20:56:24.122833
ORDER_0002929,CUST_00414,687.1,INR,2026-07-19 07:32:08.122833
ORDER_0002930,CUST_00382,1550.81,INR,2026-07-02 09:29:00.122833
ORDER_0002931,CUST_00131,5770.69,INR,2026-07-01 09:16:32.122833
ORDER_0002932,CUST_00350,8564.83,INR,2026-08-10 02:42:47.122833
ORDER_0002933,CUST_01366,14482.95,INR,2026-06-19 08:55:14.122833
ORDER_0002934,CUST_01149,45498.45,INR,2026-07-11 17:01:07.122833
ORDER_0002935,CUST_01720,26734.28,INR,2026-08-22 13:30:19.122833
ORDER_0002936,CUST_00800,1411.24,INR,2026-06-15 19:30:59.122833
ORDER_0002937,CUST_00789,109.26,INR,2026-06-16 13:28:56.122833
ORDER_0002938,CUST_00212,530.41,INR,2026-07-05 10:33:40.122833
ORDER_0002939,CUST_00544,5936.41,INR,2026-07-13 03:22:15.122833
ORDER_0002940,CUST_00463,21284.23,INR,2026-07-14 11:13:14.122833
ORDER_0002941,CUST_01047,8523.06,INR,2026-08-28 14:00:41.122833
ORDER_0002942,CUST_00298,33692.16,INR,2026-07-10 19:00:59.122833
ORDER_0002943,CUST_00632,3103.8,INR,2026-08-17 08:17:50.122833
ORDER_0002944,CUST_01677,433.46,INR,2026-08-08 07:53:58.122833
ORDER_0002945,CUST_00346,8508.19,INR,2026-06-22 00:25:58.122833
ORDER_0002946,CUST_01272,7679.83,INR,2026-07-30 11:34:03.122833
ORDER_0002947,CUST_01883,868.38,INR,2026-07-03 02:40:05.122833
ORDER_0002948,CUST_01568,6906.14,INR,2026-06-08 04:59:08.122833
ORDER_0002949,CUST_01934,5501.72,INR,2026-08-10 14:22:08.122833
ORDER_0002950,CUST_01499,405.1,INR,2026-07-29 13:28:00.122833
ORDER_0002951,CUST_01689,84805.62,INR,2026-06-27 19:26:39.122833
ORDER_0002952,CUST_00491,2628.35,INR,2026-08-14 09:00:38.122833
ORDER_0002953,CUST_01637,853.56,INR,2026-08-10 03:51:07.122833
ORDER_0002954,CUST_00639,258.46,INR,2026-06-12 22:20:02.122833
ORDER_0002955,CUST_01025,84711.91,INR,2026-08-27 17:14:28.122833
ORDER_0002956,CUST_01956,541.09,INR,2026-07-13 15:52:23.122833
ORDER_0002957,CUST_00663,24185.32,INR,2026-07-08 17:04:06.122833
ORDER_0002958,CUST_00849,59723.85,INR,2026-07-26 08:01:03.122833
ORDER_0002959,CUST_00888,4373.17,INR,2026-07-28 18:33:54.122833
ORDER_0002960,CUST_00832,107.08,INR,2026-06-05 11:18:34.122833
ORDER_0002961,CUST_01925,99541.16,INR,2026-08-18 18:10:52.122833
ORDER_0002962,CUST_01570,1860.9,INR,2026-06-20 12:00:44.122833
ORDER_0002963,CUST_01785,710.75,INR,2026-07-13 14:24:06.122833
ORDER_0002964,CUST_01110,591.73,INR,2026-08-31 01:49:39.122833
ORDER_0002965,CUST_01239,294.43,INR,2026-07-15 20:48:01.122833
ORDER_0002966,CUST_01548,898.38,INR,2026-06-05 19:01:22.122833
ORDER_0002967,CUST_01703,2784.56,INR,2026-06-20 10:02:36.122833
ORDER_0002968,CUST_00241,328.42,INR,2026-08-25 09:21:35.122833
ORDER_0002969,CUST_01390,2439.19,INR,2026-07-14 15:52:00.122833
ORDER_0002970,CUST_00495,981.0,INR,2026-07-27 05:50:03.122833
ORDER_0002971,CUST_00038,4579.29,INR,2026-06-08 12:11:30.122833
ORDER_0002972,CUST_01545,75567.48,INR,2026-07-04 03:47:09.122833
ORDER_0002973,CUST_00336,197.85,INR,2026-06-14 22:48:36.122833
ORDER_0002974,CUST_01044,515.82,INR,2026-07-25 02:47:43.122833
ORDER_0002975,CUST_00144,2440.59,INR,2026-06-24 04:08:54.122833
ORDER_0002976,CUST_00924,97744.62,INR,2026-08-20 22:21:19.122833
ORDER_0002977,CUST_01221,2128.95,INR,2026-07-16 12:54:42.122833
ORDER_0002978,CUST_01947,455.62,INR,2026-07-26 06:51:57.122833
ORDER_0002979,CUST_00231,4203.08,INR,2026-06-28 07:20:06.122833
ORDER_0002980,CUST_00823,6639.42,INR,2026-08-11 18:34:41.122833
ORDER_0002981,CUST_00246,100.51,INR,2026-07-13 05:59:48.122833
ORDER_0002982,CUST_01729,773.37,INR,2026-06-19 01:40:08.122833
ORDER_0002983,CUST_00355,140.14,INR,2026-07-27 11:00:51.122833
ORDER_0002984,CUST_00203,963.85,INR,2026-06-20 16:10:26.122833
ORDER_0002985,CUST_01805,9137.07,INR,2026-08-27 05:50:44.122833
ORDER_0002986,CUST_00483,35154.35,INR,2026-07-28 04:12:19.122833
ORDER_0002987,CUST_00904,922.48,INR,2026-07-06 10:25:08.122833
ORDER_0002988,CUST_00442,961.41,INR,2026-06-26 08:30:25.122833
ORDER_0002989,CUST_01188,82862.87,INR,2026-08-19 18:59:27.122833
ORDER_0002990,CUST_00680,15344.16,INR,2026-08-27 11:56:58.122833
ORDER_0002991,CUST_00546,35531.19,INR,2026-08-07 21:45:16.122833
ORDER_0002992,CUST_01310,46433.81,INR,2026-08-20 13:09:48.122833
ORDER_0002993,CUST_00147,598.95,INR,2026-08-02 03:52:52.122833
ORDER_0002994,CUST_00270,274.28,INR,2026-07-01 04:42:00.122833
ORDER_0002995,CUST_01335,4547.03,INR,2026-06-15 10:33:32.122833
ORDER_0002996,CUST_01859,41213.77,INR,2026-08-13 11:39:57.122833
ORDER_0002997,CUST_01428,6805.99,INR,2026-08-14 16:11:10.122833
ORDER_0002998,CUST_01674,2455.23,INR,2026-08-17 08:04:22.122833
ORDER_0002999,CUST_00259,38175.12,INR,2026-07-30 23:07:50.122833
ORDER_0003000,CUST_01006,653.31,INR,2026-07-20 19:05:26.122833
ORDER_0003001,CUST_01260,51380.72,INR,2026-07-08 16:28:38.122833
ORDER_0003002,CUST_01150,350.07,INR,2026-07-30 09:30:30.122833
ORDER_0003003,CUST_01838,797.39,INR,2026-08-29 03:26:52.122833
ORDER_0003004,CUST_00410,81714.69,INR,2026-06-15 10:58:12.122833
ORDER_0003005,CUST_00389,262.73,INR,2026-07-19 08:36:54.122833
ORDER_0003006,CUST_01716,7502.92,INR,2026-08-24 14:35:28.122833
ORDER_0003007,CUST_00615,23603.03,INR,2026-08-02 17:20:05.122833
ORDER_0003008,CUST_01779,926.03,INR,2026-08-09 16:19:28.122833
ORDER_0003009,CUST_00364,122.86,INR,2026-06-05 03:59:49.122833
ORDER_0003010,CUST_01643,69386.03,INR,2026-08-29 05:04:33.122833
ORDER_0003011,CUST_01515,341.72,INR,2026-06-18 17:40:28.122833
ORDER_0003012,CUST_01856,1565.15,INR,2026-07-07 00:42:09.122833
ORDER_0003013,CUST_00947,108.94,INR,2026-06-12 08:14:16.122833
ORDER_0003014,CUST_01748,623.7,INR,2026-07-22 20:03:06.122833
ORDER_0003015,CUST_00419,63215.17,INR,2026-06-16 03:47:25.122833
ORDER_0003016,CUST_01049,21416.48,INR,2026-08-13 13:36:00.122833
ORDER_0003017,CUST_01206,97367.3,INR,2026-07-25 12:54:13.122833
ORDER_0003018,CUST_00976,66545.43,INR,2026-07-03 19:07:55.122833
ORDER_0003019,CUST_00521,730.37,INR,2026-08-13 01:15:40.122833
ORDER_0003020,CUST_00429,1066.81,INR,2026-07-20 10:17:41.122833
ORDER_0003021,CUST_01887,44398.34,INR,2026-06-21 20:22:38.122833
ORDER_0003022,CUST_00764,78179.83,INR,2026-07-29 20:09:25.122833
ORDER_0003023,CUST_00742,18574.75,INR,2026-06-08 03:33:24.122833
ORDER_0003024,CUST_01142,5205.43,INR,2026-07-14 16:00:21.122833
ORDER_0003025,CUST_01292,40018.92,INR,2026-08-17 20:58:08.122833
ORDER_0003026,CUST_00519,57736.43,INR,2026-07-25 04:07:05.122833
ORDER_0003027,CUST_01241,72952.37,INR,2026-08-18 15:54:02.122833
ORDER_0003028,CUST_00948,25471.1,INR,2026-07-21 21:53:36.122833
ORDER_0003029,CUST_00931,339.51,INR,2026-07-07 18:50:50.122833
ORDER_0003030,CUST_00372,2950.36,INR,2026-08-13 03:57:51.122833
ORDER_0003031,CUST_01542,45261.11,INR,2026-06-18 00:55:02.122833
ORDER_0003032,CUST_00743,255.35,INR,2026-07-24 09:00:20.122833
ORDER_0003033,CUST_00610,69731.94,INR,2026-07-11 23:47:44.122833
ORDER_0003034,CUST_00840,251.2,INR,2026-07-26 05:42:52.122833
ORDER_0003035,CUST_01080,470.07,INR,2026-08-04 07:55:52.122833
ORDER_0003036,CUST_00835,111.44,INR,2026-06-26 10:50:58.122833
ORDER_0003037,CUST_00069,929.85,INR,2026-07-30 06:32:07.122833
ORDER_0003038,CUST_00397,1121.0,INR,2026-07-10 21:25:39.122833
ORDER_0003039,CUST_00338,7242.62,INR,2026-07-11 06:56:29.122833
ORDER_0003040,CUST_00020,100.22,INR,2026-07-28 23:31:22.122833
ORDER_0003041,CUST_01746,2747.85,INR,2026-08-04 10:01:15.122833
ORDER_0003042,CUST_01597,135.4,INR,2026-08-13 04:27:13.122833
ORDER_0003043,CUST_01874,784.23,INR,2026-07-24 21:43:39.122833
ORDER_0003044,CUST_01094,2210.22,INR,2026-06-11 16:34:33.122833
ORDER_0003045,CUST_00827,178.16,INR,2026-08-09 01:25:51.122833
ORDER_0003046,CUST_01168,142.1,INR,2026-07-17 09:30:46.122833
ORDER_0003047,CUST_00091,1335.45,INR,2026-06-13 08:46:26.122833
ORDER_0003048,CUST_00429,931.12,INR,2026-07-18 14:52:06.122833
ORDER_0003049,CUST_00378,978.05,INR,2026-08-10 09:46:56.122833
ORDER_0003050,CUST_00950,10929.1,INR,2026-07-04 04:59:05.122833
ORDER_0003051,CUST_01339,305.44,INR,2026-07-15 18:34:27.122833
ORDER_0003052,CUST_00153,87165.07,INR,2026-06-13 09:46:07.122833
ORDER_0003053,CUST_01600,8806.12,INR,2026-06-13 17:33:22.122833
ORDER_0003054,CUST_01816,9431.71,INR,2026-08-10 18:43:46.122833
ORDER_0003055,CUST_00483,183.84,INR,2026-08-11 01:24:18.122833
ORDER_0003056,CUST_00227,4140.69,INR,2026-06-13 21:22:23.122833
ORDER_0003057,CUST_00793,2769.65,INR,2026-08-05 12:45:47.122833
ORDER_0003058,CUST_00171,5710.23,INR,2026-08-28 10:13:28.122833
ORDER_0003059,CUST_01181,926.73,INR,2026-08-18 07:17:21.122833
ORDER_0003060,CUST_00964,325.91,INR,2026-08-21 02:16:56.122833
ORDER_0003061,CUST_01222,4857.1,INR,2026-08-24 22:27:37.122833
ORDER_0003062,CUST_01620,406.16,INR,2026-08-22 18:08:15.122833
ORDER_0003063,CUST_01342,861.61,INR,2026-07-01 16:54:07.122833
ORDER_0003064,CUST_00072,25183.01,INR,2026-06-23 21:07:14.122833
ORDER_0003065,CUST_00593,3399.48,INR,2026-06-18 22:20:30.122833
ORDER_0003066,CUST_01036,297.12,INR,2026-07-21 05:44:24.122833
ORDER_0003067,CUST_00889,841.52,INR,2026-06-18 16:01:33.122833
ORDER_0003068,CUST_01616,58245.96,INR,2026-06-24 11:34:19.122833
ORDER_0003069,CUST_01888,47621.95,INR,2026-06-06 14:58:45.122833
ORDER_0003070,CUST_01780,5208.49,INR,2026-08-12 20:34:26.122833
ORDER_0003071,CUST_00973,735.49,INR,2026-07-30 10:15:36.122833
ORDER_0003072,CUST_01951,5507.74,INR,2026-07-19 08:49:39.122833
ORDER_0003073,CUST_00576,18223.32,INR,2026-06-29 15:22:47.122833
ORDER_0003074,CUST_01293,311.01,INR,2026-07-29 01:28:36.122833
ORDER_0003075,CUST_00971,16988.73,INR,2026-07-14 02:08:29.122833
ORDER_0003076,CUST_00450,5398.56,INR,2026-08-13 03:47:25.122833
ORDER_0003077,CUST_00179,55466.99,INR,2026-06-28 00:41:31.122833
ORDER_0003078,CUST_01629,5113.33,INR,2026-06-10 14:15:51.122833
ORDER_0003079,CUST_00597,5062.35,INR,2026-08-26 21:20:55.122833
ORDER_0003080,CUST_01968,474.07,INR,2026-08-07 13:34:00.122833
ORDER_0003081,CUST_01630,889.16,INR,2026-07-08 07:16:04.122833
ORDER_0003082,CUST_00764,8940.41,INR,2026-08-20 20:53:33.122833
ORDER_0003083,CUST_01338,565.78,INR,2026-06-17 01:54:56.122833
ORDER_0003084,CUST_01179,507.53,INR,2026-06-03 16:12:47.122833
ORDER_0003085,CUST_00993,3772.59,INR,2026-08-04 16:32:11.122833
ORDER_0003086,CUST_01694,857.13,INR,2026-07-07 21:00:37.122833
ORDER_0003087,CUST_00734,470.71,INR,2026-06-24 17:23:43.122833
ORDER_0003088,CUST_01062,92336.22,INR,2026-07-22 00:52:39.122833
ORDER_0003089,CUST_01035,1243.45,INR,2026-08-06 05:57:31.122833
ORDER_0003090,CUST_00388,289.89,INR,2026-07-25 19:16:56.122833
ORDER_0003091,CUST_01799,2647.33,INR,2026-08-27 19:12:40.122833
ORDER_0003092,CUST_00436,871.86,INR,2026-08-01 05:48:25.122833
ORDER_0003093,CUST_01802,55727.67,INR,2026-07-14 10:27:10.122833
ORDER_0003094,CUST_01423,39654.13,INR,2026-08-20 01:55:44.122833
ORDER_0003095,CUST_00544,77628.69,INR,2026-07-12 20:42:32.122833
ORDER_0003096,CUST_01045,25224.4,INR,2026-08-08 22:34:07.122833
ORDER_0003097,CUST_00360,8630.36,INR,2026-06-04 22:27:10.122833
ORDER_0003098,CUST_00210,3834.21,INR,2026-08-23 22:43:19.122833
ORDER_0003099,CUST_00435,119.72,INR,2026-06-16 02:15:20.122833
ORDER_0003100,CUST_01887,15281.44,INR,2026-08-24 18:01:56.122833
ORDER_0003101,CUST_01887,78835.81,INR,2026-08-25 12:22:22.122833
ORDER_0003102,CUST_00879,7509.6,INR,2026-06-22 14:13:22.122833
ORDER_0003103,CUST_00640,268.14,INR,2026-07-28 16:55:25.122833
ORDER_0003104,CUST_01180,7085.49,INR,2026-06-21 04:57:35.122833
ORDER_0003105,CUST_00535,25958.02,INR,2026-08-23 02:05:17.122833
ORDER_0003106,CUST_00584,60998.53,INR,2026-06-18 02:34:54.122833
ORDER_0003107,CUST_01711,6056.67,INR,2026-08-27 09:13:49.122833
ORDER_0003108,CUST_00784,792.52,INR,2026-07-17 00:30:46.122833
ORDER_0003109,CUST_01519,9298.49,INR,2026-07-31 21:30:21.122833
ORDER_0003110,CUST_01585,336.17,INR,2026-06-22 14:57:16.122833
ORDER_0003111,CUST_01381,71826.69,INR,2026-06-25 08:35:49.122833
ORDER_0003112,CUST_01045,1783.88,INR,2026-07-01 23:12:36.122833
ORDER_0003113,CUST_01464,718.38,INR,2026-06-30 00:07:03.122833
ORDER_0003114,CUST_00615,6090.23,INR,2026-06-05 04:46:33.122833
ORDER_0003115,CUST_00674,6389.33,INR,2026-08-21 03:59:55.122833
ORDER_0003116,CUST_01444,43107.8,INR,2026-07-24 02:31:25.122833
ORDER_0003117,CUST_00628,30880.02,INR,2026-08-13 16:30:47.122833
ORDER_0003118,CUST_01546,798.2,INR,2026-08-09 07:21:56.122833
ORDER_0003119,CUST_00570,71046.51,INR,2026-06-09 21:55:50.122833
ORDER_0003120,CUST_01128,47285.68,INR,2026-08-25 02:23:07.122833
ORDER_0003121,CUST_00285,43921.46,INR,2026-06-28 22:01:31.122833
ORDER_0003122,CUST_00803,40936.58,INR,2026-07-23 20:00:14.122833
ORDER_0003123,CUST_01606,621.91,INR,2026-06-12 14:16:11.122833
ORDER_0003124,CUST_00512,89423.59,INR,2026-08-31 00:28:08.122833
ORDER_0003125,CUST_00341,86492.93,INR,2026-06-11 15:25:42.122833
ORDER_0003126,CUST_00893,395.71,INR,2026-06-13 17:01:25.122833
ORDER_0003127,CUST_01020,9432.24,INR,2026-08-02 20:15:37.122833
ORDER_0003128,CUST_00082,368.51,INR,2026-07-22 10:09:17.122833
ORDER_0003129,CUST_01148,666.19,INR,2026-07-16 16:52:15.122833
ORDER_0003130,CUST_01141,2352.0,INR,2026-07-26 00:34:53.122833
ORDER_0003131,CUST_01531,8831.07,INR,2026-08-23 09:24:33.122833
ORDER_0003132,CUST_00128,573.92,INR,2026-07-17 00:45:03.122833
ORDER_0003133,CUST_01670,5568.78,INR,2026-07-27 10:47:11.122833
ORDER_0003134,CUST_01083,265.47,INR,2026-06-09 21:44:16.122833
ORDER_0003135,CUST_00217,94335.33,INR,2026-06-13 12:07:12.122833
ORDER_0003136,CUST_01550,747.31,INR,2026-06-19 05:57:59.122833
ORDER_0003137,CUST_01259,21918.85,INR,2026-06-05 19:28:42.122833
ORDER_0003138,CUST_01184,577.35,INR,2026-07-16 21:35:46.122833
ORDER_0003139,CUST_01966,7816.69,INR,2026-06-21 11:51:29.122833
ORDER_0003140,CUST_01339,705.27,INR,2026-07-04 06:08:52.122833
ORDER_0003141,CUST_00650,68586.47,INR,2026-06-27 04:05:16.122833
ORDER_0003142,CUST_00848,5697.29,INR,2026-08-28 23:29:38.122833
ORDER_0003143,CUST_00876,2607.78,INR,2026-08-20 06:58:53.122833
ORDER_0003144,CUST_00513,36843.09,INR,2026-08-26 17:42:07.122833
ORDER_0003145,CUST_00774,436.54,INR,2026-08-31 12:10:45.122833
ORDER_0003146,CUST_00350,240.59,INR,2026-06-20 07:56:45.122833
ORDER_0003147,CUST_00994,50621.43,INR,2026-06-08 07:22:32.122833
ORDER_0003148,CUST_01758,324.93,INR,2026-06-15 09:37:07.122833
ORDER_0003149,CUST_01907,926.46,INR,2026-08-23 14:06:10.122833
ORDER_0003150,CUST_01653,7207.35,INR,2026-06-24 04:22:29.122833
ORDER_0003151,CUST_01832,728.56,INR,2026-08-09 13:16:43.122833
ORDER_0003152,CUST_01769,4956.54,INR,2026-08-07 14:06:35.122833
ORDER_0003153,CUST_00837,46009.7,INR,2026-06-29 00:07:03.122833
ORDER_0003154,CUST_00457,856.36,INR,2026-07-06 19:13:56.122833
ORDER_0003155,CUST_01213,886.85,INR,2026-07-22 20:51:28.122833
ORDER_0003156,CUST_01925,432.49,INR,2026-06-21 18:46:20.122833
ORDER_0003157,CUST_01131,3077.39,INR,2026-08-19 22:20:18.122833
ORDER_0003158,CUST_01163,7979.17,INR,2026-06-30 03:26:33.122833
ORDER_0003159,CUST_01955,62332.91,INR,2026-08-20 21:10:21.122833
ORDER_0003160,CUST_00223,536.14,INR,2026-06-15 16:40:39.122833
ORDER_0003161,CUST_01187,26739.57,INR,2026-07-10 04:01:38.122833
ORDER_0003162,CUST_01024,266.07,INR,2026-06-03 16:10:55.122833
ORDER_0003163,CUST_00147,96984.85,INR,2026-07-29 05:48:04.122833
ORDER_0003164,CUST_01201,41027.74,INR,2026-07-29 21:11:03.122833
ORDER_0003165,CUST_01289,917.81,INR,2026-07-29 16:28:31.122833
ORDER_0003166,CUST_00289,95621.43,INR,2026-06-26 16:07:34.122833
ORDER_0003167,CUST_00794,7763.46,INR,2026-07-26 13:53:13.122833
ORDER_0003168,CUST_01780,563.29,INR,2026-07-08 17:34:52.122833
ORDER_0003169,CUST_00408,924.73,INR,2026-06-27 08:06:28.122833
ORDER_0003170,CUST_00434,1439.7,INR,2026-08-28 12:21:42.122833
ORDER_0003171,CUST_00852,39463.36,INR,2026-07-23 20:24:53.122833
ORDER_0003172,CUST_00256,771.43,INR,2026-06-14 20:05:36.122833
ORDER_0003173,CUST_01411,1263.98,INR,2026-07-01 11:34:07.122833
ORDER_0003174,CUST_01862,9810.0,INR,2026-06-16 20:25:11.122833
ORDER_0003175,CUST_00788,7519.39,INR,2026-08-13 13:27:55.122833
ORDER_0003176,CUST_00240,3041.46,INR,2026-08-12 13:55:33.122833
ORDER_0003177,CUST_01482,942.21,INR,2026-06-22 10:00:39.122833
ORDER_0003178,CUST_01671,38925.74,INR,2026-08-23 12:08:01.122833
ORDER_0003179,CUST_00495,63229.31,INR,2026-07-14 19:28:21.122833
ORDER_0003180,CUST_00708,679.98,INR,2026-08-13 16:00:32.122833
ORDER_0003181,CUST_01836,807.31,INR,2026-07-04 14:10:14.122833
ORDER_0003182,CUST_01815,23619.85,INR,2026-06-20 07:58:24.122833
ORDER_0003183,CUST_00138,8484.86,INR,2026-07-14 00:28:32.122833
ORDER_0003184,CUST_00411,9481.68,INR,2026-07-26 20:13:42.122833
ORDER_0003185,CUST_01050,92383.63,INR,2026-08-21 22:04:30.122833
ORDER_0003186,CUST_00257,799.11,INR,2026-08-04 14:43:33.122833
ORDER_0003187,CUST_01665,988.96,INR,2026-06-10 20:50:13.122833
ORDER_0003188,CUST_00711,526.47,INR,2026-07-16 03:36:30.122833
ORDER_0003189,CUST_01891,4681.36,INR,2026-07-28 02:55:14.122833
ORDER_0003190,CUST_01726,78192.61,INR,2026-08-30 11:17:21.122833
ORDER_0003191,CUST_01310,759.29,INR,2026-07-02 15:49:54.122833
ORDER_0003192,CUST_00917,323.12,INR,2026-08-10 14:41:53.122833
ORDER_0003193,CUST_00178,247.03,INR,2026-07-19 09:52:59.122833
ORDER_0003194,CUST_01142,694.43,INR,2026-06-07 15:08:12.122833
ORDER_0003195,CUST_01952,546.58,INR,2026-07-20 18:53:42.122833
ORDER_0003196,CUST_01763,991.52,INR,2026-08-15 03:37:45.122833
ORDER_0003197,CUST_00582,618.04,INR,2026-08-09 01:51:17.122833
ORDER_0003198,CUST_00439,85224.26,INR,2026-08-11 17:17:26.122833
ORDER_0003199,CUST_00743,163.88,INR,2026-07-17 05:21:40.122833
ORDER_0003200,CUST_01689,3684.43,INR,2026-08-24 07:09:56.122833
ORDER_0003201,CUST_01787,50369.86,INR,2026-07-31 17:16:59.122833
ORDER_0003202,CUST_01975,3438.4,INR,2026-08-14 09:30:27.122833
ORDER_0003203,CUST_00875,962.89,INR,2026-07-03 04:51:53.122833
ORDER_0003204,CUST_01553,89636.95,INR,2026-08-22 20:34:40.122833
ORDER_0003205,CUST_01532,79965.29,INR,2026-06-09 12:29:17.122833
ORDER_0003206,CUST_00476,97971.13,INR,2026-07-26 17:06:53.122833
ORDER_0003207,CUST_00919,18084.56,INR,2026-06-25 19:01:26.122833
ORDER_0003208,CUST_01979,2498.13,INR,2026-06-10 05:10:58.122833
ORDER_0003209,CUST_00183,341.19,INR,2026-07-31 08:09:36.122833
ORDER_0003210,CUST_00278,832.55,INR,2026-07-06 00:40:21.122833
ORDER_0003211,CUST_01881,411.69,INR,2026-07-03 18:15:28.122833
ORDER_0003212,CUST_01434,34412.37,INR,2026-07-10 16:43:27.122833
ORDER_0003213,CUST_00786,3239.89,INR,2026-06-07 03:37:43.122833
ORDER_0003214,CUST_00623,8391.32,INR,2026-06-03 16:42:50.122833
ORDER_0003215,CUST_00782,82104.35,INR,2026-07-02 20:10:16.122833
ORDER_0003216,CUST_01883,387.04,INR,2026-08-15 11:56:53.122833
ORDER_0003217,CUST_00885,323.78,INR,2026-06-19 21:37:35.122833
ORDER_0003218,CUST_00317,71287.54,INR,2026-07-09 17:55:53.122833
ORDER_0003219,CUST_00452,94579.45,INR,2026-06-06 11:21:05.122833
ORDER_0003220,CUST_01713,83869.1,INR,2026-07-11 08:53:41.122833
ORDER_0003221,CUST_00715,97489.17,INR,2026-06-04 15:23:44.122833
ORDER_0003222,CUST_01284,5807.6,INR,2026-07-03 19:58:14.122833
ORDER_0003223,CUST_01342,7280.33,INR,2026-06-30 00:36:05.122833
ORDER_0003224,CUST_00083,722.84,INR,2026-08-11 17:37:12.122833
ORDER_0003225,CUST_00487,313.06,INR,2026-06-21 00:48:07.122833
ORDER_0003226,CUST_01319,644.41,INR,2026-07-21 10:45:36.122833
ORDER_0003227,CUST_00150,9100.02,INR,2026-07-19 22:02:49.122833
ORDER_0003228,CUST_00023,7478.51,INR,2026-06-06 17:32:13.122833
ORDER_0003229,CUST_00603,636.92,INR,2026-07-30 19:15:59.122833
ORDER_0003230,CUST_01343,85518.61,INR,2026-08-02 16:30:37.122833
ORDER_0003231,CUST_01136,897.15,INR,2026-06-21 23:40:52.122833
ORDER_0003232,CUST_00112,9194.22,INR,2026-06-12 07:59:14.122833
ORDER_0003233,CUST_00912,59819.03,INR,2026-06-07 03:59:20.122833
ORDER_0003234,CUST_00838,31687.19,INR,2026-06-14 04:21:54.122833
ORDER_0003235,CUST_00806,6905.78,INR,2026-08-19 03:31:05.122833
ORDER_0003236,CUST_00407,9890.1,INR,2026-06-24 12:43:38.122833
ORDER_0003237,CUST_01944,5233.45,INR,2026-06-29 01:39:16.122833
ORDER_0003238,CUST_00882,53222.29,INR,2026-08-18 07:06:12.122833
ORDER_0003239,CUST_00945,151.03,INR,2026-08-30 18:42:13.122833
ORDER_0003240,CUST_00151,676.52,INR,2026-06-30 16:25:31.122833
ORDER_0003241,CUST_00062,1660.86,INR,2026-08-12 09:30:41.122833
ORDER_0003242,CUST_00656,3450.69,INR,2026-08-19 15:36:09.122833
ORDER_0003243,CUST_00397,448.74,INR,2026-06-26 16:42:21.122833
ORDER_0003244,CUST_00984,394.05,INR,2026-07-07 20:55:11.122833
ORDER_0003245,CUST_00425,308.88,INR,2026-08-13 10:22:14.122833
ORDER_0003246,CUST_00758,43657.33,INR,2026-08-29 16:19:52.122833
ORDER_0003247,CUST_00892,2944.74,INR,2026-06-07 07:11:18.122833
ORDER_0003248,CUST_01015,397.58,INR,2026-07-11 01:38:22.122833
ORDER_0003249,CUST_01294,456.23,INR,2026-06-15 03:34:32.122833
ORDER_0003250,CUST_00339,17895.7,INR,2026-07-14 05:51:18.122833
ORDER_0003251,CUST_00823,339.38,INR,2026-06-03 15:52:39.122833
ORDER_0003252,CUST_01070,873.62,INR,2026-06-08 07:09:03.122833
ORDER_0003253,CUST_01428,3135.32,INR,2026-06-15 17:31:59.122833
ORDER_0003254,CUST_01250,120.97,INR,2026-08-16 02:31:08.122833
ORDER_0003255,CUST_00173,61158.13,INR,2026-07-30 14:32:15.122833
ORDER_0003256,CUST_01607,430.0,INR,2026-07-10 16:46:37.122833
ORDER_0003257,CUST_01521,137.49,INR,2026-06-15 12:23:20.122833
ORDER_0003258,CUST_01456,5171.22,INR,2026-07-01 06:24:25.122833
ORDER_0003259,CUST_01733,34601.89,INR,2026-07-29 22:24:46.122833
ORDER_0003260,CUST_00462,35724.7,INR,2026-07-31 08:03:30.122833
ORDER_0003261,CUST_01763,39643.99,INR,2026-06-11 09:23:30.122833
ORDER_0003262,CUST_00588,60495.38,INR,2026-07-25 19:21:11.122833
ORDER_0003263,CUST_01301,635.72,INR,2026-06-30 02:43:10.122833
ORDER_0003264,CUST_01556,8607.41,INR,2026-07-12 00:44:59.122833
ORDER_0003265,CUST_01829,2510.87,INR,2026-06-17 02:30:38.122833
ORDER_0003266,CUST_01518,14709.96,INR,2026-07-12 03:40:42.122833
ORDER_0003267,CUST_01408,441.9,INR,2026-08-20 07:48:20.122833
ORDER_0003268,CUST_01436,478.0,INR,2026-07-16 01:27:11.122833
ORDER_0003269,CUST_00169,5040.19,INR,2026-08-29 03:42:19.122833
ORDER_0003270,CUST_01167,929.36,INR,2026-07-08 03:08:32.122833
ORDER_0003271,CUST_00685,553.57,INR,2026-08-07 16:57:56.122833
ORDER_0003272,CUST_01473,71145.17,INR,2026-06-11 08:28:01.122833
ORDER_0003273,CUST_01682,480.84,INR,2026-07-06 06:36:33.122833
ORDER_0003274,CUST_00547,573.9,INR,2026-06-27 10:05:45.122833
ORDER_0003275,CUST_01677,2882.7,INR,2026-07-15 13:05:10.122833
ORDER_0003276,CUST_01970,1509.53,INR,2026-08-12 15:52:07.122833
ORDER_0003277,CUST_00637,2924.15,INR,2026-08-09 00:25:33.122833
ORDER_0003278,CUST_00554,9261.11,INR,2026-08-11 18:20:08.122833
ORDER_0003279,CUST_01529,76180.57,INR,2026-07-23 13:02:03.122833
ORDER_0003280,CUST_01987,49125.45,INR,2026-07-01 18:13:03.122833
ORDER_0003281,CUST_01343,4641.54,INR,2026-07-10 07:16:12.122833
ORDER_0003282,CUST_01783,5983.56,INR,2026-08-10 20:54:02.122833
ORDER_0003283,CUST_01836,3374.59,INR,2026-07-11 01:05:01.122833
ORDER_0003284,CUST_01022,592.24,INR,2026-08-16 13:14:51.122833
ORDER_0003285,CUST_00104,3185.99,INR,2026-08-23 21:20:03.122833
ORDER_0003286,CUST_00089,526.64,INR,2026-08-24 15:54:51.122833
ORDER_0003287,CUST_01301,105.38,INR,2026-06-05 01:51:42.122833
ORDER_0003288,CUST_01639,643.12,INR,2026-08-24 03:43:40.122833
ORDER_0003289,CUST_00312,7211.83,INR,2026-06-23 05:59:41.122833
ORDER_0003290,CUST_01261,2199.35,INR,2026-06-30 16:00:24.122833
ORDER_0003291,CUST_00093,333.17,INR,2026-07-03 21:03:07.122833
ORDER_0003292,CUST_01745,2474.79,INR,2026-07-09 02:39:10.122833
ORDER_0003293,CUST_01912,655.58,INR,2026-07-15 05:59:55.122833
ORDER_0003294,CUST_01431,526.06,INR,2026-06-24 07:56:11.122833
ORDER_0003295,CUST_01575,748.84,INR,2026-06-15 20:48:25.122833
ORDER_0003296,CUST_00768,2641.25,INR,2026-08-08 11:14:41.122833
ORDER_0003297,CUST_00940,992.42,INR,2026-08-15 11:57:43.122833
ORDER_0003298,CUST_00407,818.54,INR,2026-07-01 10:14:38.122833
ORDER_0003299,CUST_00917,545.18,INR,2026-08-27 22:57:07.122833
ORDER_0003300,CUST_00037,8197.26,INR,2026-08-25 07:00:41.122833
ORDER_0003301,CUST_00696,175.69,INR,2026-08-28 15:49:30.122833
ORDER_0003302,CUST_01960,9233.55,INR,2026-07-27 18:49:07.122833
ORDER_0003303,CUST_01396,720.75,INR,2026-06-14 16:02:40.122833
ORDER_0003304,CUST_01010,7449.59,INR,2026-06-26 11:14:53.122833
ORDER_0003305,CUST_01845,2392.53,INR,2026-08-02 07:41:29.122833
ORDER_0003306,CUST_01619,2354.93,INR,2026-07-17 23:34:39.122833
ORDER_0003307,CUST_01778,16788.9,INR,2026-07-21 17:58:15.122833
ORDER_0003308,CUST_01309,1303.93,INR,2026-08-12 11:39:06.122833
ORDER_0003309,CUST_00057,530.33,INR,2026-07-26 19:47:28.122833
ORDER_0003310,CUST_00157,3142.36,INR,2026-08-01 05:56:00.122833
ORDER_0003311,CUST_00325,381.87,INR,2026-08-02 18:46:39.122833
ORDER_0003312,CUST_01167,7551.34,INR,2026-08-18 09:43:38.122833
ORDER_0003313,CUST_01283,7551.32,INR,2026-06-28 20:05:22.122833
ORDER_0003314,CUST_01904,6832.03,INR,2026-07-21 18:13:17.122833
ORDER_0003315,CUST_01019,22394.81,INR,2026-08-31 12:06:35.122833
ORDER_0003316,CUST_00544,102.18,INR,2026-08-23 10:09:37.122833
ORDER_0003317,CUST_00432,27181.92,INR,2026-08-05 21:46:29.122833
ORDER_0003318,CUST_00229,6708.63,INR,2026-08-27 07:59:34.122833
ORDER_0003319,CUST_01066,959.68,INR,2026-06-30 01:09:38.122833
ORDER_0003320,CUST_00139,63551.13,INR,2026-07-29 12:18:17.122833
ORDER_0003321,CUST_00437,29583.04,INR,2026-08-09 11:06:45.122833
ORDER_0003322,CUST_00986,77370.54,INR,2026-08-10 08:16:53.122833
ORDER_0003323,CUST_00112,9975.3,INR,2026-07-30 17:32:05.122833
ORDER_0003324,CUST_01591,13094.35,INR,2026-08-01 19:35:02.122833
ORDER_0003325,CUST_01937,8324.81,INR,2026-07-30 13:58:38.122833
ORDER_0003326,CUST_01590,6956.55,INR,2026-08-16 20:25:34.122833
ORDER_0003327,CUST_00892,21480.31,INR,2026-06-24 04:40:05.122833
ORDER_0003328,CUST_00088,977.82,INR,2026-06-12 09:20:56.122833
ORDER_0003329,CUST_00827,73349.99,INR,2026-08-19 19:30:21.122833
ORDER_0003330,CUST_00401,6944.8,INR,2026-08-01 09:33:26.122833
ORDER_0003331,CUST_01135,359.48,INR,2026-06-02 23:52:50.122833
ORDER_0003332,CUST_01501,50538.7,INR,2026-08-09 11:10:48.122833
ORDER_0003333,CUST_00825,988.94,INR,2026-08-20 21:13:41.122833
ORDER_0003334,CUST_01605,5779.49,INR,2026-07-01 17:48:51.122833
ORDER_0003335,CUST_00602,9005.53,INR,2026-07-11 05:03:12.122833
ORDER_0003336,CUST_00867,743.62,INR,2026-08-23 20:35:17.122833
ORDER_0003337,CUST_00331,562.05,INR,2026-06-22 12:07:05.122833
ORDER_0003338,CUST_01571,505.23,INR,2026-07-04 14:55:08.122833
ORDER_0003339,CUST_00986,9752.78,INR,2026-07-23 07:04:39.122833
ORDER_0003340,CUST_00860,144.53,INR,2026-08-09 08:36:28.122833
ORDER_0003341,CUST_01422,6179.81,INR,2026-07-17 23:48:31.122833
ORDER_0003342,CUST_00624,6174.59,INR,2026-07-10 14:25:40.122833
ORDER_0003343,CUST_00342,56378.25,INR,2026-07-15 16:32:48.122833
ORDER_0003344,CUST_01017,661.18,INR,2026-08-27 09:17:17.122833
ORDER_0003345,CUST_00605,10333.66,INR,2026-08-24 21:50:10.122833
ORDER_0003346,CUST_01378,926.5,INR,2026-06-07 12:29:35.122833
ORDER_0003347,CUST_01243,1534.19,INR,2026-06-10 17:20:21.122833
ORDER_0003348,CUST_00113,2191.68,INR,2026-07-07 04:40:14.122833
ORDER_0003349,CUST_00433,7592.09,INR,2026-06-29 13:38:46.122833
ORDER_0003350,CUST_00226,6989.59,INR,2026-07-03 21:46:58.122833
ORDER_0003351,CUST_01929,7827.84,INR,2026-06-12 07:05:34.122833
ORDER_0003352,CUST_01236,2549.33,INR,2026-06-03 03:41:43.122833
ORDER_0003353,CUST_01328,50176.97,INR,2026-08-17 23:57:59.122833
ORDER_0003354,CUST_01380,8275.21,INR,2026-08-07 22:33:13.122833
ORDER_0003355,CUST_01370,1641.62,INR,2026-07-04 03:53:36.122833
ORDER_0003356,CUST_01571,2576.13,INR,2026-06-27 20:14:12.122833
ORDER_0003357,CUST_01095,5610.63,INR,2026-06-03 01:52:18.122833
ORDER_0003358,CUST_01273,28154.48,INR,2026-07-12 01:39:43.122833
ORDER_0003359,CUST_01867,920.93,INR,2026-08-22 19:32:41.122833
ORDER_0003360,CUST_01824,386.45,INR,2026-07-16 13:04:53.122833
ORDER_0003361,CUST_00643,27458.73,INR,2026-07-01 13:27:06.122833
ORDER_0003362,CUST_01223,92467.63,INR,2026-08-04 00:38:05.122833
ORDER_0003363,CUST_01045,2560.23,INR,2026-08-12 14:28:06.122833
ORDER_0003364,CUST_01100,143.66,INR,2026-07-31 16:46:10.122833
ORDER_0003365,CUST_00022,3501.79,INR,2026-08-06 10:51:20.122833
ORDER_0003366,CUST_01205,620.55,INR,2026-08-21 13:39:38.122833
ORDER_0003367,CUST_01618,88120.59,INR,2026-08-26 19:24:49.122833
ORDER_0003368,CUST_00368,538.28,INR,2026-07-26 12:09:52.122833
ORDER_0003369,CUST_00247,2887.7,INR,2026-07-23 17:29:38.122833
ORDER_0003370,CUST_00741,111.86,INR,2026-07-06 23:05:55.122833
ORDER_0003371,CUST_01925,4398.77,INR,2026-07-22 01:26:40.122833
ORDER_0003372,CUST_01769,38968.13,INR,2026-08-03 15:42:41.122833
ORDER_0003373,CUST_00413,6157.33,INR,2026-07-29 08:17:49.122833
ORDER_0003374,CUST_01503,14064.17,INR,2026-07-14 13:27:19.122833
ORDER_0003375,CUST_00686,100.98,INR,2026-08-04 18:32:38.122833
ORDER_0003376,CUST_01962,884.72,INR,2026-07-06 22:43:06.122833
ORDER_0003377,CUST_00722,6404.18,INR,2026-07-23 03:24:52.122833
ORDER_0003378,CUST_00088,352.33,INR,2026-08-23 13:55:19.122833
ORDER_0003379,CUST_00775,18673.21,INR,2026-07-15 07:40:55.122833
ORDER_0003380,CUST_01227,5240.48,INR,2026-07-07 19:13:25.122833
ORDER_0003381,CUST_01920,9601.01,INR,2026-06-09 01:46:20.122833
ORDER_0003382,CUST_01067,34057.43,INR,2026-07-23 08:17:57.122833
ORDER_0003383,CUST_00334,55077.42,INR,2026-06-15 03:16:27.122833
ORDER_0003384,CUST_01368,3880.0,INR,2026-08-09 04:56:03.122833
ORDER_0003385,CUST_00178,9438.04,INR,2026-06-18 01:15:57.122833
ORDER_0003386,CUST_00306,7898.08,INR,2026-06-05 14:53:53.122833
ORDER_0003387,CUST_01321,59377.26,INR,2026-08-02 01:23:07.122833
ORDER_0003388,CUST_01068,2491.72,INR,2026-07-01 00:01:19.122833
ORDER_0003389,CUST_00186,2888.08,INR,2026-06-21 06:51:06.122833
ORDER_0003390,CUST_01104,26361.4,INR,2026-06-23 08:10:25.122833
ORDER_0003391,CUST_00886,6780.17,INR,2026-06-11 13:22:32.122833
ORDER_0003392,CUST_01508,983.55,INR,2026-07-18 02:36:21.122833
ORDER_0003393,CUST_00962,2346.23,INR,2026-08-21 12:51:34.122833
ORDER_0003394,CUST_00364,38116.83,INR,2026-07-25 21:04:00.122833
ORDER_0003395,CUST_00272,634.35,INR,2026-06-25 11:16:28.122833
ORDER_0003396,CUST_00846,7524.39,INR,2026-06-14 03:45:52.122833
ORDER_0003397,CUST_01321,505.28,INR,2026-08-27 10:00:32.122833
ORDER_0003398,CUST_01424,254.14,INR,2026-06-06 02:02:41.122833
ORDER_0003399,CUST_00464,8169.18,INR,2026-08-21 14:14:32.122833
ORDER_0003400,CUST_01057,58793.76,INR,2026-07-16 02:19:45.122833
ORDER_0003401,CUST_00084,8997.15,INR,2026-07-15 23:05:01.122833
ORDER_0003402,CUST_00378,7329.4,INR,2026-07-13 10:42:42.122833
ORDER_0003403,CUST_01918,546.76,INR,2026-08-21 01:42:30.122833
ORDER_0003404,CUST_01156,890.67,INR,2026-08-23 10:40:50.122833
ORDER_0003405,CUST_00474,2891.18,INR,2026-07-29 05:17:07.122833
ORDER_0003406,CUST_01648,15227.03,INR,2026-07-01 23:14:26.122833
ORDER_0003407,CUST_00954,78589.5,INR,2026-07-10 12:32:38.122833
ORDER_0003408,CUST_01050,8440.97,INR,2026-07-26 01:06:31.122833
ORDER_0003409,CUST_00002,560.55,INR,2026-06-04 05:43:51.122833
ORDER_0003410,CUST_01468,23584.39,INR,2026-07-11 08:26:50.122833
ORDER_0003411,CUST_01627,94208.88,INR,2026-07-31 02:35:16.122833
ORDER_0003412,CUST_00678,76440.5,INR,2026-08-26 21:24:14.122833
ORDER_0003413,CUST_00448,93555.85,INR,2026-08-18 05:07:41.122833
ORDER_0003414,CUST_00383,586.02,INR,2026-07-22 04:29:00.122833
ORDER_0003415,CUST_01943,8339.31,INR,2026-06-03 06:46:32.122833
ORDER_0003416,CUST_01466,78438.26,INR,2026-06-06 03:45:38.122833
ORDER_0003417,CUST_00487,885.77,INR,2026-07-19 07:17:13.122833
ORDER_0003418,CUST_01106,22958.07,INR,2026-07-31 12:04:02.122833
ORDER_0003419,CUST_00842,91476.02,INR,2026-08-05 22:41:33.122833
ORDER_0003420,CUST_01711,4929.93,INR,2026-08-31 01:11:47.122833
ORDER_0003421,CUST_00152,7424.63,INR,2026-07-04 10:26:08.122833
ORDER_0003422,CUST_00405,87602.7,INR,2026-08-25 14:02:01.122833
ORDER_0003423,CUST_01218,40448.73,INR,2026-07-15 21:49:56.122833
ORDER_0003424,CUST_00793,111.94,INR,2026-08-15 23:08:21.122833
ORDER_0003425,CUST_01976,253.73,INR,2026-06-12 07:43:52.122833
ORDER_0003426,CUST_00529,4062.37,INR,2026-07-15 07:35:18.122833
ORDER_0003427,CUST_00099,708.51,INR,2026-07-23 13:13:54.122833
ORDER_0003428,CUST_00793,530.6,INR,2026-07-22 18:04:45.122833
ORDER_0003429,CUST_01680,8399.51,INR,2026-07-08 07:02:18.122833
ORDER_0003430,CUST_00270,983.67,INR,2026-07-02 19:53:37.122833
ORDER_0003431,CUST_01677,95587.64,INR,2026-08-30 21:31:43.122833
ORDER_0003432,CUST_01230,94258.81,INR,2026-08-18 14:50:17.122833
ORDER_0003433,CUST_01881,1442.98,INR,2026-06-13 15:36:35.122833
ORDER_0003434,CUST_00203,83722.19,INR,2026-07-31 00:31:18.122833
ORDER_0003435,CUST_01385,1337.27,INR,2026-08-01 14:11:59.122833
ORDER_0003436,CUST_00149,501.77,INR,2026-08-03 14:53:55.122833
ORDER_0003437,CUST_00919,8238.67,INR,2026-07-13 23:50:10.122833
ORDER_0003438,CUST_01230,97869.4,INR,2026-08-20 06:16:47.122833
ORDER_0003439,CUST_01745,9234.81,INR,2026-08-12 01:12:12.122833
ORDER_0003440,CUST_01080,870.6,INR,2026-07-14 13:00:45.122833
ORDER_0003441,CUST_00734,296.14,INR,2026-08-15 05:31:26.122833
ORDER_0003442,CUST_00383,6957.15,INR,2026-07-29 03:12:13.122833
ORDER_0003443,CUST_00724,950.41,INR,2026-07-30 23:46:29.122833
ORDER_0003444,CUST_00134,919.01,INR,2026-06-12 17:46:31.122833
ORDER_0003445,CUST_01119,558.14,INR,2026-08-10 14:20:48.122833
ORDER_0003446,CUST_00426,17985.54,INR,2026-07-08 08:32:23.122833
ORDER_0003447,CUST_00649,929.59,INR,2026-06-24 14:28:19.122833
ORDER_0003448,CUST_01955,86908.28,INR,2026-07-08 19:09:51.122833
ORDER_0003449,CUST_00999,76497.95,INR,2026-06-26 14:56:21.122833
ORDER_0003450,CUST_01284,8173.87,INR,2026-08-29 23:42:30.122833
ORDER_0003451,CUST_00581,3624.73,INR,2026-08-10 10:29:55.122833
ORDER_0003452,CUST_00031,21009.85,INR,2026-08-02 23:28:22.122833
ORDER_0003453,CUST_00408,68527.16,INR,2026-07-19 21:17:16.122833
ORDER_0003454,CUST_01510,340.96,INR,2026-07-13 19:58:31.122833
ORDER_0003455,CUST_01101,157.28,INR,2026-08-28 17:49:50.122833
ORDER_0003456,CUST_01474,18463.9,INR,2026-07-26 04:10:42.122833
ORDER_0003457,CUST_00032,164.62,INR,2026-06-24 17:28:19.122833
ORDER_0003458,CUST_01986,3698.67,INR,2026-07-10 03:13:02.122833
ORDER_0003459,CUST_00194,63171.88,INR,2026-06-22 08:18:39.122833
ORDER_0003460,CUST_00593,35902.14,INR,2026-06-15 01:42:06.122833
ORDER_0003461,CUST_01012,7470.69,INR,2026-06-30 14:53:15.122833
ORDER_0003462,CUST_00596,697.99,INR,2026-08-20 10:14:48.122833
ORDER_0003463,CUST_01416,67097.34,INR,2026-06-05 11:16:05.122833
ORDER_0003464,CUST_01791,617.62,INR,2026-06-13 22:00:15.122833
ORDER_0003465,CUST_01683,2697.47,INR,2026-06-14 13:14:30.122833
ORDER_0003466,CUST_01565,4397.99,INR,2026-06-10 04:01:24.122833
ORDER_0003467,CUST_01438,101.35,INR,2026-06-29 13:53:00.122833
ORDER_0003468,CUST_00329,256.51,INR,2026-06-15 13:46:02.122833
ORDER_0003469,CUST_00914,34179.84,INR,2026-07-25 10:29:03.122833
ORDER_0003470,CUST_00639,9096.8,INR,2026-07-13 16:54:14.122833
ORDER_0003471,CUST_01881,53939.99,INR,2026-08-13 11:33:01.122833
ORDER_0003472,CUST_01344,114.53,INR,2026-07-04 09:15:25.122833
ORDER_0003473,CUST_00228,234.75,INR,2026-06-29 05:38:29.122833
ORDER_0003474,CUST_01245,6551.03,INR,2026-06-08 16:23:22.122833
ORDER_0003475,CUST_00760,8663.2,INR,2026-08-27 04:49:58.122833
ORDER_0003476,CUST_00669,376.45,INR,2026-06-13 06:47:06.122833
ORDER_0003477,CUST_00173,3217.0,INR,2026-06-23 18:46:23.122833
ORDER_0003478,CUST_01996,77539.43,INR,2026-08-29 10:13:33.122833
ORDER_0003479,CUST_01506,9042.65,INR,2026-07-29 04:01:57.122833
ORDER_0003480,CUST_00911,6754.23,INR,2026-07-09 01:38:38.122833
ORDER_0003481,CUST_01234,18341.34,INR,2026-06-06 23:10:42.122833
ORDER_0003482,CUST_00004,97187.16,INR,2026-07-03 23:53:10.122833
ORDER_0003483,CUST_00651,2610.11,INR,2026-06-08 18:26:14.122833
ORDER_0003484,CUST_01916,9808.93,INR,2026-08-17 06:42:08.122833
ORDER_0003485,CUST_01950,7150.11,INR,2026-07-19 07:26:05.122833
ORDER_0003486,CUST_01674,58234.93,INR,2026-06-02 16:12:50.122833
ORDER_0003487,CUST_01286,370.62,INR,2026-06-27 03:10:38.122833
ORDER_0003488,CUST_00166,75809.36,INR,2026-06-10 17:22:52.122833
ORDER_0003489,CUST_01009,436.41,INR,2026-06-17 01:07:59.122833
ORDER_0003490,CUST_00856,72701.41,INR,2026-07-17 01:33:18.122833
ORDER_0003491,CUST_00355,573.38,INR,2026-06-08 18:23:41.122833
ORDER_0003492,CUST_00409,36056.19,INR,2026-07-03 21:12:59.122833
ORDER_0003493,CUST_00068,4967.31,INR,2026-06-11 19:10:05.122833
ORDER_0003494,CUST_00429,1465.91,INR,2026-07-21 08:13:20.122833
ORDER_0003495,CUST_01610,1899.15,INR,2026-06-26 05:04:56.122833
ORDER_0003496,CUST_01499,177.2,INR,2026-06-08 21:38:45.122833
ORDER_0003497,CUST_00163,325.15,INR,2026-08-02 21:25:02.122833
ORDER_0003498,CUST_01003,53729.67,INR,2026-06-10 03:13:25.122833
ORDER_0003499,CUST_01077,1875.86,INR,2026-08-02 20:22:45.122833
ORDER_0003500,CUST_01817,4809.2,INR,2026-08-23 01:15:31.122833
ORDER_0003501,CUST_00817,147.59,INR,2026-06-16 11:05:04.122833
ORDER_0003502,CUST_00437,877.35,INR,2026-08-31 08:36:01.122833
ORDER_0003503,CUST_00338,827.77,INR,2026-08-10 05:09:43.122833
ORDER_0003504,CUST_01044,768.74,INR,2026-06-21 13:18:05.122833
ORDER_0003505,CUST_00234,9630.44,INR,2026-08-04 10:03:30.122833
ORDER_0003506,CUST_00128,72583.71,INR,2026-07-04 07:01:37.122833
ORDER_0003507,CUST_01352,923.96,INR,2026-06-11 21:40:57.122833
ORDER_0003508,CUST_01821,2380.62,INR,2026-06-06 03:48:28.122833
ORDER_0003509,CUST_01793,38778.27,INR,2026-07-27 14:08:55.122833
ORDER_0003510,CUST_01527,1859.04,INR,2026-08-28 06:49:28.122833
ORDER_0003511,CUST_00452,324.86,INR,2026-06-15 18:31:48.122833
ORDER_0003512,CUST_00574,3500.88,INR,2026-06-25 03:12:49.122833
ORDER_0003513,CUST_01710,882.15,INR,2026-06-07 04:19:44.122833
ORDER_0003514,CUST_01736,12477.82,INR,2026-08-13 08:43:58.122833
ORDER_0003515,CUST_00891,652.55,INR,2026-06-27 10:56:54.122833
ORDER_0003516,CUST_00142,580.77,INR,2026-06-24 17:14:06.122833
ORDER_0003517,CUST_00620,677.57,INR,2026-08-18 22:35:37.122833
ORDER_0003518,CUST_01297,3189.31,INR,2026-08-22 10:00:22.122833
ORDER_0003519,CUST_01441,873.93,INR,2026-07-02 03:23:12.122833
ORDER_0003520,CUST_01836,4597.55,INR,2026-07-31 18:23:50.122833
ORDER_0003521,CUST_01945,25593.64,INR,2026-07-22 07:24:30.122833
ORDER_0003522,CUST_01387,487.04,INR,2026-08-12 10:38:53.122833
ORDER_0003523,CUST_00908,9556.8,INR,2026-08-03 09:53:02.122833
ORDER_0003524,CUST_01692,703.02,INR,2026-06-29 11:11:14.122833
ORDER_0003525,CUST_00941,695.68,INR,2026-08-01 23:20:04.122833
ORDER_0003526,CUST_00220,524.71,INR,2026-07-05 02:03:31.122833
ORDER_0003527,CUST_01427,9975.51,INR,2026-07-08 14:41:08.122833
ORDER_0003528,CUST_00368,6064.48,INR,2026-08-15 18:41:06.122833
ORDER_0003529,CUST_00317,907.5,INR,2026-08-26 07:03:29.122833
ORDER_0003530,CUST_00706,1545.21,INR,2026-07-01 17:45:22.122833
ORDER_0003531,CUST_01468,194.7,INR,2026-06-26 19:04:28.122833
ORDER_0003532,CUST_01795,6234.44,INR,2026-08-26 20:37:07.122833
ORDER_0003533,CUST_00862,9931.86,INR,2026-07-14 18:21:44.122833
ORDER_0003534,CUST_01935,40425.75,INR,2026-07-28 23:10:05.122833
ORDER_0003535,CUST_00650,46694.99,INR,2026-08-27 02:32:07.122833
ORDER_0003536,CUST_01862,789.29,INR,2026-06-17 13:26:03.122833
ORDER_0003537,CUST_01050,8896.87,INR,2026-07-20 13:07:41.122833
ORDER_0003538,CUST_01410,2356.61,INR,2026-06-10 12:57:49.122833
ORDER_0003539,CUST_00004,5119.0,INR,2026-06-21 16:16:46.122833
ORDER_0003540,CUST_01887,5923.47,INR,2026-06-23 05:31:53.122833
ORDER_0003541,CUST_00541,59367.59,INR,2026-08-14 07:51:15.122833
ORDER_0003542,CUST_00247,486.25,INR,2026-07-10 18:48:42.122833
ORDER_0003543,CUST_01461,60895.61,INR,2026-08-03 15:08:44.122833
ORDER_0003544,CUST_00058,90047.7,INR,2026-08-18 00:58:17.122833
ORDER_0003545,CUST_00967,691.55,INR,2026-08-07 00:27:27.122833
ORDER_0003546,CUST_01507,45428.63,INR,2026-08-05 06:26:23.122833
ORDER_0003547,CUST_01590,277.06,INR,2026-07-20 20:41:53.122833
ORDER_0003548,CUST_00104,5265.85,INR,2026-08-08 16:49:19.122833
ORDER_0003549,CUST_01626,249.44,INR,2026-06-29 04:31:38.122833
ORDER_0003550,CUST_01537,53377.62,INR,2026-08-29 08:27:18.122833
ORDER_0003551,CUST_00984,22594.42,INR,2026-06-29 07:23:26.122833
ORDER_0003552,CUST_00152,2060.42,INR,2026-07-11 06:18:44.122833
ORDER_0003553,CUST_00960,6329.38,INR,2026-07-11 03:07:00.122833
ORDER_0003554,CUST_01105,85449.58,INR,2026-07-28 17:33:28.122833
ORDER_0003555,CUST_00230,44974.04,INR,2026-07-01 09:20:51.122833
ORDER_0003556,CUST_00855,410.03,INR,2026-07-30 15:27:04.122833
ORDER_0003557,CUST_01520,93767.3,INR,2026-08-02 19:47:26.122833
ORDER_0003558,CUST_01587,45587.04,INR,2026-06-28 01:29:06.122833
ORDER_0003559,CUST_01760,555.06,INR,2026-06-20 05:20:30.122833
ORDER_0003560,CUST_00218,7322.64,INR,2026-07-27 15:56:10.122833
ORDER_0003561,CUST_01233,50634.8,INR,2026-06-05 01:57:30.122833
ORDER_0003562,CUST_01231,9001.06,INR,2026-06-24 00:34:17.122833
ORDER_0003563,CUST_01161,640.07,INR,2026-06-19 02:02:47.122833
ORDER_0003564,CUST_01452,7960.22,INR,2026-08-16 22:44:25.122833
ORDER_0003565,CUST_01875,34489.78,INR,2026-06-05 21:19:40.122833
ORDER_0003566,CUST_00379,1731.73,INR,2026-06-28 23:55:49.122833
ORDER_0003567,CUST_00090,9258.78,INR,2026-08-05 08:47:59.122833
ORDER_0003568,CUST_01543,820.1,INR,2026-06-29 22:11:00.122833
ORDER_0003569,CUST_01327,6070.17,INR,2026-06-11 04:50:35.122833
ORDER_0003570,CUST_00124,9595.12,INR,2026-07-30 21:37:13.122833
ORDER_0003571,CUST_01051,32594.09,INR,2026-06-11 10:44:18.122833
ORDER_0003572,CUST_01990,35463.32,INR,2026-08-10 13:39:49.122833
ORDER_0003573,CUST_01869,631.28,INR,2026-08-23 23:19:42.122833
ORDER_0003574,CUST_00367,380.4,INR,2026-06-17 05:06:24.122833
ORDER_0003575,CUST_01797,8477.14,INR,2026-08-31 11:42:14.122833
ORDER_0003576,CUST_00604,99932.66,INR,2026-06-09 14:57:39.122833
ORDER_0003577,CUST_00974,888.55,INR,2026-06-14 10:37:51.122833
ORDER_0003578,CUST_01848,33203.53,INR,2026-07-04 13:17:07.122833
ORDER_0003579,CUST_00054,372.13,INR,2026-06-22 22:36:16.122833
ORDER_0003580,CUST_00761,1672.18,INR,2026-07-27 12:00:54.122833
ORDER_0003581,CUST_01868,85360.01,INR,2026-06-12 06:39:27.122833
ORDER_0003582,CUST_01362,5891.91,INR,2026-08-18 00:41:02.122833
ORDER_0003583,CUST_01549,8696.91,INR,2026-06-13 20:40:42.122833
ORDER_0003584,CUST_01920,73488.28,INR,2026-08-07 19:10:44.122833
ORDER_0003585,CUST_00954,378.49,INR,2026-07-02 01:27:58.122833
ORDER_0003586,CUST_01451,10387.73,INR,2026-07-26 13:06:44.122833
ORDER_0003587,CUST_01053,822.7,INR,2026-08-23 04:35:54.122833
ORDER_0003588,CUST_00131,580.26,INR,2026-08-29 19:38:48.122833
ORDER_0003589,CUST_00317,79534.64,INR,2026-06-23 06:59:09.122833
ORDER_0003590,CUST_01945,5287.93,INR,2026-07-09 13:08:38.122833
ORDER_0003591,CUST_01704,365.11,INR,2026-07-26 09:31:45.122833
ORDER_0003592,CUST_00050,1717.22,INR,2026-07-01 21:17:46.122833
ORDER_0003593,CUST_00798,653.2,INR,2026-08-17 13:37:21.122833
ORDER_0003594,CUST_01745,619.84,INR,2026-06-14 03:35:09.122833
ORDER_0003595,CUST_00152,413.52,INR,2026-06-10 14:22:24.122833
ORDER_0003596,CUST_01259,14625.93,INR,2026-08-06 00:20:14.122833
ORDER_0003597,CUST_00716,6957.01,INR,2026-07-25 18:59:18.122833
ORDER_0003598,CUST_01779,4099.55,INR,2026-06-19 15:18:36.122833
ORDER_0003599,CUST_01696,781.89,INR,2026-06-02 19:03:49.122833
ORDER_0003600,CUST_01337,225.04,INR,2026-08-10 07:09:40.122833
ORDER_0003601,CUST_01333,5885.23,INR,2026-07-23 03:26:32.122833
ORDER_0003602,CUST_00245,48332.69,INR,2026-06-30 00:13:59.122833
ORDER_0003603,CUST_01382,556.02,INR,2026-06-05 13:43:38.122833
ORDER_0003604,CUST_01162,66580.13,INR,2026-07-05 16:19:49.122833
ORDER_0003605,CUST_01509,4130.81,INR,2026-06-22 19:31:21.122833
ORDER_0003606,CUST_01312,429.06,INR,2026-08-24 07:03:27.122833
ORDER_0003607,CUST_01169,5034.29,INR,2026-06-17 18:00:58.122833
ORDER_0003608,CUST_01074,2199.42,INR,2026-07-08 05:26:22.122833
ORDER_0003609,CUST_01667,123.3,INR,2026-08-06 00:03:05.122833
ORDER_0003610,CUST_01358,3646.54,INR,2026-06-13 09:33:11.122833
ORDER_0003611,CUST_01332,83657.06,INR,2026-08-04 12:58:16.122833
ORDER_0003612,CUST_00665,960.15,INR,2026-08-18 01:15:49.122833
ORDER_0003613,CUST_00942,730.39,INR,2026-06-02 22:21:29.122833
ORDER_0003614,CUST_01813,47066.51,INR,2026-07-30 19:18:45.122833
ORDER_0003615,CUST_01508,153.1,INR,2026-07-19 18:30:14.122833
ORDER_0003616,CUST_00275,222.02,INR,2026-06-21 06:09:45.122833
ORDER_0003617,CUST_01626,41605.69,INR,2026-06-18 06:18:32.122833
ORDER_0003618,CUST_00982,226.01,INR,2026-07-26 14:05:36.122833
ORDER_0003619,CUST_00721,1118.54,INR,2026-08-25 17:03:20.122833
ORDER_0003620,CUST_00045,99993.14,INR,2026-07-30 09:58:11.122833
ORDER_0003621,CUST_01945,18304.25,INR,2026-08-14 13:02:32.122833
ORDER_0003622,CUST_01830,598.82,INR,2026-07-08 19:34:39.122833
ORDER_0003623,CUST_01516,900.92,INR,2026-07-06 07:00:05.122833
ORDER_0003624,CUST_00160,8434.38,INR,2026-06-21 10:58:35.122833
ORDER_0003625,CUST_01668,386.82,INR,2026-06-18 14:13:05.122833
ORDER_0003626,CUST_00403,789.53,INR,2026-08-18 10:47:59.122833
ORDER_0003627,CUST_00579,67560.09,INR,2026-07-07 11:47:26.122833
ORDER_0003628,CUST_01583,6008.72,INR,2026-07-23 11:49:04.122833
ORDER_0003629,CUST_00387,316.24,INR,2026-06-04 21:39:31.122833
ORDER_0003630,CUST_00113,35892.86,INR,2026-07-04 13:59:18.122833
ORDER_0003631,CUST_01153,318.33,INR,2026-08-17 23:22:35.122833
ORDER_0003632,CUST_00346,18604.62,INR,2026-06-28 02:21:11.122833
ORDER_0003633,CUST_01878,6001.03,INR,2026-08-12 17:49:42.122833
ORDER_0003634,CUST_00676,895.41,INR,2026-08-03 21:18:23.122833
ORDER_0003635,CUST_01259,558.95,INR,2026-07-10 00:42:18.122833
ORDER_0003636,CUST_00655,98320.49,INR,2026-08-03 23:26:27.122833
ORDER_0003637,CUST_01323,1224.44,INR,2026-07-26 19:19:26.122833
ORDER_0003638,CUST_01911,626.66,INR,2026-08-21 14:12:29.122833
ORDER_0003639,CUST_00640,7528.47,INR,2026-08-30 16:47:21.122833
ORDER_0003640,CUST_00732,46224.77,INR,2026-06-03 22:22:59.122833
ORDER_0003641,CUST_01870,3987.4,INR,2026-08-30 10:23:28.122833
ORDER_0003642,CUST_01942,61494.86,INR,2026-08-16 04:17:51.122833
ORDER_0003643,CUST_00600,26791.52,INR,2026-06-02 15:54:32.122833
ORDER_0003644,CUST_02000,48693.29,INR,2026-06-07 08:10:03.122833
ORDER_0003645,CUST_00173,23790.36,INR,2026-08-19 08:50:10.122833
ORDER_0003646,CUST_01928,588.9,INR,2026-07-10 07:39:08.122833
ORDER_0003647,CUST_00284,5137.28,INR,2026-07-08 15:27:02.122833
ORDER_0003648,CUST_00683,499.65,INR,2026-07-15 17:19:51.122833
ORDER_0003649,CUST_00212,47642.92,INR,2026-06-09 07:24:27.122833
ORDER_0003650,CUST_01803,9090.26,INR,2026-06-23 22:53:24.122833
ORDER_0003651,CUST_01087,27500.61,INR,2026-07-11 06:51:47.122833
ORDER_0003652,CUST_00211,2446.56,INR,2026-07-01 07:32:15.122833
ORDER_0003653,CUST_00976,342.42,INR,2026-07-03 23:15:44.122833
ORDER_0003654,CUST_00312,57835.34,INR,2026-06-20 11:32:54.122833
ORDER_0003655,CUST_00183,316.35,INR,2026-07-01 20:52:03.122833
ORDER_0003656,CUST_01836,7901.13,INR,2026-08-10 11:28:30.122833
ORDER_0003657,CUST_00303,213.42,INR,2026-08-26 08:50:53.122833
ORDER_0003658,CUST_00486,1972.11,INR,2026-07-17 02:49:50.122833
ORDER_0003659,CUST_00708,9610.19,INR,2026-06-19 12:05:13.122833
ORDER_0003660,CUST_00427,850.69,INR,2026-06-29 13:06:14.122833
ORDER_0003661,CUST_01681,248.09,INR,2026-06-24 02:47:03.122833
ORDER_0003662,CUST_00552,40414.34,INR,2026-06-30 20:42:56.122833
ORDER_0003663,CUST_01338,9378.26,INR,2026-08-03 17:45:23.122833
ORDER_0003664,CUST_00708,584.04,INR,2026-06-07 01:45:45.122833
ORDER_0003665,CUST_00568,9204.84,INR,2026-07-10 16:30:47.122833
ORDER_0003666,CUST_00112,265.44,INR,2026-07-15 13:44:54.122833
ORDER_0003667,CUST_01575,95615.06,INR,2026-06-16 01:52:21.122833
ORDER_0003668,CUST_01824,1237.99,INR,2026-07-25 04:19:25.122833
ORDER_0003669,CUST_00185,20730.11,INR,2026-06-25 23:19:29.122833
ORDER_0003670,CUST_00644,631.31,INR,2026-07-18 16:49:11.122833
ORDER_0003671,CUST_00088,872.59,INR,2026-08-21 03:43:14.122833
ORDER_0003672,CUST_00769,419.46,INR,2026-07-29 12:42:16.122833
ORDER_0003673,CUST_00396,1406.42,INR,2026-06-03 08:03:01.122833
ORDER_0003674,CUST_01104,18569.77,INR,2026-06-07 07:57:28.122833
ORDER_0003675,CUST_01165,3154.24,INR,2026-08-01 16:43:40.122833
ORDER_0003676,CUST_00712,303.12,INR,2026-06-02 19:10:07.122833
ORDER_0003677,CUST_00666,73785.99,INR,2026-07-05 18:19:51.122833
ORDER_0003678,CUST_00141,4391.05,INR,2026-07-09 03:50:35.122833
ORDER_0003679,CUST_00115,743.99,INR,2026-07-22 12:21:27.122833
ORDER_0003680,CUST_00696,765.97,INR,2026-08-12 04:37:00.122833
ORDER_0003681,CUST_00829,504.55,INR,2026-06-24 15:05:25.122833
ORDER_0003682,CUST_01007,100.42,INR,2026-06-15 20:56:13.122833
ORDER_0003683,CUST_00631,44656.37,INR,2026-07-18 02:34:07.122833
ORDER_0003684,CUST_01670,8036.56,INR,2026-07-04 18:48:36.122833
ORDER_0003685,CUST_01473,439.16,INR,2026-07-15 16:48:53.122833
ORDER_0003686,CUST_01437,7660.81,INR,2026-06-21 14:38:20.122833
ORDER_0003687,CUST_00541,709.91,INR,2026-08-06 15:45:51.122833
ORDER_0003688,CUST_00654,97227.68,INR,2026-07-14 03:42:10.122833
ORDER_0003689,CUST_01130,69295.01,INR,2026-08-28 14:58:00.122833
ORDER_0003690,CUST_01118,12385.24,INR,2026-06-18 03:28:25.122833
ORDER_0003691,CUST_00478,8392.3,INR,2026-07-25 17:59:32.122833
ORDER_0003692,CUST_01608,81743.82,INR,2026-06-08 09:52:53.122833
ORDER_0003693,CUST_00086,3213.16,INR,2026-07-19 01:15:29.122833
ORDER_0003694,CUST_00286,7117.77,INR,2026-08-02 16:30:21.122833
ORDER_0003695,CUST_01791,843.32,INR,2026-06-15 18:03:49.122833
ORDER_0003696,CUST_01205,7155.6,INR,2026-07-29 11:18:59.122833
ORDER_0003697,CUST_00402,44069.57,INR,2026-07-22 18:38:05.122833
ORDER_0003698,CUST_00567,748.42,INR,2026-08-30 02:34:52.122833
ORDER_0003699,CUST_01782,86122.28,INR,2026-07-02 20:22:23.122833
ORDER_0003700,CUST_01518,273.31,INR,2026-07-16 15:13:35.122833
ORDER_0003701,CUST_00510,32109.23,INR,2026-07-27 09:58:35.122833
ORDER_0003702,CUST_01426,31896.07,INR,2026-06-09 16:48:56.122833
ORDER_0003703,CUST_00540,41012.17,INR,2026-08-02 09:54:37.122833
ORDER_0003704,CUST_00393,551.98,INR,2026-07-19 01:55:40.122833
ORDER_0003705,CUST_01438,5818.35,INR,2026-08-05 14:12:15.122833
ORDER_0003706,CUST_00766,8213.03,INR,2026-07-27 22:51:05.122833
ORDER_0003707,CUST_00190,90596.51,INR,2026-06-16 03:19:57.122833
ORDER_0003708,CUST_01455,137.12,INR,2026-08-20 16:20:44.122833
ORDER_0003709,CUST_01740,4177.89,INR,2026-07-01 00:43:28.122833
ORDER_0003710,CUST_01885,265.59,INR,2026-08-26 05:07:02.122833
ORDER_0003711,CUST_01981,898.74,INR,2026-06-29 17:59:46.122833
ORDER_0003712,CUST_01499,384.33,INR,2026-07-20 01:50:17.122833
ORDER_0003713,CUST_01992,4288.88,INR,2026-08-01 04:08:41.122833
ORDER_0003714,CUST_00485,57604.14,INR,2026-07-01 02:16:52.122833
ORDER_0003715,CUST_01188,35081.39,INR,2026-06-30 13:24:16.122833
ORDER_0003716,CUST_01878,8474.15,INR,2026-08-02 07:49:31.122833
ORDER_0003717,CUST_00817,224.28,INR,2026-07-27 16:41:42.122833
ORDER_0003718,CUST_01838,476.93,INR,2026-06-16 11:33:58.122833
ORDER_0003719,CUST_01640,836.58,INR,2026-08-14 11:36:29.122833
ORDER_0003720,CUST_01426,54297.1,INR,2026-06-25 01:36:03.122833
ORDER_0003721,CUST_00452,65250.01,INR,2026-08-17 02:21:54.122833
ORDER_0003722,CUST_01874,293.96,INR,2026-06-09 16:20:55.122833
ORDER_0003723,CUST_00387,49337.76,INR,2026-07-08 15:26:07.122833
ORDER_0003724,CUST_01760,2674.42,INR,2026-08-28 07:09:28.122833
ORDER_0003725,CUST_01250,87132.77,INR,2026-08-06 11:13:15.122833
ORDER_0003726,CUST_01109,1056.27,INR,2026-08-11 19:10:08.122833
ORDER_0003727,CUST_00715,610.51,INR,2026-08-25 11:40:29.122833
ORDER_0003728,CUST_00206,567.78,INR,2026-06-22 08:48:52.122833
ORDER_0003729,CUST_00038,6498.68,INR,2026-07-16 13:25:36.122833
ORDER_0003730,CUST_01833,599.95,INR,2026-08-16 18:18:52.122833
ORDER_0003731,CUST_00100,318.71,INR,2026-08-08 22:08:23.122833
ORDER_0003732,CUST_00627,6106.47,INR,2026-06-08 19:34:06.122833
ORDER_0003733,CUST_00202,46018.09,INR,2026-07-15 19:54:43.122833
ORDER_0003734,CUST_01136,66712.62,INR,2026-06-16 06:02:39.122833
ORDER_0003735,CUST_01561,8054.41,INR,2026-06-22 01:28:23.122833
ORDER_0003736,CUST_01348,103.91,INR,2026-06-05 05:26:04.122833
ORDER_0003737,CUST_01082,90220.72,INR,2026-08-07 05:18:01.122833
ORDER_0003738,CUST_01903,5530.42,INR,2026-08-20 22:21:41.122833
ORDER_0003739,CUST_01274,327.81,INR,2026-08-14 16:22:17.122833
ORDER_0003740,CUST_00013,8642.04,INR,2026-06-04 19:49:15.122833
ORDER_0003741,CUST_00269,94465.43,INR,2026-07-25 01:15:20.122833
ORDER_0003742,CUST_01243,644.73,INR,2026-08-09 07:13:08.122833
ORDER_0003743,CUST_00568,40201.14,INR,2026-06-27 04:21:03.122833
ORDER_0003744,CUST_00223,49137.93,INR,2026-06-15 12:27:55.122833
ORDER_0003745,CUST_01524,9868.35,INR,2026-07-27 18:30:17.122833
ORDER_0003746,CUST_00871,743.67,INR,2026-06-27 23:49:21.122833
ORDER_0003747,CUST_01574,18422.35,INR,2026-06-23 11:41:53.122833
ORDER_0003748,CUST_01302,436.78,INR,2026-06-10 02:49:31.122833
ORDER_0003749,CUST_00984,3986.22,INR,2026-07-06 02:13:40.122833
ORDER_0003750,CUST_01690,72183.08,INR,2026-08-03 22:59:23.122833
ORDER_0003751,CUST_01991,29506.34,INR,2026-08-12 20:07:20.122833
ORDER_0003752,CUST_00239,558.61,INR,2026-06-30 08:25:23.122833
ORDER_0003753,CUST_00628,1613.24,INR,2026-06-26 02:14:34.122833
ORDER_0003754,CUST_01576,4651.0,INR,2026-06-09 23:06:10.122833
ORDER_0003755,CUST_00673,27183.9,INR,2026-08-05 03:31:49.122833
ORDER_0003756,CUST_01880,5635.46,INR,2026-07-17 01:46:18.122833
ORDER_0003757,CUST_01939,27737.65,INR,2026-08-03 15:43:10.122833
ORDER_0003758,CUST_01812,9299.57,INR,2026-07-09 15:10:06.122833
ORDER_0003759,CUST_01320,1989.91,INR,2026-07-25 21:25:44.122833
ORDER_0003760,CUST_01591,336.04,INR,2026-06-17 14:59:58.122833
ORDER_0003761,CUST_01211,8112.79,INR,2026-08-28 17:35:34.122833
ORDER_0003762,CUST_00184,645.68,INR,2026-07-19 13:32:38.122833
ORDER_0003763,CUST_00981,19603.28,INR,2026-07-10 09:24:41.122833
ORDER_0003764,CUST_00033,481.86,INR,2026-06-10 20:51:57.122833
ORDER_0003765,CUST_01959,5230.21,INR,2026-07-07 04:28:56.122833
ORDER_0003766,CUST_01046,621.23,INR,2026-06-18 02:47:55.122833
ORDER_0003767,CUST_00890,5288.41,INR,2026-08-25 13:34:55.122833
ORDER_0003768,CUST_00009,9726.82,INR,2026-06-21 00:08:40.122833
ORDER_0003769,CUST_01201,6792.61,INR,2026-07-13 13:39:14.122833
ORDER_0003770,CUST_00260,394.43,INR,2026-07-08 00:17:04.122833
ORDER_0003771,CUST_01252,62065.22,INR,2026-08-16 09:40:31.122833
ORDER_0003772,CUST_01300,2467.85,INR,2026-08-05 15:00:48.122833
ORDER_0003773,CUST_00199,5213.12,INR,2026-07-05 03:19:24.122833
ORDER_0003774,CUST_00309,1598.82,INR,2026-07-13 21:26:15.122833
ORDER_0003775,CUST_01335,484.98,INR,2026-08-20 16:57:23.122833
ORDER_0003776,CUST_01703,23646.24,INR,2026-07-05 16:53:16.122833
ORDER_0003777,CUST_00113,9108.55,INR,2026-08-14 19:11:42.122833
ORDER_0003778,CUST_00060,445.82,INR,2026-06-27 08:39:56.122833
ORDER_0003779,CUST_00050,82990.55,INR,2026-06-08 13:02:27.122833
ORDER_0003780,CUST_00913,2132.04,INR,2026-07-14 00:06:35.122833
ORDER_0003781,CUST_01204,3146.98,INR,2026-08-21 00:52:21.122833
ORDER_0003782,CUST_01438,58165.38,INR,2026-08-31 07:06:33.122833
ORDER_0003783,CUST_01333,85813.31,INR,2026-07-16 22:30:22.122833
ORDER_0003784,CUST_00969,788.97,INR,2026-07-19 13:39:15.122833
ORDER_0003785,CUST_00157,814.02,INR,2026-06-14 08:00:48.122833
ORDER_0003786,CUST_01746,890.94,INR,2026-08-08 21:51:25.122833
ORDER_0003787,CUST_00079,759.24,INR,2026-06-02 16:55:12.122833
ORDER_0003788,CUST_01779,802.21,INR,2026-06-16 19:33:50.122833
ORDER_0003789,CUST_01992,8445.52,INR,2026-06-16 06:28:52.122833
ORDER_0003790,CUST_00849,53997.38,INR,2026-06-07 15:08:06.122833
ORDER_0003791,CUST_00393,86388.97,INR,2026-08-05 21:26:16.122833
ORDER_0003792,CUST_00798,78165.21,INR,2026-08-29 07:11:07.122833
ORDER_0003793,CUST_01492,62166.14,INR,2026-07-18 16:34:53.122833
ORDER_0003794,CUST_00463,4282.88,INR,2026-08-16 12:58:37.122833
ORDER_0003795,CUST_00357,458.88,INR,2026-07-31 13:22:22.122833
ORDER_0003796,CUST_01120,648.46,INR,2026-06-21 12:12:53.122833
ORDER_0003797,CUST_00004,11571.89,INR,2026-07-08 04:42:38.122833
ORDER_0003798,CUST_00382,237.11,INR,2026-08-07 01:58:48.122833
ORDER_0003799,CUST_01557,7413.82,INR,2026-08-02 04:43:23.122833
ORDER_0003800,CUST_00461,280.26,INR,2026-07-28 20:35:37.122833
ORDER_0003801,CUST_00101,98566.69,INR,2026-06-03 21:19:17.122833
ORDER_0003802,CUST_01984,35606.25,INR,2026-06-26 05:10:13.122833
ORDER_0003803,CUST_00260,40111.74,INR,2026-07-29 13:34:37.122833
ORDER_0003804,CUST_00076,39587.77,INR,2026-08-09 18:22:26.122833
ORDER_0003805,CUST_00008,186.56,INR,2026-07-13 06:50:34.122833
ORDER_0003806,CUST_00712,5535.27,INR,2026-07-27 00:28:57.122833
ORDER_0003807,CUST_01495,2880.41,INR,2026-08-29 22:12:03.122833
ORDER_0003808,CUST_00601,402.64,INR,2026-06-24 00:31:58.122833
ORDER_0003809,CUST_01018,5568.4,INR,2026-07-20 08:47:59.122833
ORDER_0003810,CUST_00657,19701.73,INR,2026-07-11 17:14:08.122833
ORDER_0003811,CUST_01411,524.79,INR,2026-08-28 14:46:13.122833
ORDER_0003812,CUST_01114,9317.14,INR,2026-08-24 10:08:50.122833
ORDER_0003813,CUST_01025,355.27,INR,2026-08-26 16:58:56.122833
ORDER_0003814,CUST_01125,95473.77,INR,2026-06-16 01:34:48.122833
ORDER_0003815,CUST_00026,42838.04,INR,2026-06-16 09:13:06.122833
ORDER_0003816,CUST_00958,33748.27,INR,2026-08-29 03:20:31.122833
ORDER_0003817,CUST_01920,7485.44,INR,2026-06-02 20:27:18.122833
ORDER_0003818,CUST_01550,89252.18,INR,2026-08-05 11:13:02.122833
ORDER_0003819,CUST_00605,227.13,INR,2026-07-02 03:11:18.122833
ORDER_0003820,CUST_01169,699.89,INR,2026-07-29 19:21:58.122833
ORDER_0003821,CUST_01469,121.68,INR,2026-07-20 16:58:49.122833
ORDER_0003822,CUST_01603,68653.22,INR,2026-06-08 03:13:51.122833
ORDER_0003823,CUST_00069,891.2,INR,2026-07-03 16:38:37.122833
ORDER_0003824,CUST_00607,8605.14,INR,2026-07-30 16:26:28.122833
ORDER_0003825,CUST_01773,741.49,INR,2026-06-11 06:42:11.122833
ORDER_0003826,CUST_01596,916.37,INR,2026-07-23 16:47:13.122833
ORDER_0003827,CUST_01694,6297.8,INR,2026-07-23 04:28:42.122833
ORDER_0003828,CUST_00343,94646.12,INR,2026-06-06 22:53:03.122833
ORDER_0003829,CUST_00283,6793.27,INR,2026-08-09 11:12:00.122833
ORDER_0003830,CUST_00766,58937.96,INR,2026-08-14 23:58:05.122833
ORDER_0003831,CUST_01491,261.74,INR,2026-06-07 09:24:09.122833
ORDER_0003832,CUST_00024,7356.49,INR,2026-07-13 19:58:54.122833
ORDER_0003833,CUST_01600,45451.73,INR,2026-08-30 13:14:31.122833
ORDER_0003834,CUST_00003,678.43,INR,2026-06-15 21:50:36.122833
ORDER_0003835,CUST_00131,16010.18,INR,2026-07-02 00:38:18.122833
ORDER_0003836,CUST_01667,9047.17,INR,2026-08-23 19:33:41.122833
ORDER_0003837,CUST_00221,103.37,INR,2026-08-22 00:13:51.122833
ORDER_0003838,CUST_01805,98153.04,INR,2026-07-25 20:24:57.122833
ORDER_0003839,CUST_00809,952.19,INR,2026-08-25 07:00:43.122833
ORDER_0003840,CUST_01902,5474.75,INR,2026-08-01 16:07:08.122833
ORDER_0003841,CUST_01669,18519.8,INR,2026-06-14 17:09:04.122833
ORDER_0003842,CUST_00987,772.3,INR,2026-07-18 15:43:43.122833
ORDER_0003843,CUST_00815,998.83,INR,2026-08-15 03:23:36.122833
ORDER_0003844,CUST_01178,4649.82,INR,2026-08-08 14:21:56.122833
ORDER_0003845,CUST_00306,880.1,INR,2026-08-05 12:05:11.122833
ORDER_0003846,CUST_00545,577.69,INR,2026-07-14 14:01:41.122833
ORDER_0003847,CUST_00712,590.27,INR,2026-06-11 02:54:38.122833
ORDER_0003848,CUST_00939,79834.32,INR,2026-06-18 06:36:19.122833
ORDER_0003849,CUST_01142,513.9,INR,2026-07-13 20:57:09.122833
ORDER_0003850,CUST_01797,84772.23,INR,2026-06-03 16:26:47.122833
ORDER_0003851,CUST_01423,7190.08,INR,2026-06-10 21:53:09.122833
ORDER_0003852,CUST_00513,954.64,INR,2026-07-26 00:38:58.122833
ORDER_0003853,CUST_00903,90279.16,INR,2026-07-31 17:53:40.122833
ORDER_0003854,CUST_01226,3622.91,INR,2026-07-27 12:18:34.122833
ORDER_0003855,CUST_00982,2220.21,INR,2026-07-19 05:28:48.122833
ORDER_0003856,CUST_01427,4904.51,INR,2026-07-09 12:15:10.122833
ORDER_0003857,CUST_00517,26916.49,INR,2026-07-08 11:01:48.122833
ORDER_0003858,CUST_01883,963.63,INR,2026-08-30 18:31:20.122833
ORDER_0003859,CUST_01940,9415.61,INR,2026-06-13 05:11:34.122833
ORDER_0003860,CUST_00736,39669.53,INR,2026-07-29 04:10:58.122833
ORDER_0003861,CUST_00851,84066.83,INR,2026-08-25 09:14:08.122833
ORDER_0003862,CUST_00386,82128.91,INR,2026-07-24 08:03:27.122833
ORDER_0003863,CUST_00281,6834.58,INR,2026-07-23 15:03:35.122833
ORDER_0003864,CUST_01080,485.68,INR,2026-06-03 00:31:50.122833
ORDER_0003865,CUST_01070,34279.27,INR,2026-08-03 14:24:12.122833
ORDER_0003866,CUST_00261,9531.05,INR,2026-07-06 12:56:49.122833
ORDER_0003867,CUST_01966,66381.34,INR,2026-06-04 05:11:09.122833
ORDER_0003868,CUST_01493,796.55,INR,2026-08-12 13:55:10.122833
ORDER_0003869,CUST_01855,11187.35,INR,2026-07-21 20:10:11.122833
ORDER_0003870,CUST_01600,452.28,INR,2026-07-28 02:20:14.122833
ORDER_0003871,CUST_01220,69541.09,INR,2026-07-06 01:24:35.122833
ORDER_0003872,CUST_01272,234.31,INR,2026-07-12 05:14:48.122833
ORDER_0003873,CUST_00990,644.26,INR,2026-07-09 22:10:44.122833
ORDER_0003874,CUST_00584,1376.63,INR,2026-08-03 15:11:58.122833
ORDER_0003875,CUST_00687,276.01,INR,2026-08-29 10:27:54.122833
ORDER_0003876,CUST_00613,22500.35,INR,2026-08-19 17:59:16.122833
ORDER_0003877,CUST_01986,52261.62,INR,2026-08-03 06:09:11.122833
ORDER_0003878,CUST_00278,1223.94,INR,2026-08-27 10:32:09.122833
ORDER_0003879,CUST_00312,1828.2,INR,2026-07-02 05:14:32.122833
ORDER_0003880,CUST_01149,6970.11,INR,2026-08-07 10:53:36.122833
ORDER_0003881,CUST_01255,5464.34,INR,2026-07-25 07:03:51.122833
ORDER_0003882,CUST_00167,8100.87,INR,2026-06-27 04:15:06.122833
ORDER_0003883,CUST_01817,945.77,INR,2026-06-29 20:24:49.122833
ORDER_0003884,CUST_00484,59407.58,INR,2026-08-05 22:28:28.122833
ORDER_0003885,CUST_01775,840.45,INR,2026-08-06 06:51:22.122833
ORDER_0003886,CUST_00783,3409.01,INR,2026-07-27 02:54:16.122833
ORDER_0003887,CUST_01563,3057.77,INR,2026-08-05 04:25:30.122833
ORDER_0003888,CUST_01043,4860.64,INR,2026-08-22 09:21:23.122833
ORDER_0003889,CUST_00883,4907.59,INR,2026-07-22 20:25:32.122833
ORDER_0003890,CUST_01796,2388.32,INR,2026-07-18 11:58:50.122833
ORDER_0003891,CUST_00169,93188.05,INR,2026-06-30 19:48:33.122833
ORDER_0003892,CUST_00704,68539.99,INR,2026-07-27 01:14:46.122833
ORDER_0003893,CUST_01714,296.6,INR,2026-08-26 04:33:54.122833
ORDER_0003894,CUST_00642,4875.61,INR,2026-08-25 17:30:14.122833
ORDER_0003895,CUST_00919,4204.28,INR,2026-07-03 13:59:06.122833
ORDER_0003896,CUST_01763,74865.79,INR,2026-06-19 13:50:15.122833
ORDER_0003897,CUST_01704,578.81,INR,2026-06-07 13:31:18.122833
ORDER_0003898,CUST_00095,92598.94,INR,2026-08-15 05:46:05.122833
ORDER_0003899,CUST_00491,276.54,INR,2026-08-30 09:43:10.122833
ORDER_0003900,CUST_00017,86008.27,INR,2026-07-03 03:44:38.122833
ORDER_0003901,CUST_00477,41082.36,INR,2026-08-08 03:59:13.122833
ORDER_0003902,CUST_00702,6060.05,INR,2026-06-15 23:14:45.122833
ORDER_0003903,CUST_01923,401.57,INR,2026-08-07 06:55:11.122833
ORDER_0003904,CUST_00883,7274.82,INR,2026-06-04 20:19:50.122833
ORDER_0003905,CUST_01167,692.14,INR,2026-07-05 22:35:09.122833
ORDER_0003906,CUST_00069,91797.01,INR,2026-06-28 07:26:51.122833
ORDER_0003907,CUST_00679,794.6,INR,2026-08-14 11:22:55.122833
ORDER_0003908,CUST_01697,542.32,INR,2026-06-10 05:40:39.122833
ORDER_0003909,CUST_00829,817.74,INR,2026-06-25 19:16:35.122833
ORDER_0003910,CUST_01288,691.14,INR,2026-07-11 13:00:25.122833
ORDER_0003911,CUST_00206,422.17,INR,2026-07-26 03:07:41.122833
ORDER_0003912,CUST_01972,91549.96,INR,2026-07-05 23:49:01.122833
ORDER_0003913,CUST_00336,199.91,INR,2026-07-23 21:55:41.122833
ORDER_0003914,CUST_00036,7434.21,INR,2026-07-05 19:47:55.122833
ORDER_0003915,CUST_01634,959.1,INR,2026-08-19 02:16:25.122833
ORDER_0003916,CUST_01788,643.27,INR,2026-07-04 01:45:23.122833
ORDER_0003917,CUST_01959,5289.73,INR,2026-07-05 23:59:22.122833
ORDER_0003918,CUST_00041,71583.68,INR,2026-07-16 15:41:29.122833
ORDER_0003919,CUST_00910,9314.26,INR,2026-06-20 16:53:15.122833
ORDER_0003920,CUST_01626,589.43,INR,2026-07-15 12:54:34.122833
ORDER_0003921,CUST_00404,325.16,INR,2026-08-06 10:27:11.122833
ORDER_0003922,CUST_00077,96699.04,INR,2026-08-11 16:32:43.122833
ORDER_0003923,CUST_01294,7724.47,INR,2026-08-27 07:50:03.122833
ORDER_0003924,CUST_00569,7779.32,INR,2026-07-23 15:22:44.122833
ORDER_0003925,CUST_00704,9781.36,INR,2026-06-18 02:41:16.122833
ORDER_0003926,CUST_01647,15328.97,INR,2026-06-25 07:43:14.122833
ORDER_0003927,CUST_00568,175.45,INR,2026-08-31 04:59:14.122833
ORDER_0003928,CUST_00390,16637.83,INR,2026-07-20 13:38:07.122833
ORDER_0003929,CUST_01682,3796.88,INR,2026-08-11 14:39:28.122833
ORDER_0003930,CUST_01877,653.99,INR,2026-08-30 09:01:24.122833
ORDER_0003931,CUST_01958,49664.19,INR,2026-08-19 15:25:19.122833
ORDER_0003932,CUST_00025,2559.19,INR,2026-08-17 11:43:43.122833
ORDER_0003933,CUST_00121,92778.2,INR,2026-06-06 08:01:32.122833
ORDER_0003934,CUST_01393,94218.4,INR,2026-06-30 22:11:48.122833
ORDER_0003935,CUST_00382,685.19,INR,2026-07-11 12:09:05.122833
ORDER_0003936,CUST_01120,71156.97,INR,2026-06-19 15:47:06.122833
ORDER_0003937,CUST_01900,806.89,INR,2026-07-18 08:45:40.122833
ORDER_0003938,CUST_01644,425.63,INR,2026-07-31 11:19:44.122833
ORDER_0003939,CUST_01173,39811.19,INR,2026-06-04 22:56:52.122833
ORDER_0003940,CUST_00285,773.64,INR,2026-07-23 05:10:07.122833
ORDER_0003941,CUST_00787,2828.11,INR,2026-08-27 07:44:46.122833
ORDER_0003942,CUST_00243,653.53,INR,2026-08-08 04:06:20.122833
ORDER_0003943,CUST_00833,2411.05,INR,2026-07-19 13:20:14.122833
ORDER_0003944,CUST_00283,6782.65,INR,2026-06-16 21:04:47.122833
ORDER_0003945,CUST_00495,2032.23,INR,2026-07-31 08:00:57.122833
ORDER_0003946,CUST_00672,213.86,INR,2026-08-29 22:07:26.122833
ORDER_0003947,CUST_00672,8715.1,INR,2026-06-16 07:30:42.122833
ORDER_0003948,CUST_01510,14821.77,INR,2026-07-20 02:13:03.122833
ORDER_0003949,CUST_00816,24105.78,INR,2026-07-25 23:49:45.122833
ORDER_0003950,CUST_01484,6104.8,INR,2026-07-15 13:49:20.122833
ORDER_0003951,CUST_01047,296.05,INR,2026-08-16 15:17:47.122833
ORDER_0003952,CUST_01629,2232.18,INR,2026-07-19 21:54:42.122833
ORDER_0003953,CUST_00577,41163.14,INR,2026-08-13 11:49:12.122833
ORDER_0003954,CUST_01511,656.88,INR,2026-06-08 01:58:19.122833
ORDER_0003955,CUST_00019,328.87,INR,2026-06-03 04:03:44.122833
ORDER_0003956,CUST_00501,76816.11,INR,2026-06-26 07:00:33.122833
ORDER_0003957,CUST_00248,604.42,INR,2026-08-13 21:49:07.122833
ORDER_0003958,CUST_00202,946.12,INR,2026-07-30 07:31:21.122833
ORDER_0003959,CUST_00996,384.59,INR,2026-06-25 16:20:18.122833
ORDER_0003960,CUST_00499,10765.79,INR,2026-08-18 04:07:12.122833
ORDER_0003961,CUST_01528,72079.63,INR,2026-07-06 09:13:48.122833
ORDER_0003962,CUST_00282,367.84,INR,2026-06-25 21:49:24.122833
ORDER_0003963,CUST_01002,809.93,INR,2026-08-27 21:06:22.122833
ORDER_0003964,CUST_00656,319.23,INR,2026-06-09 13:22:12.122833
ORDER_0003965,CUST_00617,143.62,INR,2026-06-29 20:42:59.122833
ORDER_0003966,CUST_00724,437.77,INR,2026-06-02 21:10:24.122833
ORDER_0003967,CUST_00809,5818.75,INR,2026-08-18 21:23:55.122833
ORDER_0003968,CUST_00958,312.44,INR,2026-08-08 02:51:34.122833
ORDER_0003969,CUST_01099,70490.65,INR,2026-06-14 09:36:59.122833
ORDER_0003970,CUST_01378,751.3,INR,2026-06-25 15:55:02.122833
ORDER_0003971,CUST_01763,71219.91,INR,2026-08-09 16:46:38.122833
ORDER_0003972,CUST_00289,531.0,INR,2026-07-17 19:53:21.122833
ORDER_0003973,CUST_00757,6332.6,INR,2026-07-14 04:38:02.122833
ORDER_0003974,CUST_00167,533.93,INR,2026-06-10 10:37:29.122833
ORDER_0003975,CUST_01251,7455.44,INR,2026-08-30 06:33:56.122833
ORDER_0003976,CUST_00971,31729.98,INR,2026-07-08 01:18:17.122833
ORDER_0003977,CUST_01179,68878.97,INR,2026-08-22 22:55:45.122833
ORDER_0003978,CUST_01712,645.99,INR,2026-07-23 23:13:30.122833
ORDER_0003979,CUST_00798,89393.72,INR,2026-08-14 18:05:18.122833
ORDER_0003980,CUST_01752,3383.48,INR,2026-06-27 19:08:26.122833
ORDER_0003981,CUST_01459,52534.98,INR,2026-07-10 23:46:42.122833
ORDER_0003982,CUST_00586,409.71,INR,2026-07-16 15:08:30.122833
ORDER_0003983,CUST_00414,49527.17,INR,2026-08-08 01:01:41.122833
ORDER_0003984,CUST_00186,70815.67,INR,2026-07-12 22:01:21.122833
ORDER_0003985,CUST_00654,8618.12,INR,2026-07-11 12:16:40.122833
ORDER_0003986,CUST_01753,7679.67,INR,2026-08-31 06:39:50.122833
ORDER_0003987,CUST_00095,5895.13,INR,2026-07-07 21:16:46.122833
ORDER_0003988,CUST_01358,27603.75,INR,2026-07-18 23:46:59.122833
ORDER_0003989,CUST_00932,14188.44,INR,2026-06-16 04:05:55.122833
ORDER_0003990,CUST_00808,6897.49,INR,2026-08-06 09:05:33.122833
ORDER_0003991,CUST_01265,1619.63,INR,2026-08-27 14:18:11.122833
ORDER_0003992,CUST_00700,443.14,INR,2026-06-02 16:20:30.122833
ORDER_0003993,CUST_00855,7119.79,INR,2026-07-12 23:56:18.122833
ORDER_0003994,CUST_01359,25670.42,INR,2026-06-12 12:39:43.122833
ORDER_0003995,CUST_01809,30408.78,INR,2026-07-11 02:56:02.122833
ORDER_0003996,CUST_01449,7634.1,INR,2026-06-28 00:42:36.122833
ORDER_0003997,CUST_00059,8575.47,INR,2026-07-24 21:30:18.122833
ORDER_0003998,CUST_00488,4487.49,INR,2026-06-04 17:16:22.122833
ORDER_0003999,CUST_01953,294.81,INR,2026-06-02 21:19:54.122833
ORDER_0004000,CUST_00012,53777.92,INR,2026-08-30 23:21:52.122833
ORDER_0004001,CUST_01250,676.63,INR,2026-08-15 22:07:38.122833
ORDER_0004002,CUST_01627,410.06,INR,2026-08-17 06:38:53.122833
ORDER_0004003,CUST_00790,63447.32,INR,2026-08-04 02:38:30.122833
ORDER_0004004,CUST_01068,44497.16,INR,2026-06-24 06:07:07.122833
ORDER_0004005,CUST_00186,1393.13,INR,2026-08-13 17:16:35.122833
ORDER_0004006,CUST_01312,18476.9,INR,2026-07-16 10:48:53.122833
ORDER_0004007,CUST_00229,253.3,INR,2026-07-22 22:46:33.122833
ORDER_0004008,CUST_00176,20279.14,INR,2026-07-29 05:45:34.122833
ORDER_0004009,CUST_01584,9514.0,INR,2026-07-05 02:11:33.122833
ORDER_0004010,CUST_00353,75618.85,INR,2026-07-23 03:32:35.122833
ORDER_0004011,CUST_00160,8493.68,INR,2026-07-29 01:40:23.122833
ORDER_0004012,CUST_01699,652.87,INR,2026-08-25 21:31:51.122833
ORDER_0004013,CUST_01688,19934.1,INR,2026-08-24 11:33:13.122833
ORDER_0004014,CUST_00270,47575.8,INR,2026-08-13 05:29:31.122833
ORDER_0004015,CUST_01905,185.43,INR,2026-07-14 14:33:19.122833
ORDER_0004016,CUST_01663,82070.98,INR,2026-07-03 00:36:00.122833
ORDER_0004017,CUST_00985,465.74,INR,2026-08-22 02:17:08.122833
ORDER_0004018,CUST_01217,6367.4,INR,2026-08-22 10:56:11.122833
ORDER_0004019,CUST_00871,8361.78,INR,2026-06-12 15:12:03.122833
ORDER_0004020,CUST_01893,3745.79,INR,2026-08-30 07:48:12.122833
ORDER_0004021,CUST_00130,604.5,INR,2026-07-23 14:59:53.122833
ORDER_0004022,CUST_00715,68344.32,INR,2026-06-07 19:08:59.122833
ORDER_0004023,CUST_01779,452.77,INR,2026-06-13 15:36:16.122833
ORDER_0004024,CUST_01668,787.25,INR,2026-07-13 23:03:33.122833
ORDER_0004025,CUST_01830,81581.02,INR,2026-06-19 06:32:57.122833
ORDER_0004026,CUST_00860,203.43,INR,2026-07-13 12:44:40.122833
ORDER_0004027,CUST_00603,8220.97,INR,2026-08-01 04:54:09.122833
ORDER_0004028,CUST_00550,874.88,INR,2026-07-02 17:49:03.122833
ORDER_0004029,CUST_00950,31840.53,INR,2026-06-18 10:58:46.122833
ORDER_0004030,CUST_01901,7747.62,INR,2026-07-21 11:39:22.122833
ORDER_0004031,CUST_01094,302.42,INR,2026-08-07 15:04:18.122833
ORDER_0004032,CUST_01170,637.93,INR,2026-06-17 11:13:36.122833
ORDER_0004033,CUST_00220,75926.61,INR,2026-08-02 23:18:19.122833
ORDER_0004034,CUST_01856,9196.98,INR,2026-06-12 20:59:34.122833
ORDER_0004035,CUST_00078,85026.42,INR,2026-08-13 10:08:45.122833
ORDER_0004036,CUST_01208,89035.07,INR,2026-08-13 08:29:07.122833
ORDER_0004037,CUST_01001,9129.06,INR,2026-08-25 20:07:37.122833
ORDER_0004038,CUST_00586,94155.25,INR,2026-06-20 06:54:53.122833
ORDER_0004039,CUST_01718,13359.04,INR,2026-07-25 05:18:58.122833
ORDER_0004040,CUST_00766,6143.03,INR,2026-06-12 01:56:50.122833
ORDER_0004041,CUST_01789,7509.95,INR,2026-06-25 07:03:05.122833
ORDER_0004042,CUST_00891,79838.28,INR,2026-06-26 03:06:28.122833
ORDER_0004043,CUST_01140,7946.31,INR,2026-07-23 05:07:12.122833
ORDER_0004044,CUST_01542,695.33,INR,2026-08-04 18:24:03.122833
ORDER_0004045,CUST_01945,37526.85,INR,2026-07-24 20:52:46.122833
ORDER_0004046,CUST_00490,518.33,INR,2026-07-27 04:51:34.122833
ORDER_0004047,CUST_00954,87961.93,INR,2026-06-13 01:07:00.122833
ORDER_0004048,CUST_00058,6724.46,INR,2026-08-04 18:57:22.122833
ORDER_0004049,CUST_00998,47668.33,INR,2026-06-08 20:21:43.122833
ORDER_0004050,CUST_00832,2855.76,INR,2026-06-21 06:00:44.122833
ORDER_0004051,CUST_00736,940.87,INR,2026-06-14 08:22:14.122833
ORDER_0004052,CUST_01773,530.94,INR,2026-08-10 04:16:22.122833
ORDER_0004053,CUST_01559,68541.06,INR,2026-06-19 04:12:30.122833
ORDER_0004054,CUST_00822,18465.19,INR,2026-07-23 14:11:38.122833
ORDER_0004055,CUST_00983,891.6,INR,2026-07-12 13:54:57.122833
ORDER_0004056,CUST_00011,3210.7,INR,2026-07-02 22:56:29.122833
ORDER_0004057,CUST_01936,377.69,INR,2026-08-04 14:12:35.122833
ORDER_0004058,CUST_00862,25137.63,INR,2026-08-26 07:42:19.122833
ORDER_0004059,CUST_00408,867.71,INR,2026-06-17 20:59:52.122833
ORDER_0004060,CUST_01926,3201.86,INR,2026-06-03 07:25:41.122833
ORDER_0004061,CUST_00314,47021.75,INR,2026-08-28 10:34:26.122833
ORDER_0004062,CUST_00641,2062.14,INR,2026-08-05 10:08:52.122833
ORDER_0004063,CUST_01378,158.61,INR,2026-08-01 02:01:57.122833
ORDER_0004064,CUST_00549,3565.06,INR,2026-06-21 06:42:07.122833
ORDER_0004065,CUST_01445,658.9,INR,2026-07-17 23:37:15.122833
ORDER_0004066,CUST_01848,3799.41,INR,2026-08-23 00:50:31.122833
ORDER_0004067,CUST_00534,392.31,INR,2026-07-21 23:25:14.122833
ORDER_0004068,CUST_00539,87407.01,INR,2026-08-29 03:45:09.122833
ORDER_0004069,CUST_01037,1635.39,INR,2026-07-09 19:35:25.122833
ORDER_0004070,CUST_01410,77441.4,INR,2026-06-19 15:08:33.122833
ORDER_0004071,CUST_00966,9611.29,INR,2026-08-10 15:24:21.122833
ORDER_0004072,CUST_01433,6247.77,INR,2026-07-30 20:20:44.122833
ORDER_0004073,CUST_00212,255.94,INR,2026-07-24 18:16:12.122833
ORDER_0004074,CUST_00760,445.35,INR,2026-08-02 06:58:56.122833
ORDER_0004075,CUST_00712,27268.71,INR,2026-06-04 04:12:45.122833
ORDER_0004076,CUST_01985,8137.45,INR,2026-06-14 21:52:07.122833
ORDER_0004077,CUST_01082,352.4,INR,2026-07-09 08:26:32.122833
ORDER_0004078,CUST_01325,2599.07,INR,2026-07-12 09:59:37.122833
ORDER_0004079,CUST_00714,70709.12,INR,2026-07-31 06:58:13.122833
ORDER_0004080,CUST_01954,3143.17,INR,2026-06-12 13:16:16.122833
ORDER_0004081,CUST_01748,44312.4,INR,2026-06-27 07:09:50.122833
ORDER_0004082,CUST_01117,5569.57,INR,2026-08-20 10:18:40.122833
ORDER_0004083,CUST_01641,359.17,INR,2026-07-09 20:29:41.122833
ORDER_0004084,CUST_01719,9502.43,INR,2026-06-04 14:53:13.122833
ORDER_0004085,CUST_01902,504.79,INR,2026-07-28 16:18:41.122833
ORDER_0004086,CUST_01734,78320.65,INR,2026-08-03 02:45:48.122833
ORDER_0004087,CUST_01975,5707.56,INR,2026-07-31 16:55:18.122833
ORDER_0004088,CUST_01713,53164.38,INR,2026-08-25 15:25:33.122833
ORDER_0004089,CUST_01182,82600.17,INR,2026-08-26 10:03:26.122833
ORDER_0004090,CUST_01399,28857.64,INR,2026-06-11 22:21:17.122833
ORDER_0004091,CUST_01380,5232.92,INR,2026-07-17 01:21:53.122833
ORDER_0004092,CUST_01351,212.14,INR,2026-08-15 14:00:17.122833
ORDER_0004093,CUST_00078,34657.18,INR,2026-07-21 23:37:31.122833
ORDER_0004094,CUST_00418,2910.4,INR,2026-08-13 09:41:31.122833
ORDER_0004095,CUST_01312,70026.58,INR,2026-07-14 16:48:54.122833
ORDER_0004096,CUST_00733,6301.39,INR,2026-07-16 23:13:02.122833
ORDER_0004097,CUST_00438,51181.85,INR,2026-06-04 18:12:31.122833
ORDER_0004098,CUST_00640,884.96,INR,2026-06-10 20:26:14.122833
ORDER_0004099,CUST_00101,861.65,INR,2026-06-05 03:41:14.122833
ORDER_0004100,CUST_01216,57123.95,INR,2026-07-16 02:21:08.122833
ORDER_0004101,CUST_01361,4529.7,INR,2026-07-14 13:18:45.122833
ORDER_0004102,CUST_00324,40483.59,INR,2026-08-12 06:39:39.122833
ORDER_0004103,CUST_01906,9493.15,INR,2026-07-20 07:23:51.122833
ORDER_0004104,CUST_01351,89813.66,INR,2026-06-20 03:25:51.122833
ORDER_0004105,CUST_00880,7248.65,INR,2026-07-31 21:23:24.122833
ORDER_0004106,CUST_00814,9850.44,INR,2026-06-04 09:48:51.122833
ORDER_0004107,CUST_01930,894.65,INR,2026-08-04 06:59:06.122833
ORDER_0004108,CUST_00747,87118.49,INR,2026-08-18 09:29:59.122833
ORDER_0004109,CUST_01687,953.55,INR,2026-08-21 16:20:38.122833
ORDER_0004110,CUST_01756,91111.69,INR,2026-07-14 19:08:03.122833
ORDER_0004111,CUST_01579,164.89,INR,2026-08-28 22:22:18.122833
ORDER_0004112,CUST_00050,398.02,INR,2026-08-23 14:09:22.122833
ORDER_0004113,CUST_01704,217.05,INR,2026-07-24 22:07:58.122833
ORDER_0004114,CUST_00513,54145.21,INR,2026-06-19 08:09:17.122833
ORDER_0004115,CUST_01302,780.01,INR,2026-08-02 16:28:19.122833
ORDER_0004116,CUST_00656,7802.89,INR,2026-07-28 05:28:55.122833
ORDER_0004117,CUST_01698,320.04,INR,2026-08-06 18:18:41.122833
ORDER_0004118,CUST_01043,446.83,INR,2026-08-11 12:17:49.122833
ORDER_0004119,CUST_00500,855.91,INR,2026-07-15 05:56:58.122833
ORDER_0004120,CUST_01159,40011.72,INR,2026-08-04 13:31:51.122833
ORDER_0004121,CUST_01489,67843.04,INR,2026-08-25 01:30:16.122833
ORDER_0004122,CUST_01474,9158.96,INR,2026-07-17 05:27:54.122833
ORDER_0004123,CUST_01839,415.25,INR,2026-07-10 04:49:07.122833
ORDER_0004124,CUST_00135,95081.9,INR,2026-07-13 14:46:21.122833
ORDER_0004125,CUST_01828,35313.3,INR,2026-07-30 09:07:34.122833
ORDER_0004126,CUST_01891,63797.45,INR,2026-08-13 07:46:33.122833
ORDER_0004127,CUST_01434,58349.53,INR,2026-06-17 05:08:47.122833
ORDER_0004128,CUST_01232,276.56,INR,2026-07-18 21:20:14.122833
ORDER_0004129,CUST_00071,742.66,INR,2026-08-22 23:30:31.122833
ORDER_0004130,CUST_00142,5018.51,INR,2026-07-17 08:32:07.122833
ORDER_0004131,CUST_01904,515.4,INR,2026-07-10 06:45:34.122833
ORDER_0004132,CUST_00462,58436.45,INR,2026-06-06 14:13:41.122833
ORDER_0004133,CUST_00820,59884.12,INR,2026-07-20 00:23:02.122833
ORDER_0004134,CUST_01065,3384.7,INR,2026-08-01 03:24:02.122833
ORDER_0004135,CUST_01956,3581.69,INR,2026-08-23 02:06:02.122833
ORDER_0004136,CUST_00909,552.19,INR,2026-07-15 21:54:41.122833
ORDER_0004137,CUST_01735,774.91,INR,2026-08-14 17:32:06.122833
ORDER_0004138,CUST_00346,51915.79,INR,2026-07-18 17:56:24.122833
ORDER_0004139,CUST_00475,3386.25,INR,2026-07-13 11:56:57.122833
ORDER_0004140,CUST_00444,1724.65,INR,2026-06-21 23:44:56.122833
ORDER_0004141,CUST_01886,368.24,INR,2026-08-04 21:01:50.122833
ORDER_0004142,CUST_00195,799.26,INR,2026-08-04 01:28:41.122833
ORDER_0004143,CUST_00946,745.86,INR,2026-08-18 21:53:54.122833
ORDER_0004144,CUST_00807,468.14,INR,2026-06-26 02:39:26.122833
ORDER_0004145,CUST_00308,40906.47,INR,2026-08-19 07:38:31.122833
ORDER_0004146,CUST_01567,6915.03,INR,2026-06-20 02:28:43.122833
ORDER_0004147,CUST_00069,8784.27,INR,2026-07-14 07:57:29.122833
ORDER_0004148,CUST_01192,92387.95,INR,2026-08-15 15:33:54.122833
ORDER_0004149,CUST_00438,112.13,INR,2026-08-24 15:44:51.122833
ORDER_0004150,CUST_00441,16312.56,INR,2026-06-26 10:27:20.122833
ORDER_0004151,CUST_01229,6264.23,INR,2026-08-21 15:31:24.122833
ORDER_0004152,CUST_00690,72049.14,INR,2026-07-21 07:47:35.122833
ORDER_0004153,CUST_01274,610.93,INR,2026-06-11 00:32:19.122833
ORDER_0004154,CUST_00474,592.86,INR,2026-08-14 07:22:18.122833
ORDER_0004155,CUST_00536,8088.0,INR,2026-06-10 00:37:28.122833
ORDER_0004156,CUST_00756,380.76,INR,2026-07-22 04:26:39.122833
ORDER_0004157,CUST_00740,56000.96,INR,2026-06-02 14:30:15.122833
ORDER_0004158,CUST_01729,5154.02,INR,2026-08-06 18:24:29.122833
ORDER_0004159,CUST_00797,685.81,INR,2026-08-10 08:31:11.122833
ORDER_0004160,CUST_00280,7663.37,INR,2026-07-11 20:01:24.122833
ORDER_0004161,CUST_00473,43743.45,INR,2026-08-03 22:06:32.122833
ORDER_0004162,CUST_00435,656.94,INR,2026-08-08 18:02:19.122833
ORDER_0004163,CUST_01196,308.4,INR,2026-07-20 19:00:46.122833
ORDER_0004164,CUST_01676,3571.95,INR,2026-08-22 23:27:22.122833
ORDER_0004165,CUST_01407,533.06,INR,2026-08-30 09:35:50.122833
ORDER_0004166,CUST_01878,240.01,INR,2026-08-26 14:49:30.122833
ORDER_0004167,CUST_00482,4496.95,INR,2026-07-02 10:57:27.122833
ORDER_0004168,CUST_01402,505.96,INR,2026-06-27 04:40:02.122833
ORDER_0004169,CUST_01174,7665.85,INR,2026-07-16 19:04:27.122833
ORDER_0004170,CUST_01195,369.31,INR,2026-07-04 09:03:44.122833
ORDER_0004171,CUST_01235,11501.83,INR,2026-08-26 10:22:34.122833
ORDER_0004172,CUST_00405,30333.71,INR,2026-07-19 06:49:42.122833
ORDER_0004173,CUST_01617,99290.1,INR,2026-08-30 12:16:44.122833
ORDER_0004174,CUST_00380,7297.13,INR,2026-07-02 16:56:08.122833
ORDER_0004175,CUST_00806,933.1,INR,2026-06-22 09:13:22.122833
ORDER_0004176,CUST_00187,42982.2,INR,2026-08-07 01:38:05.122833
ORDER_0004177,CUST_01360,269.11,INR,2026-06-28 13:46:05.122833
ORDER_0004178,CUST_00210,79520.14,INR,2026-08-20 16:47:15.122833
ORDER_0004179,CUST_01159,65980.07,INR,2026-08-16 22:09:24.122833
ORDER_0004180,CUST_00385,6739.26,INR,2026-07-26 00:50:12.122833
ORDER_0004181,CUST_00771,66035.6,INR,2026-06-08 05:14:54.122833
ORDER_0004182,CUST_01465,73529.36,INR,2026-08-18 15:42:38.122833
ORDER_0004183,CUST_01590,97401.3,INR,2026-07-09 00:25:47.122833
ORDER_0004184,CUST_01732,397.26,INR,2026-07-09 04:20:54.122833
ORDER_0004185,CUST_01000,26003.31,INR,2026-06-22 13:17:37.122833
ORDER_0004186,CUST_00337,29830.53,INR,2026-08-15 14:25:48.122833
ORDER_0004187,CUST_01460,959.13,INR,2026-08-12 16:50:22.122833
ORDER_0004188,CUST_01667,2764.7,INR,2026-08-25 16:38:14.122833
ORDER_0004189,CUST_01829,446.66,INR,2026-07-02 20:48:38.122833
ORDER_0004190,CUST_01861,1925.17,INR,2026-07-28 08:25:30.122833
ORDER_0004191,CUST_00336,516.98,INR,2026-08-23 04:40:37.122833
ORDER_0004192,CUST_01046,25605.0,INR,2026-07-03 02:57:27.122833
ORDER_0004193,CUST_00996,239.26,INR,2026-07-01 07:26:56.122833
ORDER_0004194,CUST_00140,1793.09,INR,2026-08-27 07:05:49.122833
ORDER_0004195,CUST_00793,677.0,INR,2026-07-03 17:42:52.122833
ORDER_0004196,CUST_00076,2708.28,INR,2026-06-03 14:16:43.122833
ORDER_0004197,CUST_00426,504.8,INR,2026-08-28 08:50:39.122833
ORDER_0004198,CUST_01196,9998.35,INR,2026-08-01 04:52:54.122833
ORDER_0004199,CUST_01384,6972.79,INR,2026-07-12 02:13:27.122833
ORDER_0004200,CUST_00148,7371.28,INR,2026-07-04 04:55:09.122833
ORDER_0004201,CUST_00989,80477.69,INR,2026-06-20 10:33:40.122833
ORDER_0004202,CUST_00343,46594.87,INR,2026-08-24 20:55:12.122833
ORDER_0004203,CUST_01285,3402.11,INR,2026-07-02 09:13:40.122833
ORDER_0004204,CUST_00946,715.99,INR,2026-06-04 19:44:37.122833
ORDER_0004205,CUST_00520,1941.77,INR,2026-08-03 19:20:32.122833
ORDER_0004206,CUST_00855,11554.24,INR,2026-08-12 03:43:19.122833
ORDER_0004207,CUST_00934,573.79,INR,2026-08-19 06:38:37.122833
ORDER_0004208,CUST_01289,22725.58,INR,2026-08-31 09:53:58.122833
ORDER_0004209,CUST_01431,7183.13,INR,2026-07-07 03:31:52.122833
ORDER_0004210,CUST_01017,4618.98,INR,2026-08-22 17:35:21.122833
ORDER_0004211,CUST_00523,656.45,INR,2026-07-23 23:12:22.122833
ORDER_0004212,CUST_00646,61564.17,INR,2026-06-10 23:34:31.122833
ORDER_0004213,CUST_00382,771.18,INR,2026-08-05 21:03:00.122833
ORDER_0004214,CUST_01665,94328.43,INR,2026-07-06 17:52:24.122833
ORDER_0004215,CUST_00165,7840.57,INR,2026-06-07 08:54:26.122833
ORDER_0004216,CUST_01203,12745.5,INR,2026-08-05 18:37:31.122833
ORDER_0004217,CUST_01425,60297.11,INR,2026-07-20 11:56:37.122833
ORDER_0004218,CUST_00499,3286.8,INR,2026-06-14 10:52:13.122833
ORDER_0004219,CUST_01058,230.27,INR,2026-08-29 01:46:16.122833
ORDER_0004220,CUST_01338,70920.23,INR,2026-08-27 11:35:41.122833
ORDER_0004221,CUST_00113,932.95,INR,2026-08-30 07:02:17.122833
ORDER_0004222,CUST_00354,5644.08,INR,2026-06-06 20:42:02.122833
ORDER_0004223,CUST_00324,359.23,INR,2026-06-28 01:12:44.122833
ORDER_0004224,CUST_00791,8048.58,INR,2026-06-28 04:20:27.122833
ORDER_0004225,CUST_00478,72333.1,INR,2026-07-05 17:06:16.122833
ORDER_0004226,CUST_00303,137.49,INR,2026-08-03 05:00:24.122833
ORDER_0004227,CUST_00900,7558.09,INR,2026-07-10 16:07:23.122833
ORDER_0004228,CUST_00173,3336.27,INR,2026-07-04 13:31:25.122833
ORDER_0004229,CUST_01895,664.3,INR,2026-07-22 13:59:24.122833
ORDER_0004230,CUST_01614,5777.59,INR,2026-08-12 06:44:23.122833
ORDER_0004231,CUST_00282,72753.13,INR,2026-08-02 03:05:09.122833
ORDER_0004232,CUST_00852,846.63,INR,2026-07-13 01:19:25.122833
ORDER_0004233,CUST_00053,22424.69,INR,2026-06-04 20:01:43.122833
ORDER_0004234,CUST_01534,896.25,INR,2026-07-26 13:58:04.122833
ORDER_0004235,CUST_00739,53379.5,INR,2026-06-29 12:02:27.122833
ORDER_0004236,CUST_00385,89398.64,INR,2026-08-01 08:20:51.122833
ORDER_0004237,CUST_01734,113.88,INR,2026-08-15 09:07:30.122833
ORDER_0004238,CUST_01005,99530.02,INR,2026-08-19 00:59:53.122833
ORDER_0004239,CUST_00425,991.3,INR,2026-08-11 08:01:38.122833
ORDER_0004240,CUST_01755,612.58,INR,2026-06-27 19:18:45.122833
ORDER_0004241,CUST_01215,6070.22,INR,2026-06-25 06:07:45.122833
ORDER_0004242,CUST_00892,2153.31,INR,2026-08-27 07:12:58.122833
ORDER_0004243,CUST_00042,52680.89,INR,2026-06-08 01:32:33.122833
ORDER_0004244,CUST_00945,29895.64,INR,2026-08-12 11:44:46.122833
ORDER_0004245,CUST_00912,60093.39,INR,2026-08-15 07:17:14.122833
ORDER_0004246,CUST_01410,8332.23,INR,2026-08-22 15:23:14.122833
ORDER_0004247,CUST_01165,69474.66,INR,2026-08-28 02:21:22.122833
ORDER_0004248,CUST_00046,94533.5,INR,2026-08-06 00:32:51.122833
ORDER_0004249,CUST_00600,267.01,INR,2026-08-11 04:52:20.122833
ORDER_0004250,CUST_00376,78754.76,INR,2026-06-23 19:07:09.122833
ORDER_0004251,CUST_00692,13756.1,INR,2026-07-22 12:37:44.122833
ORDER_0004252,CUST_01928,5816.6,INR,2026-07-19 16:23:59.122833
ORDER_0004253,CUST_00399,55214.36,INR,2026-07-11 08:37:23.122833
ORDER_0004254,CUST_01565,8215.39,INR,2026-08-12 20:51:45.122833
ORDER_0004255,CUST_01875,3929.08,INR,2026-06-16 19:52:21.122833
ORDER_0004256,CUST_01430,4216.73,INR,2026-07-03 21:33:29.122833
ORDER_0004257,CUST_01365,73820.73,INR,2026-08-02 14:53:42.122833
ORDER_0004258,CUST_00460,5526.52,INR,2026-07-24 18:42:42.122833
ORDER_0004259,CUST_01528,17828.7,INR,2026-06-08 20:21:27.122833
ORDER_0004260,CUST_00389,57390.7,INR,2026-08-27 17:58:34.122833
ORDER_0004261,CUST_00257,984.48,INR,2026-08-23 01:26:50.122833
ORDER_0004262,CUST_00245,2060.35,INR,2026-07-13 19:17:24.122833
ORDER_0004263,CUST_01910,3016.18,INR,2026-08-18 00:30:41.122833
ORDER_0004264,CUST_01738,7907.53,INR,2026-07-02 18:18:09.122833
ORDER_0004265,CUST_01581,49653.97,INR,2026-07-14 00:48:21.122833
ORDER_0004266,CUST_01654,313.82,INR,2026-07-27 12:35:54.122833
ORDER_0004267,CUST_01029,959.87,INR,2026-06-08 12:33:52.122833
ORDER_0004268,CUST_00188,851.56,INR,2026-06-10 22:26:11.122833
ORDER_0004269,CUST_00530,52786.0,INR,2026-06-17 16:05:08.122833
ORDER_0004270,CUST_01913,3527.04,INR,2026-08-15 07:43:08.122833
ORDER_0004271,CUST_00195,37477.87,INR,2026-07-30 20:56:15.122833
ORDER_0004272,CUST_01957,59796.75,INR,2026-08-02 14:42:41.122833
ORDER_0004273,CUST_00035,567.91,INR,2026-06-10 15:19:55.122833
ORDER_0004274,CUST_00963,8868.2,INR,2026-06-03 09:15:16.122833
ORDER_0004275,CUST_01186,814.27,INR,2026-06-09 14:06:44.122833
ORDER_0004276,CUST_00663,29725.62,INR,2026-06-26 02:17:26.122833
ORDER_0004277,CUST_01484,45921.87,INR,2026-07-19 18:45:28.122833
ORDER_0004278,CUST_01690,4113.29,INR,2026-08-27 02:39:49.122833
ORDER_0004279,CUST_00025,3205.44,INR,2026-06-06 13:40:31.122833
ORDER_0004280,CUST_00617,87021.29,INR,2026-08-21 16:02:39.122833
ORDER_0004281,CUST_00325,991.51,INR,2026-06-07 06:23:38.122833
ORDER_0004282,CUST_00853,45557.9,INR,2026-08-24 08:59:15.122833
ORDER_0004283,CUST_01341,15666.99,INR,2026-08-08 16:13:03.122833
ORDER_0004284,CUST_01097,5776.44,INR,2026-07-15 18:00:08.122833
ORDER_0004285,CUST_01416,23820.75,INR,2026-07-07 23:32:59.122833
ORDER_0004286,CUST_00981,2536.41,INR,2026-07-03 18:18:27.122833
ORDER_0004287,CUST_01387,68410.72,INR,2026-06-23 17:11:42.122833
ORDER_0004288,CUST_00840,8748.06,INR,2026-07-05 15:03:04.122833
ORDER_0004289,CUST_01797,887.28,INR,2026-07-10 02:27:22.122833
ORDER_0004290,CUST_00842,3338.39,INR,2026-07-11 04:59:28.122833
ORDER_0004291,CUST_00088,5607.99,INR,2026-06-02 20:15:16.122833
ORDER_0004292,CUST_01303,6485.59,INR,2026-08-22 04:43:18.122833
ORDER_0004293,CUST_00965,90433.95,INR,2026-07-27 21:26:16.122833
ORDER_0004294,CUST_00773,6464.35,INR,2026-07-08 23:20:57.122833
ORDER_0004295,CUST_01742,2378.59,INR,2026-07-01 14:56:04.122833
ORDER_0004296,CUST_00920,3761.37,INR,2026-06-22 14:23:58.122833
ORDER_0004297,CUST_00665,34803.34,INR,2026-06-19 20:46:08.122833
ORDER_0004298,CUST_01053,32008.35,INR,2026-07-05 06:06:11.122833
ORDER_0004299,CUST_00886,5282.82,INR,2026-07-06 15:06:01.122833
ORDER_0004300,CUST_01108,3873.15,INR,2026-06-04 10:02:12.122833
ORDER_0004301,CUST_01860,65148.14,INR,2026-08-18 16:01:58.122833
ORDER_0004302,CUST_00236,6747.82,INR,2026-07-24 17:46:00.122833
ORDER_0004303,CUST_01055,5433.66,INR,2026-08-19 08:08:17.122833
ORDER_0004304,CUST_01951,75333.16,INR,2026-06-28 09:19:51.122833
ORDER_0004305,CUST_00218,8727.36,INR,2026-08-08 23:20:49.122833
ORDER_0004306,CUST_01256,8786.16,INR,2026-07-30 05:53:04.122833
ORDER_0004307,CUST_00299,517.43,INR,2026-06-13 06:11:36.122833
ORDER_0004308,CUST_00101,3997.23,INR,2026-08-24 23:31:58.122833
ORDER_0004309,CUST_01233,305.84,INR,2026-08-05 23:45:41.122833
ORDER_0004310,CUST_01040,33617.35,INR,2026-07-19 13:35:57.122833
ORDER_0004311,CUST_00154,42875.42,INR,2026-07-05 07:05:14.122833
ORDER_0004312,CUST_01818,40834.79,INR,2026-08-12 14:15:05.122833
ORDER_0004313,CUST_01517,3781.19,INR,2026-08-26 14:30:43.122833
ORDER_0004314,CUST_00512,5208.34,INR,2026-06-17 07:43:54.122833
ORDER_0004315,CUST_00188,2301.11,INR,2026-07-06 12:48:03.122833
ORDER_0004316,CUST_00373,70673.6,INR,2026-08-17 21:18:35.122833
ORDER_0004317,CUST_00308,4096.09,INR,2026-08-22 11:04:45.122833
ORDER_0004318,CUST_01900,9351.69,INR,2026-07-11 16:08:44.122833
ORDER_0004319,CUST_01225,8086.73,INR,2026-08-02 13:52:24.122833
ORDER_0004320,CUST_01172,676.25,INR,2026-06-23 07:38:03.122833
ORDER_0004321,CUST_01598,6896.81,INR,2026-07-15 17:03:07.122833
ORDER_0004322,CUST_00646,1164.19,INR,2026-08-19 22:29:36.122833
ORDER_0004323,CUST_00346,633.61,INR,2026-06-27 07:21:31.122833
ORDER_0004324,CUST_01223,63088.05,INR,2026-08-20 04:18:15.122833
ORDER_0004325,CUST_02000,825.97,INR,2026-07-26 13:52:15.122833
ORDER_0004326,CUST_00708,414.37,INR,2026-07-22 21:51:42.122833
ORDER_0004327,CUST_00849,35506.1,INR,2026-08-16 00:37:59.122833
ORDER_0004328,CUST_00039,12285.85,INR,2026-08-21 15:55:41.122833
ORDER_0004329,CUST_00962,51410.56,INR,2026-08-07 09:45:49.122833
ORDER_0004330,CUST_00171,8617.45,INR,2026-08-14 09:18:11.122833
ORDER_0004331,CUST_01870,61550.07,INR,2026-06-28 18:50:07.122833
ORDER_0004332,CUST_01475,48922.85,INR,2026-06-19 21:21:47.122833
ORDER_0004333,CUST_00770,3813.41,INR,2026-08-29 08:31:25.122833
ORDER_0004334,CUST_00892,81831.39,INR,2026-08-20 06:47:07.122833
ORDER_0004335,CUST_01408,79358.54,INR,2026-07-13 18:52:12.122833
ORDER_0004336,CUST_00529,500.65,INR,2026-08-18 08:33:55.122833
ORDER_0004337,CUST_01710,43121.3,INR,2026-08-18 20:12:32.122833
ORDER_0004338,CUST_01923,5744.69,INR,2026-06-08 05:01:55.122833
ORDER_0004339,CUST_00220,2195.55,INR,2026-08-17 05:46:37.122833
ORDER_0004340,CUST_00915,176.84,INR,2026-08-14 17:38:16.122833
ORDER_0004341,CUST_01839,274.46,INR,2026-07-31 04:51:25.122833
ORDER_0004342,CUST_01941,24847.16,INR,2026-07-02 16:08:54.122833
ORDER_0004343,CUST_01448,46466.97,INR,2026-08-31 04:50:25.122833
ORDER_0004344,CUST_00296,79470.18,INR,2026-07-12 19:09:45.122833
ORDER_0004345,CUST_00666,15630.0,INR,2026-06-28 14:55:12.122833
ORDER_0004346,CUST_01452,73323.43,INR,2026-06-03 16:00:20.122833
ORDER_0004347,CUST_00477,697.77,INR,2026-08-19 17:12:05.122833
ORDER_0004348,CUST_01990,85913.28,INR,2026-08-20 14:33:39.122833
ORDER_0004349,CUST_01248,8419.26,INR,2026-06-20 05:13:53.122833
ORDER_0004350,CUST_01079,31355.61,INR,2026-07-18 07:35:03.122833
ORDER_0004351,CUST_00126,828.8,INR,2026-06-16 08:03:40.122833
ORDER_0004352,CUST_00802,8775.85,INR,2026-07-29 05:29:29.122833
ORDER_0004353,CUST_01756,193.32,INR,2026-08-18 22:57:32.122833
ORDER_0004354,CUST_00704,822.04,INR,2026-07-03 21:18:40.122833
ORDER_0004355,CUST_00693,880.06,INR,2026-07-29 10:52:01.122833
ORDER_0004356,CUST_01111,540.31,INR,2026-08-23 10:28:06.122833
ORDER_0004357,CUST_01729,6568.27,INR,2026-07-16 10:26:50.122833
ORDER_0004358,CUST_01792,6662.59,INR,2026-08-09 13:38:16.122833
ORDER_0004359,CUST_01027,4373.06,INR,2026-06-30 09:44:55.122833
ORDER_0004360,CUST_01217,18780.02,INR,2026-07-24 06:46:05.122833
ORDER_0004361,CUST_01760,699.16,INR,2026-06-23 08:37:22.122833
ORDER_0004362,CUST_01283,443.84,INR,2026-08-08 07:32:20.122833
ORDER_0004363,CUST_01480,59735.52,INR,2026-08-04 01:45:15.122833
ORDER_0004364,CUST_00988,29474.9,INR,2026-07-14 05:37:59.122833
ORDER_0004365,CUST_00283,8022.91,INR,2026-08-25 06:51:58.122833
ORDER_0004366,CUST_00643,546.99,INR,2026-06-18 16:44:09.122833
ORDER_0004367,CUST_01174,125.11,INR,2026-06-21 20:29:54.122833
ORDER_0004368,CUST_00669,318.64,INR,2026-06-13 09:41:38.122833
ORDER_0004369,CUST_01653,2520.86,INR,2026-06-03 16:58:13.122833
ORDER_0004370,CUST_00517,5573.42,INR,2026-08-30 22:25:58.122833
ORDER_0004371,CUST_01846,14158.89,INR,2026-06-03 14:59:16.122833
ORDER_0004372,CUST_01192,992.25,INR,2026-07-25 08:43:31.122833
ORDER_0004373,CUST_00349,22994.31,INR,2026-07-08 19:55:44.122833
ORDER_0004374,CUST_01262,102.33,INR,2026-08-03 09:32:14.122833
ORDER_0004375,CUST_00374,474.43,INR,2026-06-29 23:19:48.122833
ORDER_0004376,CUST_00366,591.04,INR,2026-08-05 08:45:04.122833
ORDER_0004377,CUST_01052,369.82,INR,2026-06-06 22:33:38.122833
ORDER_0004378,CUST_01676,8443.99,INR,2026-08-05 03:05:25.122833
ORDER_0004379,CUST_00570,4605.45,INR,2026-07-01 13:56:41.122833
ORDER_0004380,CUST_00444,6515.87,INR,2026-08-11 07:14:56.122833
ORDER_0004381,CUST_00735,915.59,INR,2026-07-10 03:54:56.122833
ORDER_0004382,CUST_00580,806.16,INR,2026-07-27 09:53:03.122833
ORDER_0004383,CUST_00446,747.39,INR,2026-07-01 13:36:43.122833
ORDER_0004384,CUST_00762,99824.41,INR,2026-07-30 11:34:18.122833
ORDER_0004385,CUST_00061,59708.02,INR,2026-08-25 10:10:38.122833
ORDER_0004386,CUST_00777,26904.54,INR,2026-06-16 09:43:05.122833
ORDER_0004387,CUST_00924,5180.92,INR,2026-06-19 14:29:50.122833
ORDER_0004388,CUST_00188,32194.26,INR,2026-06-26 18:30:09.122833
ORDER_0004389,CUST_01202,4581.76,INR,2026-06-19 06:51:22.122833
ORDER_0004390,CUST_00173,1031.03,INR,2026-07-28 01:47:32.122833
ORDER_0004391,CUST_01718,59536.27,INR,2026-07-16 19:44:46.122833
ORDER_0004392,CUST_01937,10941.81,INR,2026-06-25 02:44:33.122833
ORDER_0004393,CUST_01263,59071.27,INR,2026-08-21 22:42:36.122833
ORDER_0004394,CUST_00235,368.24,INR,2026-06-03 00:17:42.122833
ORDER_0004395,CUST_00042,5037.71,INR,2026-08-24 05:59:52.122833
ORDER_0004396,CUST_01080,3803.49,INR,2026-07-28 07:40:20.122833
ORDER_0004397,CUST_01948,295.9,INR,2026-08-26 15:46:59.122833
ORDER_0004398,CUST_00547,246.63,INR,2026-06-17 05:09:09.122833
ORDER_0004399,CUST_00449,3200.89,INR,2026-07-08 07:02:08.122833
ORDER_0004400,CUST_00479,73588.03,INR,2026-07-28 17:38:30.122833
ORDER_0004401,CUST_01043,82722.35,INR,2026-07-16 15:47:08.122833
ORDER_0004402,CUST_01216,9360.52,INR,2026-08-09 11:45:21.122833
ORDER_0004403,CUST_00916,1293.93,INR,2026-08-29 17:07:13.122833
ORDER_0004404,CUST_01602,6158.16,INR,2026-08-29 22:59:44.122833
ORDER_0004405,CUST_00631,4437.88,INR,2026-06-27 04:45:34.122833
ORDER_0004406,CUST_00638,67113.32,INR,2026-07-29 22:33:16.122833
ORDER_0004407,CUST_01449,3151.61,INR,2026-06-13 19:02:27.122833
ORDER_0004408,CUST_00067,5081.91,INR,2026-07-17 17:23:59.122833
ORDER_0004409,CUST_01229,4920.25,INR,2026-06-29 18:22:54.122833
ORDER_0004410,CUST_01208,95875.19,INR,2026-07-29 14:27:31.122833
ORDER_0004411,CUST_00574,819.13,INR,2026-08-23 10:08:04.122833
ORDER_0004412,CUST_01969,172.03,INR,2026-06-24 16:49:11.122833
ORDER_0004413,CUST_01579,81212.06,INR,2026-08-22 01:24:56.122833
ORDER_0004414,CUST_01702,5060.7,INR,2026-08-28 14:30:54.122833
ORDER_0004415,CUST_01143,982.02,INR,2026-07-01 22:31:45.122833
ORDER_0004416,CUST_01782,87290.67,INR,2026-07-02 01:30:08.122833
ORDER_0004417,CUST_00127,730.82,INR,2026-08-23 12:19:18.122833
ORDER_0004418,CUST_00515,205.36,INR,2026-08-24 18:01:40.122833
ORDER_0004419,CUST_01531,3605.59,INR,2026-07-30 07:18:14.122833
ORDER_0004420,CUST_01819,94536.75,INR,2026-08-11 07:42:12.122833
ORDER_0004421,CUST_01654,900.79,INR,2026-06-12 19:27:58.122833
ORDER_0004422,CUST_00043,5357.05,INR,2026-07-10 16:16:04.122833
ORDER_0004423,CUST_01580,36093.7,INR,2026-07-06 16:28:17.122833
ORDER_0004424,CUST_01182,5152.01,INR,2026-06-17 07:51:10.122833
ORDER_0004425,CUST_00671,28907.95,INR,2026-07-05 09:37:12.122833
ORDER_0004426,CUST_00297,341.53,INR,2026-07-28 21:47:34.122833
ORDER_0004427,CUST_01785,5567.24,INR,2026-07-23 21:41:00.122833
ORDER_0004428,CUST_00646,7674.79,INR,2026-07-09 09:23:47.122833
ORDER_0004429,CUST_00743,26379.67,INR,2026-08-11 07:01:36.122833
ORDER_0004430,CUST_00935,1609.11,INR,2026-08-17 12:03:44.122833
ORDER_0004431,CUST_00246,1303.93,INR,2026-08-27 08:15:28.122833
ORDER_0004432,CUST_01551,5105.94,INR,2026-06-06 13:37:21.122833
ORDER_0004433,CUST_01690,2846.09,INR,2026-06-16 14:38:35.122833
ORDER_0004434,CUST_00241,63033.36,INR,2026-08-20 00:54:04.122833
ORDER_0004435,CUST_00313,782.92,INR,2026-06-07 22:55:47.122833
ORDER_0004436,CUST_01024,951.72,INR,2026-06-15 05:19:29.122833
ORDER_0004437,CUST_01497,598.51,INR,2026-07-12 02:25:57.122833
ORDER_0004438,CUST_00136,9109.06,INR,2026-06-22 04:23:51.122833
ORDER_0004439,CUST_00541,247.57,INR,2026-06-07 15:16:02.122833
ORDER_0004440,CUST_00165,809.01,INR,2026-06-27 02:06:21.122833
ORDER_0004441,CUST_01991,46102.2,INR,2026-08-27 23:16:33.122833
ORDER_0004442,CUST_00905,95288.59,INR,2026-06-27 16:55:23.122833
ORDER_0004443,CUST_00551,10207.55,INR,2026-07-05 23:27:11.122833
ORDER_0004444,CUST_00357,2716.56,INR,2026-07-03 23:17:09.122833
ORDER_0004445,CUST_00609,18130.96,INR,2026-07-05 23:05:28.122833
ORDER_0004446,CUST_00239,7438.62,INR,2026-08-25 05:46:20.122833
ORDER_0004447,CUST_01119,89720.31,INR,2026-07-05 06:04:28.122833
ORDER_0004448,CUST_00415,358.54,INR,2026-06-12 22:50:22.122833
ORDER_0004449,CUST_00634,77809.91,INR,2026-08-17 15:35:32.122833
ORDER_0004450,CUST_01397,2500.47,INR,2026-08-29 10:02:08.122833
ORDER_0004451,CUST_01300,8219.45,INR,2026-07-12 10:11:35.122833
ORDER_0004452,CUST_01288,3724.15,INR,2026-08-19 08:09:52.122833
ORDER_0004453,CUST_00507,6014.18,INR,2026-07-26 01:28:07.122833
ORDER_0004454,CUST_01568,577.03,INR,2026-08-07 11:55:59.122833
ORDER_0004455,CUST_01879,262.38,INR,2026-06-18 23:39:34.122833
ORDER_0004456,CUST_00026,210.11,INR,2026-08-29 04:05:38.122833
ORDER_0004457,CUST_01228,6592.89,INR,2026-07-26 23:41:05.122833
ORDER_0004458,CUST_01969,28796.28,INR,2026-08-16 21:50:37.122833
ORDER_0004459,CUST_00036,82999.9,INR,2026-07-23 12:29:59.122833
ORDER_0004460,CUST_01410,2435.32,INR,2026-06-22 07:20:55.122833
ORDER_0004461,CUST_00049,843.73,INR,2026-08-19 19:28:08.122833
ORDER_0004462,CUST_01925,46782.26,INR,2026-08-20 23:07:27.122833
ORDER_0004463,CUST_01156,9241.42,INR,2026-07-01 18:23:13.122833
ORDER_0004464,CUST_01882,203.37,INR,2026-07-25 05:05:16.122833
ORDER_0004465,CUST_01076,1059.66,INR,2026-06-10 05:28:17.122833
ORDER_0004466,CUST_01192,2609.18,INR,2026-08-08 02:00:19.122833
ORDER_0004467,CUST_00376,171.36,INR,2026-08-12 12:50:18.122833
ORDER_0004468,CUST_01009,7769.3,INR,2026-07-07 15:12:41.122833
ORDER_0004469,CUST_00527,9524.04,INR,2026-07-24 00:57:06.122833
ORDER_0004470,CUST_01553,548.46,INR,2026-06-07 23:48:50.122833
ORDER_0004471,CUST_00140,3421.54,INR,2026-07-03 14:56:31.122833
ORDER_0004472,CUST_01280,685.21,INR,2026-07-11 23:50:22.122833
ORDER_0004473,CUST_01603,712.85,INR,2026-08-21 17:18:19.122833
ORDER_0004474,CUST_00941,8809.49,INR,2026-07-24 11:57:55.122833
ORDER_0004475,CUST_01747,917.69,INR,2026-06-22 04:16:26.122833
ORDER_0004476,CUST_00760,9708.36,INR,2026-06-16 08:41:11.122833
ORDER_0004477,CUST_00816,29455.06,INR,2026-08-10 06:18:05.122833
ORDER_0004478,CUST_01941,4836.2,INR,2026-07-05 04:18:23.122833
ORDER_0004479,CUST_01202,6349.77,INR,2026-07-19 17:29:26.122833
ORDER_0004480,CUST_01290,57837.25,INR,2026-08-09 22:05:32.122833
ORDER_0004481,CUST_01680,6708.41,INR,2026-06-06 21:33:20.122833
ORDER_0004482,CUST_01210,6089.47,INR,2026-08-06 13:58:07.122833
ORDER_0004483,CUST_00717,41535.78,INR,2026-06-15 06:54:28.122833
ORDER_0004484,CUST_00375,23926.37,INR,2026-08-11 14:06:53.122833
ORDER_0004485,CUST_01712,73452.88,INR,2026-07-16 06:51:18.122833
ORDER_0004486,CUST_00432,857.6,INR,2026-08-14 19:11:51.122833
ORDER_0004487,CUST_01329,528.96,INR,2026-07-05 23:10:34.122833
ORDER_0004488,CUST_00770,9441.18,INR,2026-08-20 07:05:33.122833
ORDER_0004489,CUST_00436,28991.13,INR,2026-08-04 07:28:39.122833
ORDER_0004490,CUST_00346,499.27,INR,2026-08-29 08:55:31.122833
ORDER_0004491,CUST_00341,4008.22,INR,2026-08-09 04:08:29.122833
ORDER_0004492,CUST_00460,873.29,INR,2026-07-01 15:08:50.122833
ORDER_0004493,CUST_01797,5209.7,INR,2026-06-17 23:34:59.122833
ORDER_0004494,CUST_01012,17175.56,INR,2026-06-25 16:19:35.122833
ORDER_0004495,CUST_00372,2600.36,INR,2026-08-12 05:50:08.122833
ORDER_0004496,CUST_00767,68118.77,INR,2026-08-18 05:48:31.122833
ORDER_0004497,CUST_00132,2546.66,INR,2026-06-21 04:03:16.122833
ORDER_0004498,CUST_01617,2777.98,INR,2026-08-02 01:12:41.122833
ORDER_0004499,CUST_00767,5670.03,INR,2026-07-07 17:39:36.122833
ORDER_0004500,CUST_01788,46549.05,INR,2026-08-24 06:17:34.122833
ORDER_0004501,CUST_01973,87989.41,INR,2026-06-06 18:35:12.122833
ORDER_0004502,CUST_01990,851.43,INR,2026-06-28 20:00:04.122833
ORDER_0004503,CUST_01465,935.29,INR,2026-07-01 01:07:51.122833
ORDER_0004504,CUST_01663,96490.79,INR,2026-06-05 13:36:02.122833
ORDER_0004505,CUST_00946,748.9,INR,2026-07-13 06:35:22.122833
ORDER_0004506,CUST_00861,729.1,INR,2026-06-30 13:24:56.122833
ORDER_0004507,CUST_01753,72507.05,INR,2026-08-22 12:04:10.122833
ORDER_0004508,CUST_00845,224.58,INR,2026-06-24 00:55:17.122833
ORDER_0004509,CUST_01586,471.33,INR,2026-08-11 07:02:07.122833
ORDER_0004510,CUST_01090,961.72,INR,2026-08-30 04:20:34.122833
ORDER_0004511,CUST_00790,190.23,INR,2026-08-10 14:31:09.122833
ORDER_0004512,CUST_01329,5141.03,INR,2026-07-02 18:26:21.122833
ORDER_0004513,CUST_00717,3327.62,INR,2026-07-13 11:36:30.122833
ORDER_0004514,CUST_00047,89092.18,INR,2026-06-08 23:37:56.122833
ORDER_0004515,CUST_00784,569.53,INR,2026-06-23 17:00:28.122833
ORDER_0004516,CUST_00870,6497.37,INR,2026-07-16 03:09:16.122833
ORDER_0004517,CUST_01393,61768.77,INR,2026-06-26 03:05:51.122833
ORDER_0004518,CUST_00959,9665.44,INR,2026-08-01 10:48:47.122833
ORDER_0004519,CUST_00286,4738.95,INR,2026-08-19 00:05:33.122833
ORDER_0004520,CUST_00090,32427.67,INR,2026-06-04 12:41:10.122833
ORDER_0004521,CUST_01779,810.68,INR,2026-08-13 14:46:35.122833
ORDER_0004522,CUST_01548,7557.35,INR,2026-06-03 15:03:33.122833
ORDER_0004523,CUST_00575,138.44,INR,2026-07-28 09:23:41.122833
ORDER_0004524,CUST_00358,9742.51,INR,2026-08-23 09:21:41.122833
ORDER_0004525,CUST_01646,1607.98,INR,2026-07-01 19:59:33.122833
ORDER_0004526,CUST_00196,32447.76,INR,2026-08-10 02:40:59.122833
ORDER_0004527,CUST_01370,94450.64,INR,2026-08-31 00:37:46.122833
ORDER_0004528,CUST_00157,21244.68,INR,2026-07-20 10:27:38.122833
ORDER_0004529,CUST_01172,77493.25,INR,2026-07-14 15:01:12.122833
ORDER_0004530,CUST_01615,87677.25,INR,2026-06-24 09:47:58.122833
ORDER_0004531,CUST_01901,30807.79,INR,2026-07-11 11:00:15.122833
ORDER_0004532,CUST_01359,86830.45,INR,2026-08-17 02:56:23.122833
ORDER_0004533,CUST_01394,81206.61,INR,2026-07-06 06:22:23.122833
ORDER_0004534,CUST_01269,5219.29,INR,2026-07-16 22:29:28.122833
ORDER_0004535,CUST_00774,278.32,INR,2026-08-28 04:43:40.122833
ORDER_0004536,CUST_01369,1177.24,INR,2026-07-05 15:31:25.122833
ORDER_0004537,CUST_00288,323.7,INR,2026-06-20 03:37:56.122833
ORDER_0004538,CUST_01575,987.18,INR,2026-06-17 09:46:42.122833
ORDER_0004539,CUST_00836,32814.83,INR,2026-07-27 22:41:36.122833
ORDER_0004540,CUST_01415,584.86,INR,2026-06-07 22:26:30.122833
ORDER_0004541,CUST_01575,317.55,INR,2026-07-11 09:52:32.122833
ORDER_0004542,CUST_00637,143.38,INR,2026-08-21 02:25:54.122833
ORDER_0004543,CUST_00198,7378.32,INR,2026-07-04 01:57:34.122833
ORDER_0004544,CUST_00673,5487.91,INR,2026-08-03 03:48:29.122833
ORDER_0004545,CUST_00747,23669.69,INR,2026-08-21 00:01:21.122833
ORDER_0004546,CUST_01390,3692.38,INR,2026-06-09 12:17:15.122833
ORDER_0004547,CUST_00214,6585.85,INR,2026-08-24 16:38:30.122833
ORDER_0004548,CUST_00124,178.84,INR,2026-07-19 19:33:31.122833
ORDER_0004549,CUST_01679,793.63,INR,2026-08-21 10:27:07.122833
ORDER_0004550,CUST_01386,979.53,INR,2026-07-06 12:17:04.122833
ORDER_0004551,CUST_01408,71972.51,INR,2026-06-27 06:03:38.122833
ORDER_0004552,CUST_00856,9766.96,INR,2026-06-13 06:51:30.122833
ORDER_0004553,CUST_01319,5474.91,INR,2026-07-20 18:32:32.122833
ORDER_0004554,CUST_01711,954.45,INR,2026-06-19 11:03:46.122833
ORDER_0004555,CUST_01458,6686.23,INR,2026-07-12 08:45:15.122833
ORDER_0004556,CUST_01533,48752.49,INR,2026-07-12 10:56:21.122833
ORDER_0004557,CUST_00640,70421.59,INR,2026-08-05 09:35:45.122833
ORDER_0004558,CUST_01174,9536.37,INR,2026-06-15 08:36:11.122833
ORDER_0004559,CUST_00314,108.33,INR,2026-07-02 22:55:02.122833
ORDER_0004560,CUST_00658,38295.31,INR,2026-08-05 15:10:55.122833
ORDER_0004561,CUST_01576,8278.08,INR,2026-07-30 10:19:17.122833
ORDER_0004562,CUST_01668,37546.47,INR,2026-06-23 13:08:58.122833
ORDER_0004563,CUST_01893,92161.35,INR,2026-06-06 16:18:30.122833
ORDER_0004564,CUST_01353,770.65,INR,2026-08-30 13:52:22.122833
ORDER_0004565,CUST_00182,356.08,INR,2026-08-12 17:37:54.122833
ORDER_0004566,CUST_00919,84795.22,INR,2026-07-21 05:23:54.122833
ORDER_0004567,CUST_00962,5841.52,INR,2026-08-19 04:44:56.122833
ORDER_0004568,CUST_01279,976.43,INR,2026-07-26 11:17:17.122833
ORDER_0004569,CUST_01430,55743.06,INR,2026-07-24 14:32:07.122833
ORDER_0004570,CUST_00807,1797.35,INR,2026-07-13 10:07:01.122833
ORDER_0004571,CUST_00556,937.87,INR,2026-08-05 18:13:46.122833
ORDER_0004572,CUST_00512,46023.38,INR,2026-07-24 16:02:27.122833
ORDER_0004573,CUST_00532,782.8,INR,2026-06-03 18:24:00.122833
ORDER_0004574,CUST_01313,531.25,INR,2026-08-11 21:24:45.122833
ORDER_0004575,CUST_00843,5985.78,INR,2026-07-16 00:56:56.122833
ORDER_0004576,CUST_00969,2738.4,INR,2026-06-30 01:08:42.122833
ORDER_0004577,CUST_00798,75443.66,INR,2026-08-17 10:23:11.122833
ORDER_0004578,CUST_01956,5801.21,INR,2026-07-31 04:59:43.122833
ORDER_0004579,CUST_01157,78421.15,INR,2026-08-02 15:36:00.122833
ORDER_0004580,CUST_00325,4341.06,INR,2026-06-30 04:15:44.122833
ORDER_0004581,CUST_00130,646.81,INR,2026-06-27 20:42:12.122833
ORDER_0004582,CUST_00451,3370.92,INR,2026-07-09 09:18:28.122833
ORDER_0004583,CUST_01256,574.17,INR,2026-08-25 21:52:37.122833
ORDER_0004584,CUST_01381,605.07,INR,2026-07-13 20:39:18.122833
ORDER_0004585,CUST_01522,41598.49,INR,2026-08-18 20:15:33.122833
ORDER_0004586,CUST_00983,428.9,INR,2026-08-31 12:24:00.122833
ORDER_0004587,CUST_00724,92449.45,INR,2026-07-15 05:03:55.122833
ORDER_0004588,CUST_01137,288.56,INR,2026-06-15 16:14:41.122833
ORDER_0004589,CUST_00424,8514.05,INR,2026-08-15 05:36:55.122833
ORDER_0004590,CUST_00515,3162.04,INR,2026-07-19 09:45:52.122833
ORDER_0004591,CUST_00289,1165.86,INR,2026-07-20 16:05:56.122833
ORDER_0004592,CUST_00082,718.76,INR,2026-08-23 02:53:21.122833
ORDER_0004593,CUST_01244,59275.53,INR,2026-06-17 12:30:33.122833
ORDER_0004594,CUST_01421,111.35,INR,2026-06-16 01:04:59.122833
ORDER_0004595,CUST_01194,9597.74,INR,2026-06-04 21:45:52.122833
ORDER_0004596,CUST_01568,692.37,INR,2026-07-21 20:24:52.122833
ORDER_0004597,CUST_01684,69922.72,INR,2026-08-30 18:23:52.122833
ORDER_0004598,CUST_00137,2879.03,INR,2026-08-02 20:55:41.122833
ORDER_0004599,CUST_01040,5683.86,INR,2026-07-09 06:01:07.122833
ORDER_0004600,CUST_01200,2931.0,INR,2026-06-26 17:56:56.122833
ORDER_0004601,CUST_00892,573.54,INR,2026-07-28 22:28:32.122833
ORDER_0004602,CUST_01157,3010.61,INR,2026-08-01 15:29:02.122833
ORDER_0004603,CUST_01770,54254.67,INR,2026-06-29 14:06:15.122833
ORDER_0004604,CUST_01018,60975.42,INR,2026-07-12 16:12:13.122833
ORDER_0004605,CUST_01768,382.68,INR,2026-07-22 07:22:31.122833
ORDER_0004606,CUST_00585,42330.37,INR,2026-07-31 09:35:51.122833
ORDER_0004607,CUST_00056,2410.86,INR,2026-08-17 03:12:38.122833
ORDER_0004608,CUST_00838,394.58,INR,2026-06-26 20:28:05.122833
ORDER_0004609,CUST_01583,133.62,INR,2026-07-08 17:50:26.122833
ORDER_0004610,CUST_01549,444.02,INR,2026-06-20 12:10:10.122833
ORDER_0004611,CUST_00301,56679.14,INR,2026-06-06 19:40:48.122833
ORDER_0004612,CUST_00396,56492.45,INR,2026-06-18 17:10:36.122833
ORDER_0004613,CUST_00822,5561.57,INR,2026-06-09 08:11:39.122833
ORDER_0004614,CUST_00958,471.54,INR,2026-08-24 02:32:38.122833
ORDER_0004615,CUST_01326,53901.7,INR,2026-07-01 03:13:52.122833
ORDER_0004616,CUST_00783,65279.02,INR,2026-07-26 15:58:29.122833
ORDER_0004617,CUST_01131,443.46,INR,2026-07-18 14:00:54.122833
ORDER_0004618,CUST_01074,3906.63,INR,2026-07-01 23:48:51.122833
ORDER_0004619,CUST_00897,1133.32,INR,2026-08-08 23:41:15.122833
ORDER_0004620,CUST_00405,3259.56,INR,2026-06-21 04:20:32.122833
ORDER_0004621,CUST_00728,3198.85,INR,2026-06-10 01:20:37.122833
ORDER_0004622,CUST_00577,370.18,INR,2026-08-30 06:44:25.122833
ORDER_0004623,CUST_00501,7259.05,INR,2026-08-02 21:23:48.122833
ORDER_0004624,CUST_01045,628.44,INR,2026-07-31 06:26:44.122833
ORDER_0004625,CUST_01368,7025.83,INR,2026-06-10 21:03:27.122833
ORDER_0004626,CUST_01569,122.06,INR,2026-08-26 09:26:06.122833
ORDER_0004627,CUST_01603,551.22,INR,2026-08-20 16:28:48.122833
ORDER_0004628,CUST_01826,8196.35,INR,2026-08-23 20:00:54.122833
ORDER_0004629,CUST_00233,953.21,INR,2026-08-27 20:27:55.122833
ORDER_0004630,CUST_00837,60417.9,INR,2026-08-17 01:03:07.122833
ORDER_0004631,CUST_00633,1570.51,INR,2026-06-10 05:15:51.122833
ORDER_0004632,CUST_00868,352.81,INR,2026-06-13 08:41:50.122833
ORDER_0004633,CUST_00497,949.48,INR,2026-07-02 21:29:42.122833
ORDER_0004634,CUST_00341,92946.68,INR,2026-08-09 22:30:14.122833
ORDER_0004635,CUST_01736,20425.98,INR,2026-08-06 12:07:15.122833
ORDER_0004636,CUST_00847,3806.37,INR,2026-07-12 19:13:08.122833
ORDER_0004637,CUST_01305,7703.56,INR,2026-07-16 14:28:46.122833
ORDER_0004638,CUST_01619,55299.57,INR,2026-06-23 05:56:43.122833
ORDER_0004639,CUST_01464,2781.39,INR,2026-08-15 16:06:52.122833
ORDER_0004640,CUST_00958,919.38,INR,2026-07-17 00:56:25.122833
ORDER_0004641,CUST_00626,395.31,INR,2026-07-16 18:34:38.122833
ORDER_0004642,CUST_00403,1245.89,INR,2026-06-28 09:04:55.122833
ORDER_0004643,CUST_01556,65209.32,INR,2026-07-16 06:25:20.122833
ORDER_0004644,CUST_01023,103.34,INR,2026-08-10 08:10:06.122833
ORDER_0004645,CUST_00666,7730.15,INR,2026-06-11 05:39:36.122833
ORDER_0004646,CUST_01453,267.24,INR,2026-06-03 00:24:02.122833
ORDER_0004647,CUST_00448,1152.29,INR,2026-07-06 15:18:19.122833
ORDER_0004648,CUST_01045,310.37,INR,2026-07-06 08:31:28.122833
ORDER_0004649,CUST_01891,31729.23,INR,2026-08-22 19:35:16.122833
ORDER_0004650,CUST_01446,1240.86,INR,2026-08-04 03:00:36.122833
ORDER_0004651,CUST_01980,4663.03,INR,2026-06-24 12:39:19.122833
ORDER_0004652,CUST_00239,456.55,INR,2026-06-29 20:54:23.122833
ORDER_0004653,CUST_00305,46000.51,INR,2026-07-01 18:08:46.122833
ORDER_0004654,CUST_01645,67201.99,INR,2026-08-20 20:30:05.122833
ORDER_0004655,CUST_00707,566.94,INR,2026-07-17 23:14:45.122833
ORDER_0004656,CUST_01755,110.91,INR,2026-06-05 01:26:30.122833
ORDER_0004657,CUST_00698,9292.18,INR,2026-06-02 23:31:09.122833
ORDER_0004658,CUST_01691,778.14,INR,2026-08-05 01:55:38.122833
ORDER_0004659,CUST_00533,532.42,INR,2026-08-20 03:20:33.122833
ORDER_0004660,CUST_00544,13327.5,INR,2026-06-12 14:59:09.122833
ORDER_0004661,CUST_01187,49811.48,INR,2026-08-09 21:36:06.122833
ORDER_0004662,CUST_01302,8489.33,INR,2026-08-01 09:57:08.122833
ORDER_0004663,CUST_01126,9297.22,INR,2026-06-10 23:03:52.122833
ORDER_0004664,CUST_00937,40076.88,INR,2026-07-13 15:43:57.122833
ORDER_0004665,CUST_01718,30996.42,INR,2026-07-22 23:40:56.122833
ORDER_0004666,CUST_01800,46644.14,INR,2026-08-31 11:12:37.122833
ORDER_0004667,CUST_00254,408.2,INR,2026-07-19 04:57:01.122833
ORDER_0004668,CUST_00798,798.54,INR,2026-07-07 13:40:31.122833
ORDER_0004669,CUST_00649,319.42,INR,2026-07-02 19:19:09.122833
ORDER_0004670,CUST_00161,8172.71,INR,2026-08-02 10:14:00.122833
ORDER_0004671,CUST_00434,74740.68,INR,2026-06-13 10:34:13.122833
ORDER_0004672,CUST_01171,6520.81,INR,2026-06-25 10:47:19.122833
ORDER_0004673,CUST_00507,5089.87,INR,2026-08-15 17:05:46.122833
ORDER_0004674,CUST_01103,9217.35,INR,2026-08-11 06:37:35.122833
ORDER_0004675,CUST_00222,27646.85,INR,2026-08-20 09:57:58.122833
ORDER_0004676,CUST_00663,4140.96,INR,2026-08-05 19:11:53.122833
ORDER_0004677,CUST_00190,87918.11,INR,2026-08-20 10:37:30.122833
ORDER_0004678,CUST_00111,18323.99,INR,2026-06-10 04:40:45.122833
ORDER_0004679,CUST_01025,991.93,INR,2026-08-18 09:36:01.122833
ORDER_0004680,CUST_01759,7885.96,INR,2026-07-15 08:22:51.122833
ORDER_0004681,CUST_01164,42876.22,INR,2026-08-03 20:11:54.122833
ORDER_0004682,CUST_00325,8854.42,INR,2026-07-31 14:00:01.122833
ORDER_0004683,CUST_01947,212.77,INR,2026-07-05 12:17:41.122833
ORDER_0004684,CUST_01671,62870.31,INR,2026-06-20 20:23:07.122833
ORDER_0004685,CUST_01234,4338.95,INR,2026-07-11 11:55:59.122833
ORDER_0004686,CUST_01804,6332.77,INR,2026-06-04 02:39:29.122833
ORDER_0004687,CUST_00873,97946.23,INR,2026-07-04 09:51:44.122833
ORDER_0004688,CUST_01427,88653.79,INR,2026-08-11 05:54:18.122833
ORDER_0004689,CUST_01086,313.6,INR,2026-08-11 22:06:10.122833
ORDER_0004690,CUST_01817,95838.82,INR,2026-06-17 06:01:23.122833
ORDER_0004691,CUST_00675,85037.59,INR,2026-06-07 21:57:56.122833
ORDER_0004692,CUST_01022,396.34,INR,2026-06-03 06:52:51.122833
ORDER_0004693,CUST_01759,143.12,INR,2026-08-06 09:06:19.122833
ORDER_0004694,CUST_00967,1498.44,INR,2026-06-09 18:19:48.122833
ORDER_0004695,CUST_00180,51370.58,INR,2026-06-27 15:22:08.122833
ORDER_0004696,CUST_01128,77228.66,INR,2026-07-22 12:42:02.122833
ORDER_0004697,CUST_00898,173.71,INR,2026-06-07 03:36:00.122833
ORDER_0004698,CUST_00795,705.33,INR,2026-07-24 03:20:54.122833
ORDER_0004699,CUST_01645,43792.12,INR,2026-08-02 05:32:24.122833
ORDER_0004700,CUST_00644,95510.06,INR,2026-08-21 04:54:48.122833
ORDER_0004701,CUST_01584,21507.1,INR,2026-06-23 18:27:39.122833
ORDER_0004702,CUST_01130,166.22,INR,2026-07-20 12:58:45.122833
ORDER_0004703,CUST_01570,51958.35,INR,2026-06-26 09:17:02.122833
ORDER_0004704,CUST_00988,4714.23,INR,2026-07-03 09:03:05.122833
ORDER_0004705,CUST_00475,752.18,INR,2026-08-16 13:29:17.122833
ORDER_0004706,CUST_01245,992.18,INR,2026-07-12 11:16:24.122833
ORDER_0004707,CUST_01670,1734.5,INR,2026-08-21 09:38:27.122833
ORDER_0004708,CUST_00158,15681.75,INR,2026-08-02 12:15:44.122833
ORDER_0004709,CUST_01025,977.27,INR,2026-07-12 17:47:46.122833
ORDER_0004710,CUST_01666,66501.22,INR,2026-06-25 18:39:34.122833
ORDER_0004711,CUST_00045,92175.48,INR,2026-07-29 23:37:21.122833
ORDER_0004712,CUST_01546,159.51,INR,2026-08-22 19:47:12.122833
ORDER_0004713,CUST_00994,319.44,INR,2026-08-10 19:48:53.122833
ORDER_0004714,CUST_00771,3053.04,INR,2026-06-16 04:22:59.122833
ORDER_0004715,CUST_01358,89696.01,INR,2026-08-19 18:14:48.122833
ORDER_0004716,CUST_01150,5087.93,INR,2026-08-27 19:42:09.122833
ORDER_0004717,CUST_00548,33403.31,INR,2026-07-27 17:07:58.122833
ORDER_0004718,CUST_01736,8740.68,INR,2026-06-20 13:28:01.122833
ORDER_0004719,CUST_01408,4730.27,INR,2026-08-07 23:43:13.122833
ORDER_0004720,CUST_00838,32348.13,INR,2026-08-02 17:53:26.122833
ORDER_0004721,CUST_01475,58791.57,INR,2026-06-13 13:35:37.122833
ORDER_0004722,CUST_01049,884.9,INR,2026-06-24 00:50:03.122833
ORDER_0004723,CUST_00468,64449.98,INR,2026-06-04 23:30:16.122833
ORDER_0004724,CUST_00330,5497.14,INR,2026-07-03 09:38:36.122833
ORDER_0004725,CUST_00260,69393.35,INR,2026-06-08 00:21:22.122833
ORDER_0004726,CUST_01088,793.83,INR,2026-08-17 07:53:36.122833
ORDER_0004727,CUST_00641,533.33,INR,2026-08-31 03:27:58.122833
ORDER_0004728,CUST_01609,23674.97,INR,2026-08-12 10:46:18.122833
ORDER_0004729,CUST_00544,339.8,INR,2026-06-13 21:11:59.122833
ORDER_0004730,CUST_00032,8976.92,INR,2026-08-11 23:22:41.122833
ORDER_0004731,CUST_00883,2311.79,INR,2026-06-09 15:12:33.122833
ORDER_0004732,CUST_01935,1060.42,INR,2026-08-05 11:22:07.122833
ORDER_0004733,CUST_00390,657.31,INR,2026-08-11 15:32:38.122833
ORDER_0004734,CUST_00539,61412.52,INR,2026-08-22 05:45:09.122833
ORDER_0004735,CUST_00736,5399.78,INR,2026-06-09 03:31:48.122833
ORDER_0004736,CUST_00097,23144.39,INR,2026-07-16 10:17:37.122833
ORDER_0004737,CUST_00500,15795.15,INR,2026-06-23 15:00:45.122833
ORDER_0004738,CUST_00004,988.88,INR,2026-08-10 13:54:44.122833
ORDER_0004739,CUST_00181,41963.17,INR,2026-07-17 13:16:16.122833
ORDER_0004740,CUST_01528,24428.14,INR,2026-06-30 21:59:24.122833
ORDER_0004741,CUST_00036,757.25,INR,2026-07-25 07:44:26.122833
ORDER_0004742,CUST_00793,32432.02,INR,2026-07-21 22:28:17.122833
ORDER_0004743,CUST_01469,6202.33,INR,2026-08-03 11:49:58.122833
ORDER_0004744,CUST_01434,602.76,INR,2026-08-19 05:02:03.122833
ORDER_0004745,CUST_00627,71465.67,INR,2026-07-23 13:09:12.122833
ORDER_0004746,CUST_00320,49723.91,INR,2026-07-14 00:47:08.122833
ORDER_0004747,CUST_01222,7862.47,INR,2026-06-17 02:21:57.122833
ORDER_0004748,CUST_00969,10592.51,INR,2026-07-16 05:03:04.122833
ORDER_0004749,CUST_01757,5953.72,INR,2026-06-27 04:47:34.122833
ORDER_0004750,CUST_00274,846.64,INR,2026-07-20 04:16:46.122833
ORDER_0004751,CUST_00031,89922.1,INR,2026-07-11 00:05:10.122833
ORDER_0004752,CUST_00056,2413.09,INR,2026-07-06 22:02:18.122833
ORDER_0004753,CUST_00389,7159.88,INR,2026-08-27 12:34:06.122833
ORDER_0004754,CUST_01703,65659.91,INR,2026-07-24 19:27:02.122833
ORDER_0004755,CUST_01900,791.73,INR,2026-06-22 19:01:09.122833
ORDER_0004756,CUST_00950,1115.78,INR,2026-06-15 16:05:58.122833
ORDER_0004757,CUST_00762,23818.67,INR,2026-07-23 22:54:02.122833
ORDER_0004758,CUST_00385,7348.5,INR,2026-08-07 21:24:38.122833
ORDER_0004759,CUST_01605,8373.47,INR,2026-07-04 17:24:13.122833
ORDER_0004760,CUST_01275,98254.98,INR,2026-06-16 08:11:25.122833
ORDER_0004761,CUST_01063,864.48,INR,2026-08-26 04:24:29.122833
ORDER_0004762,CUST_01739,4567.56,INR,2026-08-01 00:55:55.122833
ORDER_0004763,CUST_00023,6023.37,INR,2026-06-03 11:55:05.122833
ORDER_0004764,CUST_00416,8723.15,INR,2026-08-29 22:32:33.122833
ORDER_0004765,CUST_01286,9485.81,INR,2026-07-10 13:22:34.122833
ORDER_0004766,CUST_01502,12756.49,INR,2026-06-30 12:02:31.122833
ORDER_0004767,CUST_01014,361.13,INR,2026-07-04 13:27:04.122833
ORDER_0004768,CUST_00755,755.98,INR,2026-07-28 22:06:41.122833
ORDER_0004769,CUST_01485,950.83,INR,2026-07-29 12:39:21.122833
ORDER_0004770,CUST_00908,1863.03,INR,2026-08-21 00:42:50.122833
ORDER_0004771,CUST_00800,82544.83,INR,2026-07-28 05:53:27.122833
ORDER_0004772,CUST_00269,980.4,INR,2026-06-14 11:02:21.122833
ORDER_0004773,CUST_01904,396.91,INR,2026-08-09 09:07:39.122833
ORDER_0004774,CUST_00365,69459.3,INR,2026-06-07 06:11:57.122833
ORDER_0004775,CUST_00569,8537.08,INR,2026-08-04 12:07:53.122833
ORDER_0004776,CUST_00011,3737.45,INR,2026-08-13 11:05:09.122833
ORDER_0004777,CUST_00649,7294.93,INR,2026-07-11 21:07:55.122833
ORDER_0004778,CUST_01981,256.92,INR,2026-07-30 10:42:46.122833
ORDER_0004779,CUST_00547,7944.29,INR,2026-08-16 23:15:34.122833
ORDER_0004780,CUST_01829,3921.61,INR,2026-08-22 15:38:44.122833
ORDER_0004781,CUST_01039,58896.81,INR,2026-06-19 19:11:48.122833
ORDER_0004782,CUST_00867,2989.44,INR,2026-07-24 04:54:21.122833
ORDER_0004783,CUST_01791,9724.33,INR,2026-08-19 11:57:22.122833
ORDER_0004784,CUST_00202,55674.89,INR,2026-08-15 07:30:15.122833
ORDER_0004785,CUST_00221,633.71,INR,2026-08-19 04:48:18.122833
ORDER_0004786,CUST_00212,899.96,INR,2026-06-19 21:20:47.122833
ORDER_0004787,CUST_01821,43117.86,INR,2026-07-04 11:46:15.122833
ORDER_0004788,CUST_01083,7913.51,INR,2026-07-30 11:44:41.122833
ORDER_0004789,CUST_00269,1406.76,INR,2026-07-27 07:29:12.122833
ORDER_0004790,CUST_00136,54633.28,INR,2026-08-24 09:02:33.122833
ORDER_0004791,CUST_00832,80672.9,INR,2026-08-19 00:37:48.122833
ORDER_0004792,CUST_00627,1164.89,INR,2026-07-18 00:16:06.122833
ORDER_0004793,CUST_00329,2285.16,INR,2026-08-16 01:43:50.122833
ORDER_0004794,CUST_01237,881.18,INR,2026-07-25 22:46:28.122833
ORDER_0004795,CUST_01307,42098.05,INR,2026-07-27 23:35:11.122833
ORDER_0004796,CUST_00994,518.28,INR,2026-08-26 20:42:22.122833
ORDER_0004797,CUST_00707,413.77,INR,2026-08-16 23:56:42.122833
ORDER_0004798,CUST_00730,4410.24,INR,2026-06-08 12:00:38.122833
ORDER_0004799,CUST_01041,5626.16,INR,2026-08-07 16:38:51.122833
ORDER_0004800,CUST_00302,55682.86,INR,2026-08-27 19:50:21.122833
ORDER_0004801,CUST_00328,30455.32,INR,2026-08-30 23:42:31.122833
ORDER_0004802,CUST_00628,546.26,INR,2026-08-14 04:38:04.122833
ORDER_0004803,CUST_00695,64386.82,INR,2026-07-19 02:53:55.122833
ORDER_0004804,CUST_01058,8742.7,INR,2026-06-12 19:20:28.122833
ORDER_0004805,CUST_01193,670.06,INR,2026-08-30 04:19:48.122833
ORDER_0004806,CUST_01242,29011.93,INR,2026-07-19 18:14:39.122833
ORDER_0004807,CUST_00230,773.35,INR,2026-07-22 10:35:22.122833
ORDER_0004808,CUST_01250,94904.64,INR,2026-07-22 07:38:54.122833
ORDER_0004809,CUST_01226,6867.65,INR,2026-08-16 22:26:29.122833
ORDER_0004810,CUST_01718,311.37,INR,2026-06-07 13:33:06.122833
ORDER_0004811,CUST_00703,740.59,INR,2026-07-18 06:09:33.122833
ORDER_0004812,CUST_00388,65392.89,INR,2026-08-24 02:12:00.122833
ORDER_0004813,CUST_00541,7551.99,INR,2026-07-02 22:51:08.122833
ORDER_0004814,CUST_01646,9105.9,INR,2026-06-29 12:03:48.122833
ORDER_0004815,CUST_01790,50670.95,INR,2026-08-29 12:37:40.122833
ORDER_0004816,CUST_01358,22189.4,INR,2026-08-16 11:21:21.122833
ORDER_0004817,CUST_01176,3563.28,INR,2026-08-22 05:12:28.122833
ORDER_0004818,CUST_01336,419.19,INR,2026-08-19 07:16:25.122833
ORDER_0004819,CUST_01940,62176.52,INR,2026-06-22 22:03:51.122833
ORDER_0004820,CUST_01137,95932.43,INR,2026-08-10 14:16:20.122833
ORDER_0004821,CUST_01828,51585.51,INR,2026-08-09 22:54:11.122833
ORDER_0004822,CUST_01670,9695.14,INR,2026-07-16 07:57:53.122833
ORDER_0004823,CUST_01200,3006.71,INR,2026-07-13 01:12:20.122833
ORDER_0004824,CUST_00618,8176.31,INR,2026-07-23 16:36:38.122833
ORDER_0004825,CUST_01272,99188.43,INR,2026-06-06 09:06:32.122833
ORDER_0004826,CUST_00951,9597.21,INR,2026-08-04 21:59:43.122833
ORDER_0004827,CUST_01936,8257.33,INR,2026-07-10 06:18:21.122833
ORDER_0004828,CUST_00136,184.53,INR,2026-07-03 07:24:14.122833
ORDER_0004829,CUST_01292,10235.26,INR,2026-07-24 12:04:35.122833
ORDER_0004830,CUST_01596,296.12,INR,2026-08-11 01:35:33.122833
ORDER_0004831,CUST_00185,740.44,INR,2026-07-12 06:56:17.122833
ORDER_0004832,CUST_00395,21690.63,INR,2026-07-04 22:22:56.122833
ORDER_0004833,CUST_00937,713.91,INR,2026-08-15 20:53:44.122833
ORDER_0004834,CUST_01704,2244.2,INR,2026-07-03 04:30:36.122833
ORDER_0004835,CUST_00157,38220.58,INR,2026-08-10 14:57:49.122833
ORDER_0004836,CUST_01641,397.91,INR,2026-06-28 01:59:29.122833
ORDER_0004837,CUST_00105,634.81,INR,2026-06-26 10:48:37.122833
ORDER_0004838,CUST_00135,36281.73,INR,2026-07-04 14:42:46.122833
ORDER_0004839,CUST_00752,6266.44,INR,2026-07-08 08:12:12.122833
ORDER_0004840,CUST_01904,410.21,INR,2026-06-06 03:59:36.122833
ORDER_0004841,CUST_00467,136.86,INR,2026-07-13 04:36:01.122833
ORDER_0004842,CUST_00129,3389.22,INR,2026-07-27 07:38:59.122833
ORDER_0004843,CUST_00088,346.69,INR,2026-06-13 01:29:43.122833
ORDER_0004844,CUST_00802,595.91,INR,2026-08-03 05:42:48.122833
ORDER_0004845,CUST_00408,232.73,INR,2026-08-23 10:05:19.122833
ORDER_0004846,CUST_00466,476.63,INR,2026-08-29 13:47:34.122833
ORDER_0004847,CUST_01216,91571.66,INR,2026-08-04 14:53:40.122833
ORDER_0004848,CUST_00247,7390.76,INR,2026-07-01 08:11:13.122833
ORDER_0004849,CUST_00328,41743.1,INR,2026-06-03 00:32:59.122833
ORDER_0004850,CUST_00460,4338.81,INR,2026-07-28 23:20:09.122833
ORDER_0004851,CUST_01371,46710.09,INR,2026-07-04 21:54:55.122833
ORDER_0004852,CUST_00020,53855.97,INR,2026-07-31 09:46:59.122833
ORDER_0004853,CUST_00594,821.81,INR,2026-08-04 08:02:26.122833
ORDER_0004854,CUST_00605,98754.76,INR,2026-08-11 19:29:03.122833
ORDER_0004855,CUST_00364,640.55,INR,2026-06-05 10:28:46.122833
ORDER_0004856,CUST_01087,7248.53,INR,2026-07-27 12:13:37.122833
ORDER_0004857,CUST_00520,439.33,INR,2026-07-13 18:33:48.122833
ORDER_0004858,CUST_01974,26536.75,INR,2026-06-20 10:33:36.122833
ORDER_0004859,CUST_00588,6078.1,INR,2026-08-07 06:48:16.122833
ORDER_0004860,CUST_00716,121.03,INR,2026-07-14 12:13:09.122833
ORDER_0004861,CUST_01012,12138.13,INR,2026-06-09 02:48:02.122833
ORDER_0004862,CUST_01937,960.57,INR,2026-06-22 17:11:26.122833
ORDER_0004863,CUST_01509,625.62,INR,2026-07-16 23:28:30.122833
ORDER_0004864,CUST_00553,492.78,INR,2026-07-09 17:24:14.122833
ORDER_0004865,CUST_00494,68414.81,INR,2026-06-25 16:10:39.122833
ORDER_0004866,CUST_00299,62934.96,INR,2026-08-24 15:03:04.122833
ORDER_0004867,CUST_00589,7665.69,INR,2026-08-17 15:20:42.122833
ORDER_0004868,CUST_00864,2320.35,INR,2026-06-24 09:05:40.122833
ORDER_0004869,CUST_01520,1765.36,INR,2026-06-06 16:31:12.122833
ORDER_0004870,CUST_01881,879.3,INR,2026-07-22 04:51:58.122833
ORDER_0004871,CUST_01480,309.86,INR,2026-07-16 16:19:52.122833
ORDER_0004872,CUST_01650,3840.01,INR,2026-07-20 06:28:02.122833
ORDER_0004873,CUST_01209,761.8,INR,2026-08-28 01:45:45.122833
ORDER_0004874,CUST_01260,592.75,INR,2026-06-18 00:20:51.122833
ORDER_0004875,CUST_00610,72433.15,INR,2026-06-05 02:27:52.122833
ORDER_0004876,CUST_01867,25066.99,INR,2026-07-26 07:53:41.122833
ORDER_0004877,CUST_01234,3620.23,INR,2026-07-08 02:26:55.122833
ORDER_0004878,CUST_01713,3916.4,INR,2026-07-20 06:38:23.122833
ORDER_0004879,CUST_00007,47526.04,INR,2026-08-21 09:34:00.122833
ORDER_0004880,CUST_01324,4839.28,INR,2026-07-15 07:32:50.122833
ORDER_0004881,CUST_00730,6648.64,INR,2026-06-19 18:32:03.122833
ORDER_0004882,CUST_01496,59510.11,INR,2026-06-26 22:19:28.122833
ORDER_0004883,CUST_01610,522.35,INR,2026-07-15 11:10:41.122833
ORDER_0004884,CUST_01213,7271.9,INR,2026-07-03 11:32:44.122833
ORDER_0004885,CUST_01051,5123.33,INR,2026-06-10 23:42:57.122833
ORDER_0004886,CUST_01410,6533.4,INR,2026-08-31 01:06:07.122833
ORDER_0004887,CUST_00923,237.84,INR,2026-08-18 20:09:59.122833
ORDER_0004888,CUST_00181,5613.85,INR,2026-08-08 07:13:52.122833
ORDER_0004889,CUST_01723,7366.99,INR,2026-06-14 04:52:52.122833
ORDER_0004890,CUST_00447,1011.79,INR,2026-06-09 20:02:11.122833
ORDER_0004891,CUST_01915,9473.56,INR,2026-08-12 08:12:33.122833
ORDER_0004892,CUST_00225,745.51,INR,2026-06-09 19:25:40.122833
ORDER_0004893,CUST_00355,9673.26,INR,2026-07-18 10:05:16.122833
ORDER_0004894,CUST_01270,972.47,INR,2026-06-16 14:42:48.122833
ORDER_0004895,CUST_01638,519.59,INR,2026-08-15 11:33:07.122833
ORDER_0004896,CUST_01237,3362.58,INR,2026-06-25 17:27:47.122833
ORDER_0004897,CUST_01083,7050.26,INR,2026-08-18 11:24:00.122833
ORDER_0004898,CUST_00791,17703.99,INR,2026-07-26 14:47:36.122833
ORDER_0004899,CUST_01150,712.82,INR,2026-08-09 19:11:41.122833
ORDER_0004900,CUST_01341,56299.28,INR,2026-08-08 02:53:29.122833
ORDER_0004901,CUST_00238,460.35,INR,2026-06-06 10:11:44.122833
ORDER_0004902,CUST_00638,531.58,INR,2026-07-18 08:33:47.122833
ORDER_0004903,CUST_01576,1523.94,INR,2026-07-25 19:13:53.122833
ORDER_0004904,CUST_00309,7588.09,INR,2026-08-09 12:03:24.122833
ORDER_0004905,CUST_01911,47105.55,INR,2026-06-07 19:30:53.122833
ORDER_0004906,CUST_01896,13148.9,INR,2026-08-31 10:07:46.122833
ORDER_0004907,CUST_01166,100.45,INR,2026-07-20 18:58:20.122833
ORDER_0004908,CUST_01354,599.74,INR,2026-07-08 17:42:34.122833
ORDER_0004909,CUST_01464,4132.14,INR,2026-06-18 11:16:58.122833
ORDER_0004910,CUST_00326,30667.92,INR,2026-08-01 13:52:53.122833
ORDER_0004911,CUST_01805,258.06,INR,2026-08-01 19:18:42.122833
ORDER_0004912,CUST_00428,91402.04,INR,2026-07-18 13:23:56.122833
ORDER_0004913,CUST_01773,72353.69,INR,2026-08-25 02:31:57.122833
ORDER_0004914,CUST_01706,6760.03,INR,2026-07-03 19:01:38.122833
ORDER_0004915,CUST_00668,7736.24,INR,2026-06-27 07:10:16.122833
ORDER_0004916,CUST_00498,23621.31,INR,2026-08-07 10:41:18.122833
ORDER_0004917,CUST_01647,33212.36,INR,2026-06-18 16:37:18.122833
ORDER_0004918,CUST_00451,1750.43,INR,2026-08-17 04:32:30.122833
ORDER_0004919,CUST_01134,13541.44,INR,2026-08-24 04:50:35.122833
ORDER_0004920,CUST_00085,429.75,INR,2026-07-17 02:56:50.122833
ORDER_0004921,CUST_01988,9849.69,INR,2026-08-18 05:50:03.122833
ORDER_0004922,CUST_01933,76740.27,INR,2026-07-31 14:55:56.122833
ORDER_0004923,CUST_01347,5802.16,INR,2026-08-16 01:53:22.122833
ORDER_0004924,CUST_00495,8537.34,INR,2026-08-16 01:11:20.122833
ORDER_0004925,CUST_01682,37106.08,INR,2026-06-07 02:32:46.122833
ORDER_0004926,CUST_00905,5688.68,INR,2026-07-22 17:13:26.122833
ORDER_0004927,CUST_01030,558.23,INR,2026-07-22 15:35:08.122833
ORDER_0004928,CUST_01114,81726.74,INR,2026-07-11 12:13:16.122833
ORDER_0004929,CUST_00315,7610.24,INR,2026-06-27 09:42:13.122833
ORDER_0004930,CUST_00018,65548.24,INR,2026-07-15 00:01:07.122833
ORDER_0004931,CUST_01393,3325.93,INR,2026-06-16 17:04:16.122833
ORDER_0004932,CUST_01578,976.61,INR,2026-06-11 09:18:46.122833
ORDER_0004933,CUST_01244,1510.78,INR,2026-08-19 08:05:10.122833
ORDER_0004934,CUST_01141,1637.38,INR,2026-08-07 08:53:11.122833
ORDER_0004935,CUST_01783,59851.27,INR,2026-07-03 19:31:49.122833
ORDER_0004936,CUST_00554,8366.56,INR,2026-08-21 20:50:18.122833
ORDER_0004937,CUST_00161,619.19,INR,2026-08-21 02:09:13.122833
ORDER_0004938,CUST_00307,7508.92,INR,2026-08-08 21:35:28.122833
ORDER_0004939,CUST_01027,943.29,INR,2026-08-27 11:58:51.122833
ORDER_0004940,CUST_00787,240.58,INR,2026-07-06 04:59:18.122833
ORDER_0004941,CUST_00636,654.58,INR,2026-06-03 10:31:30.122833
ORDER_0004942,CUST_01378,401.45,INR,2026-08-21 11:14:43.122833
ORDER_0004943,CUST_00159,93450.72,INR,2026-08-25 12:42:35.122833
ORDER_0004944,CUST_01804,6487.82,INR,2026-07-18 06:39:48.122833
ORDER_0004945,CUST_00507,3298.46,INR,2026-07-15 23:36:56.122833
ORDER_0004946,CUST_01838,374.54,INR,2026-07-16 20:08:46.122833
ORDER_0004947,CUST_01883,5336.01,INR,2026-08-07 19:59:22.122833
ORDER_0004948,CUST_01261,8149.62,INR,2026-07-14 07:49:29.122833
ORDER_0004949,CUST_01466,170.67,INR,2026-08-20 02:42:26.122833
ORDER_0004950,CUST_00422,344.28,INR,2026-07-13 17:56:40.122833
ORDER_0004951,CUST_01678,48507.18,INR,2026-07-22 22:29:14.122833
ORDER_0004952,CUST_00066,99383.57,INR,2026-07-17 08:37:44.122833
ORDER_0004953,CUST_01810,35090.26,INR,2026-06-27 15:30:26.122833
ORDER_0004954,CUST_01153,895.13,INR,2026-06-29 13:18:03.122833
ORDER_0004955,CUST_00053,103.84,INR,2026-08-11 16:50:54.122833
ORDER_0004956,CUST_00706,9920.12,INR,2026-08-28 01:25:45.122833
ORDER_0004957,CUST_00924,7221.3,INR,2026-06-20 06:26:38.122833
ORDER_0004958,CUST_01215,99194.17,INR,2026-07-29 01:11:14.122833
ORDER_0004959,CUST_00559,32427.62,INR,2026-06-05 05:46:52.122833
ORDER_0004960,CUST_01699,85734.02,INR,2026-06-30 09:35:30.122833
ORDER_0004961,CUST_00221,31816.1,INR,2026-08-18 03:17:32.122833
ORDER_0004962,CUST_00072,702.17,INR,2026-07-07 13:33:17.122833
ORDER_0004963,CUST_01673,468.63,INR,2026-08-09 16:21:01.122833
ORDER_0004964,CUST_01889,8810.3,INR,2026-06-05 08:07:43.122833
ORDER_0004965,CUST_01463,691.51,INR,2026-08-25 17:11:50.122833
ORDER_0004966,CUST_01088,384.47,INR,2026-08-10 04:45:09.122833
ORDER_0004967,CUST_00091,217.48,INR,2026-06-07 17:31:54.122833
ORDER_0004968,CUST_01852,70766.85,INR,2026-08-11 01:32:17.122833
ORDER_0004969,CUST_00911,58320.61,INR,2026-08-04 13:56:44.122833
ORDER_0004970,CUST_00583,3684.26,INR,2026-07-13 05:14:13.122833
ORDER_0004971,CUST_00579,269.25,INR,2026-08-02 07:59:10.122833
ORDER_0004972,CUST_01099,11290.26,INR,2026-08-23 21:02:00.122833
ORDER_0004973,CUST_00343,267.41,INR,2026-08-29 13:53:43.122833
ORDER_0004974,CUST_01386,1698.17,INR,2026-07-06 06:16:24.122833
ORDER_0004975,CUST_01382,5595.91,INR,2026-06-25 02:08:27.122833
ORDER_0004976,CUST_01673,418.28,INR,2026-07-23 08:46:33.122833
ORDER_0004977,CUST_01452,86906.3,INR,2026-07-23 07:18:12.122833
ORDER_0004978,CUST_00252,94432.75,INR,2026-07-23 09:46:08.122833
ORDER_0004979,CUST_01307,4431.03,INR,2026-08-22 14:08:51.122833
ORDER_0004980,CUST_00021,63039.88,INR,2026-07-31 09:47:46.122833
ORDER_0004981,CUST_00148,573.37,INR,2026-08-08 20:25:26.122833
ORDER_0004982,CUST_01099,856.63,INR,2026-07-04 11:26:56.122833
ORDER_0004983,CUST_00419,70286.4,INR,2026-06-18 20:48:43.122833
ORDER_0004984,CUST_01564,5863.55,INR,2026-06-11 10:48:29.122833
ORDER_0004985,CUST_01496,25082.83,INR,2026-06-18 01:39:31.122833
ORDER_0004986,CUST_01342,2871.87,INR,2026-07-23 08:56:11.122833
ORDER_0004987,CUST_00047,80888.32,INR,2026-07-19 06:04:52.122833
ORDER_0004988,CUST_00735,95026.7,INR,2026-08-06 00:12:14.122833
ORDER_0004989,CUST_00435,2675.37,INR,2026-08-13 07:50:57.122833
ORDER_0004990,CUST_01214,440.85,INR,2026-07-21 17:00:30.122833
ORDER_0004991,CUST_00803,5348.05,INR,2026-07-15 02:07:12.122833
ORDER_0004992,CUST_00791,972.95,INR,2026-08-06 05:52:47.122833
ORDER_0004993,CUST_00831,33936.38,INR,2026-07-06 06:50:13.122833
ORDER_0004994,CUST_01686,98076.61,INR,2026-08-09 23:20:46.122833
ORDER_0004995,CUST_01701,431.45,INR,2026-06-21 07:48:09.122833
ORDER_0004996,CUST_00133,2161.59,INR,2026-07-21 02:45:48.122833
ORDER_0004997,CUST_01954,7903.93,INR,2026-06-23 06:36:37.122833
ORDER_0004998,CUST_01668,405.69,INR,2026-06-08 12:15:42.122833
ORDER_0004999,CUST_00781,29856.37,INR,2026-08-06 13:41:59.122833
ORDER_0005000,CUST_01477,2531.94,INR,2026-08-31 04:36:00.122833
ORDER_0005001,CUST_01329,3809.55,INR,2026-06-06 15:40:11.122833
ORDER_0005002,CUST_01363,9738.63,INR,2026-06-30 18:56:16.122833
ORDER_0005003,CUST_01129,75380.07,INR,2026-08-08 00:02:40.122833
ORDER_0005004,CUST_01370,6209.63,INR,2026-08-04 15:12:04.122833
ORDER_0005005,CUST_00293,47401.21,INR,2026-07-24 18:41:01.122833
ORDER_0005006,CUST_00600,1622.35,INR,2026-08-03 12:09:16.122833
ORDER_0005007,CUST_00436,3569.4,INR,2026-06-25 04:56:12.122833
ORDER_0005008,CUST_00487,8572.68,INR,2026-07-09 12:05:37.122833
ORDER_0005009,CUST_00580,96881.34,INR,2026-08-06 18:22:53.122833
ORDER_0005010,CUST_00190,3381.01,INR,2026-08-14 00:55:44.122833
ORDER_0005011,CUST_01447,305.44,INR,2026-08-08 13:40:37.122833
ORDER_0005012,CUST_00560,39726.5,INR,2026-07-17 18:27:50.122833
ORDER_0005013,CUST_01070,4939.33,INR,2026-08-28 02:56:09.122833
ORDER_0005014,CUST_01689,7096.51,INR,2026-07-29 04:06:58.122833
ORDER_0005015,CUST_01080,856.27,INR,2026-07-13 13:06:13.122833
ORDER_0005016,CUST_01661,12162.65,INR,2026-07-30 07:58:33.122833
ORDER_0005017,CUST_01074,21589.62,INR,2026-06-07 04:20:42.122833
ORDER_0005018,CUST_00478,302.85,INR,2026-08-08 23:03:25.122833
ORDER_0005019,CUST_00786,205.6,INR,2026-08-25 18:57:33.122833
ORDER_0005020,CUST_01624,2294.03,INR,2026-07-13 19:03:05.122833
ORDER_0005021,CUST_00624,90198.33,INR,2026-08-16 20:23:13.122833
ORDER_0005022,CUST_00464,998.39,INR,2026-07-08 03:08:56.122833
ORDER_0005023,CUST_01459,836.75,INR,2026-07-04 06:10:48.122833
ORDER_0005024,CUST_00730,1190.58,INR,2026-07-20 06:28:57.122833
ORDER_0005025,CUST_01806,7902.52,INR,2026-08-31 12:06:22.122833
ORDER_0005026,CUST_00752,6473.38,INR,2026-07-17 12:29:13.122833
ORDER_0005027,CUST_00459,6232.29,INR,2026-07-20 14:57:12.122833
ORDER_0005028,CUST_00636,4089.34,INR,2026-06-05 01:35:35.122833
ORDER_0005029,CUST_01852,68368.45,INR,2026-08-02 16:29:32.122833
ORDER_0005030,CUST_00340,6068.31,INR,2026-06-13 17:42:42.122833
ORDER_0005031,CUST_01544,4280.95,INR,2026-08-28 17:51:20.122833
ORDER_0005032,CUST_00882,166.88,INR,2026-08-08 13:25:58.122833
ORDER_0005033,CUST_00041,7651.62,INR,2026-06-16 12:32:21.122833
ORDER_0005034,CUST_01320,50781.79,INR,2026-08-16 17:04:36.122833
ORDER_0005035,CUST_00768,576.63,INR,2026-07-10 21:17:04.122833
ORDER_0005036,CUST_00166,16039.1,INR,2026-08-10 12:14:19.122833
ORDER_0005037,CUST_01135,3694.32,INR,2026-07-01 06:41:16.122833
ORDER_0005038,CUST_00693,739.48,INR,2026-06-06 12:24:38.122833
ORDER_0005039,CUST_00475,6983.3,INR,2026-08-15 21:01:25.122833
ORDER_0005040,CUST_00955,28223.31,INR,2026-08-12 12:54:18.122833
ORDER_0005041,CUST_01325,797.15,INR,2026-08-21 11:00:30.122833
ORDER_0005042,CUST_00171,31777.51,INR,2026-06-11 11:43:10.122833
ORDER_0005043,CUST_00126,7640.44,INR,2026-06-03 12:45:01.122833
ORDER_0005044,CUST_01546,2555.85,INR,2026-06-25 06:34:45.122833
ORDER_0005045,CUST_01901,80738.82,INR,2026-06-26 22:06:20.122833
ORDER_0005046,CUST_00638,17969.24,INR,2026-08-29 02:15:43.122833
ORDER_0005047,CUST_00063,7465.87,INR,2026-07-19 00:38:25.122833
ORDER_0005048,CUST_01271,614.51,INR,2026-06-30 00:12:07.122833
ORDER_0005049,CUST_01805,932.57,INR,2026-06-15 19:57:22.122833
ORDER_0005050,CUST_01984,6898.67,INR,2026-07-01 23:12:35.122833
ORDER_0005051,CUST_01218,465.97,INR,2026-08-17 11:55:26.122833
ORDER_0005052,CUST_00185,76691.3,INR,2026-06-25 05:48:52.122833
ORDER_0005053,CUST_01439,335.79,INR,2026-06-22 05:21:30.122833
ORDER_0005054,CUST_00488,66107.15,INR,2026-06-19 16:14:34.122833
ORDER_0005055,CUST_01595,903.24,INR,2026-07-20 12:27:48.122833
ORDER_0005056,CUST_01476,315.29,INR,2026-06-17 05:36:29.122833
ORDER_0005057,CUST_01989,17768.12,INR,2026-08-10 07:32:25.122833
ORDER_0005058,CUST_01707,283.43,INR,2026-06-30 18:06:42.122833
ORDER_0005059,CUST_01668,13093.28,INR,2026-07-23 15:12:01.122833
ORDER_0005060,CUST_01541,59053.22,INR,2026-08-10 16:03:28.122833
ORDER_0005061,CUST_01389,4418.62,INR,2026-06-17 22:01:35.122833
ORDER_0005062,CUST_00895,19692.32,INR,2026-08-25 22:57:15.122833
ORDER_0005063,CUST_00471,631.08,INR,2026-06-21 06:12:27.122833
ORDER_0005064,CUST_01466,75435.41,INR,2026-06-22 16:28:11.122833
ORDER_0005065,CUST_00075,9631.91,INR,2026-08-27 03:14:49.122833
ORDER_0005066,CUST_01176,4588.23,INR,2026-08-31 11:33:53.122833
ORDER_0005067,CUST_01016,7261.95,INR,2026-06-10 20:36:23.122833
ORDER_0005068,CUST_00786,72170.35,INR,2026-06-11 13:18:12.122833
ORDER_0005069,CUST_00260,8990.71,INR,2026-06-30 19:25:25.122833
ORDER_0005070,CUST_01051,132.19,INR,2026-08-11 17:09:32.122833
ORDER_0005071,CUST_00302,285.35,INR,2026-06-29 01:10:28.122833
ORDER_0005072,CUST_00872,957.42,INR,2026-07-20 11:21:14.122833
ORDER_0005073,CUST_00693,9049.29,INR,2026-07-06 02:08:19.122833
ORDER_0005074,CUST_01314,50840.37,INR,2026-06-17 12:02:11.122833
ORDER_0005075,CUST_00970,422.3,INR,2026-06-09 21:41:25.122833
ORDER_0005076,CUST_01345,7803.12,INR,2026-06-05 03:10:34.122833
ORDER_0005077,CUST_01133,96371.29,INR,2026-08-12 06:56:08.122833
ORDER_0005078,CUST_01274,86749.88,INR,2026-08-16 06:40:04.122833
ORDER_0005079,CUST_00229,7934.89,INR,2026-08-23 19:45:01.122833
ORDER_0005080,CUST_00758,78372.29,INR,2026-08-01 00:32:53.122833
ORDER_0005081,CUST_00962,7943.38,INR,2026-08-26 00:47:15.122833
ORDER_0005082,CUST_00403,1122.98,INR,2026-07-11 16:28:33.122833
ORDER_0005083,CUST_00289,8763.96,INR,2026-08-08 05:50:11.122833
ORDER_0005084,CUST_00759,644.14,INR,2026-06-23 18:48:27.122833
ORDER_0005085,CUST_00475,54383.7,INR,2026-08-07 17:38:45.122833
ORDER_0005086,CUST_00423,80321.58,INR,2026-07-20 16:54:38.122833
ORDER_0005087,CUST_01079,69036.79,INR,2026-07-13 11:01:50.122833
ORDER_0005088,CUST_01758,278.11,INR,2026-08-19 04:21:33.122833
ORDER_0005089,CUST_01833,4038.81,INR,2026-07-01 01:27:35.122833
ORDER_0005090,CUST_00932,72414.06,INR,2026-06-21 07:22:59.122833
ORDER_0005091,CUST_01208,6859.82,INR,2026-07-30 19:57:01.122833
ORDER_0005092,CUST_01116,758.99,INR,2026-07-23 12:46:07.122833
ORDER_0005093,CUST_00022,58756.53,INR,2026-06-16 07:47:17.122833
ORDER_0005094,CUST_00999,5953.69,INR,2026-07-07 04:04:10.122833
ORDER_0005095,CUST_01559,384.73,INR,2026-08-28 09:55:15.122833
ORDER_0005096,CUST_00891,618.5,INR,2026-08-30 20:34:38.122833
ORDER_0005097,CUST_01994,379.73,INR,2026-07-14 04:31:43.122833
ORDER_0005098,CUST_01518,28557.26,INR,2026-07-20 01:54:30.122833
ORDER_0005099,CUST_00430,275.91,INR,2026-06-16 17:06:06.122833
ORDER_0005100,CUST_01571,12928.74,INR,2026-06-25 10:51:11.122833
ORDER_0005101,CUST_01971,4950.78,INR,2026-07-13 11:34:45.122833
ORDER_0005102,CUST_01794,3461.23,INR,2026-08-10 16:46:19.122833
ORDER_0005103,CUST_00174,339.17,INR,2026-06-15 05:54:52.122833
ORDER_0005104,CUST_00010,3051.86,INR,2026-08-28 00:49:27.122833
ORDER_0005105,CUST_00493,251.79,INR,2026-06-27 20:33:13.122833
ORDER_0005106,CUST_01180,422.52,INR,2026-08-14 08:21:09.122833
ORDER_0005107,CUST_00420,3277.55,INR,2026-06-19 21:44:48.122833
ORDER_0005108,CUST_01149,74020.53,INR,2026-07-09 10:04:07.122833
ORDER_0005109,CUST_00094,902.47,INR,2026-06-12 11:59:22.122833
ORDER_0005110,CUST_00370,9256.9,INR,2026-06-09 23:45:21.122833
ORDER_0005111,CUST_00804,45970.18,INR,2026-06-04 17:56:37.122833
ORDER_0005112,CUST_01862,4075.26,INR,2026-07-09 09:41:38.122833
ORDER_0005113,CUST_00268,9187.9,INR,2026-07-21 05:15:28.122833
ORDER_0005114,CUST_00135,972.8,INR,2026-07-21 03:03:26.122833
ORDER_0005115,CUST_00482,506.87,INR,2026-06-30 18:16:18.122833
ORDER_0005116,CUST_01901,7089.93,INR,2026-06-29 20:41:56.122833
ORDER_0005117,CUST_00778,8628.4,INR,2026-08-18 02:22:22.122833
ORDER_0005118,CUST_00203,481.59,INR,2026-06-11 14:24:29.122833
ORDER_0005119,CUST_00671,640.88,INR,2026-07-20 19:23:37.122833
ORDER_0005120,CUST_00105,9608.15,INR,2026-08-19 06:10:40.122833
ORDER_0005121,CUST_00004,71829.01,INR,2026-06-12 05:00:56.122833
ORDER_0005122,CUST_01307,78935.74,INR,2026-08-26 06:56:25.122833
ORDER_0005123,CUST_01960,57733.93,INR,2026-07-08 07:03:08.122833
ORDER_0005124,CUST_00090,8872.79,INR,2026-08-22 22:25:19.122833
ORDER_0005125,CUST_01423,98185.63,INR,2026-06-21 09:40:07.122833
ORDER_0005126,CUST_01901,332.77,INR,2026-07-12 01:18:58.122833
ORDER_0005127,CUST_00328,714.67,INR,2026-06-09 08:37:18.122833
ORDER_0005128,CUST_01194,270.08,INR,2026-06-25 22:52:56.122833
ORDER_0005129,CUST_01999,5749.21,INR,2026-06-20 22:20:45.122833
ORDER_0005130,CUST_00175,884.44,INR,2026-06-04 02:42:19.122833
ORDER_0005131,CUST_00170,53831.28,INR,2026-07-04 16:59:49.122833
ORDER_0005132,CUST_01222,741.28,INR,2026-07-02 04:47:19.122833
ORDER_0005133,CUST_00097,6345.26,INR,2026-08-01 02:53:25.122833
ORDER_0005134,CUST_01910,773.96,INR,2026-08-22 16:46:14.122833
ORDER_0005135,CUST_00091,72702.93,INR,2026-08-09 09:12:15.122833
ORDER_0005136,CUST_00073,8602.67,INR,2026-06-18 23:07:43.122833
ORDER_0005137,CUST_00687,20102.14,INR,2026-08-27 21:52:12.122833
ORDER_0005138,CUST_00076,87790.94,INR,2026-07-15 23:33:06.122833
ORDER_0005139,CUST_01608,3754.3,INR,2026-08-09 06:45:59.122833
ORDER_0005140,CUST_00121,31081.14,INR,2026-06-14 00:15:35.122833
ORDER_0005141,CUST_00600,834.5,INR,2026-07-13 15:00:25.122833
ORDER_0005142,CUST_01412,64543.55,INR,2026-06-11 10:38:04.122833
ORDER_0005143,CUST_00228,718.17,INR,2026-07-15 19:11:14.122833
ORDER_0005144,CUST_01474,111.48,INR,2026-08-07 22:04:31.122833
ORDER_0005145,CUST_01576,3554.83,INR,2026-07-11 22:09:58.122833
ORDER_0005146,CUST_01572,7639.0,INR,2026-08-26 10:49:53.122833
ORDER_0005147,CUST_01239,60965.07,INR,2026-06-29 23:06:12.122833
ORDER_0005148,CUST_00820,35957.77,INR,2026-08-10 02:33:51.122833
ORDER_0005149,CUST_00228,8630.27,INR,2026-08-10 21:15:00.122833
ORDER_0005150,CUST_01685,99681.04,INR,2026-06-22 05:02:34.122833
ORDER_0005151,CUST_00546,5350.54,INR,2026-08-10 19:38:22.122833
ORDER_0005152,CUST_00162,54274.84,INR,2026-06-14 16:55:25.122833
ORDER_0005153,CUST_00904,1434.5,INR,2026-07-09 08:00:02.122833
ORDER_0005154,CUST_01021,346.53,INR,2026-08-21 23:36:06.122833
ORDER_0005155,CUST_00290,21690.52,INR,2026-08-12 08:56:14.122833
ORDER_0005156,CUST_01488,8522.13,INR,2026-06-06 05:47:26.122833
ORDER_0005157,CUST_00212,707.62,INR,2026-08-11 15:39:29.122833
ORDER_0005158,CUST_01027,942.41,INR,2026-07-13 00:55:51.122833
ORDER_0005159,CUST_01159,3706.27,INR,2026-07-09 16:04:50.122833
ORDER_0005160,CUST_01072,19276.4,INR,2026-08-24 17:35:31.122833
ORDER_0005161,CUST_01322,1543.16,INR,2026-08-19 07:04:09.122833
ORDER_0005162,CUST_01297,7583.09,INR,2026-06-23 06:25:27.122833
ORDER_0005163,CUST_00429,70346.22,INR,2026-08-24 21:35:59.122833
ORDER_0005164,CUST_01566,686.38,INR,2026-07-20 20:33:20.122833
ORDER_0005165,CUST_01331,97343.95,INR,2026-08-07 02:30:27.122833
ORDER_0005166,CUST_01706,854.9,INR,2026-07-18 02:38:44.122833
ORDER_0005167,CUST_00120,8986.2,INR,2026-06-26 02:50:57.122833
ORDER_0005168,CUST_00404,24114.17,INR,2026-08-12 04:34:09.122833
ORDER_0005169,CUST_01537,793.81,INR,2026-08-14 21:31:46.122833
ORDER_0005170,CUST_01183,249.4,INR,2026-08-01 06:15:52.122833
ORDER_0005171,CUST_01098,468.19,INR,2026-07-25 03:19:06.122833
ORDER_0005172,CUST_00425,85922.88,INR,2026-06-23 11:22:08.122833
ORDER_0005173,CUST_00412,846.05,INR,2026-07-12 09:25:28.122833
ORDER_0005174,CUST_00847,376.69,INR,2026-06-13 02:59:43.122833
ORDER_0005175,CUST_01288,11248.47,INR,2026-08-13 22:23:45.122833
ORDER_0005176,CUST_01794,525.15,INR,2026-07-15 23:59:31.122833
ORDER_0005177,CUST_01627,141.98,INR,2026-07-23 20:03:51.122833
ORDER_0005178,CUST_01363,47522.34,INR,2026-08-10 01:14:50.122833
ORDER_0005179,CUST_00035,787.34,INR,2026-06-18 13:01:41.122833
ORDER_0005180,CUST_01002,81502.77,INR,2026-06-06 00:12:25.122833
ORDER_0005181,CUST_01451,9003.72,INR,2026-07-21 14:11:03.122833
ORDER_0005182,CUST_01723,2390.96,INR,2026-07-20 08:07:37.122833
ORDER_0005183,CUST_00649,87870.87,INR,2026-06-19 16:28:48.122833
ORDER_0005184,CUST_01063,4128.52,INR,2026-08-06 23:01:43.122833
ORDER_0005185,CUST_01901,8308.67,INR,2026-06-15 12:49:01.122833
ORDER_0005186,CUST_00213,484.36,INR,2026-08-16 16:33:00.122833
ORDER_0005187,CUST_01332,19266.66,INR,2026-06-28 22:52:49.122833
ORDER_0005188,CUST_01819,548.57,INR,2026-06-21 10:01:25.122833
ORDER_0005189,CUST_01718,376.6,INR,2026-06-20 15:32:57.122833
ORDER_0005190,CUST_01731,493.72,INR,2026-06-08 06:19:28.122833
ORDER_0005191,CUST_01958,8606.41,INR,2026-07-06 03:00:10.122833
ORDER_0005192,CUST_01645,254.65,INR,2026-06-26 01:09:07.122833
ORDER_0005193,CUST_00980,9194.68,INR,2026-08-14 18:06:49.122833
ORDER_0005194,CUST_00500,78453.81,INR,2026-07-09 14:23:08.122833
ORDER_0005195,CUST_00249,304.39,INR,2026-08-04 10:40:26.122833
ORDER_0005196,CUST_00926,5184.86,INR,2026-06-14 11:02:43.122833
ORDER_0005197,CUST_00944,28009.51,INR,2026-07-28 09:38:34.122833
ORDER_0005198,CUST_00760,1222.51,INR,2026-08-23 05:01:01.122833
ORDER_0005199,CUST_01275,2889.47,INR,2026-07-30 21:34:57.122833
ORDER_0005200,CUST_00577,937.63,INR,2026-06-23 16:14:34.122833
ORDER_0005201,CUST_00192,2165.67,INR,2026-08-09 06:50:48.122833
ORDER_0005202,CUST_01021,460.22,INR,2026-07-17 18:42:57.122833
ORDER_0005203,CUST_00363,225.83,INR,2026-07-20 21:08:24.122833
ORDER_0005204,CUST_01518,706.75,INR,2026-06-12 12:03:30.122833
ORDER_0005205,CUST_00186,74571.47,INR,2026-08-09 11:03:42.122833
ORDER_0005206,CUST_00337,58889.65,INR,2026-07-02 21:49:46.122833
ORDER_0005207,CUST_00095,228.32,INR,2026-06-22 10:41:01.122833
ORDER_0005208,CUST_00218,768.76,INR,2026-08-27 16:57:58.122833
ORDER_0005209,CUST_00428,66903.02,INR,2026-08-27 17:46:40.122833
ORDER_0005210,CUST_01146,2894.88,INR,2026-08-03 05:07:49.122833
ORDER_0005211,CUST_00306,1742.41,INR,2026-08-28 02:12:01.122833
ORDER_0005212,CUST_00579,592.68,INR,2026-07-15 07:22:42.122833
ORDER_0005213,CUST_00417,73977.77,INR,2026-07-08 16:27:08.122833
ORDER_0005214,CUST_01316,7183.75,INR,2026-07-28 01:44:45.122833
ORDER_0005215,CUST_01834,90428.09,INR,2026-08-02 13:19:22.122833
ORDER_0005216,CUST_00577,4325.76,INR,2026-07-01 23:07:42.122833
ORDER_0005217,CUST_01354,7220.45,INR,2026-08-06 05:31:46.122833
ORDER_0005218,CUST_01400,51721.07,INR,2026-06-17 20:59:53.122833
ORDER_0005219,CUST_01620,491.57,INR,2026-08-02 16:35:52.122833
ORDER_0005220,CUST_00704,97274.98,INR,2026-07-14 05:15:12.122833
ORDER_0005221,CUST_01415,28376.04,INR,2026-06-15 11:46:46.122833
ORDER_0005222,CUST_00957,67209.33,INR,2026-06-06 06:56:55.122833
ORDER_0005223,CUST_01343,5111.33,INR,2026-08-30 07:27:08.122833
ORDER_0005224,CUST_00479,87625.76,INR,2026-06-23 02:33:32.122833
ORDER_0005225,CUST_01898,172.27,INR,2026-07-30 06:09:56.122833
ORDER_0005226,CUST_00053,7818.05,INR,2026-07-06 03:18:38.122833
ORDER_0005227,CUST_00287,71284.18,INR,2026-06-05 11:55:41.122833
ORDER_0005228,CUST_01633,49232.07,INR,2026-08-04 15:27:39.122833
ORDER_0005229,CUST_00995,6741.07,INR,2026-08-04 08:11:42.122833
ORDER_0005230,CUST_01548,9914.2,INR,2026-06-11 16:30:57.122833
ORDER_0005231,CUST_01444,61930.54,INR,2026-07-14 04:59:12.122833
ORDER_0005232,CUST_00795,42253.74,INR,2026-06-11 05:48:44.122833
ORDER_0005233,CUST_00781,901.52,INR,2026-07-02 17:41:40.122833
ORDER_0005234,CUST_01192,231.97,INR,2026-07-04 04:15:44.122833
ORDER_0005235,CUST_00241,31781.21,INR,2026-07-15 11:45:16.122833
ORDER_0005236,CUST_00761,365.46,INR,2026-07-30 12:28:31.122833
ORDER_0005237,CUST_01160,6535.78,INR,2026-06-03 07:11:41.122833
ORDER_0005238,CUST_01864,38834.66,INR,2026-06-30 08:47:06.122833
ORDER_0005239,CUST_00337,4919.32,INR,2026-06-21 20:38:18.122833
ORDER_0005240,CUST_00424,167.04,INR,2026-06-07 19:12:15.122833
ORDER_0005241,CUST_00333,234.66,INR,2026-08-13 02:04:16.122833
ORDER_0005242,CUST_00002,28362.15,INR,2026-07-09 02:36:31.122833
ORDER_0005243,CUST_00673,25097.03,INR,2026-07-10 12:20:45.122833
ORDER_0005244,CUST_00367,691.13,INR,2026-06-19 02:31:15.122833
ORDER_0005245,CUST_01904,2840.55,INR,2026-06-28 14:37:15.122833
ORDER_0005246,CUST_00979,15878.07,INR,2026-07-10 14:28:44.122833
ORDER_0005247,CUST_01984,21145.81,INR,2026-06-03 14:32:37.122833
ORDER_0005248,CUST_01169,45669.74,INR,2026-06-04 19:44:17.122833
ORDER_0005249,CUST_00707,773.01,INR,2026-07-12 17:32:26.122833
ORDER_0005250,CUST_01948,50254.66,INR,2026-08-27 16:13:05.122833
ORDER_0005251,CUST_01489,69802.62,INR,2026-07-07 07:10:34.122833
ORDER_0005252,CUST_01934,6670.91,INR,2026-07-14 10:04:28.122833
ORDER_0005253,CUST_01363,815.46,INR,2026-07-30 19:13:52.122833
ORDER_0005254,CUST_00196,47335.03,INR,2026-08-05 09:07:44.122833
ORDER_0005255,CUST_01278,695.67,INR,2026-06-30 07:46:38.122833
ORDER_0005256,CUST_00268,5417.58,INR,2026-07-13 05:27:47.122833
ORDER_0005257,CUST_00610,6171.84,INR,2026-08-18 13:39:52.122833
ORDER_0005258,CUST_00519,9643.61,INR,2026-08-16 04:11:56.122833
ORDER_0005259,CUST_00099,79389.36,INR,2026-07-04 05:01:32.122833
ORDER_0005260,CUST_00745,9490.46,INR,2026-07-10 08:46:46.122833
ORDER_0005261,CUST_00092,493.07,INR,2026-07-15 13:28:09.122833
ORDER_0005262,CUST_00973,9045.36,INR,2026-06-11 09:24:36.122833
ORDER_0005263,CUST_00510,634.07,INR,2026-07-15 19:25:51.122833
ORDER_0005264,CUST_00630,41928.42,INR,2026-08-21 03:43:51.122833
ORDER_0005265,CUST_01069,462.95,INR,2026-07-10 22:56:51.122833
ORDER_0005266,CUST_01050,241.97,INR,2026-07-22 06:15:19.122833
ORDER_0005267,CUST_01203,6804.32,INR,2026-06-29 19:47:16.122833
ORDER_0005268,CUST_01928,6474.34,INR,2026-06-24 04:20:27.122833
ORDER_0005269,CUST_01721,42249.44,INR,2026-07-11 23:42:54.122833
ORDER_0005270,CUST_01285,635.38,INR,2026-08-08 04:55:43.122833
ORDER_0005271,CUST_01695,1289.74,INR,2026-06-08 18:19:30.122833
ORDER_0005272,CUST_00982,5913.11,INR,2026-07-13 08:07:16.122833
ORDER_0005273,CUST_01877,4435.85,INR,2026-07-29 15:07:07.122833
ORDER_0005274,CUST_00874,2907.44,INR,2026-06-29 09:58:05.122833
ORDER_0005275,CUST_00591,62455.5,INR,2026-08-13 14:35:55.122833
ORDER_0005276,CUST_01010,893.21,INR,2026-08-20 11:36:10.122833
ORDER_0005277,CUST_00286,31396.58,INR,2026-08-20 20:07:37.122833
ORDER_0005278,CUST_01894,98113.1,INR,2026-08-18 04:03:20.122833
ORDER_0005279,CUST_00022,467.9,INR,2026-08-03 14:06:57.122833
ORDER_0005280,CUST_01482,6749.47,INR,2026-06-14 12:05:51.122833
ORDER_0005281,CUST_00083,6419.6,INR,2026-06-15 07:40:06.122833
ORDER_0005282,CUST_01693,4743.85,INR,2026-06-02 17:19:22.122833
ORDER_0005283,CUST_01148,38241.58,INR,2026-06-02 15:07:08.122833
ORDER_0005284,CUST_01997,1233.21,INR,2026-06-21 08:08:26.122833
ORDER_0005285,CUST_01485,810.84,INR,2026-06-09 06:10:03.122833
ORDER_0005286,CUST_00098,3648.73,INR,2026-06-11 18:58:40.122833
ORDER_0005287,CUST_00353,966.8,INR,2026-07-09 22:56:11.122833
ORDER_0005288,CUST_01824,6886.68,INR,2026-07-31 14:08:29.122833
ORDER_0005289,CUST_00726,6205.59,INR,2026-08-02 07:49:15.122833
ORDER_0005290,CUST_01198,4363.1,INR,2026-06-14 07:52:55.122833
ORDER_0005291,CUST_00408,76572.55,INR,2026-06-24 05:05:11.122833
ORDER_0005292,CUST_00108,849.98,INR,2026-07-21 07:19:55.122833
ORDER_0005293,CUST_01316,489.79,INR,2026-07-24 15:57:34.122833
ORDER_0005294,CUST_00300,95312.85,INR,2026-08-24 04:36:56.122833
ORDER_0005295,CUST_00680,85201.97,INR,2026-08-29 16:13:45.122833
ORDER_0005296,CUST_00028,8032.72,INR,2026-06-04 06:36:45.122833
ORDER_0005297,CUST_01001,9206.01,INR,2026-06-10 17:28:05.122833
ORDER_0005298,CUST_00826,238.33,INR,2026-06-09 19:19:23.122833
ORDER_0005299,CUST_00633,786.17,INR,2026-06-06 16:26:40.122833
ORDER_0005300,CUST_01000,9478.11,INR,2026-06-06 14:42:49.122833
ORDER_0005301,CUST_00789,9493.02,INR,2026-08-26 08:05:39.122833
ORDER_0005302,CUST_01426,9420.7,INR,2026-07-23 07:03:47.122833
ORDER_0005303,CUST_00536,4468.21,INR,2026-07-25 02:45:21.122833
ORDER_0005304,CUST_01137,106.21,INR,2026-08-29 11:26:11.122833
ORDER_0005305,CUST_00011,473.06,INR,2026-08-04 16:11:50.122833
ORDER_0005306,CUST_01288,1535.91,INR,2026-06-09 17:28:25.122833
ORDER_0005307,CUST_01318,486.39,INR,2026-06-14 01:02:39.122833
ORDER_0005308,CUST_01487,67889.81,INR,2026-06-10 13:07:58.122833
ORDER_0005309,CUST_00540,21858.37,INR,2026-08-10 13:50:46.122833
ORDER_0005310,CUST_01882,71159.25,INR,2026-08-31 12:29:09.122833
ORDER_0005311,CUST_00829,39209.15,INR,2026-08-26 12:50:06.122833
ORDER_0005312,CUST_00104,770.99,INR,2026-06-08 09:10:02.122833
ORDER_0005313,CUST_01478,2355.79,INR,2026-08-20 19:46:07.122833
ORDER_0005314,CUST_00713,59947.44,INR,2026-07-21 14:51:21.122833
ORDER_0005315,CUST_00957,731.0,INR,2026-08-27 04:20:45.122833
ORDER_0005316,CUST_00790,4482.13,INR,2026-08-25 02:43:28.122833
ORDER_0005317,CUST_01611,9701.98,INR,2026-06-18 10:49:42.122833
ORDER_0005318,CUST_01440,180.15,INR,2026-08-18 13:16:18.122833
ORDER_0005319,CUST_00234,5669.8,INR,2026-08-16 22:30:55.122833
ORDER_0005320,CUST_00369,192.9,INR,2026-06-27 04:17:58.122833
ORDER_0005321,CUST_00085,329.6,INR,2026-08-26 16:37:27.122833
ORDER_0005322,CUST_00649,587.0,INR,2026-06-27 12:24:45.122833
ORDER_0005323,CUST_01472,7969.78,INR,2026-07-13 20:20:30.122833
ORDER_0005324,CUST_00127,3372.51,INR,2026-06-05 11:53:24.122833
ORDER_0005325,CUST_00213,71209.41,INR,2026-07-04 20:57:10.122833
ORDER_0005326,CUST_01242,845.77,INR,2026-08-08 19:33:57.122833
ORDER_0005327,CUST_01943,45853.73,INR,2026-07-26 17:26:17.122833
ORDER_0005328,CUST_00728,6564.14,INR,2026-07-28 02:03:10.122833
ORDER_0005329,CUST_01181,5384.0,INR,2026-06-10 04:31:24.122833
ORDER_0005330,CUST_00636,6986.4,INR,2026-08-01 19:45:50.122833
ORDER_0005331,CUST_01185,9369.21,INR,2026-08-29 17:27:41.122833
ORDER_0005332,CUST_01619,27148.11,INR,2026-07-24 09:52:07.122833
ORDER_0005333,CUST_00009,358.89,INR,2026-08-26 20:34:21.122833
ORDER_0005334,CUST_01218,4108.57,INR,2026-08-24 18:34:30.122833
ORDER_0005335,CUST_00633,57199.28,INR,2026-07-11 12:25:21.122833
ORDER_0005336,CUST_00011,9903.06,INR,2026-08-28 00:32:03.122833
ORDER_0005337,CUST_00703,11289.18,INR,2026-07-10 05:07:11.122833
ORDER_0005338,CUST_01770,216.53,INR,2026-06-14 08:13:16.122833
ORDER_0005339,CUST_01057,79185.52,INR,2026-07-11 08:08:34.122833
ORDER_0005340,CUST_01130,37759.74,INR,2026-06-14 23:24:08.122833
ORDER_0005341,CUST_00423,88851.63,INR,2026-08-30 16:16:12.122833
ORDER_0005342,CUST_01182,47175.78,INR,2026-06-07 01:29:20.122833
ORDER_0005343,CUST_01784,4326.2,INR,2026-08-14 00:41:51.122833
ORDER_0005344,CUST_00142,541.96,INR,2026-08-28 16:10:02.122833
ORDER_0005345,CUST_01190,427.53,INR,2026-06-11 00:28:35.122833
ORDER_0005346,CUST_00232,745.12,INR,2026-06-22 07:34:23.122833
ORDER_0005347,CUST_00003,406.18,INR,2026-06-02 15:58:01.122833
ORDER_0005348,CUST_01765,57023.24,INR,2026-07-02 14:09:12.122833
ORDER_0005349,CUST_01043,640.18,INR,2026-07-07 17:48:19.122833
ORDER_0005350,CUST_01844,960.21,INR,2026-08-02 08:54:16.122833
ORDER_0005351,CUST_01277,423.98,INR,2026-08-16 02:52:02.122833
ORDER_0005352,CUST_01170,7470.93,INR,2026-08-30 18:43:22.122833
ORDER_0005353,CUST_00403,96461.19,INR,2026-06-24 22:09:12.122833
ORDER_0005354,CUST_01971,23448.07,INR,2026-08-11 07:01:34.122833
ORDER_0005355,CUST_01171,740.0,INR,2026-08-31 01:16:54.122833
ORDER_0005356,CUST_01858,33232.88,INR,2026-06-24 13:29:50.122833
ORDER_0005357,CUST_01312,34944.74,INR,2026-08-03 19:14:46.122833
ORDER_0005358,CUST_01224,12787.2,INR,2026-08-31 12:39:19.122833
ORDER_0005359,CUST_01970,811.02,INR,2026-08-07 17:00:32.122833
ORDER_0005360,CUST_01312,85102.59,INR,2026-08-15 14:05:28.122833
ORDER_0005361,CUST_01683,589.59,INR,2026-06-11 23:37:10.122833
ORDER_0005362,CUST_00789,935.17,INR,2026-06-11 14:26:24.122833
ORDER_0005363,CUST_00974,60926.46,INR,2026-08-29 02:18:57.122833
ORDER_0005364,CUST_00510,771.26,INR,2026-06-06 17:42:38.122833
ORDER_0005365,CUST_00624,6101.76,INR,2026-06-18 09:18:29.122833
ORDER_0005366,CUST_00036,51684.77,INR,2026-08-14 21:13:26.122833
ORDER_0005367,CUST_01832,8296.92,INR,2026-07-21 12:37:04.122833
ORDER_0005368,CUST_00249,9751.63,INR,2026-08-25 18:15:08.122833
ORDER_0005369,CUST_00247,73204.43,INR,2026-07-23 08:17:37.122833
ORDER_0005370,CUST_00943,2293.35,INR,2026-08-21 14:20:32.122833
ORDER_0005371,CUST_00128,663.82,INR,2026-06-15 01:14:08.122833
ORDER_0005372,CUST_00556,2823.39,INR,2026-07-23 16:56:04.122833
ORDER_0005373,CUST_00145,7815.04,INR,2026-06-07 01:41:52.122833
ORDER_0005374,CUST_00973,42897.1,INR,2026-08-13 01:52:26.122833
ORDER_0005375,CUST_00920,574.54,INR,2026-06-28 00:51:32.122833
ORDER_0005376,CUST_01061,5255.34,INR,2026-08-10 09:30:07.122833
ORDER_0005377,CUST_00653,2156.54,INR,2026-07-01 15:37:00.122833
ORDER_0005378,CUST_00328,388.86,INR,2026-08-11 18:58:52.122833
ORDER_0005379,CUST_00270,698.61,INR,2026-06-09 14:43:53.122833
ORDER_0005380,CUST_01923,8393.96,INR,2026-07-26 12:38:46.122833
ORDER_0005381,CUST_00423,43427.59,INR,2026-06-15 19:52:59.122833
ORDER_0005382,CUST_00585,1857.54,INR,2026-08-23 06:57:42.122833
ORDER_0005383,CUST_01347,9086.3,INR,2026-06-23 22:41:37.122833
ORDER_0005384,CUST_01300,8371.35,INR,2026-06-10 12:33:07.122833
ORDER_0005385,CUST_01511,22810.3,INR,2026-07-09 16:22:32.122833
ORDER_0005386,CUST_01900,4172.74,INR,2026-06-22 11:26:50.122833
ORDER_0005387,CUST_01281,6356.43,INR,2026-06-11 23:39:22.122833
ORDER_0005388,CUST_00960,829.7,INR,2026-08-21 02:02:44.122833
ORDER_0005389,CUST_00144,3489.65,INR,2026-06-18 13:58:29.122833
ORDER_0005390,CUST_00097,660.0,INR,2026-06-05 00:58:11.122833
ORDER_0005391,CUST_00832,7716.81,INR,2026-06-24 13:39:02.122833
ORDER_0005392,CUST_01397,54670.1,INR,2026-08-10 16:08:18.122833
ORDER_0005393,CUST_00411,4203.5,INR,2026-08-02 11:08:42.122833
ORDER_0005394,CUST_00088,5776.15,INR,2026-07-22 06:47:40.122833
ORDER_0005395,CUST_01579,463.12,INR,2026-06-13 19:44:26.122833
ORDER_0005396,CUST_01897,6316.87,INR,2026-06-23 16:49:40.122833
ORDER_0005397,CUST_01780,510.71,INR,2026-07-20 06:34:50.122833
ORDER_0005398,CUST_00729,912.72,INR,2026-06-23 09:55:15.122833
ORDER_0005399,CUST_01624,30620.06,INR,2026-07-03 19:29:51.122833
ORDER_0005400,CUST_01778,337.63,INR,2026-06-30 17:44:08.122833
ORDER_0005401,CUST_01544,98250.44,INR,2026-08-26 21:08:06.122833
ORDER_0005402,CUST_00853,9128.15,INR,2026-07-26 12:56:58.122833
ORDER_0005403,CUST_00344,5138.49,INR,2026-06-27 10:30:40.122833
ORDER_0005404,CUST_00621,1161.99,INR,2026-08-25 01:26:37.122833
ORDER_0005405,CUST_00001,998.22,INR,2026-08-06 20:43:40.122833
ORDER_0005406,CUST_00248,970.28,INR,2026-08-24 14:12:36.122833
ORDER_0005407,CUST_01667,993.22,INR,2026-08-18 01:14:29.122833
ORDER_0005408,CUST_01956,718.7,INR,2026-08-24 23:19:16.122833
ORDER_0005409,CUST_01205,870.76,INR,2026-07-19 06:37:11.122833
ORDER_0005410,CUST_00608,3354.3,INR,2026-06-27 23:32:10.122833
ORDER_0005411,CUST_01198,737.48,INR,2026-08-29 14:13:15.122833
ORDER_0005412,CUST_01980,8013.23,INR,2026-07-27 22:22:30.122833
ORDER_0005413,CUST_01534,7844.41,INR,2026-08-05 16:35:09.122833
ORDER_0005414,CUST_01541,1292.15,INR,2026-06-25 02:03:44.122833
ORDER_0005415,CUST_01523,2821.46,INR,2026-06-22 13:24:36.122833
ORDER_0005416,CUST_01658,75430.38,INR,2026-08-26 20:54:31.122833
ORDER_0005417,CUST_00060,96992.8,INR,2026-07-02 15:03:19.122833
ORDER_0005418,CUST_00045,983.3,INR,2026-06-27 23:26:36.122833
ORDER_0005419,CUST_00927,263.18,INR,2026-07-18 00:08:38.122833
ORDER_0005420,CUST_01478,601.6,INR,2026-07-02 09:33:46.122833
ORDER_0005421,CUST_00303,7532.54,INR,2026-06-27 02:32:47.122833
ORDER_0005422,CUST_00442,5761.24,INR,2026-08-12 03:29:31.122833
ORDER_0005423,CUST_00036,42528.67,INR,2026-08-19 21:37:25.122833
ORDER_0005424,CUST_00063,662.88,INR,2026-06-09 17:03:11.122833
ORDER_0005425,CUST_00121,660.4,INR,2026-06-22 20:22:36.122833
ORDER_0005426,CUST_00874,4691.02,INR,2026-07-05 06:21:32.122833
ORDER_0005427,CUST_00758,2595.39,INR,2026-07-23 01:16:33.122833
ORDER_0005428,CUST_00583,5393.04,INR,2026-08-18 03:16:01.122833
ORDER_0005429,CUST_00435,1647.12,INR,2026-06-11 06:26:45.122833
ORDER_0005430,CUST_00643,9985.78,INR,2026-06-23 23:08:20.122833
ORDER_0005431,CUST_00497,12113.82,INR,2026-08-04 22:28:02.122833
ORDER_0005432,CUST_01561,3680.02,INR,2026-08-24 14:34:41.122833
ORDER_0005433,CUST_01259,64623.89,INR,2026-08-20 09:05:23.122833
ORDER_0005434,CUST_01399,541.01,INR,2026-06-05 19:37:41.122833
ORDER_0005435,CUST_00180,1737.98,INR,2026-07-02 11:56:10.122833
ORDER_0005436,CUST_00045,35475.3,INR,2026-06-21 21:37:29.122833
ORDER_0005437,CUST_00772,471.43,INR,2026-06-27 23:49:00.122833
ORDER_0005438,CUST_00676,17832.78,INR,2026-07-23 12:42:42.122833
ORDER_0005439,CUST_01556,1875.24,INR,2026-08-21 17:57:44.122833
ORDER_0005440,CUST_00191,38067.96,INR,2026-08-19 08:12:18.122833
ORDER_0005441,CUST_00129,6136.18,INR,2026-06-24 08:43:21.122833
ORDER_0005442,CUST_00473,44327.83,INR,2026-07-28 03:54:38.122833
ORDER_0005443,CUST_01926,442.8,INR,2026-06-06 03:34:36.122833
ORDER_0005444,CUST_01524,625.63,INR,2026-08-15 13:11:49.122833
ORDER_0005445,CUST_01453,37499.74,INR,2026-06-19 10:32:05.122833
ORDER_0005446,CUST_00495,44825.85,INR,2026-07-15 04:55:00.122833
ORDER_0005447,CUST_00855,92005.44,INR,2026-07-18 03:08:59.122833
ORDER_0005448,CUST_00585,8598.25,INR,2026-08-30 10:28:54.122833
ORDER_0005449,CUST_00017,6562.56,INR,2026-07-17 22:19:56.122833
ORDER_0005450,CUST_00585,40207.85,INR,2026-08-01 15:45:08.122833
ORDER_0005451,CUST_01061,186.29,INR,2026-08-02 07:32:12.122833
ORDER_0005452,CUST_01043,827.54,INR,2026-08-20 22:28:36.122833
ORDER_0005453,CUST_00506,40629.85,INR,2026-07-26 04:12:33.122833
ORDER_0005454,CUST_00855,8807.35,INR,2026-08-14 20:04:07.122833
ORDER_0005455,CUST_01965,57137.09,INR,2026-07-31 08:00:03.122833
ORDER_0005456,CUST_01198,9475.88,INR,2026-08-25 06:57:09.122833
ORDER_0005457,CUST_01939,846.96,INR,2026-08-09 06:10:07.122833
ORDER_0005458,CUST_01614,9935.73,INR,2026-08-27 09:33:13.122833
ORDER_0005459,CUST_01927,2513.95,INR,2026-07-11 00:12:38.122833
ORDER_0005460,CUST_01876,6920.68,INR,2026-07-30 07:42:55.122833
ORDER_0005461,CUST_00393,8846.9,INR,2026-07-22 21:57:26.122833
ORDER_0005462,CUST_00137,7672.75,INR,2026-08-21 03:23:24.122833
ORDER_0005463,CUST_01827,625.03,INR,2026-07-06 11:17:30.122833
ORDER_0005464,CUST_01945,6655.21,INR,2026-08-24 11:33:25.122833
ORDER_0005465,CUST_01261,499.02,INR,2026-08-11 04:51:55.122833
ORDER_0005466,CUST_01051,674.67,INR,2026-07-15 13:53:31.122833
ORDER_0005467,CUST_00074,10500.41,INR,2026-06-29 02:15:10.122833
ORDER_0005468,CUST_01311,7732.33,INR,2026-08-26 21:24:22.122833
ORDER_0005469,CUST_01610,304.29,INR,2026-06-25 14:40:09.122833
ORDER_0005470,CUST_01579,496.83,INR,2026-08-16 15:14:27.122833
ORDER_0005471,CUST_00645,43713.77,INR,2026-06-23 13:28:35.122833
ORDER_0005472,CUST_00165,93242.16,INR,2026-06-20 21:34:32.122833
ORDER_0005473,CUST_01357,32290.72,INR,2026-07-09 11:18:15.122833
ORDER_0005474,CUST_01023,7663.0,INR,2026-08-20 09:06:57.122833
ORDER_0005475,CUST_00373,802.72,INR,2026-08-19 13:19:48.122833
ORDER_0005476,CUST_00219,1786.25,INR,2026-06-23 19:19:41.122833
ORDER_0005477,CUST_00444,259.01,INR,2026-07-03 02:33:52.122833
ORDER_0005478,CUST_01052,8219.49,INR,2026-07-07 15:28:19.122833
ORDER_0005479,CUST_00210,50676.01,INR,2026-07-14 12:43:15.122833
ORDER_0005480,CUST_01189,9017.67,INR,2026-06-29 21:27:04.122833
ORDER_0005481,CUST_01038,3398.3,INR,2026-08-25 11:05:32.122833
ORDER_0005482,CUST_00498,488.7,INR,2026-08-29 07:30:24.122833
ORDER_0005483,CUST_00070,8400.12,INR,2026-06-28 06:35:33.122833
ORDER_0005484,CUST_01525,80430.36,INR,2026-08-15 04:24:48.122833
ORDER_0005485,CUST_01670,618.01,INR,2026-06-04 15:38:37.122833
ORDER_0005486,CUST_00949,14042.86,INR,2026-06-13 07:05:27.122833
ORDER_0005487,CUST_00517,6366.92,INR,2026-07-22 20:48:20.122833
ORDER_0005488,CUST_00058,52819.89,INR,2026-07-18 03:59:20.122833
ORDER_0005489,CUST_01297,281.97,INR,2026-07-14 01:37:03.122833
ORDER_0005490,CUST_01626,3264.5,INR,2026-08-25 07:27:43.122833
ORDER_0005491,CUST_01561,95183.23,INR,2026-07-29 21:15:44.122833
ORDER_0005492,CUST_01058,4072.54,INR,2026-08-06 12:30:19.122833
ORDER_0005493,CUST_01794,781.66,INR,2026-06-20 15:08:44.122833
ORDER_0005494,CUST_01133,46313.89,INR,2026-07-18 06:24:32.122833
ORDER_0005495,CUST_01031,400.71,INR,2026-08-03 09:32:16.122833
ORDER_0005496,CUST_00573,861.52,INR,2026-06-18 03:00:24.122833
ORDER_0005497,CUST_00718,639.74,INR,2026-08-25 08:35:26.122833
ORDER_0005498,CUST_00977,1988.09,INR,2026-06-27 05:11:14.122833
ORDER_0005499,CUST_01520,6801.47,INR,2026-08-06 20:38:18.122833
ORDER_0005500,CUST_00842,192.21,INR,2026-07-20 23:19:24.122833
ORDER_0005501,CUST_01482,10808.34,INR,2026-07-21 15:09:23.122833
ORDER_0005502,CUST_01598,800.65,INR,2026-08-02 13:38:14.122833
ORDER_0005503,CUST_01397,822.38,INR,2026-08-27 15:56:15.122833
ORDER_0005504,CUST_01881,126.97,INR,2026-07-16 18:45:05.122833
ORDER_0005505,CUST_00948,7852.17,INR,2026-07-15 10:49:31.122833
ORDER_0005506,CUST_01593,577.82,INR,2026-06-24 17:38:19.122833
ORDER_0005507,CUST_01488,328.87,INR,2026-07-14 15:00:01.122833
ORDER_0005508,CUST_00051,35627.34,INR,2026-06-03 07:13:57.122833
ORDER_0005509,CUST_01085,8898.77,INR,2026-06-20 12:45:12.122833
ORDER_0005510,CUST_01383,6529.05,INR,2026-07-26 09:28:01.122833
ORDER_0005511,CUST_01724,5554.45,INR,2026-08-19 14:51:42.122833
ORDER_0005512,CUST_00656,3211.34,INR,2026-07-20 09:51:05.122833
ORDER_0005513,CUST_00929,3930.6,INR,2026-06-27 22:45:15.122833
ORDER_0005514,CUST_01135,59574.33,INR,2026-07-28 04:28:12.122833
ORDER_0005515,CUST_00519,910.9,INR,2026-06-22 00:10:20.122833
ORDER_0005516,CUST_01968,13030.69,INR,2026-08-27 18:18:26.122833
ORDER_0005517,CUST_00340,1045.71,INR,2026-06-17 14:24:39.122833
ORDER_0005518,CUST_00153,14867.66,INR,2026-07-07 16:57:39.122833
ORDER_0005519,CUST_00427,243.06,INR,2026-07-31 12:53:51.122833
ORDER_0005520,CUST_00908,952.82,INR,2026-06-23 20:32:35.122833
ORDER_0005521,CUST_00170,119.2,INR,2026-07-07 09:04:10.122833
ORDER_0005522,CUST_00870,864.72,INR,2026-06-26 08:50:55.122833
ORDER_0005523,CUST_00872,6375.18,INR,2026-06-29 07:34:37.122833
ORDER_0005524,CUST_01272,82387.95,INR,2026-07-17 13:01:33.122833
ORDER_0005525,CUST_00962,20572.75,INR,2026-07-31 18:02:19.122833
ORDER_0005526,CUST_00623,1840.76,INR,2026-06-03 00:34:08.122833
ORDER_0005527,CUST_01783,17054.75,INR,2026-06-16 04:39:42.122833
ORDER_0005528,CUST_01797,7822.57,INR,2026-07-22 19:28:43.122833
ORDER_0005529,CUST_00960,213.68,INR,2026-08-17 12:00:09.122833
ORDER_0005530,CUST_01806,723.81,INR,2026-08-29 21:45:16.122833
ORDER_0005531,CUST_00566,3675.9,INR,2026-06-23 17:12:37.122833
ORDER_0005532,CUST_01003,4230.24,INR,2026-07-30 20:28:23.122833
ORDER_0005533,CUST_01009,83021.37,INR,2026-06-17 04:43:51.122833
ORDER_0005534,CUST_01760,7450.21,INR,2026-06-25 13:55:14.122833
ORDER_0005535,CUST_00669,87221.92,INR,2026-06-17 19:46:04.122833
ORDER_0005536,CUST_00151,26901.45,INR,2026-08-26 02:24:12.122833
ORDER_0005537,CUST_00660,86675.66,INR,2026-07-07 01:39:29.122833
ORDER_0005538,CUST_01598,1886.2,INR,2026-07-08 01:10:42.122833
ORDER_0005539,CUST_00934,79660.47,INR,2026-08-05 19:29:58.122833
ORDER_0005540,CUST_01716,751.44,INR,2026-06-26 06:10:35.122833
ORDER_0005541,CUST_00951,61766.88,INR,2026-08-12 03:44:40.122833
ORDER_0005542,CUST_01523,6585.18,INR,2026-08-13 14:44:49.122833
ORDER_0005543,CUST_00073,4489.13,INR,2026-06-04 01:04:04.122833
ORDER_0005544,CUST_00472,7859.86,INR,2026-07-29 09:59:16.122833
ORDER_0005545,CUST_01543,86077.61,INR,2026-06-05 13:18:57.122833
ORDER_0005546,CUST_00479,2226.07,INR,2026-08-10 17:05:04.122833
ORDER_0005547,CUST_00582,3135.94,INR,2026-08-24 04:34:41.122833
ORDER_0005548,CUST_00342,9372.53,INR,2026-07-30 23:34:31.122833
ORDER_0005549,CUST_00057,7962.31,INR,2026-07-21 22:47:51.122833
ORDER_0005550,CUST_01444,55701.06,INR,2026-06-15 14:51:01.122833
ORDER_0005551,CUST_01203,5019.73,INR,2026-07-16 00:00:56.122833
ORDER_0005552,CUST_00742,5068.23,INR,2026-06-28 23:01:38.122833
ORDER_0005553,CUST_01136,43294.36,INR,2026-06-14 00:05:39.122833
ORDER_0005554,CUST_00501,5628.83,INR,2026-08-13 02:54:31.122833
ORDER_0005555,CUST_00078,8302.78,INR,2026-08-01 09:02:16.122833
ORDER_0005556,CUST_01638,5441.14,INR,2026-08-28 06:31:24.122833
ORDER_0005557,CUST_01683,9849.45,INR,2026-07-27 20:40:30.122833
ORDER_0005558,CUST_00391,90674.94,INR,2026-08-23 16:24:37.122833
ORDER_0005559,CUST_00644,21931.46,INR,2026-07-27 07:44:26.122833
ORDER_0005560,CUST_00493,406.83,INR,2026-06-17 13:17:57.122833
ORDER_0005561,CUST_00435,396.9,INR,2026-06-18 23:35:40.122833
ORDER_0005562,CUST_00023,33715.67,INR,2026-08-18 10:04:31.122833
ORDER_0005563,CUST_00063,118.74,INR,2026-07-20 06:03:21.122833
ORDER_0005564,CUST_01473,232.77,INR,2026-06-30 01:51:53.122833
ORDER_0005565,CUST_00934,835.33,INR,2026-06-29 10:12:07.122833
ORDER_0005566,CUST_00071,192.9,INR,2026-06-08 00:34:46.122833
ORDER_0005567,CUST_00126,405.09,INR,2026-08-18 07:54:38.122833
ORDER_0005568,CUST_01966,4200.82,INR,2026-08-31 06:35:00.122833
ORDER_0005569,CUST_00916,21072.34,INR,2026-08-06 00:34:33.122833
ORDER_0005570,CUST_00161,97307.96,INR,2026-07-19 13:21:39.122833
ORDER_0005571,CUST_00519,47315.11,INR,2026-06-07 20:07:13.122833
ORDER_0005572,CUST_01599,604.44,INR,2026-07-01 20:57:44.122833
ORDER_0005573,CUST_00377,18249.2,INR,2026-07-13 02:55:09.122833
ORDER_0005574,CUST_01870,1457.34,INR,2026-06-11 05:16:14.122833
ORDER_0005575,CUST_00260,3966.66,INR,2026-08-15 23:10:40.122833
ORDER_0005576,CUST_00161,62117.66,INR,2026-06-25 01:49:49.122833
ORDER_0005577,CUST_00256,89845.02,INR,2026-08-07 18:43:23.122833
ORDER_0005578,CUST_00313,8833.06,INR,2026-06-06 02:21:35.122833
ORDER_0005579,CUST_01339,89501.78,INR,2026-07-25 15:23:11.122833
ORDER_0005580,CUST_01518,415.23,INR,2026-07-08 09:09:26.122833
ORDER_0005581,CUST_01679,434.62,INR,2026-06-11 14:41:06.122833
ORDER_0005582,CUST_01898,197.22,INR,2026-07-12 00:10:25.122833
ORDER_0005583,CUST_01504,73734.62,INR,2026-08-07 09:54:23.122833
ORDER_0005584,CUST_00075,7368.53,INR,2026-06-26 04:34:52.122833
ORDER_0005585,CUST_00366,91868.23,INR,2026-08-06 13:30:24.122833
ORDER_0005586,CUST_00923,67265.34,INR,2026-06-19 01:28:02.122833
ORDER_0005587,CUST_01471,15650.55,INR,2026-08-01 07:16:28.122833
ORDER_0005588,CUST_01216,3674.39,INR,2026-07-23 01:25:50.122833
ORDER_0005589,CUST_01823,7803.29,INR,2026-07-11 20:10:26.122833
ORDER_0005590,CUST_01385,323.62,INR,2026-08-13 08:42:17.122833
ORDER_0005591,CUST_01547,107.11,INR,2026-06-20 14:49:49.122833
ORDER_0005592,CUST_01555,7685.72,INR,2026-07-19 06:33:27.122833
ORDER_0005593,CUST_00510,7551.38,INR,2026-08-23 22:52:41.122833
ORDER_0005594,CUST_01662,60292.47,INR,2026-08-15 20:54:22.122833
ORDER_0005595,CUST_00931,5454.14,INR,2026-06-25 20:42:53.122833
ORDER_0005596,CUST_01025,498.11,INR,2026-08-07 22:06:05.122833
ORDER_0005597,CUST_01098,5269.34,INR,2026-06-29 01:37:46.122833
ORDER_0005598,CUST_01829,2518.88,INR,2026-08-06 01:01:03.122833
ORDER_0005599,CUST_01929,33151.95,INR,2026-06-23 16:32:22.122833
ORDER_0005600,CUST_01885,984.48,INR,2026-06-11 12:23:38.122833
ORDER_0005601,CUST_01683,3972.53,INR,2026-08-05 01:21:00.122833
ORDER_0005602,CUST_00627,229.76,INR,2026-08-02 10:27:38.122833
ORDER_0005603,CUST_00751,78310.4,INR,2026-07-27 11:43:01.122833
ORDER_0005604,CUST_00390,3414.42,INR,2026-07-10 12:13:56.122833
ORDER_0005605,CUST_01097,476.47,INR,2026-08-05 19:16:40.122833
ORDER_0005606,CUST_01795,987.72,INR,2026-06-26 04:34:47.122833
ORDER_0005607,CUST_00853,97729.6,INR,2026-06-15 20:12:19.122833
ORDER_0005608,CUST_00864,339.66,INR,2026-06-24 14:16:45.122833
ORDER_0005609,CUST_00008,3073.63,INR,2026-06-07 18:24:30.122833
ORDER_0005610,CUST_01837,15788.96,INR,2026-07-12 18:17:39.122833
ORDER_0005611,CUST_00091,89492.56,INR,2026-07-04 07:49:18.122833
ORDER_0005612,CUST_01279,3201.47,INR,2026-07-04 10:19:45.122833
ORDER_0005613,CUST_01537,7178.37,INR,2026-08-07 05:02:42.122833
ORDER_0005614,CUST_00719,68655.35,INR,2026-08-30 12:55:42.122833
ORDER_0005615,CUST_00251,82102.77,INR,2026-07-10 00:20:56.122833
ORDER_0005616,CUST_01178,1019.16,INR,2026-06-09 02:43:40.122833
ORDER_0005617,CUST_01704,45603.91,INR,2026-07-19 02:27:47.122833
ORDER_0005618,CUST_00777,32990.34,INR,2026-06-28 05:27:14.122833
ORDER_0005619,CUST_00086,4728.08,INR,2026-06-06 03:13:54.122833
ORDER_0005620,CUST_01977,1966.34,INR,2026-06-21 07:48:52.122833
ORDER_0005621,CUST_01453,894.53,INR,2026-06-30 22:23:58.122833
ORDER_0005622,CUST_00847,9826.17,INR,2026-06-26 21:02:48.122833
ORDER_0005623,CUST_01208,510.32,INR,2026-06-26 19:52:56.122833
ORDER_0005624,CUST_01550,18341.94,INR,2026-07-06 08:20:05.122833
ORDER_0005625,CUST_01013,6916.57,INR,2026-07-08 22:00:07.122833
ORDER_0005626,CUST_00064,38493.9,INR,2026-07-03 14:51:51.122833
ORDER_0005627,CUST_00452,144.7,INR,2026-08-30 04:30:23.122833
ORDER_0005628,CUST_01857,2672.24,INR,2026-08-28 21:17:10.122833
ORDER_0005629,CUST_01421,7391.96,INR,2026-08-06 19:20:54.122833
ORDER_0005630,CUST_00100,631.94,INR,2026-06-22 17:11:33.122833
ORDER_0005631,CUST_00694,46199.06,INR,2026-08-19 07:25:58.122833
ORDER_0005632,CUST_00613,9734.88,INR,2026-06-06 19:04:09.122833
ORDER_0005633,CUST_01601,64282.5,INR,2026-06-28 13:09:06.122833
ORDER_0005634,CUST_00099,9101.62,INR,2026-07-28 22:44:43.122833
ORDER_0005635,CUST_00319,848.7,INR,2026-07-05 00:03:50.122833
ORDER_0005636,CUST_01615,5257.73,INR,2026-08-01 10:43:49.122833
ORDER_0005637,CUST_01586,1861.14,INR,2026-06-23 12:40:35.122833
ORDER_0005638,CUST_01406,384.88,INR,2026-07-02 21:38:11.122833
ORDER_0005639,CUST_01738,53558.2,INR,2026-08-28 16:10:35.122833
ORDER_0005640,CUST_00309,4296.52,INR,2026-06-10 01:20:47.122833
ORDER_0005641,CUST_01310,109.76,INR,2026-06-13 03:44:07.122833
ORDER_0005642,CUST_01987,461.31,INR,2026-08-21 12:20:27.122833
ORDER_0005643,CUST_01171,513.91,INR,2026-06-06 20:15:22.122833
ORDER_0005644,CUST_00091,1744.16,INR,2026-06-26 18:22:07.122833
ORDER_0005645,CUST_00979,2616.54,INR,2026-07-11 06:06:22.122833
ORDER_0005646,CUST_00052,870.3,INR,2026-08-29 09:36:07.122833
ORDER_0005647,CUST_00837,4202.23,INR,2026-08-15 15:53:56.122833
ORDER_0005648,CUST_01122,230.99,INR,2026-07-13 11:20:02.122833
ORDER_0005649,CUST_00366,511.21,INR,2026-07-11 22:30:30.122833
ORDER_0005650,CUST_01694,5257.62,INR,2026-08-11 21:27:40.122833
ORDER_0005651,CUST_00899,1069.45,INR,2026-08-29 07:29:12.122833
ORDER_0005652,CUST_00486,8577.81,INR,2026-07-25 23:37:45.122833
ORDER_0005653,CUST_01625,4836.39,INR,2026-06-09 23:29:35.122833
ORDER_0005654,CUST_01482,17490.62,INR,2026-06-11 11:07:53.122833
ORDER_0005655,CUST_00395,864.45,INR,2026-08-20 06:15:03.122833
ORDER_0005656,CUST_00098,262.21,INR,2026-07-28 08:41:46.122833
ORDER_0005657,CUST_01392,823.12,INR,2026-08-02 17:32:28.122833
ORDER_0005658,CUST_00577,35368.85,INR,2026-08-09 15:29:37.122833
ORDER_0005659,CUST_00587,1737.11,INR,2026-07-18 12:43:18.122833
ORDER_0005660,CUST_02000,835.93,INR,2026-06-16 16:53:31.122833
ORDER_0005661,CUST_01771,874.62,INR,2026-06-28 22:47:42.122833
ORDER_0005662,CUST_00919,47103.84,INR,2026-08-17 17:29:59.122833
ORDER_0005663,CUST_01456,400.9,INR,2026-07-28 06:48:10.122833
ORDER_0005664,CUST_01300,37412.84,INR,2026-08-29 13:18:29.122833
ORDER_0005665,CUST_00954,158.31,INR,2026-08-17 05:42:04.122833
ORDER_0005666,CUST_01502,1449.13,INR,2026-07-10 14:16:40.122833
ORDER_0005667,CUST_00900,7510.64,INR,2026-06-22 07:34:54.122833
ORDER_0005668,CUST_01712,1058.62,INR,2026-08-09 13:15:22.122833
ORDER_0005669,CUST_00822,372.39,INR,2026-07-28 16:21:39.122833
ORDER_0005670,CUST_01898,9097.37,INR,2026-06-25 05:57:48.122833
ORDER_0005671,CUST_01651,505.75,INR,2026-06-11 21:48:34.122833
ORDER_0005672,CUST_00603,1096.52,INR,2026-07-15 09:35:14.122833
ORDER_0005673,CUST_00440,40690.81,INR,2026-08-26 10:31:19.122833
ORDER_0005674,CUST_00551,660.16,INR,2026-08-25 08:23:16.122833
ORDER_0005675,CUST_00446,83778.09,INR,2026-07-18 07:10:36.122833
ORDER_0005676,CUST_00722,6777.49,INR,2026-07-09 13:25:07.122833
ORDER_0005677,CUST_00361,5086.12,INR,2026-06-06 04:08:18.122833
ORDER_0005678,CUST_00895,419.15,INR,2026-08-08 12:50:05.122833
ORDER_0005679,CUST_00528,796.81,INR,2026-06-08 03:39:45.122833
ORDER_0005680,CUST_00735,90323.2,INR,2026-06-10 18:00:39.122833
ORDER_0005681,CUST_01047,797.01,INR,2026-08-11 06:12:04.122833
ORDER_0005682,CUST_01917,5393.13,INR,2026-06-30 12:20:25.122833
ORDER_0005683,CUST_00215,1251.37,INR,2026-08-11 18:20:14.122833
ORDER_0005684,CUST_01556,73378.66,INR,2026-07-01 08:07:49.122833
ORDER_0005685,CUST_01305,84523.12,INR,2026-07-05 00:45:18.122833
ORDER_0005686,CUST_01654,613.84,INR,2026-08-06 01:28:22.122833
ORDER_0005687,CUST_00799,9464.47,INR,2026-06-03 05:59:31.122833
ORDER_0005688,CUST_01944,4527.62,INR,2026-07-24 19:57:35.122833
ORDER_0005689,CUST_00269,23248.44,INR,2026-06-20 07:07:33.122833
ORDER_0005690,CUST_01637,6228.7,INR,2026-06-05 03:06:38.122833
ORDER_0005691,CUST_00885,84717.53,INR,2026-07-09 18:52:39.122833
ORDER_0005692,CUST_00820,15836.94,INR,2026-07-14 22:34:28.122833
ORDER_0005693,CUST_01344,561.28,INR,2026-07-31 11:17:42.122833
ORDER_0005694,CUST_00495,897.54,INR,2026-07-29 15:39:12.122833
ORDER_0005695,CUST_01924,684.42,INR,2026-08-20 16:28:39.122833
ORDER_0005696,CUST_01999,600.17,INR,2026-06-15 19:06:50.122833
ORDER_0005697,CUST_01676,549.63,INR,2026-07-06 01:38:02.122833
ORDER_0005698,CUST_00234,70028.06,INR,2026-07-17 10:30:42.122833
ORDER_0005699,CUST_01858,518.45,INR,2026-06-10 19:33:34.122833
ORDER_0005700,CUST_00434,6298.03,INR,2026-07-21 18:38:34.122833
ORDER_0005701,CUST_00505,9629.63,INR,2026-07-14 00:53:11.122833
ORDER_0005702,CUST_01749,7956.17,INR,2026-07-02 07:11:01.122833
ORDER_0005703,CUST_00965,50463.83,INR,2026-07-03 11:12:23.122833
ORDER_0005704,CUST_01910,72582.76,INR,2026-08-08 04:30:12.122833
ORDER_0005705,CUST_00667,200.86,INR,2026-07-06 23:28:48.122833
ORDER_0005706,CUST_01706,878.79,INR,2026-07-08 08:47:13.122833
ORDER_0005707,CUST_01461,75639.96,INR,2026-08-13 07:15:29.122833
ORDER_0005708,CUST_01221,75754.63,INR,2026-07-31 19:19:42.122833
ORDER_0005709,CUST_01408,257.24,INR,2026-07-13 19:19:30.122833
ORDER_0005710,CUST_00471,82942.62,INR,2026-07-12 23:52:02.122833
ORDER_0005711,CUST_01058,58720.59,INR,2026-06-15 06:57:32.122833
ORDER_0005712,CUST_01575,54697.38,INR,2026-07-16 05:15:01.122833
ORDER_0005713,CUST_00109,949.49,INR,2026-07-08 21:25:08.122833
ORDER_0005714,CUST_01574,66065.63,INR,2026-07-04 22:31:34.122833
ORDER_0005715,CUST_01447,3762.05,INR,2026-07-10 03:16:28.122833
ORDER_0005716,CUST_01358,643.97,INR,2026-07-06 15:28:48.122833
ORDER_0005717,CUST_00285,230.14,INR,2026-06-08 13:51:40.122833
ORDER_0005718,CUST_00312,48320.72,INR,2026-06-14 13:10:55.122833
ORDER_0005719,CUST_01516,233.83,INR,2026-07-27 19:17:32.122833
ORDER_0005720,CUST_01557,6267.41,INR,2026-06-25 19:13:04.122833
ORDER_0005721,CUST_00956,16867.16,INR,2026-07-19 01:05:40.122833
ORDER_0005722,CUST_01069,67725.47,INR,2026-06-15 11:21:21.122833
ORDER_0005723,CUST_01434,7642.39,INR,2026-06-25 03:17:47.122833
ORDER_0005724,CUST_01412,26014.24,INR,2026-06-19 06:22:19.122833
ORDER_0005725,CUST_00073,34908.92,INR,2026-07-20 06:23:01.122833
ORDER_0005726,CUST_01654,20236.27,INR,2026-06-17 21:42:03.122833
ORDER_0005727,CUST_00685,8690.44,INR,2026-08-14 00:41:26.122833
ORDER_0005728,CUST_00824,431.55,INR,2026-08-19 07:59:57.122833
ORDER_0005729,CUST_00307,17443.37,INR,2026-07-17 06:27:08.122833
ORDER_0005730,CUST_01279,559.61,INR,2026-07-27 17:06:13.122833
ORDER_0005731,CUST_00184,7170.94,INR,2026-07-08 20:43:59.122833
ORDER_0005732,CUST_00981,6797.53,INR,2026-07-19 10:20:04.122833
ORDER_0005733,CUST_00655,53426.43,INR,2026-06-10 06:09:46.122833
ORDER_0005734,CUST_01184,92316.55,INR,2026-07-01 20:22:13.122833
ORDER_0005735,CUST_01230,290.51,INR,2026-07-21 10:13:00.122833
ORDER_0005736,CUST_00500,1688.42,INR,2026-07-06 17:55:40.122833
ORDER_0005737,CUST_01410,6288.49,INR,2026-06-17 22:20:51.122833
ORDER_0005738,CUST_01372,145.15,INR,2026-07-09 13:04:32.122833
ORDER_0005739,CUST_01846,8691.79,INR,2026-07-13 03:41:19.122833
ORDER_0005740,CUST_00649,27737.12,INR,2026-06-12 08:21:36.122833
ORDER_0005741,CUST_00629,4398.11,INR,2026-06-03 01:27:55.122833
ORDER_0005742,CUST_00940,5833.96,INR,2026-07-28 04:41:22.122833
ORDER_0005743,CUST_01060,93046.49,INR,2026-08-30 12:29:44.122833
ORDER_0005744,CUST_01464,15439.9,INR,2026-06-09 03:33:19.122833
ORDER_0005745,CUST_00705,53810.61,INR,2026-07-30 04:09:56.122833
ORDER_0005746,CUST_01449,41392.69,INR,2026-06-17 04:28:52.122833
ORDER_0005747,CUST_00739,19612.38,INR,2026-08-19 05:47:31.122833
ORDER_0005748,CUST_01880,5911.28,INR,2026-07-31 22:47:12.122833
ORDER_0005749,CUST_00141,904.29,INR,2026-08-15 15:29:35.122833
ORDER_0005750,CUST_01363,6648.9,INR,2026-07-03 18:15:16.122833
ORDER_0005751,CUST_01818,55251.74,INR,2026-06-10 03:06:06.122833
ORDER_0005752,CUST_00741,190.67,INR,2026-07-01 16:24:32.122833
ORDER_0005753,CUST_01777,4560.59,INR,2026-06-30 09:28:27.122833
ORDER_0005754,CUST_00173,857.41,INR,2026-07-01 21:48:52.122833
ORDER_0005755,CUST_01079,4008.91,INR,2026-06-18 09:24:17.122833
ORDER_0005756,CUST_00988,102.92,INR,2026-07-05 18:32:34.122833
ORDER_0005757,CUST_01323,66068.52,INR,2026-06-19 01:36:04.122833
ORDER_0005758,CUST_00146,3249.63,INR,2026-08-22 19:37:44.122833
ORDER_0005759,CUST_01251,7756.74,INR,2026-06-24 20:08:44.122833
ORDER_0005760,CUST_00244,15585.3,INR,2026-08-31 11:54:37.122833
ORDER_0005761,CUST_00725,406.47,INR,2026-08-11 13:48:57.122833
ORDER_0005762,CUST_01139,695.79,INR,2026-08-31 12:53:17.122833
ORDER_0005763,CUST_00535,8679.1,INR,2026-07-28 17:24:42.122833
ORDER_0005764,CUST_01158,4217.23,INR,2026-06-15 13:21:10.122833
ORDER_0005765,CUST_01614,76432.54,INR,2026-06-19 19:33:10.122833
ORDER_0005766,CUST_00611,100.41,INR,2026-07-19 22:33:56.122833
ORDER_0005767,CUST_00260,56313.58,INR,2026-07-05 08:38:42.122833
ORDER_0005768,CUST_00020,17730.46,INR,2026-08-29 16:38:24.122833
ORDER_0005769,CUST_01987,402.2,INR,2026-07-14 19:24:24.122833
ORDER_0005770,CUST_00915,11109.97,INR,2026-07-05 15:53:23.122833
ORDER_0005771,CUST_01166,6375.54,INR,2026-08-29 10:40:48.122833
ORDER_0005772,CUST_00483,487.99,INR,2026-07-15 05:52:45.122833
ORDER_0005773,CUST_00415,1890.14,INR,2026-07-25 21:10:16.122833
ORDER_0005774,CUST_00314,39627.4,INR,2026-08-19 13:28:33.122833
ORDER_0005775,CUST_00712,17707.99,INR,2026-08-25 08:48:14.122833
ORDER_0005776,CUST_01712,204.53,INR,2026-07-27 23:33:37.122833
ORDER_0005777,CUST_00284,6468.44,INR,2026-06-13 07:03:09.122833
ORDER_0005778,CUST_01089,29475.92,INR,2026-07-07 17:27:34.122833
ORDER_0005779,CUST_01126,724.03,INR,2026-07-28 22:59:57.122833
ORDER_0005780,CUST_00208,208.9,INR,2026-06-03 03:41:49.122833
ORDER_0005781,CUST_01969,915.19,INR,2026-06-13 02:11:31.122833
ORDER_0005782,CUST_00522,23693.21,INR,2026-08-29 04:34:34.122833
ORDER_0005783,CUST_01563,37650.13,INR,2026-07-21 10:53:50.122833
ORDER_0005784,CUST_01279,46292.1,INR,2026-07-01 11:06:44.122833
ORDER_0005785,CUST_00746,589.38,INR,2026-08-19 04:50:42.122833
ORDER_0005786,CUST_00766,44702.66,INR,2026-07-04 08:12:37.122833
ORDER_0005787,CUST_01093,9564.82,INR,2026-06-29 02:45:31.122833
ORDER_0005788,CUST_01534,6190.43,INR,2026-06-21 04:19:58.122833
ORDER_0005789,CUST_00956,816.31,INR,2026-08-28 05:52:41.122833
ORDER_0005790,CUST_01933,185.59,INR,2026-06-23 17:42:30.122833
ORDER_0005791,CUST_01131,192.11,INR,2026-08-27 17:43:01.122833
ORDER_0005792,CUST_00751,58882.99,INR,2026-06-03 19:11:18.122833
ORDER_0005793,CUST_01684,75387.49,INR,2026-08-31 00:46:00.122833
ORDER_0005794,CUST_01110,326.62,INR,2026-08-02 17:44:47.122833
ORDER_0005795,CUST_00539,318.43,INR,2026-07-03 00:01:17.122833
ORDER_0005796,CUST_01963,8515.3,INR,2026-06-18 00:41:20.122833
ORDER_0005797,CUST_00895,4815.21,INR,2026-07-18 15:04:02.122833
ORDER_0005798,CUST_00020,22115.4,INR,2026-06-21 19:30:43.122833
ORDER_0005799,CUST_00247,69500.34,INR,2026-08-14 13:00:26.122833
ORDER_0005800,CUST_01560,6758.13,INR,2026-08-10 08:53:21.122833
ORDER_0005801,CUST_00188,14662.81,INR,2026-08-09 15:20:49.122833
ORDER_0005802,CUST_01879,888.86,INR,2026-06-09 21:13:03.122833
ORDER_0005803,CUST_01341,6852.6,INR,2026-08-23 10:19:08.122833
ORDER_0005804,CUST_01478,84930.4,INR,2026-06-06 01:46:27.122833
ORDER_0005805,CUST_01042,16573.83,INR,2026-08-06 23:04:03.122833
ORDER_0005806,CUST_01206,7788.95,INR,2026-08-30 15:39:21.122833
ORDER_0005807,CUST_00111,230.18,INR,2026-07-06 01:29:35.122833
ORDER_0005808,CUST_01467,348.86,INR,2026-07-15 00:20:27.122833
ORDER_0005809,CUST_00276,57866.46,INR,2026-06-22 17:33:59.122833
ORDER_0005810,CUST_01269,85960.29,INR,2026-08-14 18:00:24.122833
ORDER_0005811,CUST_00154,59581.71,INR,2026-06-20 14:05:56.122833
ORDER_0005812,CUST_01799,297.58,INR,2026-08-18 18:55:54.122833
ORDER_0005813,CUST_00754,91705.21,INR,2026-06-21 05:04:01.122833
ORDER_0005814,CUST_00948,6639.02,INR,2026-07-25 22:16:53.122833
ORDER_0005815,CUST_01289,53029.36,INR,2026-08-30 18:53:26.122833
ORDER_0005816,CUST_00366,2625.81,INR,2026-08-29 08:20:28.122833
ORDER_0005817,CUST_01210,30788.65,INR,2026-08-01 05:32:42.122833
ORDER_0005818,CUST_01512,641.88,INR,2026-08-12 00:49:35.122833
ORDER_0005819,CUST_00118,483.74,INR,2026-08-04 18:50:24.122833
ORDER_0005820,CUST_01933,73639.8,INR,2026-06-08 03:15:01.122833
ORDER_0005821,CUST_00591,98506.5,INR,2026-06-02 22:02:46.122833
ORDER_0005822,CUST_00723,75089.28,INR,2026-08-30 19:23:11.122833
ORDER_0005823,CUST_00947,35429.74,INR,2026-07-31 18:25:12.122833
ORDER_0005824,CUST_00209,9216.49,INR,2026-07-16 21:04:53.122833
ORDER_0005825,CUST_01574,440.1,INR,2026-08-16 05:33:30.122833
ORDER_0005826,CUST_01300,5921.51,INR,2026-08-30 03:22:07.122833
ORDER_0005827,CUST_00800,1656.63,INR,2026-07-26 05:39:17.122833
ORDER_0005828,CUST_01200,351.53,INR,2026-08-29 00:02:25.122833
ORDER_0005829,CUST_00632,433.71,INR,2026-08-10 08:04:56.122833
ORDER_0005830,CUST_01572,3946.66,INR,2026-06-11 22:41:02.122833
ORDER_0005831,CUST_01837,623.65,INR,2026-08-30 23:47:43.122833
ORDER_0005832,CUST_01347,18955.2,INR,2026-07-12 11:24:50.122833
ORDER_0005833,CUST_01933,4083.62,INR,2026-06-24 20:51:18.122833
ORDER_0005834,CUST_00572,4199.34,INR,2026-08-12 20:38:58.122833
ORDER_0005835,CUST_01748,127.39,INR,2026-06-16 06:08:31.122833
ORDER_0005836,CUST_00084,2208.77,INR,2026-08-23 11:20:42.122833
ORDER_0005837,CUST_01211,552.1,INR,2026-08-10 11:19:00.122833
ORDER_0005838,CUST_01065,278.85,INR,2026-08-03 02:03:46.122833
ORDER_0005839,CUST_00076,2008.33,INR,2026-06-08 17:27:51.122833
ORDER_0005840,CUST_01285,83440.69,INR,2026-08-12 00:51:18.122833
ORDER_0005841,CUST_01481,3070.53,INR,2026-08-07 02:38:08.122833
ORDER_0005842,CUST_01129,498.81,INR,2026-08-21 07:40:25.122833
ORDER_0005843,CUST_01946,9128.42,INR,2026-07-29 00:59:41.122833
ORDER_0005844,CUST_00622,480.8,INR,2026-06-09 10:14:45.122833
ORDER_0005845,CUST_01715,178.91,INR,2026-06-12 19:23:38.122833
ORDER_0005846,CUST_00044,907.9,INR,2026-06-25 23:19:28.122833
ORDER_0005847,CUST_01384,79016.34,INR,2026-08-27 20:59:59.122833
ORDER_0005848,CUST_01316,12407.59,INR,2026-06-11 20:57:12.122833
ORDER_0005849,CUST_00782,1168.41,INR,2026-07-25 17:17:49.122833
ORDER_0005850,CUST_01140,956.65,INR,2026-06-15 02:55:52.122833
ORDER_0005851,CUST_00665,2377.59,INR,2026-06-04 21:40:22.122833
ORDER_0005852,CUST_01864,5029.65,INR,2026-07-13 15:13:34.122833
ORDER_0005853,CUST_01824,6709.67,INR,2026-08-03 21:14:12.122833
ORDER_0005854,CUST_01709,2724.04,INR,2026-07-27 17:36:08.122833
ORDER_0005855,CUST_00818,645.92,INR,2026-06-22 22:49:30.122833
ORDER_0005856,CUST_01979,35209.39,INR,2026-07-02 19:57:03.122833
ORDER_0005857,CUST_01298,3302.32,INR,2026-07-02 06:04:50.122833
ORDER_0005858,CUST_01573,216.74,INR,2026-08-19 17:39:37.122833
ORDER_0005859,CUST_00048,118.73,INR,2026-08-02 16:03:19.122833
ORDER_0005860,CUST_00510,2793.5,INR,2026-07-05 00:32:36.122833
ORDER_0005861,CUST_01977,964.04,INR,2026-08-11 13:50:16.122833
ORDER_0005862,CUST_01050,23206.71,INR,2026-06-15 00:24:02.122833
ORDER_0005863,CUST_01516,42160.66,INR,2026-07-17 16:09:08.122833
ORDER_0005864,CUST_01152,217.43,INR,2026-08-10 14:35:07.122833
ORDER_0005865,CUST_01705,90210.01,INR,2026-07-29 02:39:02.122833
ORDER_0005866,CUST_01061,7437.83,INR,2026-07-20 06:43:33.122833
ORDER_0005867,CUST_01019,481.17,INR,2026-06-23 17:43:48.122833
ORDER_0005868,CUST_00062,550.09,INR,2026-07-31 11:32:44.122833
ORDER_0005869,CUST_01187,61638.47,INR,2026-07-16 22:01:13.122833
ORDER_0005870,CUST_01781,13754.78,INR,2026-07-18 20:48:36.122833
ORDER_0005871,CUST_00247,3474.2,INR,2026-07-03 13:53:13.122833
ORDER_0005872,CUST_00704,407.42,INR,2026-08-04 05:47:26.122833
ORDER_0005873,CUST_01281,5106.2,INR,2026-06-13 14:46:01.122833
ORDER_0005874,CUST_01286,12755.9,INR,2026-08-05 10:01:57.122833
ORDER_0005875,CUST_01827,462.47,INR,2026-08-02 09:55:57.122833
ORDER_0005876,CUST_00851,1962.49,INR,2026-07-22 02:44:52.122833
ORDER_0005877,CUST_00852,61185.51,INR,2026-08-03 11:59:14.122833
ORDER_0005878,CUST_00358,392.76,INR,2026-07-07 17:10:48.122833
ORDER_0005879,CUST_01452,910.47,INR,2026-07-29 06:05:10.122833
ORDER_0005880,CUST_00811,1730.35,INR,2026-06-05 14:49:31.122833
ORDER_0005881,CUST_00686,3051.13,INR,2026-08-28 15:08:26.122833
ORDER_0005882,CUST_00279,2262.45,INR,2026-08-03 05:45:35.122833
ORDER_0005883,CUST_01401,51277.28,INR,2026-06-29 16:43:35.122833
ORDER_0005884,CUST_01505,41172.88,INR,2026-08-04 14:22:00.122833
ORDER_0005885,CUST_01206,4029.18,INR,2026-06-28 12:28:24.122833
ORDER_0005886,CUST_01013,13241.01,INR,2026-08-10 08:36:18.122833
ORDER_0005887,CUST_00514,52118.57,INR,2026-08-26 12:09:39.122833
ORDER_0005888,CUST_00994,573.07,INR,2026-08-04 03:47:46.122833
ORDER_0005889,CUST_00176,744.23,INR,2026-08-15 14:37:11.122833
ORDER_0005890,CUST_00815,932.49,INR,2026-08-07 12:52:01.122833
ORDER_0005891,CUST_01595,11949.77,INR,2026-07-02 17:32:45.122833
ORDER_0005892,CUST_00296,545.04,INR,2026-07-01 05:52:11.122833
ORDER_0005893,CUST_01126,7192.74,INR,2026-07-24 18:37:55.122833
ORDER_0005894,CUST_00633,723.57,INR,2026-08-08 23:37:58.122833
ORDER_0005895,CUST_01943,987.01,INR,2026-07-23 06:17:08.122833
ORDER_0005896,CUST_00483,9559.33,INR,2026-06-14 20:09:33.122833
ORDER_0005897,CUST_00444,3705.57,INR,2026-06-08 08:31:48.122833
ORDER_0005898,CUST_01469,726.13,INR,2026-06-13 18:17:18.122833
ORDER_0005899,CUST_00586,9816.96,INR,2026-08-17 04:36:24.122833
ORDER_0005900,CUST_00691,112.4,INR,2026-08-08 21:01:39.122833
ORDER_0005901,CUST_01642,356.74,INR,2026-07-17 14:35:10.122833
ORDER_0005902,CUST_01805,3771.62,INR,2026-08-16 14:50:04.122833
ORDER_0005903,CUST_01919,88737.6,INR,2026-08-28 05:12:23.122833
ORDER_0005904,CUST_01887,330.73,INR,2026-08-03 15:32:45.122833
ORDER_0005905,CUST_00121,96445.57,INR,2026-06-12 09:56:48.122833
ORDER_0005906,CUST_01187,63532.1,INR,2026-07-21 03:56:28.122833
ORDER_0005907,CUST_01076,33500.96,INR,2026-06-18 05:09:29.122833
ORDER_0005908,CUST_01301,355.27,INR,2026-06-12 19:41:23.122833
ORDER_0005909,CUST_01131,15326.91,INR,2026-07-13 23:01:42.122833
ORDER_0005910,CUST_00926,791.02,INR,2026-08-20 15:17:20.122833
ORDER_0005911,CUST_00120,4215.46,INR,2026-06-12 00:09:06.122833
ORDER_0005912,CUST_00638,51734.48,INR,2026-06-10 10:20:53.122833
ORDER_0005913,CUST_01293,5271.67,INR,2026-06-26 02:20:32.122833
ORDER_0005914,CUST_01468,913.18,INR,2026-07-06 23:28:36.122833
ORDER_0005915,CUST_01841,899.47,INR,2026-08-20 11:40:07.122833
ORDER_0005916,CUST_00233,8038.4,INR,2026-06-16 00:05:47.122833
ORDER_0005917,CUST_00539,383.68,INR,2026-06-14 14:04:32.122833
ORDER_0005918,CUST_00526,165.74,INR,2026-06-13 14:56:17.122833
ORDER_0005919,CUST_00310,632.69,INR,2026-06-05 07:04:07.122833
ORDER_0005920,CUST_00542,5399.2,INR,2026-08-04 16:04:40.122833
ORDER_0005921,CUST_00940,624.75,INR,2026-06-19 17:43:26.122833
ORDER_0005922,CUST_01265,33830.05,INR,2026-08-25 13:03:00.122833
ORDER_0005923,CUST_00955,481.45,INR,2026-08-14 05:56:36.122833
ORDER_0005924,CUST_01151,60448.43,INR,2026-06-15 19:28:31.122833
ORDER_0005925,CUST_00206,4819.78,INR,2026-06-13 03:34:44.122833
ORDER_0005926,CUST_01214,78800.27,INR,2026-08-11 01:25:13.122833
ORDER_0005927,CUST_00164,22750.22,INR,2026-06-10 21:03:39.122833
ORDER_0005928,CUST_00168,580.54,INR,2026-07-15 04:20:58.122833
ORDER_0005929,CUST_01318,786.87,INR,2026-07-11 13:52:18.122833
ORDER_0005930,CUST_01259,576.97,INR,2026-07-24 10:20:34.122833
ORDER_0005931,CUST_00992,62247.66,INR,2026-07-02 18:55:06.122833
ORDER_0005932,CUST_00005,970.74,INR,2026-07-06 07:43:10.122833
ORDER_0005933,CUST_00539,84292.94,INR,2026-06-08 00:46:08.122833
ORDER_0005934,CUST_00778,76312.87,INR,2026-07-04 22:54:55.122833
ORDER_0005935,CUST_00422,2542.55,INR,2026-06-05 07:39:08.122833
ORDER_0005936,CUST_01159,5462.54,INR,2026-08-11 02:55:55.122833
ORDER_0005937,CUST_01932,71751.31,INR,2026-08-21 08:05:02.122833
ORDER_0005938,CUST_00183,2906.37,INR,2026-08-30 03:38:21.122833
ORDER_0005939,CUST_01359,2627.51,INR,2026-07-20 09:36:05.122833
ORDER_0005940,CUST_00856,3278.01,INR,2026-07-27 12:03:38.122833
ORDER_0005941,CUST_00753,8148.91,INR,2026-07-14 01:40:06.122833
ORDER_0005942,CUST_00426,1475.83,INR,2026-07-27 18:35:59.122833
ORDER_0005943,CUST_01027,5599.31,INR,2026-07-25 15:25:17.122833
ORDER_0005944,CUST_01117,9642.54,INR,2026-08-19 21:00:38.122833
ORDER_0005945,CUST_00083,428.51,INR,2026-08-17 19:54:50.122833
ORDER_0005946,CUST_00317,41647.26,INR,2026-08-25 14:45:41.122833
ORDER_0005947,CUST_00571,361.23,INR,2026-06-16 03:55:15.122833
ORDER_0005948,CUST_00522,8973.58,INR,2026-06-17 20:34:26.122833
ORDER_0005949,CUST_01949,97998.67,INR,2026-06-21 20:00:26.122833
ORDER_0005950,CUST_00153,642.75,INR,2026-07-28 06:43:38.122833
ORDER_0005951,CUST_01226,850.48,INR,2026-06-16 07:42:00.122833
ORDER_0005952,CUST_01248,7688.56,INR,2026-07-27 07:48:08.122833
ORDER_0005953,CUST_01135,228.99,INR,2026-08-10 05:00:19.122833
ORDER_0005954,CUST_00986,529.23,INR,2026-06-23 17:25:29.122833
ORDER_0005955,CUST_01238,84270.87,INR,2026-08-07 15:48:20.122833
ORDER_0005956,CUST_01671,36743.22,INR,2026-08-03 05:08:23.122833
ORDER_0005957,CUST_00717,9409.8,INR,2026-06-17 14:30:12.122833
ORDER_0005958,CUST_01284,513.94,INR,2026-07-14 02:13:54.122833
ORDER_0005959,CUST_00496,8660.47,INR,2026-07-27 22:20:54.122833
ORDER_0005960,CUST_01659,3363.07,INR,2026-07-31 06:56:40.122833
ORDER_0005961,CUST_00889,9062.66,INR,2026-08-23 10:03:09.122833
ORDER_0005962,CUST_00906,5563.67,INR,2026-08-12 00:03:19.122833
ORDER_0005963,CUST_01703,1982.75,INR,2026-08-07 17:20:07.122833
ORDER_0005964,CUST_01804,22935.47,INR,2026-06-12 22:27:31.122833
ORDER_0005965,CUST_00596,23055.92,INR,2026-06-29 18:29:05.122833
ORDER_0005966,CUST_01624,912.01,INR,2026-07-10 20:46:24.122833
ORDER_0005967,CUST_01381,876.25,INR,2026-07-17 10:07:59.122833
ORDER_0005968,CUST_00496,73944.29,INR,2026-06-29 11:17:32.122833
ORDER_0005969,CUST_00111,3503.48,INR,2026-08-06 01:05:03.122833
ORDER_0005970,CUST_01570,429.92,INR,2026-07-21 14:15:48.122833
ORDER_0005971,CUST_01609,171.51,INR,2026-06-15 18:56:06.122833
ORDER_0005972,CUST_01082,57870.73,INR,2026-06-18 07:42:04.122833
ORDER_0005973,CUST_00580,36275.82,INR,2026-07-05 11:09:00.122833
ORDER_0005974,CUST_00654,95167.99,INR,2026-08-11 07:48:55.122833
ORDER_0005975,CUST_00156,4981.18,INR,2026-07-20 05:00:19.122833
ORDER_0005976,CUST_00721,533.37,INR,2026-07-03 12:09:49.122833
ORDER_0005977,CUST_00614,77680.76,INR,2026-08-27 01:29:05.122833
ORDER_0005978,CUST_00066,7582.68,INR,2026-07-23 02:07:17.122833
ORDER_0005979,CUST_01410,79276.29,INR,2026-06-20 18:21:19.122833
ORDER_0005980,CUST_00630,171.83,INR,2026-06-15 23:49:10.122833
ORDER_0005981,CUST_01919,441.42,INR,2026-06-27 14:17:21.122833
ORDER_0005982,CUST_00616,32624.29,INR,2026-07-23 06:32:17.122833
ORDER_0005983,CUST_00349,8894.88,INR,2026-08-18 07:22:12.122833
ORDER_0005984,CUST_00455,933.8,INR,2026-07-07 16:00:12.122833
ORDER_0005985,CUST_00655,912.34,INR,2026-07-07 04:07:45.122833
ORDER_0005986,CUST_01352,263.36,INR,2026-07-26 14:12:13.122833
ORDER_0005987,CUST_01223,1272.89,INR,2026-06-07 14:55:36.122833
ORDER_0005988,CUST_01591,2886.33,INR,2026-08-24 02:59:14.122833
ORDER_0005989,CUST_00958,98416.49,INR,2026-07-18 20:18:14.122833
ORDER_0005990,CUST_01884,990.01,INR,2026-08-13 15:31:44.122833
ORDER_0005991,CUST_01695,380.21,INR,2026-08-08 01:02:53.122833
ORDER_0005992,CUST_00645,99791.52,INR,2026-08-03 15:06:44.122833
ORDER_0005993,CUST_01575,7270.5,INR,2026-07-25 10:14:04.122833
ORDER_0005994,CUST_01578,744.56,INR,2026-06-19 09:04:05.122833
ORDER_0005995,CUST_00201,124.77,INR,2026-08-14 17:23:17.122833
ORDER_0005996,CUST_00259,6259.09,INR,2026-07-06 07:19:42.122833
ORDER_0005997,CUST_01842,6365.88,INR,2026-07-27 23:06:28.122833
ORDER_0005998,CUST_00276,472.17,INR,2026-08-20 12:27:54.122833
ORDER_0005999,CUST_01049,80178.86,INR,2026-07-22 16:57:06.122833
ORDER_0006000,CUST_00578,9514.69,INR,2026-07-15 20:24:28.122833
ORDER_0006001,CUST_00049,810.6,INR,2026-08-21 02:53:33.122833
ORDER_0006002,CUST_01912,5731.97,INR,2026-08-25 10:59:16.122833
ORDER_0006003,CUST_01849,6445.08,INR,2026-07-05 05:48:52.122833
ORDER_0006004,CUST_00387,110.61,INR,2026-06-24 01:24:49.122833
ORDER_0006005,CUST_01670,56191.32,INR,2026-07-13 16:29:05.122833
ORDER_0006006,CUST_01587,4145.94,INR,2026-07-04 02:36:07.122833
ORDER_0006007,CUST_00123,406.61,INR,2026-07-29 15:48:26.122833
ORDER_0006008,CUST_01584,404.9,INR,2026-07-01 09:40:11.122833
ORDER_0006009,CUST_01468,656.75,INR,2026-07-10 13:03:23.122833
ORDER_0006010,CUST_01796,3621.41,INR,2026-06-19 21:05:29.122833
ORDER_0006011,CUST_00010,551.53,INR,2026-06-30 13:31:45.122833
ORDER_0006012,CUST_01213,790.45,INR,2026-08-04 20:00:21.122833
ORDER_0006013,CUST_00217,598.1,INR,2026-08-07 19:29:27.122833
ORDER_0006014,CUST_00445,958.99,INR,2026-07-19 21:08:34.122833
ORDER_0006015,CUST_00852,3347.11,INR,2026-07-31 07:35:26.122833
ORDER_0006016,CUST_00428,882.84,INR,2026-07-13 22:25:19.122833
ORDER_0006017,CUST_01226,9293.07,INR,2026-07-16 04:55:09.122833
ORDER_0006018,CUST_01286,60032.15,INR,2026-07-26 22:39:47.122833
ORDER_0006019,CUST_00348,60727.58,INR,2026-08-22 13:36:51.122833
ORDER_0006020,CUST_01871,7268.26,INR,2026-07-24 08:06:29.122833
ORDER_0006021,CUST_00966,383.2,INR,2026-06-07 21:35:42.122833
ORDER_0006022,CUST_01171,49307.89,INR,2026-06-17 06:46:14.122833
ORDER_0006023,CUST_01087,3607.27,INR,2026-08-02 06:17:14.122833
ORDER_0006024,CUST_00949,6211.57,INR,2026-06-23 15:08:26.122833
ORDER_0006025,CUST_01284,1471.46,INR,2026-07-28 10:11:27.122833
ORDER_0006026,CUST_00104,8591.59,INR,2026-07-07 04:46:35.122833
ORDER_0006027,CUST_00281,6378.72,INR,2026-06-26 13:33:42.122833
ORDER_0006028,CUST_01493,4946.86,INR,2026-06-02 20:45:22.122833
ORDER_0006029,CUST_00050,5342.26,INR,2026-07-06 01:14:56.122833
ORDER_0006030,CUST_00697,5580.65,INR,2026-08-17 22:44:07.122833
ORDER_0006031,CUST_00863,90994.16,INR,2026-06-16 03:34:01.122833
ORDER_0006032,CUST_01859,781.17,INR,2026-08-06 11:27:15.122833
ORDER_0006033,CUST_00796,972.13,INR,2026-07-05 19:57:25.122833
ORDER_0006034,CUST_00103,2060.29,INR,2026-06-20 12:29:36.122833
ORDER_0006035,CUST_00049,990.11,INR,2026-07-26 05:56:17.122833
ORDER_0006036,CUST_01033,55535.27,INR,2026-07-06 11:25:19.122833
ORDER_0006037,CUST_01000,31071.56,INR,2026-07-02 04:54:50.122833
ORDER_0006038,CUST_01098,263.47,INR,2026-07-28 22:38:25.122833
ORDER_0006039,CUST_01723,7515.79,INR,2026-08-30 14:50:04.122833
ORDER_0006040,CUST_00094,46653.79,INR,2026-06-07 01:57:59.122833
ORDER_0006041,CUST_01663,2849.85,INR,2026-06-09 16:52:27.122833
ORDER_0006042,CUST_00920,9779.84,INR,2026-07-05 10:50:31.122833
ORDER_0006043,CUST_01246,2125.09,INR,2026-08-12 16:41:31.122833
ORDER_0006044,CUST_00561,90102.27,INR,2026-08-25 00:14:55.122833
ORDER_0006045,CUST_01252,499.43,INR,2026-08-13 02:13:27.122833
ORDER_0006046,CUST_00388,1391.59,INR,2026-06-29 00:59:58.122833
ORDER_0006047,CUST_01836,944.78,INR,2026-06-26 15:07:45.122833
ORDER_0006048,CUST_01006,1282.48,INR,2026-08-12 18:58:27.122833
ORDER_0006049,CUST_00217,7566.15,INR,2026-08-28 04:15:46.122833
ORDER_0006050,CUST_00520,955.05,INR,2026-08-05 17:00:57.122833
ORDER_0006051,CUST_00096,755.39,INR,2026-07-21 12:08:59.122833
ORDER_0006052,CUST_01394,919.38,INR,2026-08-29 14:46:06.122833
ORDER_0006053,CUST_00625,5302.08,INR,2026-08-22 10:06:42.122833
ORDER_0006054,CUST_00772,97501.21,INR,2026-07-15 00:56:37.122833
ORDER_0006055,CUST_01072,36142.3,INR,2026-08-11 22:24:58.122833
ORDER_0006056,CUST_01246,25330.59,INR,2026-07-07 16:49:54.122833
ORDER_0006057,CUST_01431,32562.33,INR,2026-08-12 20:44:21.122833
ORDER_0006058,CUST_00441,643.93,INR,2026-08-10 09:59:35.122833
ORDER_0006059,CUST_00927,332.42,INR,2026-06-15 20:05:24.122833
ORDER_0006060,CUST_00353,88256.7,INR,2026-08-28 16:39:03.122833
ORDER_0006061,CUST_01063,21040.57,INR,2026-08-17 20:40:00.122833
ORDER_0006062,CUST_01967,121.43,INR,2026-08-25 05:01:34.122833
ORDER_0006063,CUST_00563,10604.89,INR,2026-06-29 02:44:38.122833
ORDER_0006064,CUST_01479,3327.11,INR,2026-07-16 14:48:54.122833
ORDER_0006065,CUST_01811,42704.07,INR,2026-06-28 09:59:59.122833
ORDER_0006066,CUST_01772,9555.53,INR,2026-07-10 12:30:00.122833
ORDER_0006067,CUST_00882,106.36,INR,2026-07-28 14:14:37.122833
ORDER_0006068,CUST_01939,71706.0,INR,2026-07-02 16:59:20.122833
ORDER_0006069,CUST_01985,54239.52,INR,2026-07-16 07:13:09.122833
ORDER_0006070,CUST_00574,4595.49,INR,2026-08-11 11:05:59.122833
ORDER_0006071,CUST_01479,4607.84,INR,2026-06-07 03:34:38.122833
ORDER_0006072,CUST_00286,55012.05,INR,2026-07-05 19:20:09.122833
ORDER_0006073,CUST_01024,2257.1,INR,2026-08-27 01:59:38.122833
ORDER_0006074,CUST_00978,388.59,INR,2026-06-30 12:19:49.122833
ORDER_0006075,CUST_01532,615.9,INR,2026-07-30 04:49:05.122833
ORDER_0006076,CUST_01831,5388.86,INR,2026-07-01 15:17:10.122833
ORDER_0006077,CUST_01374,766.36,INR,2026-08-08 07:02:55.122833
ORDER_0006078,CUST_01711,13653.31,INR,2026-06-19 02:53:03.122833
ORDER_0006079,CUST_00495,635.42,INR,2026-08-04 06:09:01.122833
ORDER_0006080,CUST_00315,573.57,INR,2026-07-09 11:36:14.122833
ORDER_0006081,CUST_00284,2257.23,INR,2026-06-22 05:27:11.122833
ORDER_0006082,CUST_01263,625.74,INR,2026-06-27 13:05:08.122833
ORDER_0006083,CUST_01210,322.45,INR,2026-07-27 14:48:10.122833
ORDER_0006084,CUST_00051,838.69,INR,2026-06-13 03:10:28.122833
ORDER_0006085,CUST_01139,55747.92,INR,2026-06-04 16:21:07.122833
ORDER_0006086,CUST_00733,3264.33,INR,2026-07-23 09:12:23.122833
ORDER_0006087,CUST_01258,4343.78,INR,2026-06-17 11:59:54.122833
ORDER_0006088,CUST_00392,612.56,INR,2026-07-12 14:33:11.122833
ORDER_0006089,CUST_00278,41179.79,INR,2026-07-23 09:42:04.122833
ORDER_0006090,CUST_00780,50776.01,INR,2026-08-27 00:12:08.122833
ORDER_0006091,CUST_01059,591.59,INR,2026-08-05 08:39:30.122833
ORDER_0006092,CUST_00674,4141.88,INR,2026-08-30 07:49:48.122833
ORDER_0006093,CUST_01437,655.87,INR,2026-08-20 00:52:27.122833
ORDER_0006094,CUST_01992,61765.1,INR,2026-08-27 13:05:24.122833
ORDER_0006095,CUST_01390,4936.27,INR,2026-08-05 00:43:31.122833
ORDER_0006096,CUST_01406,2267.8,INR,2026-08-29 08:44:21.122833
ORDER_0006097,CUST_01827,65325.51,INR,2026-06-13 08:38:31.122833
ORDER_0006098,CUST_01120,9245.15,INR,2026-08-25 03:58:04.122833
ORDER_0006099,CUST_00814,6424.82,INR,2026-08-09 22:03:38.122833
ORDER_0006100,CUST_01948,45400.09,INR,2026-07-24 16:55:13.122833
ORDER_0006101,CUST_00622,355.56,INR,2026-07-19 17:04:14.122833
ORDER_0006102,CUST_00014,49069.64,INR,2026-08-12 04:07:53.122833
ORDER_0006103,CUST_01912,854.61,INR,2026-06-15 07:53:15.122833
ORDER_0006104,CUST_00768,689.48,INR,2026-07-31 12:07:08.122833
ORDER_0006105,CUST_01903,7117.08,INR,2026-08-24 17:07:58.122833
ORDER_0006106,CUST_01752,748.27,INR,2026-06-20 20:08:23.122833
ORDER_0006107,CUST_00926,586.02,INR,2026-06-14 15:46:18.122833
ORDER_0006108,CUST_01294,67324.76,INR,2026-06-06 14:59:12.122833
ORDER_0006109,CUST_01100,9091.33,INR,2026-06-19 06:02:22.122833
ORDER_0006110,CUST_00585,8339.58,INR,2026-08-08 10:59:03.122833
ORDER_0006111,CUST_00623,1320.86,INR,2026-07-12 05:09:12.122833
ORDER_0006112,CUST_01278,64146.3,INR,2026-07-06 20:27:53.122833
ORDER_0006113,CUST_01822,132.82,INR,2026-07-09 19:25:38.122833
ORDER_0006114,CUST_01533,3165.24,INR,2026-06-04 00:08:13.122833
ORDER_0006115,CUST_01468,38249.09,INR,2026-08-15 01:38:39.122833
ORDER_0006116,CUST_00274,574.35,INR,2026-06-08 13:10:36.122833
ORDER_0006117,CUST_01724,3547.74,INR,2026-06-07 09:10:21.122833
ORDER_0006118,CUST_00478,78397.02,INR,2026-07-30 21:02:45.122833
ORDER_0006119,CUST_00275,94749.49,INR,2026-06-07 20:26:43.122833
ORDER_0006120,CUST_01663,89377.38,INR,2026-08-18 10:02:04.122833
ORDER_0006121,CUST_00342,2257.42,INR,2026-08-18 01:55:11.122833
ORDER_0006122,CUST_00329,1216.44,INR,2026-07-19 14:40:15.122833
ORDER_0006123,CUST_00914,6015.36,INR,2026-08-09 19:33:04.122833
ORDER_0006124,CUST_01827,9448.32,INR,2026-07-18 16:31:52.122833
ORDER_0006125,CUST_01199,2985.51,INR,2026-06-27 13:48:45.122833
ORDER_0006126,CUST_00335,1583.84,INR,2026-07-18 19:05:40.122833
ORDER_0006127,CUST_01086,952.31,INR,2026-06-30 13:41:15.122833
ORDER_0006128,CUST_01290,1875.92,INR,2026-07-14 03:39:19.122833
ORDER_0006129,CUST_01789,195.18,INR,2026-08-19 03:19:26.122833
ORDER_0006130,CUST_01305,7704.78,INR,2026-06-20 00:00:20.122833
ORDER_0006131,CUST_00709,516.4,INR,2026-07-06 04:00:38.122833
ORDER_0006132,CUST_01570,6775.01,INR,2026-08-22 05:35:06.122833
ORDER_0006133,CUST_01368,6729.29,INR,2026-06-17 21:35:36.122833
ORDER_0006134,CUST_01738,58563.47,INR,2026-08-04 03:04:22.122833
ORDER_0006135,CUST_00871,5538.22,INR,2026-07-18 12:53:38.122833
ORDER_0006136,CUST_01487,270.05,INR,2026-08-22 07:32:32.122833
ORDER_0006137,CUST_01148,218.44,INR,2026-07-16 06:45:34.122833
ORDER_0006138,CUST_01687,7197.9,INR,2026-07-06 06:05:18.122833
ORDER_0006139,CUST_01726,6106.23,INR,2026-07-17 10:48:30.122833
ORDER_0006140,CUST_00437,701.16,INR,2026-06-10 18:44:29.122833
ORDER_0006141,CUST_00137,810.79,INR,2026-06-19 19:26:46.122833
ORDER_0006142,CUST_01642,45243.67,INR,2026-08-11 15:55:06.122833
ORDER_0006143,CUST_00480,14127.23,INR,2026-06-29 09:44:19.122833
ORDER_0006144,CUST_00015,850.74,INR,2026-07-10 16:28:50.122833
ORDER_0006145,CUST_00215,84134.09,INR,2026-08-17 03:33:21.122833
ORDER_0006146,CUST_01355,8149.44,INR,2026-06-16 21:43:29.122833
ORDER_0006147,CUST_01750,240.68,INR,2026-08-02 21:57:39.122833
ORDER_0006148,CUST_00169,6663.26,INR,2026-07-11 05:42:36.122833
ORDER_0006149,CUST_01566,24148.95,INR,2026-06-07 03:46:59.122833
ORDER_0006150,CUST_01318,5565.44,INR,2026-08-31 02:10:34.122833
ORDER_0006151,CUST_00438,19578.12,INR,2026-08-30 12:48:12.122833
ORDER_0006152,CUST_01215,296.47,INR,2026-06-03 23:36:14.122833
ORDER_0006153,CUST_01414,1390.49,INR,2026-06-23 03:40:34.122833
ORDER_0006154,CUST_00851,2264.6,INR,2026-08-04 06:13:46.122833
ORDER_0006155,CUST_00107,9386.45,INR,2026-07-11 16:13:40.122833
ORDER_0006156,CUST_01786,53149.08,INR,2026-08-05 11:46:44.122833
ORDER_0006157,CUST_01645,5162.69,INR,2026-06-29 05:20:17.122833
ORDER_0006158,CUST_00959,29819.74,INR,2026-06-30 11:13:16.122833
ORDER_0006159,CUST_00238,81005.72,INR,2026-07-12 16:58:43.122833
ORDER_0006160,CUST_00501,870.1,INR,2026-07-05 01:04:18.122833
ORDER_0006161,CUST_00877,367.02,INR,2026-07-17 19:09:00.122833
ORDER_0006162,CUST_00595,381.35,INR,2026-08-20 23:34:14.122833
ORDER_0006163,CUST_00404,4298.06,INR,2026-07-11 00:50:22.122833
ORDER_0006164,CUST_00092,73327.21,INR,2026-07-07 15:23:39.122833
ORDER_0006165,CUST_00550,921.81,INR,2026-06-06 15:42:27.122833
ORDER_0006166,CUST_00328,807.08,INR,2026-08-10 01:55:26.122833
ORDER_0006167,CUST_00778,23810.16,INR,2026-08-23 10:42:52.122833
ORDER_0006168,CUST_00435,455.65,INR,2026-06-11 04:03:43.122833
ORDER_0006169,CUST_01912,107.83,INR,2026-07-04 06:09:27.122833
ORDER_0006170,CUST_01385,41781.39,INR,2026-08-03 03:27:11.122833
ORDER_0006171,CUST_01459,431.44,INR,2026-06-24 21:57:32.122833
ORDER_0006172,CUST_01439,4718.91,INR,2026-06-16 13:43:36.122833
ORDER_0006173,CUST_01775,15167.59,INR,2026-08-23 18:16:46.122833
ORDER_0006174,CUST_01697,5906.11,INR,2026-06-17 16:08:11.122833
ORDER_0006175,CUST_00394,20967.38,INR,2026-08-17 05:56:47.122833
ORDER_0006176,CUST_00004,23374.44,INR,2026-06-21 01:32:42.122833
ORDER_0006177,CUST_01631,645.5,INR,2026-06-11 00:58:15.122833
ORDER_0006178,CUST_00343,7063.37,INR,2026-07-27 17:21:17.122833
ORDER_0006179,CUST_00873,2197.78,INR,2026-08-19 18:45:30.122833
ORDER_0006180,CUST_01270,6817.7,INR,2026-06-21 20:03:22.122833
ORDER_0006181,CUST_01007,643.11,INR,2026-08-05 14:29:02.122833
ORDER_0006182,CUST_01136,3646.52,INR,2026-08-08 07:16:45.122833
ORDER_0006183,CUST_01159,97929.09,INR,2026-06-17 17:28:21.122833
ORDER_0006184,CUST_01443,4593.15,INR,2026-07-31 14:05:47.122833
ORDER_0006185,CUST_00342,48828.66,INR,2026-08-21 04:07:36.122833
ORDER_0006186,CUST_01466,104.39,INR,2026-07-22 21:29:11.122833
ORDER_0006187,CUST_01308,2428.92,INR,2026-08-29 12:09:02.122833
ORDER_0006188,CUST_00350,755.9,INR,2026-07-05 01:06:07.122833
ORDER_0006189,CUST_01066,808.42,INR,2026-07-09 04:50:48.122833
ORDER_0006190,CUST_00309,442.29,INR,2026-07-04 09:14:56.122833
ORDER_0006191,CUST_00369,53905.75,INR,2026-07-02 03:07:57.122833
ORDER_0006192,CUST_00844,92963.07,INR,2026-07-31 09:50:15.122833
ORDER_0006193,CUST_00600,14936.7,INR,2026-06-28 20:37:59.122833
ORDER_0006194,CUST_01802,520.77,INR,2026-06-27 04:37:55.122833
ORDER_0006195,CUST_00098,8877.15,INR,2026-07-11 05:12:25.122833
ORDER_0006196,CUST_01089,4180.94,INR,2026-07-30 19:17:24.122833
ORDER_0006197,CUST_00940,4477.02,INR,2026-08-26 01:49:07.122833
ORDER_0006198,CUST_01024,2519.26,INR,2026-08-15 04:03:12.122833
ORDER_0006199,CUST_01603,5679.58,INR,2026-08-01 09:55:15.122833
ORDER_0006200,CUST_01042,3446.55,INR,2026-08-27 23:02:07.122833
ORDER_0006201,CUST_00942,94162.69,INR,2026-08-07 05:10:32.122833
ORDER_0006202,CUST_00392,4242.04,INR,2026-08-01 22:45:30.122833
ORDER_0006203,CUST_00706,17800.98,INR,2026-07-01 16:42:22.122833
ORDER_0006204,CUST_00253,345.77,INR,2026-08-09 02:46:18.122833
ORDER_0006205,CUST_01511,59001.7,INR,2026-06-05 06:48:56.122833
ORDER_0006206,CUST_00674,6213.72,INR,2026-07-13 10:57:54.122833
ORDER_0006207,CUST_00310,627.06,INR,2026-07-20 13:22:26.122833
ORDER_0006208,CUST_01171,80654.43,INR,2026-07-31 19:35:03.122833
ORDER_0006209,CUST_00029,595.93,INR,2026-06-18 03:03:31.122833
ORDER_0006210,CUST_00426,937.34,INR,2026-07-21 06:11:07.122833
ORDER_0006211,CUST_00288,787.94,INR,2026-06-25 22:40:39.122833
ORDER_0006212,CUST_01839,621.95,INR,2026-06-26 03:07:05.122833
ORDER_0006213,CUST_01532,832.32,INR,2026-08-07 12:17:29.122833
ORDER_0006214,CUST_01867,159.91,INR,2026-06-10 07:43:42.122833
ORDER_0006215,CUST_01440,31996.56,INR,2026-07-30 08:21:33.122833
ORDER_0006216,CUST_01635,923.63,INR,2026-06-20 08:37:41.122833
ORDER_0006217,CUST_00269,660.18,INR,2026-06-12 01:58:59.122833
ORDER_0006218,CUST_00394,5108.5,INR,2026-08-29 08:57:03.122833
ORDER_0006219,CUST_00485,617.77,INR,2026-08-08 14:47:25.122833
ORDER_0006220,CUST_01929,99791.62,INR,2026-06-10 06:52:23.122833
ORDER_0006221,CUST_00495,956.1,INR,2026-08-21 07:02:03.122833
ORDER_0006222,CUST_00367,86494.24,INR,2026-06-25 18:00:43.122833
ORDER_0006223,CUST_00342,2968.47,INR,2026-06-13 15:22:50.122833
ORDER_0006224,CUST_00888,1654.57,INR,2026-07-02 03:46:22.122833
ORDER_0006225,CUST_01324,51867.65,INR,2026-06-08 06:52:17.122833
ORDER_0006226,CUST_00981,908.12,INR,2026-07-19 10:58:49.122833
ORDER_0006227,CUST_00894,9706.26,INR,2026-06-07 18:23:48.122833
ORDER_0006228,CUST_01073,99213.73,INR,2026-07-23 01:17:39.122833
ORDER_0006229,CUST_00685,108.7,INR,2026-06-30 01:52:39.122833
ORDER_0006230,CUST_00636,664.39,INR,2026-06-18 21:12:24.122833
ORDER_0006231,CUST_00854,6994.59,INR,2026-08-25 04:55:19.122833
ORDER_0006232,CUST_00464,26015.36,INR,2026-06-09 23:38:36.122833
ORDER_0006233,CUST_01724,2249.49,INR,2026-06-20 17:52:42.122833
ORDER_0006234,CUST_01623,42485.14,INR,2026-08-25 23:09:14.122833
ORDER_0006235,CUST_01971,138.64,INR,2026-07-14 23:50:23.122833
ORDER_0006236,CUST_01494,36112.01,INR,2026-08-29 11:59:54.122833
ORDER_0006237,CUST_01617,44765.19,INR,2026-06-05 04:16:57.122833
ORDER_0006238,CUST_00526,46080.22,INR,2026-06-13 08:35:10.122833
ORDER_0006239,CUST_00641,93070.65,INR,2026-07-24 17:42:23.122833
ORDER_0006240,CUST_00931,470.29,INR,2026-07-03 15:41:21.122833
ORDER_0006241,CUST_01464,2699.22,INR,2026-08-14 19:20:27.122833
ORDER_0006242,CUST_01950,252.36,INR,2026-06-19 05:05:42.122833
ORDER_0006243,CUST_00428,17530.24,INR,2026-08-19 22:37:26.122833
ORDER_0006244,CUST_01346,937.96,INR,2026-06-30 01:36:01.122833
ORDER_0006245,CUST_01214,950.88,INR,2026-07-31 15:53:11.122833
ORDER_0006246,CUST_00301,8013.76,INR,2026-06-05 06:22:16.122833
ORDER_0006247,CUST_00549,8158.29,INR,2026-07-21 07:38:41.122833
ORDER_0006248,CUST_01870,5929.74,INR,2026-07-15 22:58:25.122833
ORDER_0006249,CUST_01879,8035.02,INR,2026-07-16 11:47:50.122833
ORDER_0006250,CUST_00943,10624.36,INR,2026-08-12 02:14:48.122833
ORDER_0006251,CUST_00483,1213.27,INR,2026-08-05 15:59:42.122833
ORDER_0006252,CUST_01708,364.7,INR,2026-07-03 20:31:03.122833
ORDER_0006253,CUST_00227,394.91,INR,2026-07-15 11:59:13.122833
ORDER_0006254,CUST_01146,250.3,INR,2026-08-11 23:56:00.122833
ORDER_0006255,CUST_01878,12321.89,INR,2026-07-25 17:18:05.122833
ORDER_0006256,CUST_00344,917.0,INR,2026-08-14 13:16:07.122833
ORDER_0006257,CUST_01884,8437.75,INR,2026-08-28 12:46:38.122833
ORDER_0006258,CUST_01055,12793.07,INR,2026-07-30 12:23:55.122833
ORDER_0006259,CUST_00757,1265.23,INR,2026-07-03 03:53:50.122833
ORDER_0006260,CUST_01966,7069.67,INR,2026-08-24 16:39:55.122833
ORDER_0006261,CUST_01012,8217.75,INR,2026-06-07 08:35:54.122833
ORDER_0006262,CUST_00325,3443.65,INR,2026-07-27 14:57:55.122833
ORDER_0006263,CUST_01135,492.07,INR,2026-08-02 20:07:51.122833
ORDER_0006264,CUST_01434,2471.75,INR,2026-08-22 03:08:38.122833
ORDER_0006265,CUST_00354,7644.48,INR,2026-08-03 05:22:09.122833
ORDER_0006266,CUST_00319,94603.03,INR,2026-08-05 10:47:11.122833
ORDER_0006267,CUST_00026,569.09,INR,2026-08-14 17:07:48.122833
ORDER_0006268,CUST_01744,91790.71,INR,2026-07-12 02:27:02.122833
ORDER_0006269,CUST_01567,7256.82,INR,2026-08-29 04:27:17.122833
ORDER_0006270,CUST_01706,21632.17,INR,2026-07-11 08:20:55.122833
ORDER_0006271,CUST_00065,764.01,INR,2026-08-18 07:32:35.122833
ORDER_0006272,CUST_01616,4799.49,INR,2026-08-26 01:36:56.122833
ORDER_0006273,CUST_00993,952.87,INR,2026-08-06 05:02:49.122833
ORDER_0006274,CUST_00798,1037.77,INR,2026-06-24 22:18:37.122833
ORDER_0006275,CUST_00857,5543.21,INR,2026-08-05 09:33:42.122833
ORDER_0006276,CUST_01384,222.39,INR,2026-08-01 12:42:17.122833
ORDER_0006277,CUST_00574,925.67,INR,2026-07-24 06:17:00.122833
ORDER_0006278,CUST_00155,341.0,INR,2026-07-07 14:59:54.122833
ORDER_0006279,CUST_01194,737.88,INR,2026-08-01 17:40:09.122833
ORDER_0006280,CUST_00502,29346.43,INR,2026-07-05 13:20:28.122833
ORDER_0006281,CUST_00476,730.53,INR,2026-08-09 13:32:51.122833
ORDER_0006282,CUST_01115,911.03,INR,2026-07-28 10:58:19.122833
ORDER_0006283,CUST_01274,27590.34,INR,2026-08-19 06:17:25.122833
ORDER_0006284,CUST_01734,7892.12,INR,2026-06-28 11:30:40.122833
ORDER_0006285,CUST_01966,221.78,INR,2026-07-03 13:54:36.122833
ORDER_0006286,CUST_01095,750.55,INR,2026-08-10 13:02:50.122833
ORDER_0006287,CUST_01083,1696.97,INR,2026-08-05 19:48:09.122833
ORDER_0006288,CUST_01345,2494.19,INR,2026-06-26 18:24:35.122833
ORDER_0006289,CUST_00407,400.14,INR,2026-08-24 19:03:27.122833
ORDER_0006290,CUST_00608,380.56,INR,2026-06-08 02:04:04.122833
ORDER_0006291,CUST_00464,4699.1,INR,2026-08-17 06:50:05.122833
ORDER_0006292,CUST_01379,153.19,INR,2026-07-08 22:46:39.122833
ORDER_0006293,CUST_00232,2766.21,INR,2026-06-19 18:55:38.122833
ORDER_0006294,CUST_01330,46103.64,INR,2026-07-26 15:20:52.122833
ORDER_0006295,CUST_01449,8982.05,INR,2026-06-05 17:17:24.122833
ORDER_0006296,CUST_00300,42676.28,INR,2026-06-13 23:26:41.122833
ORDER_0006297,CUST_00800,766.18,INR,2026-06-28 21:35:46.122833
ORDER_0006298,CUST_01527,884.14,INR,2026-07-17 22:59:35.122833
ORDER_0006299,CUST_00495,33847.9,INR,2026-07-04 21:01:44.122833
ORDER_0006300,CUST_01505,530.25,INR,2026-08-02 22:30:38.122833
ORDER_0006301,CUST_00781,26166.86,INR,2026-08-16 04:34:34.122833
ORDER_0006302,CUST_01669,3138.73,INR,2026-06-09 20:10:55.122833
ORDER_0006303,CUST_01395,2001.19,INR,2026-06-29 02:45:31.122833
ORDER_0006304,CUST_01891,6775.13,INR,2026-08-05 17:44:18.122833
ORDER_0006305,CUST_01403,63660.87,INR,2026-07-15 12:40:15.122833
ORDER_0006306,CUST_00076,256.18,INR,2026-08-04 21:12:06.122833
ORDER_0006307,CUST_00008,6564.89,INR,2026-08-15 20:11:00.122833
ORDER_0006308,CUST_01421,680.63,INR,2026-06-08 12:52:00.122833
ORDER_0006309,CUST_00706,33498.15,INR,2026-06-09 21:48:48.122833
ORDER_0006310,CUST_00026,35016.32,INR,2026-06-19 19:47:17.122833
ORDER_0006311,CUST_00296,9079.16,INR,2026-08-20 12:14:56.122833
ORDER_0006312,CUST_01319,899.79,INR,2026-06-09 23:58:10.122833
ORDER_0006313,CUST_01246,5528.55,INR,2026-07-01 17:05:21.122833
ORDER_0006314,CUST_01559,53056.08,INR,2026-08-07 16:10:17.122833
ORDER_0006315,CUST_00826,843.3,INR,2026-08-13 21:49:16.122833
ORDER_0006316,CUST_01672,8361.73,INR,2026-08-02 22:48:30.122833
ORDER_0006317,CUST_00611,76274.32,INR,2026-07-10 09:23:52.122833
ORDER_0006318,CUST_01753,82810.23,INR,2026-08-02 10:34:40.122833
ORDER_0006319,CUST_00891,92182.12,INR,2026-06-12 13:04:00.122833
ORDER_0006320,CUST_01339,892.86,INR,2026-07-22 23:25:32.122833
ORDER_0006321,CUST_00711,921.58,INR,2026-07-10 01:14:41.122833
ORDER_0006322,CUST_00073,4822.67,INR,2026-07-15 02:26:39.122833
ORDER_0006323,CUST_01195,175.17,INR,2026-07-03 12:20:22.122833
ORDER_0006324,CUST_01032,7544.32,INR,2026-06-06 21:07:30.122833
ORDER_0006325,CUST_00958,3288.87,INR,2026-06-18 14:58:35.122833
ORDER_0006326,CUST_00301,58702.02,INR,2026-06-24 14:55:48.122833
ORDER_0006327,CUST_00347,25538.69,INR,2026-07-10 13:43:07.122833
ORDER_0006328,CUST_01304,73181.46,INR,2026-07-01 06:35:45.122833
ORDER_0006329,CUST_00180,1330.18,INR,2026-08-15 15:57:25.122833
ORDER_0006330,CUST_00246,6440.6,INR,2026-07-21 15:41:38.122833
ORDER_0006331,CUST_00129,93829.17,INR,2026-06-09 03:31:54.122833
ORDER_0006332,CUST_00767,3504.38,INR,2026-07-10 16:23:19.122833
ORDER_0006333,CUST_01451,112.46,INR,2026-06-26 13:11:46.122833
ORDER_0006334,CUST_00194,48082.42,INR,2026-07-06 23:09:45.122833
ORDER_0006335,CUST_00142,2526.91,INR,2026-08-13 10:22:52.122833
ORDER_0006336,CUST_00171,8804.26,INR,2026-08-05 15:34:21.122833
ORDER_0006337,CUST_01400,4931.35,INR,2026-08-09 18:54:24.122833
ORDER_0006338,CUST_01649,788.4,INR,2026-07-05 14:39:19.122833
ORDER_0006339,CUST_01751,52230.6,INR,2026-08-03 20:43:51.122833
ORDER_0006340,CUST_00554,8486.35,INR,2026-06-04 03:20:32.122833
ORDER_0006341,CUST_00204,7479.02,INR,2026-07-29 13:18:42.122833
ORDER_0006342,CUST_00363,296.58,INR,2026-07-03 07:46:03.122833
ORDER_0006343,CUST_01244,86227.78,INR,2026-06-08 00:05:47.122833
ORDER_0006344,CUST_01550,82763.96,INR,2026-06-05 01:35:23.122833
ORDER_0006345,CUST_00861,79074.88,INR,2026-07-12 09:18:09.122833
ORDER_0006346,CUST_01708,657.08,INR,2026-08-24 13:42:52.122833
ORDER_0006347,CUST_01523,2903.31,INR,2026-08-29 16:17:52.122833
ORDER_0006348,CUST_00109,925.52,INR,2026-08-18 23:58:18.122833
ORDER_0006349,CUST_01257,254.27,INR,2026-07-10 09:46:43.122833
ORDER_0006350,CUST_01009,37972.13,INR,2026-06-30 08:07:21.122833
ORDER_0006351,CUST_00726,923.39,INR,2026-08-24 13:44:22.122833
ORDER_0006352,CUST_00537,6241.85,INR,2026-08-17 22:17:32.122833
ORDER_0006353,CUST_01173,645.89,INR,2026-07-05 06:09:16.122833
ORDER_0006354,CUST_01859,3487.78,INR,2026-08-15 18:06:45.122833
ORDER_0006355,CUST_01678,6316.39,INR,2026-08-11 18:27:41.122833
ORDER_0006356,CUST_00149,9290.33,INR,2026-07-17 03:19:25.122833
ORDER_0006357,CUST_01600,87374.27,INR,2026-08-20 11:26:07.122833
ORDER_0006358,CUST_01524,75467.84,INR,2026-06-17 14:51:52.122833
ORDER_0006359,CUST_00996,94885.07,INR,2026-07-26 01:50:36.122833
ORDER_0006360,CUST_00150,81379.85,INR,2026-06-07 14:05:06.122833
ORDER_0006361,CUST_00380,174.06,INR,2026-08-24 07:54:07.122833
ORDER_0006362,CUST_01964,242.02,INR,2026-08-01 21:47:07.122833
ORDER_0006363,CUST_00516,7170.87,INR,2026-07-04 10:05:23.122833
ORDER_0006364,CUST_00372,2881.23,INR,2026-06-27 08:04:50.122833
ORDER_0006365,CUST_00771,94201.32,INR,2026-06-07 17:14:49.122833
ORDER_0006366,CUST_01995,8379.39,INR,2026-06-28 17:39:27.122833
ORDER_0006367,CUST_01847,134.24,INR,2026-07-05 20:25:16.122833
ORDER_0006368,CUST_01574,613.32,INR,2026-07-12 21:02:12.122833
ORDER_0006369,CUST_01344,607.81,INR,2026-08-22 21:04:51.122833
ORDER_0006370,CUST_01305,725.26,INR,2026-08-07 04:53:40.122833
ORDER_0006371,CUST_00709,947.43,INR,2026-07-04 23:57:50.122833
ORDER_0006372,CUST_01478,244.92,INR,2026-08-11 19:06:52.122833
ORDER_0006373,CUST_00550,34400.76,INR,2026-07-06 23:38:01.122833
ORDER_0006374,CUST_01439,4580.85,INR,2026-08-27 12:53:58.122833
ORDER_0006375,CUST_00773,63893.65,INR,2026-07-20 18:11:22.122833
ORDER_0006376,CUST_01575,2295.31,INR,2026-08-29 04:01:24.122833
ORDER_0006377,CUST_01477,84733.23,INR,2026-06-23 19:32:04.122833
ORDER_0006378,CUST_01135,19216.87,INR,2026-06-09 00:03:18.122833
ORDER_0006379,CUST_01786,532.87,INR,2026-06-26 09:44:34.122833
ORDER_0006380,CUST_01233,282.1,INR,2026-06-08 12:52:00.122833
ORDER_0006381,CUST_01534,35323.43,INR,2026-08-04 17:13:09.122833
ORDER_0006382,CUST_01702,4776.75,INR,2026-06-07 20:42:36.122833
ORDER_0006383,CUST_00838,698.47,INR,2026-06-11 01:27:59.122833
ORDER_0006384,CUST_00960,58625.86,INR,2026-06-17 23:20:13.122833
ORDER_0006385,CUST_00035,1601.33,INR,2026-07-19 17:42:54.122833
ORDER_0006386,CUST_00676,7508.82,INR,2026-08-17 15:10:20.122833
ORDER_0006387,CUST_00357,3161.51,INR,2026-07-09 05:56:44.122833
ORDER_0006388,CUST_01427,380.04,INR,2026-06-22 19:06:12.122833
ORDER_0006389,CUST_00501,9664.65,INR,2026-08-19 20:18:02.122833
ORDER_0006390,CUST_01451,42240.54,INR,2026-08-11 16:33:10.122833
ORDER_0006391,CUST_00106,22573.91,INR,2026-06-22 10:27:43.122833
ORDER_0006392,CUST_00965,616.78,INR,2026-07-24 18:29:43.122833
ORDER_0006393,CUST_00836,656.44,INR,2026-06-20 21:48:59.122833
ORDER_0006394,CUST_01956,28519.75,INR,2026-08-13 22:49:22.122833
ORDER_0006395,CUST_01830,3801.93,INR,2026-07-05 06:08:35.122833
ORDER_0006396,CUST_01904,1256.43,INR,2026-06-26 21:50:12.122833
ORDER_0006397,CUST_01996,115.63,INR,2026-07-10 00:39:41.122833
ORDER_0006398,CUST_00748,496.01,INR,2026-08-14 01:29:10.122833
ORDER_0006399,CUST_00430,3751.39,INR,2026-06-17 20:38:09.122833
ORDER_0006400,CUST_00697,9426.35,INR,2026-07-27 05:03:16.122833
ORDER_0006401,CUST_00572,985.66,INR,2026-07-16 14:19:04.122833
ORDER_0006402,CUST_01316,727.54,INR,2026-06-07 21:25:58.122833
ORDER_0006403,CUST_00249,3536.86,INR,2026-08-21 16:52:38.122833
ORDER_0006404,CUST_00102,530.19,INR,2026-06-17 21:47:34.122833
ORDER_0006405,CUST_00362,96200.59,INR,2026-08-01 19:04:43.122833
ORDER_0006406,CUST_01655,5158.87,INR,2026-07-25 15:05:53.122833
ORDER_0006407,CUST_00834,98772.75,INR,2026-07-31 02:29:30.122833
ORDER_0006408,CUST_01508,90130.46,INR,2026-07-29 19:55:35.122833
ORDER_0006409,CUST_01433,958.35,INR,2026-07-09 21:21:59.122833
ORDER_0006410,CUST_01886,62413.96,INR,2026-08-10 05:29:21.122833
ORDER_0006411,CUST_01725,3486.69,INR,2026-08-05 08:50:45.122833
ORDER_0006412,CUST_00859,9985.93,INR,2026-06-16 14:47:37.122833
ORDER_0006413,CUST_00123,314.43,INR,2026-07-08 13:27:44.122833
ORDER_0006414,CUST_01697,98046.39,INR,2026-07-23 16:46:35.122833
ORDER_0006415,CUST_01896,5845.1,INR,2026-08-28 01:33:54.122833
ORDER_0006416,CUST_00400,1622.14,INR,2026-07-30 18:24:24.122833
ORDER_0006417,CUST_01508,21244.15,INR,2026-07-01 20:21:14.122833
ORDER_0006418,CUST_01737,77374.92,INR,2026-08-07 12:42:45.122833
ORDER_0006419,CUST_00125,22892.75,INR,2026-07-05 23:16:19.122833
ORDER_0006420,CUST_01289,91682.8,INR,2026-06-05 07:16:50.122833
ORDER_0006421,CUST_01798,7220.73,INR,2026-07-19 13:08:09.122833
ORDER_0006422,CUST_01668,910.28,INR,2026-06-28 19:09:36.122833
ORDER_0006423,CUST_00914,730.95,INR,2026-07-12 18:08:06.122833
ORDER_0006424,CUST_00180,6972.6,INR,2026-07-29 15:07:07.122833
ORDER_0006425,CUST_01064,8217.02,INR,2026-08-27 13:07:45.122833
ORDER_0006426,CUST_01963,5332.88,INR,2026-07-06 02:59:51.122833
ORDER_0006427,CUST_00535,55255.41,INR,2026-08-26 10:52:15.122833
ORDER_0006428,CUST_00525,2129.52,INR,2026-07-20 03:52:53.122833
ORDER_0006429,CUST_01660,5519.11,INR,2026-08-07 15:00:29.122833
ORDER_0006430,CUST_00746,45213.54,INR,2026-06-09 10:01:38.122833
ORDER_0006431,CUST_01721,7684.44,INR,2026-07-08 00:25:24.122833
ORDER_0006432,CUST_00719,7096.09,INR,2026-07-12 20:24:47.122833
ORDER_0006433,CUST_00381,603.71,INR,2026-07-27 12:28:43.122833
ORDER_0006434,CUST_00319,9408.0,INR,2026-07-12 03:31:02.122833
ORDER_0006435,CUST_00155,4074.72,INR,2026-06-14 04:37:48.122833
ORDER_0006436,CUST_00189,726.04,INR,2026-06-22 16:49:36.122833
ORDER_0006437,CUST_00945,628.31,INR,2026-06-27 22:04:14.122833
ORDER_0006438,CUST_01395,9379.96,INR,2026-07-10 22:36:36.122833
ORDER_0006439,CUST_01432,646.29,INR,2026-08-03 20:33:36.122833
ORDER_0006440,CUST_00447,50594.45,INR,2026-08-28 04:49:54.122833
ORDER_0006441,CUST_01503,8555.56,INR,2026-07-28 21:14:33.122833
ORDER_0006442,CUST_00362,53356.14,INR,2026-08-02 12:28:58.122833
ORDER_0006443,CUST_01687,27837.72,INR,2026-07-13 20:21:15.122833
ORDER_0006444,CUST_00407,24583.27,INR,2026-06-07 13:05:14.122833
ORDER_0006445,CUST_01378,333.88,INR,2026-06-20 02:47:57.122833
ORDER_0006446,CUST_00101,8323.33,INR,2026-06-26 21:55:53.122833
ORDER_0006447,CUST_00577,1038.92,INR,2026-06-29 22:27:52.122833
ORDER_0006448,CUST_00455,464.83,INR,2026-07-19 23:09:18.122833
ORDER_0006449,CUST_01131,451.41,INR,2026-07-28 00:07:03.122833
ORDER_0006450,CUST_00154,31934.53,INR,2026-08-04 20:40:09.122833
ORDER_0006451,CUST_01721,115.28,INR,2026-08-20 11:10:12.122833
ORDER_0006452,CUST_01645,449.48,INR,2026-06-03 18:29:30.122833
ORDER_0006453,CUST_00530,52340.49,INR,2026-08-13 03:29:00.122833
ORDER_0006454,CUST_00465,45243.36,INR,2026-06-30 16:33:19.122833
ORDER_0006455,CUST_01396,249.58,INR,2026-06-02 18:42:55.122833
ORDER_0006456,CUST_01780,85428.63,INR,2026-06-06 00:42:02.122833
ORDER_0006457,CUST_01785,295.38,INR,2026-06-23 18:20:42.122833
ORDER_0006458,CUST_01356,57138.49,INR,2026-07-15 18:05:58.122833
ORDER_0006459,CUST_00780,44284.34,INR,2026-08-18 16:03:36.122833
ORDER_0006460,CUST_00190,7151.6,INR,2026-08-23 01:29:57.122833
ORDER_0006461,CUST_01917,471.84,INR,2026-06-03 20:20:46.122833
ORDER_0006462,CUST_01949,58603.85,INR,2026-08-23 10:51:24.122833
ORDER_0006463,CUST_00349,73321.18,INR,2026-07-04 14:11:26.122833
ORDER_0006464,CUST_00662,96992.52,INR,2026-06-09 02:44:10.122833
ORDER_0006465,CUST_00281,68449.41,INR,2026-08-26 12:22:47.122833
ORDER_0006466,CUST_01150,157.67,INR,2026-07-21 09:18:47.122833
ORDER_0006467,CUST_00422,785.9,INR,2026-08-20 04:43:40.122833
ORDER_0006468,CUST_00376,6737.93,INR,2026-06-24 18:53:25.122833
ORDER_0006469,CUST_01611,7480.38,INR,2026-06-19 14:34:46.122833
ORDER_0006470,CUST_00911,6850.4,INR,2026-07-29 01:23:13.122833
ORDER_0006471,CUST_01749,27324.52,INR,2026-07-20 07:15:34.122833
ORDER_0006472,CUST_01258,70105.87,INR,2026-06-29 14:20:11.122833
ORDER_0006473,CUST_01983,1277.8,INR,2026-06-23 19:59:25.122833
ORDER_0006474,CUST_01560,410.53,INR,2026-08-05 16:37:35.122833
ORDER_0006475,CUST_01466,280.78,INR,2026-08-23 16:20:44.122833
ORDER_0006476,CUST_00186,9575.69,INR,2026-08-22 05:29:37.122833
ORDER_0006477,CUST_00802,14269.26,INR,2026-06-26 19:47:59.122833
ORDER_0006478,CUST_01275,149.06,INR,2026-07-16 21:06:40.122833
ORDER_0006479,CUST_00745,2132.21,INR,2026-07-04 14:46:03.122833
ORDER_0006480,CUST_00022,66032.68,INR,2026-07-31 04:55:49.122833
ORDER_0006481,CUST_00855,81939.01,INR,2026-07-21 15:52:22.122833
ORDER_0006482,CUST_01151,314.16,INR,2026-08-29 15:40:33.122833
ORDER_0006483,CUST_01966,3952.06,INR,2026-07-15 11:38:25.122833
ORDER_0006484,CUST_01057,3414.22,INR,2026-08-12 01:47:36.122833
ORDER_0006485,CUST_00263,8714.07,INR,2026-06-15 23:08:59.122833
ORDER_0006486,CUST_00027,96292.61,INR,2026-08-19 18:02:56.122833
ORDER_0006487,CUST_01958,1976.69,INR,2026-08-05 08:14:04.122833
ORDER_0006488,CUST_00921,342.0,INR,2026-08-27 22:44:52.122833
ORDER_0006489,CUST_01173,2179.36,INR,2026-07-28 22:47:51.122833
ORDER_0006490,CUST_01074,2707.41,INR,2026-08-13 11:30:50.122833
ORDER_0006491,CUST_01023,5122.17,INR,2026-08-25 10:19:42.122833
ORDER_0006492,CUST_00228,31394.19,INR,2026-07-24 15:27:54.122833
ORDER_0006493,CUST_00918,40594.28,INR,2026-08-27 04:37:16.122833
ORDER_0006494,CUST_00713,924.07,INR,2026-08-09 07:31:00.122833
ORDER_0006495,CUST_00552,4120.11,INR,2026-07-22 15:43:33.122833
ORDER_0006496,CUST_01846,60788.87,INR,2026-08-13 13:35:45.122833
ORDER_0006497,CUST_01554,94223.79,INR,2026-08-15 01:24:19.122833
ORDER_0006498,CUST_00008,93131.42,INR,2026-08-17 08:21:22.122833
ORDER_0006499,CUST_01534,2388.11,INR,2026-07-09 18:29:48.122833
ORDER_0006500,CUST_00320,7975.01,INR,2026-06-05 22:22:38.122833
ORDER_0006501,CUST_00296,5434.5,INR,2026-06-15 18:49:47.122833
ORDER_0006502,CUST_00912,100.65,INR,2026-08-31 13:04:16.122833
ORDER_0006503,CUST_00573,670.5,INR,2026-06-09 01:46:01.122833
ORDER_0006504,CUST_01134,7825.17,INR,2026-07-11 01:09:12.122833
ORDER_0006505,CUST_00204,867.18,INR,2026-06-04 07:01:51.122833
ORDER_0006506,CUST_01780,4994.18,INR,2026-07-21 11:06:31.122833
ORDER_0006507,CUST_01736,9062.36,INR,2026-06-02 16:36:16.122833
ORDER_0006508,CUST_01635,514.0,INR,2026-07-06 08:06:51.122833
ORDER_0006509,CUST_00093,8714.04,INR,2026-08-23 01:21:40.122833
ORDER_0006510,CUST_01575,2744.08,INR,2026-06-05 21:30:51.122833
ORDER_0006511,CUST_00804,50553.22,INR,2026-06-26 06:53:58.122833
ORDER_0006512,CUST_00625,63729.31,INR,2026-08-13 16:58:13.122833
ORDER_0006513,CUST_01783,48313.64,INR,2026-08-05 01:50:05.122833
ORDER_0006514,CUST_01579,31697.81,INR,2026-06-07 11:03:19.122833
ORDER_0006515,CUST_00478,55235.23,INR,2026-06-14 16:29:54.122833
ORDER_0006516,CUST_00952,152.32,INR,2026-06-15 20:39:43.122833
ORDER_0006517,CUST_01420,8207.24,INR,2026-06-15 00:06:48.122833
ORDER_0006518,CUST_00102,384.61,INR,2026-08-08 05:50:27.122833
ORDER_0006519,CUST_01604,129.4,INR,2026-08-24 01:38:51.122833
ORDER_0006520,CUST_01808,3644.93,INR,2026-07-31 16:01:52.122833
ORDER_0006521,CUST_01587,808.72,INR,2026-06-09 10:16:04.122833
ORDER_0006522,CUST_01360,924.73,INR,2026-07-16 08:40:33.122833
ORDER_0006523,CUST_00982,5558.21,INR,2026-07-15 10:02:03.122833
ORDER_0006524,CUST_01757,66772.37,INR,2026-07-20 18:28:14.122833
ORDER_0006525,CUST_01134,354.75,INR,2026-08-21 05:45:30.122833
ORDER_0006526,CUST_00550,9724.75,INR,2026-06-12 18:10:50.122833
ORDER_0006527,CUST_01664,38616.12,INR,2026-07-09 07:04:57.122833
ORDER_0006528,CUST_00962,548.03,INR,2026-06-03 21:17:29.122833
ORDER_0006529,CUST_01388,69426.59,INR,2026-06-27 04:10:29.122833
ORDER_0006530,CUST_00963,689.27,INR,2026-06-12 15:41:15.122833
ORDER_0006531,CUST_00960,177.93,INR,2026-08-14 23:15:51.122833
ORDER_0006532,CUST_00882,77319.02,INR,2026-07-01 02:59:03.122833
ORDER_0006533,CUST_00972,249.45,INR,2026-07-03 00:54:15.122833
ORDER_0006534,CUST_01162,76449.76,INR,2026-06-06 03:04:10.122833
ORDER_0006535,CUST_00939,755.83,INR,2026-07-26 18:11:03.122833
ORDER_0006536,CUST_00751,5028.92,INR,2026-07-10 09:14:26.122833
ORDER_0006537,CUST_00622,867.33,INR,2026-08-23 07:18:10.122833
ORDER_0006538,CUST_00048,755.12,INR,2026-08-28 10:06:13.122833
ORDER_0006539,CUST_01265,37876.81,INR,2026-06-23 05:24:53.122833
ORDER_0006540,CUST_00979,607.76,INR,2026-07-24 10:05:58.122833
ORDER_0006541,CUST_01429,515.02,INR,2026-06-04 16:06:26.122833
ORDER_0006542,CUST_01442,575.24,INR,2026-08-08 15:32:06.122833
ORDER_0006543,CUST_00134,67027.51,INR,2026-08-21 02:38:40.122833
ORDER_0006544,CUST_01695,1076.71,INR,2026-06-26 03:05:41.122833
ORDER_0006545,CUST_01217,8897.12,INR,2026-07-02 14:11:39.122833
ORDER_0006546,CUST_00005,603.32,INR,2026-08-21 16:31:42.122833
ORDER_0006547,CUST_00058,1699.11,INR,2026-06-08 01:58:24.122833
ORDER_0006548,CUST_00786,8462.88,INR,2026-07-20 11:49:14.122833
ORDER_0006549,CUST_01058,73391.09,INR,2026-07-26 20:11:23.122833
ORDER_0006550,CUST_00204,597.4,INR,2026-06-08 08:01:14.122833
ORDER_0006551,CUST_00722,5775.99,INR,2026-07-03 15:03:46.122833
ORDER_0006552,CUST_01971,42176.95,INR,2026-08-14 15:35:14.122833
ORDER_0006553,CUST_01297,917.33,INR,2026-07-13 03:32:59.122833
ORDER_0006554,CUST_01718,111.66,INR,2026-07-30 07:57:40.122833
ORDER_0006555,CUST_00258,2527.73,INR,2026-08-05 21:50:45.122833
ORDER_0006556,CUST_00253,4402.05,INR,2026-06-08 19:49:54.122833
ORDER_0006557,CUST_01201,4643.88,INR,2026-07-18 20:58:52.122833
ORDER_0006558,CUST_00542,18527.02,INR,2026-07-02 14:47:40.122833
ORDER_0006559,CUST_01694,5073.47,INR,2026-07-15 15:34:02.122833
ORDER_0006560,CUST_01016,36745.39,INR,2026-07-24 05:39:00.122833
ORDER_0006561,CUST_01431,8704.62,INR,2026-08-05 03:54:53.122833
ORDER_0006562,CUST_01631,97042.71,INR,2026-06-13 12:30:47.122833
ORDER_0006563,CUST_00810,834.73,INR,2026-08-21 02:37:14.122833
ORDER_0006564,CUST_01893,201.0,INR,2026-08-18 01:00:53.122833
ORDER_0006565,CUST_00950,8781.41,INR,2026-07-14 03:16:08.122833
ORDER_0006566,CUST_01467,99386.82,INR,2026-07-08 08:29:40.122833
ORDER_0006567,CUST_00435,87909.32,INR,2026-06-03 11:54:29.122833
ORDER_0006568,CUST_00081,973.5,INR,2026-06-09 04:08:33.122833
ORDER_0006569,CUST_01294,49052.61,INR,2026-06-08 11:24:55.122833
ORDER_0006570,CUST_00311,5363.81,INR,2026-06-07 14:38:58.122833
ORDER_0006571,CUST_00945,6630.45,INR,2026-07-09 04:25:28.122833
ORDER_0006572,CUST_01883,28591.19,INR,2026-07-28 17:23:51.122833
ORDER_0006573,CUST_00232,3705.88,INR,2026-06-16 00:52:32.122833
ORDER_0006574,CUST_01362,351.01,INR,2026-07-03 08:32:40.122833
ORDER_0006575,CUST_01425,75022.06,INR,2026-08-03 12:56:16.122833
ORDER_0006576,CUST_00508,58952.44,INR,2026-06-22 06:17:35.122833
ORDER_0006577,CUST_00709,99583.32,INR,2026-08-26 10:35:49.122833
ORDER_0006578,CUST_00321,43978.25,INR,2026-07-23 14:29:00.122833
ORDER_0006579,CUST_00588,24463.43,INR,2026-07-22 05:39:39.122833
ORDER_0006580,CUST_01486,94197.24,INR,2026-06-26 23:05:27.122833
ORDER_0006581,CUST_01029,533.26,INR,2026-08-03 00:25:07.122833
ORDER_0006582,CUST_01189,60085.83,INR,2026-06-29 16:44:10.122833
ORDER_0006583,CUST_00182,77688.94,INR,2026-06-20 14:25:35.122833
ORDER_0006584,CUST_01957,471.89,INR,2026-08-30 17:28:31.122833
ORDER_0006585,CUST_01655,26096.78,INR,2026-06-29 20:01:06.122833
ORDER_0006586,CUST_01671,96671.07,INR,2026-06-24 05:48:23.122833
ORDER_0006587,CUST_01198,7783.01,INR,2026-06-20 14:26:50.122833
ORDER_0006588,CUST_00686,32563.53,INR,2026-06-11 19:14:55.122833
ORDER_0006589,CUST_01177,4244.78,INR,2026-06-08 20:29:02.122833
ORDER_0006590,CUST_01043,38646.78,INR,2026-08-27 19:07:41.122833
ORDER_0006591,CUST_00088,930.21,INR,2026-06-07 13:35:24.122833
ORDER_0006592,CUST_01436,901.49,INR,2026-08-29 10:11:11.122833
ORDER_0006593,CUST_00670,923.37,INR,2026-07-04 06:53:36.122833
ORDER_0006594,CUST_01288,8839.71,INR,2026-07-28 20:51:54.122833
ORDER_0006595,CUST_00006,5919.97,INR,2026-06-12 07:59:29.122833
ORDER_0006596,CUST_00952,8138.85,INR,2026-08-05 02:51:53.122833
ORDER_0006597,CUST_00870,2752.29,INR,2026-06-08 09:26:06.122833
ORDER_0006598,CUST_00068,58590.52,INR,2026-07-03 01:24:20.122833
ORDER_0006599,CUST_01927,9643.74,INR,2026-07-10 03:12:40.122833
ORDER_0006600,CUST_00711,84160.5,INR,2026-06-19 13:46:08.122833
ORDER_0006601,CUST_01998,86593.45,INR,2026-07-15 06:09:10.122833
ORDER_0006602,CUST_00655,6381.86,INR,2026-07-10 22:55:18.122833
ORDER_0006603,CUST_00871,520.15,INR,2026-06-10 04:11:50.122833
ORDER_0006604,CUST_01171,3196.78,INR,2026-07-10 05:10:36.122833
ORDER_0006605,CUST_00355,137.69,INR,2026-07-22 12:25:11.122833
ORDER_0006606,CUST_00989,3120.55,INR,2026-07-02 20:26:13.122833
ORDER_0006607,CUST_01933,82894.71,INR,2026-07-21 02:32:23.122833
ORDER_0006608,CUST_00150,353.16,INR,2026-06-27 06:31:25.122833
ORDER_0006609,CUST_00908,87260.29,INR,2026-06-05 22:55:02.122833
ORDER_0006610,CUST_00591,74199.67,INR,2026-06-12 02:32:16.122833
ORDER_0006611,CUST_01385,449.37,INR,2026-08-14 14:02:25.122833
ORDER_0006612,CUST_00028,5717.45,INR,2026-07-02 07:27:34.122833
ORDER_0006613,CUST_00249,7751.17,INR,2026-07-16 15:35:48.122833
ORDER_0006614,CUST_01406,653.79,INR,2026-06-18 09:48:44.122833
ORDER_0006615,CUST_01074,905.56,INR,2026-08-03 03:21:12.122833
ORDER_0006616,CUST_01620,101.65,INR,2026-07-09 18:00:11.122833
ORDER_0006617,CUST_00331,77271.14,INR,2026-08-05 15:52:00.122833
ORDER_0006618,CUST_01246,811.34,INR,2026-07-01 08:32:50.122833
ORDER_0006619,CUST_00298,1158.29,INR,2026-08-01 01:33:14.122833
ORDER_0006620,CUST_00234,84638.02,INR,2026-06-12 21:15:05.122833
ORDER_0006621,CUST_01219,918.11,INR,2026-08-29 03:04:09.122833
ORDER_0006622,CUST_00688,1653.32,INR,2026-08-02 10:11:02.122833
ORDER_0006623,CUST_00968,5899.13,INR,2026-08-26 10:05:39.122833
ORDER_0006624,CUST_01063,936.91,INR,2026-07-14 09:40:25.122833
ORDER_0006625,CUST_00234,8873.67,INR,2026-06-17 10:35:32.122833
ORDER_0006626,CUST_01465,7967.68,INR,2026-06-28 10:22:06.122833
ORDER_0006627,CUST_01773,768.28,INR,2026-08-19 07:05:20.122833
ORDER_0006628,CUST_01217,160.9,INR,2026-08-01 11:01:06.122833
ORDER_0006629,CUST_00981,31949.46,INR,2026-06-05 01:51:51.122833
ORDER_0006630,CUST_00326,6748.25,INR,2026-07-14 17:00:29.122833
ORDER_0006631,CUST_00905,500.06,INR,2026-08-05 09:25:16.122833
ORDER_0006632,CUST_01069,2098.53,INR,2026-07-16 18:46:54.122833
ORDER_0006633,CUST_00260,617.42,INR,2026-06-19 04:08:06.122833
ORDER_0006634,CUST_01306,606.62,INR,2026-07-01 00:25:15.122833
ORDER_0006635,CUST_01024,778.37,INR,2026-07-21 21:15:50.122833
ORDER_0006636,CUST_01422,16500.24,INR,2026-06-20 04:07:10.122833
ORDER_0006637,CUST_00466,6278.59,INR,2026-06-16 01:32:23.122833
ORDER_0006638,CUST_01043,199.6,INR,2026-06-14 06:26:48.122833
ORDER_0006639,CUST_01208,974.97,INR,2026-07-05 01:01:27.122833
ORDER_0006640,CUST_01620,8659.34,INR,2026-08-13 02:55:47.122833
ORDER_0006641,CUST_00782,35070.17,INR,2026-06-08 17:59:36.122833
ORDER_0006642,CUST_00484,308.52,INR,2026-08-21 01:13:30.122833
ORDER_0006643,CUST_00550,42883.73,INR,2026-08-14 23:11:40.122833
ORDER_0006644,CUST_01707,251.55,INR,2026-08-18 03:18:00.122833
ORDER_0006645,CUST_01442,6050.38,INR,2026-07-01 07:22:02.122833
ORDER_0006646,CUST_00729,95392.74,INR,2026-08-23 03:12:40.122833
ORDER_0006647,CUST_00594,308.77,INR,2026-07-30 11:26:05.122833
ORDER_0006648,CUST_01438,85867.91,INR,2026-08-15 03:30:09.122833
ORDER_0006649,CUST_00584,420.73,INR,2026-07-23 08:25:47.122833
ORDER_0006650,CUST_00823,18642.59,INR,2026-07-12 13:08:49.122833
ORDER_0006651,CUST_01477,689.82,INR,2026-07-22 15:11:57.122833
ORDER_0006652,CUST_01765,1183.18,INR,2026-08-06 18:04:21.122833
ORDER_0006653,CUST_01248,19522.69,INR,2026-06-05 06:59:03.122833
ORDER_0006654,CUST_01089,852.64,INR,2026-07-17 21:40:42.122833
ORDER_0006655,CUST_00920,1942.95,INR,2026-06-27 04:12:41.122833
ORDER_0006656,CUST_00924,72178.52,INR,2026-06-13 00:12:32.122833
ORDER_0006657,CUST_00158,5244.99,INR,2026-08-24 12:35:07.122833
ORDER_0006658,CUST_00381,1266.06,INR,2026-07-10 21:34:49.122833
ORDER_0006659,CUST_00701,71902.53,INR,2026-07-11 01:24:35.122833
ORDER_0006660,CUST_01923,9400.88,INR,2026-07-01 02:54:06.122833
ORDER_0006661,CUST_01124,802.66,INR,2026-07-15 13:25:32.122833
ORDER_0006662,CUST_00607,4543.82,INR,2026-08-24 05:48:27.122833
ORDER_0006663,CUST_00798,893.48,INR,2026-07-26 19:21:55.122833
ORDER_0006664,CUST_01944,49272.08,INR,2026-06-23 01:20:42.122833
ORDER_0006665,CUST_01961,550.96,INR,2026-08-18 08:24:10.122833
ORDER_0006666,CUST_01786,580.13,INR,2026-07-02 07:42:49.122833
ORDER_0006667,CUST_01578,3223.6,INR,2026-06-04 08:48:27.122833
ORDER_0006668,CUST_01636,6469.3,INR,2026-07-15 10:20:05.122833
ORDER_0006669,CUST_01469,48750.29,INR,2026-06-30 17:20:33.122833
ORDER_0006670,CUST_01011,29532.56,INR,2026-06-12 04:13:45.122833
ORDER_0006671,CUST_00029,4603.45,INR,2026-07-03 04:35:54.122833
ORDER_0006672,CUST_01484,234.52,INR,2026-07-05 10:40:04.122833
ORDER_0006673,CUST_01570,34086.87,INR,2026-08-22 04:19:16.122833
ORDER_0006674,CUST_00941,891.27,INR,2026-06-03 16:59:04.122833
ORDER_0006675,CUST_00937,288.27,INR,2026-07-30 19:06:15.122833
ORDER_0006676,CUST_01306,7664.47,INR,2026-06-06 15:41:17.122833
ORDER_0006677,CUST_00274,569.73,INR,2026-07-30 20:40:16.122833
ORDER_0006678,CUST_01742,8530.14,INR,2026-08-10 00:42:18.122833
ORDER_0006679,CUST_00449,32856.3,INR,2026-07-20 01:26:00.122833
ORDER_0006680,CUST_00813,3741.22,INR,2026-08-12 05:35:42.122833
ORDER_0006681,CUST_00352,7047.66,INR,2026-06-06 04:26:36.122833
ORDER_0006682,CUST_00705,65436.27,INR,2026-07-13 02:04:14.122833
ORDER_0006683,CUST_00665,1610.67,INR,2026-08-25 02:44:49.122833
ORDER_0006684,CUST_00454,50564.78,INR,2026-07-09 23:21:14.122833
ORDER_0006685,CUST_00468,69699.12,INR,2026-06-26 22:48:47.122833
ORDER_0006686,CUST_01898,5231.28,INR,2026-07-25 03:59:57.122833
ORDER_0006687,CUST_00351,913.54,INR,2026-07-22 23:27:47.122833
ORDER_0006688,CUST_00136,82932.22,INR,2026-08-07 01:53:47.122833
ORDER_0006689,CUST_01096,48638.31,INR,2026-06-29 13:57:02.122833
ORDER_0006690,CUST_01607,901.37,INR,2026-08-19 18:25:22.122833
ORDER_0006691,CUST_01660,69421.25,INR,2026-07-16 21:39:24.122833
ORDER_0006692,CUST_00780,8216.89,INR,2026-08-31 05:34:12.122833
ORDER_0006693,CUST_00192,1907.81,INR,2026-06-20 04:12:51.122833
ORDER_0006694,CUST_00738,308.44,INR,2026-06-05 17:02:44.122833
ORDER_0006695,CUST_00890,49568.83,INR,2026-08-30 15:35:35.122833
ORDER_0006696,CUST_00479,742.49,INR,2026-07-09 23:33:41.122833
ORDER_0006697,CUST_00502,394.92,INR,2026-07-26 07:28:38.122833
ORDER_0006698,CUST_00487,971.92,INR,2026-06-18 17:44:48.122833
ORDER_0006699,CUST_01538,66141.34,INR,2026-07-22 00:10:01.122833
ORDER_0006700,CUST_00350,33242.92,INR,2026-07-29 03:41:16.122833
ORDER_0006701,CUST_00331,12324.97,INR,2026-06-30 23:14:53.122833
ORDER_0006702,CUST_01807,70964.85,INR,2026-08-17 04:08:14.122833
ORDER_0006703,CUST_00138,401.26,INR,2026-06-08 14:09:48.122833
ORDER_0006704,CUST_00131,3502.9,INR,2026-06-22 07:51:33.122833
ORDER_0006705,CUST_01132,3887.78,INR,2026-06-04 17:09:32.122833
ORDER_0006706,CUST_01292,2109.32,INR,2026-06-27 09:11:04.122833
ORDER_0006707,CUST_00005,18593.03,INR,2026-07-02 06:03:29.122833
ORDER_0006708,CUST_00480,102.04,INR,2026-08-17 18:01:06.122833
ORDER_0006709,CUST_00518,500.11,INR,2026-06-07 13:00:28.122833
ORDER_0006710,CUST_00846,3811.14,INR,2026-08-16 05:38:16.122833
ORDER_0006711,CUST_01831,62588.11,INR,2026-08-13 12:03:04.122833
ORDER_0006712,CUST_00418,7596.79,INR,2026-08-14 08:01:46.122833
ORDER_0006713,CUST_01813,93153.79,INR,2026-06-28 13:24:01.122833
ORDER_0006714,CUST_00444,53688.1,INR,2026-07-30 18:37:12.122833
ORDER_0006715,CUST_01229,20341.67,INR,2026-08-30 21:25:19.122833
ORDER_0006716,CUST_01671,7206.88,INR,2026-08-02 20:51:48.122833
ORDER_0006717,CUST_00404,34827.34,INR,2026-07-08 03:43:52.122833
ORDER_0006718,CUST_00753,85268.38,INR,2026-08-06 08:34:41.122833
ORDER_0006719,CUST_00164,970.78,INR,2026-08-29 23:25:15.122833
ORDER_0006720,CUST_00099,26876.28,INR,2026-08-13 22:00:18.122833
ORDER_0006721,CUST_00815,726.27,INR,2026-08-18 21:24:00.122833
ORDER_0006722,CUST_00383,51363.16,INR,2026-07-04 00:54:09.122833
ORDER_0006723,CUST_01079,275.54,INR,2026-07-18 18:16:33.122833
ORDER_0006724,CUST_00356,360.53,INR,2026-08-31 09:07:44.122833
ORDER_0006725,CUST_01652,242.02,INR,2026-07-01 02:18:33.122833
ORDER_0006726,CUST_01725,9103.42,INR,2026-08-23 19:22:15.122833
ORDER_0006727,CUST_01914,544.78,INR,2026-07-15 02:33:21.122833
ORDER_0006728,CUST_01511,50309.25,INR,2026-08-12 22:59:48.122833
ORDER_0006729,CUST_01689,48697.7,INR,2026-07-04 05:31:21.122833
ORDER_0006730,CUST_01498,108.34,INR,2026-08-09 04:51:46.122833
ORDER_0006731,CUST_01439,512.67,INR,2026-08-08 08:28:55.122833
ORDER_0006732,CUST_00978,5605.49,INR,2026-08-29 19:12:00.122833
ORDER_0006733,CUST_01784,747.36,INR,2026-08-23 22:46:54.122833
ORDER_0006734,CUST_00916,1311.81,INR,2026-06-26 12:55:31.122833
ORDER_0006735,CUST_00678,955.68,INR,2026-07-28 09:10:19.122833
ORDER_0006736,CUST_00166,5592.48,INR,2026-08-27 14:24:19.122833
ORDER_0006737,CUST_01684,4019.17,INR,2026-07-09 21:01:59.122833
ORDER_0006738,CUST_00272,56113.56,INR,2026-06-06 22:45:49.122833
ORDER_0006739,CUST_00993,11929.83,INR,2026-08-29 18:16:06.122833
ORDER_0006740,CUST_00777,196.75,INR,2026-08-05 23:33:16.122833
ORDER_0006741,CUST_00351,4535.84,INR,2026-06-05 11:07:55.122833
ORDER_0006742,CUST_00510,731.41,INR,2026-08-25 14:16:52.122833
ORDER_0006743,CUST_00809,70481.35,INR,2026-07-14 12:54:13.122833
ORDER_0006744,CUST_00004,4918.84,INR,2026-08-05 06:55:07.122833
ORDER_0006745,CUST_00217,3108.81,INR,2026-06-17 19:40:13.122833
ORDER_0006746,CUST_01567,6867.36,INR,2026-07-27 11:22:07.122833
ORDER_0006747,CUST_01904,73114.77,INR,2026-08-13 23:18:19.122833
ORDER_0006748,CUST_00273,490.9,INR,2026-07-08 02:29:28.122833
ORDER_0006749,CUST_01080,97839.79,INR,2026-06-05 16:58:54.122833
ORDER_0006750,CUST_01740,958.21,INR,2026-07-09 07:33:02.122833
ORDER_0006751,CUST_01894,60213.0,INR,2026-07-26 23:28:16.122833
ORDER_0006752,CUST_01413,446.36,INR,2026-07-12 06:50:56.122833
ORDER_0006753,CUST_00911,49642.07,INR,2026-07-06 08:45:08.122833
ORDER_0006754,CUST_00291,699.03,INR,2026-08-02 01:48:50.122833
ORDER_0006755,CUST_00806,1325.06,INR,2026-08-27 23:00:42.122833
ORDER_0006756,CUST_01922,818.06,INR,2026-07-05 23:10:49.122833
ORDER_0006757,CUST_00538,85363.4,INR,2026-07-25 15:00:58.122833
ORDER_0006758,CUST_01763,6902.2,INR,2026-07-27 02:19:36.122833
ORDER_0006759,CUST_01484,2354.22,INR,2026-07-14 10:24:03.122833
ORDER_0006760,CUST_00904,26837.77,INR,2026-07-06 04:13:36.122833
ORDER_0006761,CUST_01704,82030.46,INR,2026-08-26 07:34:00.122833
ORDER_0006762,CUST_00821,42690.84,INR,2026-06-22 02:09:37.122833
ORDER_0006763,CUST_00138,527.16,INR,2026-06-09 02:17:33.122833
ORDER_0006764,CUST_01562,2553.92,INR,2026-08-15 21:28:57.122833
ORDER_0006765,CUST_00411,40080.76,INR,2026-06-04 12:43:15.122833
ORDER_0006766,CUST_00975,54326.17,INR,2026-06-18 02:02:06.122833
ORDER_0006767,CUST_00519,200.8,INR,2026-07-11 02:46:06.122833
ORDER_0006768,CUST_01327,38785.93,INR,2026-08-19 17:03:38.122833
ORDER_0006769,CUST_00553,924.35,INR,2026-06-14 23:28:34.122833
ORDER_0006770,CUST_00405,8117.79,INR,2026-06-06 09:32:06.122833
ORDER_0006771,CUST_01528,767.32,INR,2026-06-13 00:11:04.122833
ORDER_0006772,CUST_00259,25104.14,INR,2026-07-15 13:59:48.122833
ORDER_0006773,CUST_00693,34522.26,INR,2026-07-30 23:00:27.122833
ORDER_0006774,CUST_01899,6924.66,INR,2026-07-26 08:49:11.122833
ORDER_0006775,CUST_01742,68309.35,INR,2026-08-27 04:53:13.122833
ORDER_0006776,CUST_00391,207.45,INR,2026-07-19 22:24:00.122833
ORDER_0006777,CUST_01582,778.67,INR,2026-07-23 04:50:18.122833
ORDER_0006778,CUST_00756,58765.59,INR,2026-07-31 15:09:59.122833
ORDER_0006779,CUST_00723,68894.6,INR,2026-06-06 15:46:01.122833
ORDER_0006780,CUST_01588,3409.94,INR,2026-08-10 18:22:23.122833
ORDER_0006781,CUST_00255,12999.82,INR,2026-06-13 12:03:23.122833
ORDER_0006782,CUST_01178,40519.28,INR,2026-06-24 02:09:42.122833
ORDER_0006783,CUST_00989,74859.24,INR,2026-07-14 13:16:12.122833
ORDER_0006784,CUST_00747,829.32,INR,2026-06-12 20:34:24.122833
ORDER_0006785,CUST_01334,18749.2,INR,2026-07-12 21:00:52.122833
ORDER_0006786,CUST_01723,90073.75,INR,2026-06-09 21:19:42.122833
ORDER_0006787,CUST_00437,9604.09,INR,2026-07-16 02:19:13.122833
ORDER_0006788,CUST_01720,846.51,INR,2026-06-17 01:38:07.122833
ORDER_0006789,CUST_01549,41204.47,INR,2026-08-25 11:30:51.122833
ORDER_0006790,CUST_00604,7995.93,INR,2026-08-01 23:28:58.122833
ORDER_0006791,CUST_00452,85527.6,INR,2026-08-29 02:54:13.122833
ORDER_0006792,CUST_01722,721.22,INR,2026-07-10 08:19:03.122833
ORDER_0006793,CUST_01034,104.05,INR,2026-06-10 06:31:46.122833
ORDER_0006794,CUST_00858,3337.45,INR,2026-08-08 06:50:15.122833
ORDER_0006795,CUST_01752,7438.91,INR,2026-07-10 12:51:43.122833
ORDER_0006796,CUST_01162,92711.55,INR,2026-06-11 23:20:42.122833
ORDER_0006797,CUST_00452,3568.69,INR,2026-08-24 01:31:40.122833
ORDER_0006798,CUST_01842,55117.85,INR,2026-08-14 18:50:59.122833
ORDER_0006799,CUST_00216,6843.21,INR,2026-06-06 10:19:26.122833
ORDER_0006800,CUST_00472,75169.9,INR,2026-08-26 19:06:21.122833
ORDER_0006801,CUST_01969,390.67,INR,2026-08-23 20:03:50.122833
ORDER_0006802,CUST_00799,5245.87,INR,2026-08-28 08:00:38.122833
ORDER_0006803,CUST_01690,9838.75,INR,2026-06-27 07:47:46.122833
ORDER_0006804,CUST_00479,184.62,INR,2026-08-06 14:24:56.122833
ORDER_0006805,CUST_00783,4276.67,INR,2026-07-20 04:09:53.122833
ORDER_0006806,CUST_00761,20671.3,INR,2026-06-03 21:24:18.122833
ORDER_0006807,CUST_01741,719.05,INR,2026-07-02 22:03:28.122833
ORDER_0006808,CUST_00374,1325.23,INR,2026-08-03 02:30:06.122833
ORDER_0006809,CUST_00139,22668.23,INR,2026-07-18 14:27:34.122833
ORDER_0006810,CUST_01392,59115.31,INR,2026-06-14 17:35:57.122833
ORDER_0006811,CUST_01381,1136.6,INR,2026-07-09 13:54:13.122833
ORDER_0006812,CUST_01411,69787.36,INR,2026-07-12 20:53:17.122833
ORDER_0006813,CUST_01966,829.21,INR,2026-06-16 01:55:24.122833
ORDER_0006814,CUST_01113,315.99,INR,2026-07-18 05:34:10.122833
ORDER_0006815,CUST_01088,406.41,INR,2026-08-01 02:48:33.122833
ORDER_0006816,CUST_01209,7333.46,INR,2026-08-03 05:30:39.122833
ORDER_0006817,CUST_00567,991.11,INR,2026-06-18 05:31:12.122833
ORDER_0006818,CUST_01854,914.58,INR,2026-08-28 09:34:31.122833
ORDER_0006819,CUST_01083,562.53,INR,2026-08-07 10:05:18.122833
ORDER_0006820,CUST_01594,4784.45,INR,2026-08-25 19:53:44.122833
ORDER_0006821,CUST_00803,44791.72,INR,2026-06-30 09:24:25.122833
ORDER_0006822,CUST_01949,340.71,INR,2026-06-29 13:09:23.122833
ORDER_0006823,CUST_00088,67828.46,INR,2026-06-26 13:14:13.122833
ORDER_0006824,CUST_00147,659.16,INR,2026-08-13 01:15:59.122833
ORDER_0006825,CUST_01195,48806.53,INR,2026-08-14 06:17:50.122833
ORDER_0006826,CUST_01923,484.26,INR,2026-08-27 20:34:11.122833
ORDER_0006827,CUST_00403,6757.58,INR,2026-07-18 07:09:42.122833
ORDER_0006828,CUST_01421,77604.03,INR,2026-08-31 13:46:23.122833
ORDER_0006829,CUST_00412,187.83,INR,2026-07-26 02:59:48.122833
ORDER_0006830,CUST_00393,76751.13,INR,2026-06-19 10:27:20.122833
ORDER_0006831,CUST_00409,8131.2,INR,2026-07-18 02:41:27.122833
ORDER_0006832,CUST_00814,77764.16,INR,2026-06-24 02:56:13.122833
ORDER_0006833,CUST_00449,269.55,INR,2026-06-15 12:51:39.122833
ORDER_0006834,CUST_01951,392.05,INR,2026-06-15 14:26:59.122833
ORDER_0006835,CUST_00656,4240.75,INR,2026-07-16 09:17:56.122833
ORDER_0006836,CUST_01791,5103.89,INR,2026-08-07 01:57:13.122833
ORDER_0006837,CUST_00609,19598.57,INR,2026-07-23 14:57:44.122833
ORDER_0006838,CUST_01479,2680.31,INR,2026-07-23 16:48:22.122833
ORDER_0006839,CUST_00399,9957.53,INR,2026-06-21 00:10:29.122833
ORDER_0006840,CUST_00030,45661.25,INR,2026-07-20 02:15:05.122833
ORDER_0006841,CUST_01841,587.82,INR,2026-08-15 04:54:47.122833
ORDER_0006842,CUST_01190,51590.92,INR,2026-08-02 08:42:39.122833
ORDER_0006843,CUST_00822,6290.62,INR,2026-08-06 00:10:05.122833
ORDER_0006844,CUST_00342,6346.53,INR,2026-06-08 00:48:07.122833
ORDER_0006845,CUST_00295,892.41,INR,2026-08-07 20:38:01.122833
ORDER_0006846,CUST_00200,31721.23,INR,2026-08-03 15:16:12.122833
ORDER_0006847,CUST_01676,9917.02,INR,2026-07-12 03:26:52.122833
ORDER_0006848,CUST_00795,69864.81,INR,2026-07-18 15:19:57.122833
ORDER_0006849,CUST_01634,3608.3,INR,2026-08-04 04:57:42.122833
ORDER_0006850,CUST_01953,16142.34,INR,2026-07-22 18:33:03.122833
ORDER_0006851,CUST_00686,808.66,INR,2026-08-26 08:51:19.122833
ORDER_0006852,CUST_00042,6167.72,INR,2026-08-17 08:31:15.122833
ORDER_0006853,CUST_01921,62719.78,INR,2026-06-08 20:59:39.122833
ORDER_0006854,CUST_01281,203.29,INR,2026-06-24 21:30:10.122833
ORDER_0006855,CUST_01847,957.57,INR,2026-08-01 16:12:35.122833
ORDER_0006856,CUST_01130,2923.88,INR,2026-06-15 23:05:15.122833
ORDER_0006857,CUST_00241,92374.48,INR,2026-07-09 09:40:06.122833
ORDER_0006858,CUST_00650,78921.12,INR,2026-08-02 00:23:13.122833
ORDER_0006859,CUST_00313,61317.31,INR,2026-07-19 01:47:42.122833
ORDER_0006860,CUST_00438,598.56,INR,2026-06-04 13:43:33.122833
ORDER_0006861,CUST_01293,139.59,INR,2026-06-12 01:21:48.122833
ORDER_0006862,CUST_01281,83529.75,INR,2026-07-13 00:13:13.122833
ORDER_0006863,CUST_01489,4556.01,INR,2026-07-20 00:31:07.122833
ORDER_0006864,CUST_00490,32802.23,INR,2026-08-16 02:06:52.122833
ORDER_0006865,CUST_01386,1384.7,INR,2026-06-12 03:04:56.122833
ORDER_0006866,CUST_00399,669.22,INR,2026-08-06 01:07:51.122833
ORDER_0006867,CUST_00895,1014.08,INR,2026-07-22 14:02:20.122833
ORDER_0006868,CUST_00004,34560.75,INR,2026-06-19 12:58:07.122833
ORDER_0006869,CUST_00592,67699.94,INR,2026-08-08 19:27:27.122833
ORDER_0006870,CUST_01517,41461.39,INR,2026-06-15 01:48:41.122833
ORDER_0006871,CUST_00928,657.24,INR,2026-07-06 03:02:41.122833
ORDER_0006872,CUST_01461,51827.37,INR,2026-07-04 19:43:06.122833
ORDER_0006873,CUST_00611,6872.81,INR,2026-06-22 13:36:54.122833
ORDER_0006874,CUST_00350,3115.14,INR,2026-07-17 13:55:19.122833
ORDER_0006875,CUST_01445,5027.46,INR,2026-06-23 05:56:07.122833
ORDER_0006876,CUST_01826,7499.66,INR,2026-08-19 04:33:24.122833
ORDER_0006877,CUST_01546,4013.26,INR,2026-06-07 06:25:05.122833
ORDER_0006878,CUST_01007,36960.08,INR,2026-07-29 21:50:15.122833
ORDER_0006879,CUST_01672,1829.35,INR,2026-06-09 21:09:21.122833
ORDER_0006880,CUST_00846,26409.52,INR,2026-06-05 11:54:40.122833
ORDER_0006881,CUST_01693,94633.36,INR,2026-07-30 11:54:51.122833
ORDER_0006882,CUST_00341,8581.32,INR,2026-08-27 18:07:56.122833
ORDER_0006883,CUST_01039,78665.09,INR,2026-06-29 02:22:57.122833
ORDER_0006884,CUST_01341,90813.11,INR,2026-06-11 08:19:06.122833
ORDER_0006885,CUST_01527,513.52,INR,2026-07-08 08:27:17.122833
ORDER_0006886,CUST_00043,82870.12,INR,2026-06-07 11:50:48.122833
ORDER_0006887,CUST_00838,27750.31,INR,2026-07-08 16:31:23.122833
ORDER_0006888,CUST_01134,8952.19,INR,2026-08-12 05:54:17.122833
ORDER_0006889,CUST_00278,28619.23,INR,2026-06-03 14:52:41.122833
ORDER_0006890,CUST_00584,527.09,INR,2026-08-05 19:02:26.122833
ORDER_0006891,CUST_01272,30159.76,INR,2026-07-01 11:40:16.122833
ORDER_0006892,CUST_01262,34122.65,INR,2026-07-12 21:50:53.122833
ORDER_0006893,CUST_00525,16477.87,INR,2026-07-09 09:12:47.122833
ORDER_0006894,CUST_00321,67510.99,INR,2026-06-22 11:08:22.122833
ORDER_0006895,CUST_00863,31288.17,INR,2026-07-10 22:27:20.122833
ORDER_0006896,CUST_00628,9658.64,INR,2026-08-09 08:54:21.122833
ORDER_0006897,CUST_00514,368.3,INR,2026-07-29 05:00:46.122833
ORDER_0006898,CUST_00078,6665.93,INR,2026-08-27 21:07:30.122833
ORDER_0006899,CUST_00062,11485.89,INR,2026-07-10 20:08:17.122833
ORDER_0006900,CUST_00549,280.77,INR,2026-07-07 10:12:11.122833
ORDER_0006901,CUST_00373,15083.78,INR,2026-07-17 11:38:58.122833
ORDER_0006902,CUST_00553,82883.37,INR,2026-06-07 23:37:34.122833
ORDER_0006903,CUST_01463,883.99,INR,2026-06-22 10:50:29.122833
ORDER_0006904,CUST_00555,766.81,INR,2026-08-26 10:06:18.122833
ORDER_0006905,CUST_00398,77376.22,INR,2026-08-02 20:41:50.122833
ORDER_0006906,CUST_01558,4740.54,INR,2026-08-31 02:34:44.122833
ORDER_0006907,CUST_01463,2468.69,INR,2026-07-28 23:35:54.122833
ORDER_0006908,CUST_00832,51472.98,INR,2026-06-08 12:56:44.122833
ORDER_0006909,CUST_00395,63345.19,INR,2026-08-16 09:17:27.122833
ORDER_0006910,CUST_01413,26393.22,INR,2026-08-30 21:57:55.122833
ORDER_0006911,CUST_00481,644.64,INR,2026-07-04 05:12:10.122833
ORDER_0006912,CUST_01659,5941.84,INR,2026-06-03 12:25:15.122833
ORDER_0006913,CUST_00424,32255.84,INR,2026-08-21 17:37:40.122833
ORDER_0006914,CUST_00564,45198.54,INR,2026-06-21 12:49:51.122833
ORDER_0006915,CUST_00111,523.87,INR,2026-06-26 20:14:23.122833
ORDER_0006916,CUST_01528,491.1,INR,2026-07-07 12:32:26.122833
ORDER_0006917,CUST_01708,22186.68,INR,2026-06-09 03:24:51.122833
ORDER_0006918,CUST_01266,2555.03,INR,2026-06-08 17:27:18.122833
ORDER_0006919,CUST_00762,750.19,INR,2026-07-18 12:21:03.122833
ORDER_0006920,CUST_00031,42812.87,INR,2026-07-30 20:32:45.122833
ORDER_0006921,CUST_01909,240.86,INR,2026-08-08 16:03:11.122833
ORDER_0006922,CUST_01837,6007.35,INR,2026-06-21 12:39:10.122833
ORDER_0006923,CUST_00330,79100.09,INR,2026-08-17 03:49:18.122833
ORDER_0006924,CUST_01648,882.79,INR,2026-07-07 05:48:09.122833
ORDER_0006925,CUST_00873,49494.5,INR,2026-07-20 22:26:46.122833
ORDER_0006926,CUST_00249,27449.78,INR,2026-08-04 14:27:14.122833
ORDER_0006927,CUST_00397,24098.38,INR,2026-08-06 02:02:12.122833
ORDER_0006928,CUST_00159,7637.68,INR,2026-08-07 05:17:54.122833
ORDER_0006929,CUST_01021,71600.35,INR,2026-06-26 10:09:49.122833
ORDER_0006930,CUST_00781,96841.44,INR,2026-07-06 21:53:58.122833
ORDER_0006931,CUST_01273,59169.78,INR,2026-07-19 05:16:20.122833
ORDER_0006932,CUST_01016,7660.31,INR,2026-08-14 10:22:56.122833
ORDER_0006933,CUST_01974,58864.29,INR,2026-06-03 18:16:29.122833
ORDER_0006934,CUST_01797,10135.76,INR,2026-07-26 14:04:32.122833
ORDER_0006935,CUST_01318,8413.28,INR,2026-08-19 15:09:28.122833
ORDER_0006936,CUST_00753,49171.76,INR,2026-06-23 04:41:57.122833
ORDER_0006937,CUST_00114,8301.87,INR,2026-07-09 04:40:12.122833
ORDER_0006938,CUST_01914,4456.87,INR,2026-08-15 15:48:11.122833
ORDER_0006939,CUST_00185,9424.2,INR,2026-07-15 13:53:50.122833
ORDER_0006940,CUST_00972,348.85,INR,2026-07-19 03:42:28.122833
ORDER_0006941,CUST_00731,24059.53,INR,2026-07-14 09:16:45.122833
ORDER_0006942,CUST_01433,927.89,INR,2026-07-06 02:06:19.122833
ORDER_0006943,CUST_01880,36115.29,INR,2026-08-27 15:03:13.122833
ORDER_0006944,CUST_00119,674.94,INR,2026-07-03 23:19:03.122833
ORDER_0006945,CUST_01002,2037.74,INR,2026-08-29 18:49:09.122833
ORDER_0006946,CUST_00244,3272.49,INR,2026-06-05 03:55:45.122833
ORDER_0006947,CUST_01152,8778.68,INR,2026-06-18 12:09:08.122833
ORDER_0006948,CUST_00706,3427.13,INR,2026-07-16 09:01:49.122833
ORDER_0006949,CUST_00763,43988.43,INR,2026-07-24 07:29:24.122833
ORDER_0006950,CUST_01536,62254.03,INR,2026-07-26 15:27:10.122833
ORDER_0006951,CUST_01636,53622.05,INR,2026-06-25 02:36:17.122833
ORDER_0006952,CUST_01520,65259.79,INR,2026-07-23 22:22:14.122833
ORDER_0006953,CUST_00124,82561.5,INR,2026-08-14 04:11:04.122833
ORDER_0006954,CUST_01078,7119.74,INR,2026-07-16 13:11:35.122833
ORDER_0006955,CUST_00411,66857.33,INR,2026-06-27 04:16:57.122833
ORDER_0006956,CUST_01196,81338.13,INR,2026-07-10 11:50:12.122833
ORDER_0006957,CUST_01214,4916.27,INR,2026-06-20 04:20:09.122833
ORDER_0006958,CUST_01948,3258.77,INR,2026-06-25 14:37:19.122833
ORDER_0006959,CUST_00846,22744.29,INR,2026-06-29 05:12:55.122833
ORDER_0006960,CUST_01558,563.69,INR,2026-08-17 20:35:43.122833
ORDER_0006961,CUST_00932,93499.57,INR,2026-08-22 10:28:41.122833
ORDER_0006962,CUST_00392,54349.87,INR,2026-07-24 19:41:04.122833
ORDER_0006963,CUST_01402,75742.43,INR,2026-06-06 12:42:51.122833
ORDER_0006964,CUST_00743,15376.22,INR,2026-06-03 19:00:53.122833
ORDER_0006965,CUST_00715,387.72,INR,2026-07-09 11:19:32.122833
ORDER_0006966,CUST_00232,12917.53,INR,2026-07-27 16:12:41.122833
ORDER_0006967,CUST_00992,160.44,INR,2026-06-30 19:09:43.122833
ORDER_0006968,CUST_00331,8737.56,INR,2026-06-12 14:43:07.122833
ORDER_0006969,CUST_00869,982.61,INR,2026-08-16 19:43:29.122833
ORDER_0006970,CUST_01223,4657.78,INR,2026-08-26 18:34:47.122833
ORDER_0006971,CUST_00133,8891.04,INR,2026-07-03 01:29:53.122833
ORDER_0006972,CUST_01961,939.43,INR,2026-07-27 23:18:38.122833
ORDER_0006973,CUST_01571,55339.22,INR,2026-08-09 22:37:51.122833
ORDER_0006974,CUST_00020,4630.05,INR,2026-07-26 23:35:09.122833
ORDER_0006975,CUST_01277,66960.45,INR,2026-08-04 20:47:50.122833
ORDER_0006976,CUST_00820,2316.7,INR,2026-06-21 01:54:06.122833
ORDER_0006977,CUST_00478,32279.59,INR,2026-07-18 02:53:39.122833
ORDER_0006978,CUST_00716,83165.92,INR,2026-06-26 14:31:12.122833
ORDER_0006979,CUST_00698,47072.35,INR,2026-07-21 02:19:36.122833
ORDER_0006980,CUST_01333,9961.91,INR,2026-07-05 02:55:01.122833
ORDER_0006981,CUST_00281,77867.23,INR,2026-08-03 23:41:57.122833
ORDER_0006982,CUST_00848,9963.58,INR,2026-08-09 23:24:04.122833
ORDER_0006983,CUST_01624,95063.91,INR,2026-08-16 16:29:52.122833
ORDER_0006984,CUST_00353,7176.42,INR,2026-08-01 00:47:12.122833
ORDER_0006985,CUST_00062,2637.7,INR,2026-07-07 03:11:17.122833
ORDER_0006986,CUST_01735,5651.14,INR,2026-06-25 16:01:01.122833
ORDER_0006987,CUST_01060,70364.01,INR,2026-07-06 16:47:13.122833
ORDER_0006988,CUST_01135,2089.6,INR,2026-06-22 08:04:49.122833
ORDER_0006989,CUST_00384,8561.5,INR,2026-06-18 13:53:17.122833
ORDER_0006990,CUST_00788,59825.42,INR,2026-08-26 23:12:49.122833
ORDER_0006991,CUST_00224,59776.11,INR,2026-06-05 22:17:13.122833
ORDER_0006992,CUST_00120,7041.31,INR,2026-07-04 13:45:40.122833
ORDER_0006993,CUST_00303,740.66,INR,2026-07-07 23:51:56.122833
ORDER_0006994,CUST_00980,4526.94,INR,2026-06-16 09:05:51.122833
ORDER_0006995,CUST_00371,2952.33,INR,2026-06-05 19:48:43.122833
ORDER_0006996,CUST_01052,7666.84,INR,2026-06-10 13:36:16.122833
ORDER_0006997,CUST_01693,8668.5,INR,2026-07-16 03:17:32.122833
ORDER_0006998,CUST_00421,8015.34,INR,2026-07-10 06:45:55.122833
ORDER_0006999,CUST_01641,592.76,INR,2026-07-19 13:00:48.122833
ORDER_0007000,CUST_01455,5686.24,INR,2026-07-27 20:36:32.122833
ORDER_0007001,CUST_00603,6010.71,INR,2026-08-11 23:50:34.122833
ORDER_0007002,CUST_00729,616.15,INR,2026-07-19 03:32:52.122833
ORDER_0007003,CUST_01788,317.2,INR,2026-07-27 14:04:32.122833
ORDER_0007004,CUST_00173,131.81,INR,2026-06-05 20:03:01.122833
ORDER_0007005,CUST_01242,467.2,INR,2026-08-25 03:07:55.122833
ORDER_0007006,CUST_01533,482.55,INR,2026-07-13 16:55:21.122833
ORDER_0007007,CUST_01572,2790.56,INR,2026-08-06 07:54:28.122833
ORDER_0007008,CUST_01943,9408.77,INR,2026-07-06 13:40:53.122833
ORDER_0007009,CUST_01004,5040.12,INR,2026-06-30 19:32:11.122833
ORDER_0007010,CUST_01246,94909.77,INR,2026-08-06 13:27:17.122833
ORDER_0007011,CUST_01130,5332.52,INR,2026-06-03 18:10:58.122833
ORDER_0007012,CUST_00135,71960.12,INR,2026-07-24 08:47:43.122833
ORDER_0007013,CUST_01386,685.89,INR,2026-08-02 14:08:11.122833
ORDER_0007014,CUST_01829,3881.41,INR,2026-06-17 06:47:58.122833
ORDER_0007015,CUST_00049,5359.88,INR,2026-08-17 17:39:08.122833
ORDER_0007016,CUST_01889,525.37,INR,2026-06-30 13:45:22.122833
ORDER_0007017,CUST_00524,1147.75,INR,2026-06-08 08:28:02.122833
ORDER_0007018,CUST_01786,7616.28,INR,2026-07-28 21:31:17.122833
ORDER_0007019,CUST_00585,11239.96,INR,2026-06-14 03:22:52.122833
ORDER_0007020,CUST_01053,7124.78,INR,2026-08-03 06:30:57.122833
ORDER_0007021,CUST_00521,430.05,INR,2026-08-04 12:05:23.122833
ORDER_0007022,CUST_01254,49640.56,INR,2026-07-07 04:35:22.122833
ORDER_0007023,CUST_00985,1372.88,INR,2026-07-26 04:36:30.122833
ORDER_0007024,CUST_01393,370.78,INR,2026-06-15 05:34:24.122833
ORDER_0007025,CUST_00279,88672.63,INR,2026-08-02 01:59:28.122833
ORDER_0007026,CUST_00040,44598.43,INR,2026-08-18 06:20:34.122833
ORDER_0007027,CUST_01677,3177.97,INR,2026-08-13 08:35:49.122833
ORDER_0007028,CUST_00257,726.41,INR,2026-08-30 22:51:09.122833
ORDER_0007029,CUST_00863,45436.73,INR,2026-06-23 17:15:24.122833
ORDER_0007030,CUST_01442,5385.15,INR,2026-07-07 19:47:47.122833
ORDER_0007031,CUST_01160,5589.88,INR,2026-06-06 07:48:00.122833
ORDER_0007032,CUST_00471,2988.38,INR,2026-08-26 04:21:23.122833
ORDER_0007033,CUST_00693,34493.23,INR,2026-08-26 06:11:48.122833
ORDER_0007034,CUST_01732,6676.05,INR,2026-08-09 18:57:16.122833
ORDER_0007035,CUST_01615,79337.28,INR,2026-06-05 23:36:32.122833
ORDER_0007036,CUST_01823,91646.35,INR,2026-07-25 21:05:54.122833
ORDER_0007037,CUST_01611,88568.51,INR,2026-07-26 00:16:37.122833
ORDER_0007038,CUST_00867,5893.6,INR,2026-08-02 22:57:10.122833
ORDER_0007039,CUST_01355,37143.2,INR,2026-07-28 11:02:07.122833
ORDER_0007040,CUST_00453,14583.67,INR,2026-07-21 08:01:13.122833
ORDER_0007041,CUST_01529,950.7,INR,2026-07-29 21:07:55.122833
ORDER_0007042,CUST_01191,2041.36,INR,2026-07-24 09:03:12.122833
ORDER_0007043,CUST_01382,919.93,INR,2026-08-24 21:29:17.122833
ORDER_0007044,CUST_01172,64246.44,INR,2026-06-20 03:16:13.122833
ORDER_0007045,CUST_00451,4283.51,INR,2026-07-04 04:52:10.122833
ORDER_0007046,CUST_01788,4679.68,INR,2026-07-15 05:45:25.122833
ORDER_0007047,CUST_01422,2393.09,INR,2026-06-13 02:02:04.122833
ORDER_0007048,CUST_01772,4621.91,INR,2026-06-19 07:39:19.122833
ORDER_0007049,CUST_00261,78032.43,INR,2026-07-07 00:46:17.122833
ORDER_0007050,CUST_01516,8126.02,INR,2026-07-20 00:08:43.122833
ORDER_0007051,CUST_00654,15393.44,INR,2026-08-04 11:17:40.122833
ORDER_0007052,CUST_00547,555.05,INR,2026-08-04 21:42:08.122833
ORDER_0007053,CUST_01167,298.42,INR,2026-07-13 19:03:35.122833
ORDER_0007054,CUST_01850,133.14,INR,2026-06-28 07:59:21.122833
ORDER_0007055,CUST_00111,7929.98,INR,2026-07-04 22:14:14.122833
ORDER_0007056,CUST_01292,3384.18,INR,2026-06-20 14:16:24.122833
ORDER_0007057,CUST_01611,41050.15,INR,2026-07-21 03:58:27.122833
ORDER_0007058,CUST_01327,2290.91,INR,2026-08-13 07:17:19.122833
ORDER_0007059,CUST_01760,636.46,INR,2026-08-05 15:56:57.122833
ORDER_0007060,CUST_00721,705.85,INR,2026-08-12 12:04:21.122833
ORDER_0007061,CUST_00967,32886.14,INR,2026-07-19 16:44:38.122833
ORDER_0007062,CUST_00650,64264.64,INR,2026-08-20 01:04:53.122833
ORDER_0007063,CUST_01736,3218.77,INR,2026-08-13 01:14:07.122833
ORDER_0007064,CUST_01530,83507.7,INR,2026-07-13 01:48:08.122833
ORDER_0007065,CUST_01176,35318.61,INR,2026-06-14 08:28:01.122833
ORDER_0007066,CUST_00986,3353.77,INR,2026-06-02 22:17:30.122833
ORDER_0007067,CUST_00500,4917.97,INR,2026-06-21 04:05:00.122833
ORDER_0007068,CUST_01770,354.17,INR,2026-07-26 16:14:15.122833
ORDER_0007069,CUST_01226,277.71,INR,2026-08-22 07:01:08.122833
ORDER_0007070,CUST_00960,94496.86,INR,2026-07-07 13:25:27.122833
ORDER_0007071,CUST_00632,8582.19,INR,2026-06-29 02:53:52.122833
ORDER_0007072,CUST_01896,936.76,INR,2026-08-25 16:55:24.122833
ORDER_0007073,CUST_00660,46176.68,INR,2026-07-21 11:10:49.122833
ORDER_0007074,CUST_00564,34648.33,INR,2026-08-31 04:19:12.122833
ORDER_0007075,CUST_01397,254.73,INR,2026-06-17 06:54:44.122833
ORDER_0007076,CUST_01848,12935.72,INR,2026-06-20 11:53:11.122833
ORDER_0007077,CUST_01392,690.92,INR,2026-08-12 19:05:05.122833
ORDER_0007078,CUST_00386,2363.02,INR,2026-06-26 14:59:02.122833
ORDER_0007079,CUST_00740,8905.62,INR,2026-08-30 12:32:35.122833
ORDER_0007080,CUST_01093,49097.56,INR,2026-07-05 04:42:10.122833
ORDER_0007081,CUST_00930,87392.71,INR,2026-08-03 04:59:37.122833
ORDER_0007082,CUST_00748,7860.85,INR,2026-08-03 18:03:28.122833
ORDER_0007083,CUST_00986,735.74,INR,2026-07-28 10:37:34.122833
ORDER_0007084,CUST_00281,360.58,INR,2026-06-22 03:19:13.122833
ORDER_0007085,CUST_01847,475.37,INR,2026-08-25 17:03:58.122833
ORDER_0007086,CUST_01417,46295.76,INR,2026-06-27 21:41:12.122833
ORDER_0007087,CUST_01148,88898.83,INR,2026-07-04 16:05:56.122833
ORDER_0007088,CUST_01757,90780.8,INR,2026-07-21 06:42:07.122833
ORDER_0007089,CUST_00403,2680.53,INR,2026-06-14 14:00:22.122833
ORDER_0007090,CUST_00377,911.75,INR,2026-07-19 13:22:55.122833
ORDER_0007091,CUST_00824,505.17,INR,2026-08-30 10:47:35.122833
ORDER_0007092,CUST_01452,286.63,INR,2026-06-12 11:35:49.122833
ORDER_0007093,CUST_01747,69827.22,INR,2026-06-11 21:40:42.122833
ORDER_0007094,CUST_01765,46253.34,INR,2026-08-20 23:59:14.122833
ORDER_0007095,CUST_01560,110.2,INR,2026-08-25 22:37:03.122833
ORDER_0007096,CUST_00884,55065.98,INR,2026-08-13 05:06:15.122833
ORDER_0007097,CUST_00445,923.0,INR,2026-06-09 14:02:59.122833
ORDER_0007098,CUST_01437,199.31,INR,2026-07-27 07:06:24.122833
ORDER_0007099,CUST_00583,535.62,INR,2026-06-27 20:25:12.122833
ORDER_0007100,CUST_01853,828.21,INR,2026-06-04 16:26:13.122833
ORDER_0007101,CUST_01651,7974.1,INR,2026-08-23 17:45:43.122833
ORDER_0007102,CUST_00881,7441.52,INR,2026-07-11 03:51:24.122833
ORDER_0007103,CUST_01558,92156.43,INR,2026-06-19 13:11:13.122833
ORDER_0007104,CUST_00767,95671.66,INR,2026-08-03 15:34:11.122833
ORDER_0007105,CUST_00345,2301.47,INR,2026-06-12 18:29:09.122833
ORDER_0007106,CUST_01364,5952.36,INR,2026-08-03 20:31:28.122833
ORDER_0007107,CUST_01757,189.37,INR,2026-07-12 23:16:29.122833
ORDER_0007108,CUST_01143,212.84,INR,2026-07-03 23:11:29.122833
ORDER_0007109,CUST_01010,8599.17,INR,2026-08-31 05:38:41.122833
ORDER_0007110,CUST_00933,73818.71,INR,2026-06-08 20:11:03.122833
ORDER_0007111,CUST_00599,9989.49,INR,2026-06-20 10:57:55.122833
ORDER_0007112,CUST_01606,4803.87,INR,2026-06-07 09:58:55.122833
ORDER_0007113,CUST_00485,2929.81,INR,2026-07-26 16:37:31.122833
ORDER_0007114,CUST_01626,7062.56,INR,2026-06-06 16:10:01.122833
ORDER_0007115,CUST_01901,498.27,INR,2026-07-23 14:45:43.122833
ORDER_0007116,CUST_00879,717.31,INR,2026-07-28 18:30:59.122833
ORDER_0007117,CUST_00680,116.1,INR,2026-06-05 03:20:10.122833
ORDER_0007118,CUST_00261,81142.57,INR,2026-07-10 13:48:54.122833
ORDER_0007119,CUST_00035,53413.82,INR,2026-06-19 19:26:12.122833
ORDER_0007120,CUST_01425,54319.39,INR,2026-08-21 17:30:39.122833
ORDER_0007121,CUST_00070,66133.12,INR,2026-07-24 11:16:59.122833
ORDER_0007122,CUST_01467,858.8,INR,2026-07-17 10:32:39.122833
ORDER_0007123,CUST_01219,305.57,INR,2026-06-17 10:07:33.122833
ORDER_0007124,CUST_01895,25562.87,INR,2026-07-16 15:07:43.122833
ORDER_0007125,CUST_01116,2571.88,INR,2026-06-06 04:58:59.122833
ORDER_0007126,CUST_01613,200.92,INR,2026-07-26 01:30:46.122833
ORDER_0007127,CUST_01827,8611.81,INR,2026-06-30 21:56:15.122833
ORDER_0007128,CUST_00569,1767.86,INR,2026-07-07 15:34:23.122833
ORDER_0007129,CUST_01225,5090.7,INR,2026-08-20 15:06:02.122833
ORDER_0007130,CUST_01592,8471.5,INR,2026-08-14 18:11:46.122833
ORDER_0007131,CUST_00797,98829.1,INR,2026-06-26 02:41:22.122833
ORDER_0007132,CUST_01300,98026.28,INR,2026-07-08 02:03:09.122833
ORDER_0007133,CUST_01985,92630.24,INR,2026-06-26 06:56:46.122833
ORDER_0007134,CUST_01366,11224.99,INR,2026-07-21 02:59:11.122833
ORDER_0007135,CUST_00770,772.91,INR,2026-08-12 15:27:21.122833
ORDER_0007136,CUST_01788,23032.95,INR,2026-08-26 22:08:56.122833
ORDER_0007137,CUST_01477,42631.28,INR,2026-08-10 04:53:35.122833
ORDER_0007138,CUST_01622,550.29,INR,2026-08-19 20:54:42.122833
ORDER_0007139,CUST_00998,7059.97,INR,2026-06-04 09:12:30.122833
ORDER_0007140,CUST_01110,203.98,INR,2026-08-27 16:25:20.122833
ORDER_0007141,CUST_00947,656.28,INR,2026-07-04 08:02:26.122833
ORDER_0007142,CUST_00518,267.03,INR,2026-08-20 04:31:31.122833
ORDER_0007143,CUST_01715,974.58,INR,2026-07-10 05:51:37.122833
ORDER_0007144,CUST_00015,768.92,INR,2026-06-25 00:52:23.122833
ORDER_0007145,CUST_01917,14723.64,INR,2026-06-17 18:15:07.122833
ORDER_0007146,CUST_01211,52782.29,INR,2026-07-16 04:19:35.122833
ORDER_0007147,CUST_01070,8145.55,INR,2026-08-31 01:00:39.122833
ORDER_0007148,CUST_01706,78616.88,INR,2026-08-06 05:58:19.122833
ORDER_0007149,CUST_01990,59867.17,INR,2026-08-28 14:09:58.122833
ORDER_0007150,CUST_01474,1051.12,INR,2026-07-12 16:53:10.122833
ORDER_0007151,CUST_00498,8181.32,INR,2026-06-17 20:53:41.122833
ORDER_0007152,CUST_01427,9979.7,INR,2026-06-11 01:09:19.122833
ORDER_0007153,CUST_00008,4889.79,INR,2026-06-13 05:20:56.122833
ORDER_0007154,CUST_01831,315.83,INR,2026-08-19 21:08:49.122833
ORDER_0007155,CUST_01110,5745.31,INR,2026-06-12 02:17:22.122833
ORDER_0007156,CUST_01890,148.89,INR,2026-06-18 23:04:18.122833
ORDER_0007157,CUST_00086,2508.49,INR,2026-07-15 08:20:20.122833
ORDER_0007158,CUST_00576,499.42,INR,2026-07-08 06:01:20.122833
ORDER_0007159,CUST_01631,523.74,INR,2026-08-10 20:36:03.122833
ORDER_0007160,CUST_01781,7140.43,INR,2026-08-08 23:43:50.122833
ORDER_0007161,CUST_00211,813.14,INR,2026-07-03 06:29:05.122833
ORDER_0007162,CUST_01124,57037.52,INR,2026-08-29 23:05:13.122833
ORDER_0007163,CUST_00328,859.56,INR,2026-07-11 12:51:55.122833
ORDER_0007164,CUST_00041,5984.54,INR,2026-06-12 21:06:21.122833
ORDER_0007165,CUST_01848,9613.91,INR,2026-06-18 08:58:30.122833
ORDER_0007166,CUST_01981,36348.64,INR,2026-07-02 20:48:14.122833
ORDER_0007167,CUST_01789,8981.53,INR,2026-06-23 15:37:24.122833
ORDER_0007168,CUST_01442,166.93,INR,2026-08-31 05:19:05.122833
ORDER_0007169,CUST_00403,9061.32,INR,2026-06-11 13:41:28.122833
ORDER_0007170,CUST_01735,9298.51,INR,2026-07-30 13:44:04.122833
ORDER_0007171,CUST_01609,389.06,INR,2026-07-25 07:03:38.122833
ORDER_0007172,CUST_01535,7662.49,INR,2026-06-03 07:42:02.122833
ORDER_0007173,CUST_01928,6845.76,INR,2026-07-11 18:09:41.122833
ORDER_0007174,CUST_01740,894.64,INR,2026-06-22 15:04:12.122833
ORDER_0007175,CUST_01173,685.23,INR,2026-07-16 11:26:57.122833
ORDER_0007176,CUST_01729,18142.68,INR,2026-08-02 21:47:09.122833
ORDER_0007177,CUST_00355,845.43,INR,2026-07-03 11:07:39.122833
ORDER_0007178,CUST_01706,4426.13,INR,2026-06-27 19:06:33.122833
ORDER_0007179,CUST_01356,15744.25,INR,2026-08-13 00:58:46.122833
ORDER_0007180,CUST_00364,3616.93,INR,2026-08-11 18:36:24.122833
ORDER_0007181,CUST_00549,151.53,INR,2026-08-24 07:12:12.122833
ORDER_0007182,CUST_00260,361.82,INR,2026-06-28 22:23:13.122833
ORDER_0007183,CUST_00267,96435.45,INR,2026-08-23 09:15:34.122833
ORDER_0007184,CUST_00778,2098.94,INR,2026-07-03 09:16:11.122833
ORDER_0007185,CUST_01351,889.89,INR,2026-06-29 06:34:47.122833
ORDER_0007186,CUST_00478,918.62,INR,2026-08-04 03:30:28.122833
ORDER_0007187,CUST_00590,36446.71,INR,2026-06-09 17:08:08.122833
ORDER_0007188,CUST_00432,4804.56,INR,2026-06-07 22:05:27.122833
ORDER_0007189,CUST_00074,8260.25,INR,2026-06-12 02:14:48.122833
ORDER_0007190,CUST_00252,4041.46,INR,2026-08-30 20:36:18.122833
ORDER_0007191,CUST_01616,4518.19,INR,2026-06-30 10:14:51.122833
ORDER_0007192,CUST_01346,482.22,INR,2026-06-12 04:00:06.122833
ORDER_0007193,CUST_01236,7768.57,INR,2026-06-03 12:36:57.122833
ORDER_0007194,CUST_00113,8012.15,INR,2026-06-12 15:18:16.122833
ORDER_0007195,CUST_01961,52822.46,INR,2026-06-12 17:13:42.122833
ORDER_0007196,CUST_01902,6776.75,INR,2026-08-13 17:17:03.122833
ORDER_0007197,CUST_00084,19466.76,INR,2026-06-03 18:03:04.122833
ORDER_0007198,CUST_01087,951.83,INR,2026-08-03 15:16:59.122833
ORDER_0007199,CUST_01202,85204.96,INR,2026-07-03 18:53:03.122833
ORDER_0007200,CUST_00417,20032.83,INR,2026-06-24 16:17:44.122833
ORDER_0007201,CUST_00201,3468.61,INR,2026-08-03 03:41:17.122833
ORDER_0007202,CUST_00973,3504.79,INR,2026-08-22 22:36:43.122833
ORDER_0007203,CUST_01097,3143.06,INR,2026-08-05 03:12:28.122833
ORDER_0007204,CUST_00875,8708.97,INR,2026-08-15 07:05:40.122833
ORDER_0007205,CUST_00482,69836.83,INR,2026-08-16 12:42:27.122833
ORDER_0007206,CUST_01260,424.23,INR,2026-06-10 00:37:48.122833
ORDER_0007207,CUST_01829,8575.59,INR,2026-06-07 08:02:01.122833
ORDER_0007208,CUST_00624,1036.87,INR,2026-06-04 09:34:08.122833
ORDER_0007209,CUST_01364,56650.56,INR,2026-07-11 05:22:17.122833
ORDER_0007210,CUST_01202,601.31,INR,2026-08-13 05:27:01.122833
ORDER_0007211,CUST_01486,11912.15,INR,2026-08-18 02:10:13.122833
ORDER_0007212,CUST_01879,4188.78,INR,2026-08-31 02:04:58.122833
ORDER_0007213,CUST_00081,5519.71,INR,2026-08-12 11:12:18.122833
ORDER_0007214,CUST_00770,237.99,INR,2026-08-13 13:02:39.122833
ORDER_0007215,CUST_00833,6450.43,INR,2026-06-10 01:42:20.122833
ORDER_0007216,CUST_01297,6719.03,INR,2026-08-25 06:35:14.122833
ORDER_0007217,CUST_01727,74895.37,INR,2026-08-22 02:33:09.122833
ORDER_0007218,CUST_01488,76570.62,INR,2026-08-04 07:50:31.122833
ORDER_0007219,CUST_01479,55947.02,INR,2026-08-13 00:41:12.122833
ORDER_0007220,CUST_00487,770.61,INR,2026-06-11 05:49:10.122833
ORDER_0007221,CUST_00678,785.92,INR,2026-07-17 07:03:28.122833
ORDER_0007222,CUST_01564,22558.99,INR,2026-06-17 00:26:29.122833
ORDER_0007223,CUST_01200,800.66,INR,2026-06-20 14:19:27.122833
ORDER_0007224,CUST_01520,396.39,INR,2026-08-21 15:44:17.122833
ORDER_0007225,CUST_01866,8499.07,INR,2026-08-15 01:31:48.122833
ORDER_0007226,CUST_00491,2109.58,INR,2026-08-09 11:51:39.122833
ORDER_0007227,CUST_01276,9684.33,INR,2026-08-18 09:53:42.122833
ORDER_0007228,CUST_01817,257.02,INR,2026-06-22 04:00:37.122833
ORDER_0007229,CUST_00511,5427.08,INR,2026-06-20 01:33:28.122833
ORDER_0007230,CUST_00710,90630.22,INR,2026-06-17 06:21:46.122833
ORDER_0007231,CUST_01034,13121.75,INR,2026-06-25 18:00:59.122833
ORDER_0007232,CUST_00825,43265.43,INR,2026-07-16 19:23:36.122833
ORDER_0007233,CUST_00835,7380.18,INR,2026-06-07 11:50:18.122833
ORDER_0007234,CUST_01763,979.78,INR,2026-08-05 23:28:25.122833
ORDER_0007235,CUST_01793,30360.25,INR,2026-08-19 22:11:37.122833
ORDER_0007236,CUST_00626,8771.64,INR,2026-08-08 12:03:15.122833
ORDER_0007237,CUST_00623,54252.68,INR,2026-08-19 08:11:34.122833
ORDER_0007238,CUST_01041,45584.31,INR,2026-08-17 16:31:26.122833
ORDER_0007239,CUST_00802,2897.7,INR,2026-06-17 01:28:17.122833
ORDER_0007240,CUST_01357,18959.05,INR,2026-08-17 19:15:25.122833
ORDER_0007241,CUST_00283,914.03,INR,2026-07-03 17:27:44.122833
ORDER_0007242,CUST_00047,193.3,INR,2026-08-05 06:01:47.122833
ORDER_0007243,CUST_00770,286.73,INR,2026-07-08 19:24:52.122833
ORDER_0007244,CUST_00409,7087.57,INR,2026-07-11 22:05:46.122833
ORDER_0007245,CUST_00016,3510.27,INR,2026-08-10 16:12:02.122833
ORDER_0007246,CUST_01265,29001.63,INR,2026-06-14 20:12:13.122833
ORDER_0007247,CUST_00859,91571.39,INR,2026-07-19 14:23:23.122833
ORDER_0007248,CUST_01825,38957.87,INR,2026-08-25 02:33:28.122833
ORDER_0007249,CUST_01496,79132.22,INR,2026-07-28 11:25:33.122833
ORDER_0007250,CUST_01002,373.97,INR,2026-07-19 04:56:05.122833
ORDER_0007251,CUST_01924,5741.12,INR,2026-07-23 00:08:25.122833
ORDER_0007252,CUST_00837,284.59,INR,2026-07-13 18:56:27.122833
ORDER_0007253,CUST_01005,7665.43,INR,2026-08-04 15:48:53.122833
ORDER_0007254,CUST_01351,99596.24,INR,2026-06-22 21:41:48.122833
ORDER_0007255,CUST_00316,501.74,INR,2026-08-31 10:43:19.122833
ORDER_0007256,CUST_00499,34296.12,INR,2026-07-25 11:03:32.122833
ORDER_0007257,CUST_01766,603.2,INR,2026-06-21 18:12:20.122833
ORDER_0007258,CUST_01302,68502.08,INR,2026-08-19 15:42:08.122833
ORDER_0007259,CUST_00193,308.18,INR,2026-07-15 20:11:32.122833
ORDER_0007260,CUST_01665,155.08,INR,2026-07-02 07:51:36.122833
ORDER_0007261,CUST_01953,3818.44,INR,2026-08-27 06:20:49.122833
ORDER_0007262,CUST_01487,1139.63,INR,2026-07-03 20:28:05.122833
ORDER_0007263,CUST_00769,685.01,INR,2026-08-30 15:38:27.122833
ORDER_0007264,CUST_01649,70042.25,INR,2026-06-05 06:17:22.122833
ORDER_0007265,CUST_01952,60818.57,INR,2026-06-25 03:45:38.122833
ORDER_0007266,CUST_00884,565.73,INR,2026-08-12 09:25:50.122833
ORDER_0007267,CUST_01303,53312.03,INR,2026-08-15 18:04:10.122833
ORDER_0007268,CUST_00684,4065.5,INR,2026-06-23 21:05:43.122833
ORDER_0007269,CUST_01327,9928.94,INR,2026-06-12 08:06:55.122833
ORDER_0007270,CUST_01019,389.01,INR,2026-08-13 18:51:25.122833
ORDER_0007271,CUST_00578,7946.25,INR,2026-08-07 17:21:24.122833
ORDER_0007272,CUST_01600,90115.02,INR,2026-07-11 14:08:07.122833
ORDER_0007273,CUST_00314,18154.96,INR,2026-08-18 04:19:30.122833
ORDER_0007274,CUST_01990,988.22,INR,2026-07-29 21:49:22.122833
ORDER_0007275,CUST_00980,399.15,INR,2026-07-20 04:19:15.122833
ORDER_0007276,CUST_00747,27128.16,INR,2026-06-08 03:21:10.122833
ORDER_0007277,CUST_01466,5436.05,INR,2026-06-03 09:59:15.122833
ORDER_0007278,CUST_01392,61501.28,INR,2026-06-23 02:30:49.122833
ORDER_0007279,CUST_01922,124.73,INR,2026-08-26 22:51:37.122833
ORDER_0007280,CUST_01923,1131.11,INR,2026-07-22 19:54:01.122833
ORDER_0007281,CUST_01817,5291.36,INR,2026-06-20 07:38:53.122833
ORDER_0007282,CUST_01744,845.31,INR,2026-07-01 14:02:47.122833
ORDER_0007283,CUST_01920,488.44,INR,2026-07-07 13:39:29.122833
ORDER_0007284,CUST_00006,9288.84,INR,2026-07-04 11:46:02.122833
ORDER_0007285,CUST_01758,6179.8,INR,2026-08-11 03:56:27.122833
ORDER_0007286,CUST_00827,4461.31,INR,2026-08-02 05:01:23.122833
ORDER_0007287,CUST_01590,672.16,INR,2026-08-29 14:43:18.122833
ORDER_0007288,CUST_00771,7554.32,INR,2026-07-25 21:00:19.122833
ORDER_0007289,CUST_01368,831.43,INR,2026-07-03 01:30:59.122833
ORDER_0007290,CUST_01513,11005.67,INR,2026-06-12 04:23:23.122833
ORDER_0007291,CUST_01863,7781.76,INR,2026-07-24 23:44:24.122833
ORDER_0007292,CUST_01699,9437.84,INR,2026-07-03 20:17:26.122833
ORDER_0007293,CUST_00749,50202.84,INR,2026-08-09 06:32:41.122833
ORDER_0007294,CUST_00369,8018.12,INR,2026-06-28 04:27:26.122833
ORDER_0007295,CUST_00282,2669.05,INR,2026-06-07 23:45:47.122833
ORDER_0007296,CUST_00436,6722.58,INR,2026-08-31 05:40:17.122833
ORDER_0007297,CUST_01443,3932.48,INR,2026-06-03 12:46:49.122833
ORDER_0007298,CUST_00996,2568.6,INR,2026-08-04 07:37:38.122833
ORDER_0007299,CUST_01113,76268.99,INR,2026-06-26 03:58:36.122833
ORDER_0007300,CUST_01857,9828.71,INR,2026-08-25 11:51:09.122833
ORDER_0007301,CUST_01679,12994.23,INR,2026-08-02 16:22:56.122833
ORDER_0007302,CUST_00542,53087.96,INR,2026-06-09 14:30:42.122833
ORDER_0007303,CUST_01592,8050.85,INR,2026-07-07 11:42:43.122833
ORDER_0007304,CUST_00499,378.4,INR,2026-06-06 12:02:17.122833
ORDER_0007305,CUST_01802,1336.69,INR,2026-06-27 08:15:17.122833
ORDER_0007306,CUST_01882,51576.58,INR,2026-08-18 11:42:23.122833
ORDER_0007307,CUST_00896,7586.17,INR,2026-07-06 16:16:11.122833
ORDER_0007308,CUST_00871,35384.86,INR,2026-07-29 00:06:16.122833
ORDER_0007309,CUST_01753,644.51,INR,2026-07-03 07:17:39.122833
ORDER_0007310,CUST_01540,96957.03,INR,2026-06-06 10:27:33.122833
ORDER_0007311,CUST_00981,727.01,INR,2026-07-21 20:05:34.122833
ORDER_0007312,CUST_00483,7008.29,INR,2026-07-06 20:41:26.122833
ORDER_0007313,CUST_00242,15389.05,INR,2026-06-14 00:09:48.122833
ORDER_0007314,CUST_00900,431.32,INR,2026-06-13 04:00:08.122833
ORDER_0007315,CUST_00469,404.38,INR,2026-08-16 22:18:07.122833
ORDER_0007316,CUST_00718,1640.41,INR,2026-07-19 07:14:21.122833
ORDER_0007317,CUST_00050,78961.67,INR,2026-08-05 19:18:52.122833
ORDER_0007318,CUST_00833,448.55,INR,2026-08-02 08:41:08.122833
ORDER_0007319,CUST_01657,135.88,INR,2026-08-09 14:51:15.122833
ORDER_0007320,CUST_00497,322.75,INR,2026-06-18 08:13:41.122833
ORDER_0007321,CUST_01632,18967.62,INR,2026-06-27 06:10:47.122833
ORDER_0007322,CUST_01062,3502.57,INR,2026-07-08 01:58:48.122833
ORDER_0007323,CUST_01067,784.97,INR,2026-06-26 23:55:30.122833
ORDER_0007324,CUST_00630,714.87,INR,2026-06-20 13:57:33.122833
ORDER_0007325,CUST_01511,557.64,INR,2026-08-25 11:30:22.122833
ORDER_0007326,CUST_00543,94755.36,INR,2026-08-07 16:30:06.122833
ORDER_0007327,CUST_00721,74114.32,INR,2026-06-17 20:28:41.122833
ORDER_0007328,CUST_00243,74533.57,INR,2026-06-11 13:28:43.122833
ORDER_0007329,CUST_00278,85098.05,INR,2026-08-29 21:37:38.122833
ORDER_0007330,CUST_01209,928.74,INR,2026-07-28 08:53:22.122833
ORDER_0007331,CUST_01552,86566.21,INR,2026-06-27 08:43:03.122833
ORDER_0007332,CUST_00924,97343.79,INR,2026-06-17 14:45:54.122833
ORDER_0007333,CUST_00817,76730.57,INR,2026-07-20 14:14:25.122833
ORDER_0007334,CUST_00218,604.13,INR,2026-07-19 01:09:38.122833
ORDER_0007335,CUST_01848,6747.4,INR,2026-08-19 13:02:18.122833
ORDER_0007336,CUST_01748,6149.52,INR,2026-07-24 03:59:21.122833
ORDER_0007337,CUST_00889,3234.08,INR,2026-06-13 10:12:47.122833
ORDER_0007338,CUST_01957,8695.03,INR,2026-06-14 21:49:20.122833
ORDER_0007339,CUST_01601,6144.85,INR,2026-08-19 22:11:06.122833
ORDER_0007340,CUST_00823,511.96,INR,2026-08-08 19:00:35.122833
ORDER_0007341,CUST_00151,6294.95,INR,2026-06-18 11:46:15.122833
ORDER_0007342,CUST_00851,40826.04,INR,2026-08-04 13:48:47.122833
ORDER_0007343,CUST_00093,49170.56,INR,2026-07-20 18:38:05.122833
ORDER_0007344,CUST_01822,8621.49,INR,2026-07-13 10:06:29.122833
ORDER_0007345,CUST_00697,776.82,INR,2026-08-02 14:31:40.122833
ORDER_0007346,CUST_01247,437.29,INR,2026-08-18 22:21:09.122833
ORDER_0007347,CUST_01853,6320.93,INR,2026-07-19 16:20:57.122833
ORDER_0007348,CUST_00525,3727.1,INR,2026-07-18 22:56:47.122833
ORDER_0007349,CUST_00013,9250.32,INR,2026-06-05 21:42:23.122833
ORDER_0007350,CUST_01475,419.89,INR,2026-06-15 16:23:58.122833
ORDER_0007351,CUST_00245,77488.13,INR,2026-06-10 21:42:53.122833
ORDER_0007352,CUST_01844,9664.4,INR,2026-06-06 01:44:26.122833
ORDER_0007353,CUST_00855,72277.44,INR,2026-07-03 17:40:13.122833
ORDER_0007354,CUST_01869,43318.2,INR,2026-06-23 14:46:31.122833
ORDER_0007355,CUST_01437,34040.49,INR,2026-07-25 22:57:58.122833
ORDER_0007356,CUST_00845,40314.59,INR,2026-08-05 03:27:00.122833
ORDER_0007357,CUST_01961,94557.41,INR,2026-07-12 09:44:06.122833
ORDER_0007358,CUST_00177,289.47,INR,2026-06-02 21:52:38.122833
ORDER_0007359,CUST_00190,12374.62,INR,2026-08-28 20:00:52.122833
ORDER_0007360,CUST_01385,2942.35,INR,2026-06-18 04:28:11.122833
ORDER_0007361,CUST_01851,21766.69,INR,2026-08-10 05:16:10.122833
ORDER_0007362,CUST_01912,2286.19,INR,2026-08-06 20:49:26.122833
ORDER_0007363,CUST_01901,15417.21,INR,2026-07-26 12:21:36.122833
ORDER_0007364,CUST_00537,622.96,INR,2026-08-12 23:55:36.122833
ORDER_0007365,CUST_01754,893.26,INR,2026-06-25 09:23:02.122833
ORDER_0007366,CUST_00989,468.77,INR,2026-08-18 02:26:33.122833
ORDER_0007367,CUST_00791,8000.81,INR,2026-06-28 06:00:07.122833
ORDER_0007368,CUST_01037,6772.82,INR,2026-06-21 16:21:00.122833
ORDER_0007369,CUST_01787,96445.5,INR,2026-08-22 06:50:14.122833
ORDER_0007370,CUST_00502,1923.49,INR,2026-07-20 17:30:01.122833
ORDER_0007371,CUST_01641,883.6,INR,2026-06-29 14:36:09.122833
ORDER_0007372,CUST_00006,541.88,INR,2026-07-29 12:49:11.122833
ORDER_0007373,CUST_01982,71231.85,INR,2026-07-04 23:52:44.122833
ORDER_0007374,CUST_00224,119.54,INR,2026-07-05 21:51:45.122833
ORDER_0007375,CUST_01329,18919.77,INR,2026-06-09 18:41:55.122833
ORDER_0007376,CUST_01995,6517.44,INR,2026-08-02 06:26:46.122833
ORDER_0007377,CUST_01348,558.66,INR,2026-06-04 15:36:44.122833
ORDER_0007378,CUST_01839,77879.29,INR,2026-07-02 11:45:46.122833
ORDER_0007379,CUST_00594,6215.66,INR,2026-07-01 16:36:13.122833
ORDER_0007380,CUST_01485,48897.64,INR,2026-06-19 15:31:11.122833
ORDER_0007381,CUST_00221,35326.6,INR,2026-06-02 23:10:28.122833
ORDER_0007382,CUST_00938,4414.01,INR,2026-08-29 17:17:16.122833
ORDER_0007383,CUST_00042,649.72,INR,2026-07-28 04:04:02.122833
ORDER_0007384,CUST_01909,862.35,INR,2026-06-09 05:12:55.122833
ORDER_0007385,CUST_00505,59796.81,INR,2026-08-29 12:45:07.122833
ORDER_0007386,CUST_00689,4911.81,INR,2026-06-11 21:48:01.122833
ORDER_0007387,CUST_01633,979.56,INR,2026-08-21 20:00:56.122833
ORDER_0007388,CUST_01606,307.44,INR,2026-07-08 06:33:38.122833
ORDER_0007389,CUST_00127,4462.95,INR,2026-08-04 08:21:38.122833
ORDER_0007390,CUST_01262,2387.65,INR,2026-08-21 21:37:43.122833
ORDER_0007391,CUST_01860,7080.98,INR,2026-08-27 02:09:31.122833
ORDER_0007392,CUST_00150,875.6,INR,2026-07-24 01:07:26.122833
ORDER_0007393,CUST_00775,4464.17,INR,2026-06-26 00:41:02.122833
ORDER_0007394,CUST_01704,375.84,INR,2026-08-12 23:17:57.122833
ORDER_0007395,CUST_01427,8346.65,INR,2026-07-18 16:57:27.122833
ORDER_0007396,CUST_00721,7154.06,INR,2026-07-28 11:16:18.122833
ORDER_0007397,CUST_01554,283.91,INR,2026-08-23 07:02:59.122833
ORDER_0007398,CUST_01086,48206.67,INR,2026-07-31 11:12:10.122833
ORDER_0007399,CUST_00694,8757.24,INR,2026-08-07 04:33:54.122833
ORDER_0007400,CUST_01091,796.62,INR,2026-07-10 21:47:27.122833
ORDER_0007401,CUST_01366,7468.27,INR,2026-07-29 19:15:44.122833
ORDER_0007402,CUST_00686,89171.82,INR,2026-07-27 21:09:09.122833
ORDER_0007403,CUST_00153,848.9,INR,2026-08-24 14:43:46.122833
ORDER_0007404,CUST_01759,4925.8,INR,2026-07-19 05:08:29.122833
ORDER_0007405,CUST_00695,44519.49,INR,2026-06-10 16:51:08.122833
ORDER_0007406,CUST_01520,146.81,INR,2026-07-30 13:01:43.122833
ORDER_0007407,CUST_00727,6583.86,INR,2026-06-20 07:56:56.122833
ORDER_0007408,CUST_01352,3535.29,INR,2026-06-23 23:56:16.122833
ORDER_0007409,CUST_00917,5624.13,INR,2026-06-04 13:24:19.122833
ORDER_0007410,CUST_00694,337.49,INR,2026-07-27 15:03:18.122833
ORDER_0007411,CUST_01410,162.16,INR,2026-08-17 23:32:22.122833
ORDER_0007412,CUST_00790,719.63,INR,2026-07-13 14:28:20.122833
ORDER_0007413,CUST_01065,18972.14,INR,2026-07-11 00:18:50.122833
ORDER_0007414,CUST_00578,12696.78,INR,2026-06-22 22:33:58.122833
ORDER_0007415,CUST_00134,433.03,INR,2026-08-27 06:10:40.122833
ORDER_0007416,CUST_01196,3909.7,INR,2026-07-15 14:26:38.122833
ORDER_0007417,CUST_01937,859.01,INR,2026-07-18 22:12:13.122833
ORDER_0007418,CUST_01535,151.78,INR,2026-08-06 01:47:10.122833
ORDER_0007419,CUST_01633,3477.09,INR,2026-07-07 11:58:06.122833
ORDER_0007420,CUST_01568,473.37,INR,2026-06-03 06:14:14.122833
ORDER_0007421,CUST_01720,1932.89,INR,2026-06-23 06:56:49.122833
ORDER_0007422,CUST_01682,63600.82,INR,2026-08-05 13:51:53.122833
ORDER_0007423,CUST_01543,139.86,INR,2026-08-05 17:30:30.122833
ORDER_0007424,CUST_01630,893.02,INR,2026-06-10 01:12:11.122833
ORDER_0007425,CUST_01305,844.38,INR,2026-08-30 20:34:49.122833
ORDER_0007426,CUST_01937,9543.67,INR,2026-06-04 02:36:00.122833
ORDER_0007427,CUST_01916,4743.36,INR,2026-07-05 02:07:51.122833
ORDER_0007428,CUST_00687,7232.15,INR,2026-06-07 17:52:09.122833
ORDER_0007429,CUST_01405,6852.95,INR,2026-06-26 19:51:40.122833
ORDER_0007430,CUST_00165,7496.8,INR,2026-06-10 16:50:29.122833
ORDER_0007431,CUST_01756,157.73,INR,2026-07-02 00:01:00.122833
ORDER_0007432,CUST_00955,405.07,INR,2026-08-31 04:28:02.122833
ORDER_0007433,CUST_00907,94935.53,INR,2026-08-30 01:52:34.122833
ORDER_0007434,CUST_00839,904.83,INR,2026-08-22 05:38:10.122833
ORDER_0007435,CUST_01543,967.71,INR,2026-08-19 03:47:28.122833
ORDER_0007436,CUST_00335,8761.67,INR,2026-07-19 15:52:44.122833
ORDER_0007437,CUST_01975,4754.25,INR,2026-08-30 05:16:03.122833
ORDER_0007438,CUST_01967,9018.56,INR,2026-07-18 10:39:32.122833
ORDER_0007439,CUST_01794,8536.53,INR,2026-07-11 12:05:23.122833
ORDER_0007440,CUST_01858,7814.1,INR,2026-08-05 23:05:29.122833
ORDER_0007441,CUST_00632,78118.42,INR,2026-08-15 09:28:58.122833
ORDER_0007442,CUST_00253,89182.9,INR,2026-07-22 21:54:40.122833
ORDER_0007443,CUST_00214,243.42,INR,2026-07-01 17:40:12.122833
ORDER_0007444,CUST_01343,605.58,INR,2026-07-08 10:24:57.122833
ORDER_0007445,CUST_01254,1189.55,INR,2026-08-06 18:17:27.122833
ORDER_0007446,CUST_00019,807.11,INR,2026-07-26 15:28:17.122833
ORDER_0007447,CUST_00596,5427.14,INR,2026-08-27 18:35:19.122833
ORDER_0007448,CUST_01279,3437.49,INR,2026-08-29 13:49:00.122833
ORDER_0007449,CUST_01305,7719.39,INR,2026-08-15 22:41:57.122833
ORDER_0007450,CUST_00469,230.46,INR,2026-07-24 01:26:07.122833
ORDER_0007451,CUST_01547,584.94,INR,2026-07-04 11:36:23.122833
ORDER_0007452,CUST_00061,70217.35,INR,2026-07-12 21:30:12.122833
ORDER_0007453,CUST_00092,8937.88,INR,2026-08-26 19:42:28.122833
ORDER_0007454,CUST_00881,655.68,INR,2026-06-27 08:03:37.122833
ORDER_0007455,CUST_00973,156.49,INR,2026-07-01 05:19:43.122833
ORDER_0007456,CUST_00540,9158.54,INR,2026-08-05 15:01:49.122833
ORDER_0007457,CUST_01202,4952.25,INR,2026-07-24 12:42:47.122833
ORDER_0007458,CUST_00079,48334.22,INR,2026-07-18 11:09:16.122833
ORDER_0007459,CUST_00746,63637.16,INR,2026-08-17 23:45:56.122833
ORDER_0007460,CUST_00053,520.78,INR,2026-07-02 23:26:55.122833
ORDER_0007461,CUST_00510,8789.92,INR,2026-06-06 06:20:55.122833
ORDER_0007462,CUST_01006,11251.22,INR,2026-08-22 08:23:46.122833
ORDER_0007463,CUST_00795,96538.37,INR,2026-08-13 16:43:15.122833
ORDER_0007464,CUST_01971,1053.7,INR,2026-07-26 08:20:21.122833
ORDER_0007465,CUST_01738,5562.13,INR,2026-07-16 22:12:41.122833
ORDER_0007466,CUST_01018,5765.27,INR,2026-07-19 10:00:56.122833
ORDER_0007467,CUST_01547,53929.36,INR,2026-06-11 13:31:54.122833
ORDER_0007468,CUST_00924,84482.71,INR,2026-08-15 08:38:53.122833
ORDER_0007469,CUST_00725,309.3,INR,2026-06-03 15:14:06.122833
ORDER_0007470,CUST_01546,6326.83,INR,2026-06-17 23:33:26.122833
ORDER_0007471,CUST_01716,2590.35,INR,2026-07-24 12:23:25.122833
ORDER_0007472,CUST_01548,4805.42,INR,2026-08-17 19:53:11.122833
ORDER_0007473,CUST_01440,719.3,INR,2026-06-19 03:50:24.122833
ORDER_0007474,CUST_00905,1404.45,INR,2026-08-20 01:27:07.122833
ORDER_0007475,CUST_01756,5187.92,INR,2026-07-29 23:15:20.122833
ORDER_0007476,CUST_00594,761.06,INR,2026-06-11 09:29:15.122833
ORDER_0007477,CUST_00802,7967.87,INR,2026-08-19 00:54:04.122833
ORDER_0007478,CUST_01973,47344.74,INR,2026-06-04 00:17:09.122833
ORDER_0007479,CUST_01378,5857.45,INR,2026-08-21 13:57:49.122833
ORDER_0007480,CUST_00289,86491.23,INR,2026-06-18 22:46:15.122833
ORDER_0007481,CUST_00940,745.92,INR,2026-07-17 00:50:02.122833
ORDER_0007482,CUST_01753,93437.03,INR,2026-07-06 17:59:01.122833
ORDER_0007483,CUST_00281,6604.73,INR,2026-07-15 03:14:18.122833
ORDER_0007484,CUST_01732,7779.49,INR,2026-06-17 07:47:22.122833
ORDER_0007485,CUST_01709,4652.82,INR,2026-07-25 04:35:17.122833
ORDER_0007486,CUST_00261,9313.23,INR,2026-08-24 16:42:41.122833
ORDER_0007487,CUST_00134,2194.78,INR,2026-07-22 10:44:55.122833
ORDER_0007488,CUST_00158,82844.63,INR,2026-06-16 23:37:50.122833
ORDER_0007489,CUST_00570,42362.81,INR,2026-08-30 07:27:30.122833
ORDER_0007490,CUST_01039,6530.0,INR,2026-07-26 21:16:39.122833
ORDER_0007491,CUST_01541,28387.39,INR,2026-08-25 07:11:16.122833
ORDER_0007492,CUST_01213,83550.15,INR,2026-08-30 09:55:39.122833
ORDER_0007493,CUST_00970,280.08,INR,2026-06-07 12:57:19.122833
ORDER_0007494,CUST_01742,4933.16,INR,2026-07-22 15:02:26.122833
ORDER_0007495,CUST_01087,96607.18,INR,2026-08-14 22:13:00.122833
ORDER_0007496,CUST_01978,828.06,INR,2026-06-29 11:00:48.122833
ORDER_0007497,CUST_00049,83073.58,INR,2026-08-10 23:25:49.122833
ORDER_0007498,CUST_00360,64829.83,INR,2026-07-20 19:17:28.122833
ORDER_0007499,CUST_00165,60870.92,INR,2026-06-26 09:12:01.122833
ORDER_0007500,CUST_00390,6614.37,INR,2026-07-17 23:40:06.122833
ORDER_0007501,CUST_01268,9797.75,INR,2026-08-14 04:20:39.122833
ORDER_0007502,CUST_01388,599.01,INR,2026-06-14 21:06:13.122833
ORDER_0007503,CUST_01743,5767.91,INR,2026-07-13 21:44:30.122833
ORDER_0007504,CUST_00129,26926.55,INR,2026-08-16 03:47:54.122833
ORDER_0007505,CUST_01978,142.99,INR,2026-08-28 11:55:11.122833
ORDER_0007506,CUST_00861,9348.49,INR,2026-07-04 11:35:59.122833
ORDER_0007507,CUST_01289,368.9,INR,2026-07-25 05:10:28.122833
ORDER_0007508,CUST_00434,354.47,INR,2026-07-22 03:57:55.122833
ORDER_0007509,CUST_00635,248.15,INR,2026-07-06 01:02:53.122833
ORDER_0007510,CUST_00507,383.26,INR,2026-07-24 15:54:15.122833
ORDER_0007511,CUST_01989,424.66,INR,2026-06-13 23:08:56.122833
ORDER_0007512,CUST_01982,269.68,INR,2026-08-19 08:46:20.122833
ORDER_0007513,CUST_00860,5591.3,INR,2026-06-03 21:43:32.122833
ORDER_0007514,CUST_01131,98504.74,INR,2026-08-14 01:04:33.122833
ORDER_0007515,CUST_01195,722.46,INR,2026-07-22 09:27:58.122833
ORDER_0007516,CUST_00201,122.06,INR,2026-06-14 22:42:18.122833
ORDER_0007517,CUST_01797,7418.66,INR,2026-06-27 16:13:37.122833
ORDER_0007518,CUST_00654,1375.43,INR,2026-06-09 04:13:23.122833
ORDER_0007519,CUST_00693,398.1,INR,2026-06-23 14:18:32.122833
ORDER_0007520,CUST_01065,46644.93,INR,2026-06-16 17:10:10.122833
ORDER_0007521,CUST_01931,61457.04,INR,2026-06-28 08:23:29.122833
ORDER_0007522,CUST_01405,503.27,INR,2026-06-06 16:19:49.122833
ORDER_0007523,CUST_01397,610.62,INR,2026-07-31 02:49:41.122833
ORDER_0007524,CUST_01242,143.59,INR,2026-07-12 13:09:14.122833
ORDER_0007525,CUST_00372,830.08,INR,2026-06-22 08:45:13.122833
ORDER_0007526,CUST_00674,529.46,INR,2026-06-15 21:22:23.122833
ORDER_0007527,CUST_00990,83269.14,INR,2026-06-24 03:15:41.122833
ORDER_0007528,CUST_01958,904.23,INR,2026-07-14 09:55:12.122833
ORDER_0007529,CUST_00304,41495.0,INR,2026-06-21 12:39:05.122833
ORDER_0007530,CUST_01610,3756.1,INR,2026-08-08 21:08:01.122833
ORDER_0007531,CUST_00235,9774.56,INR,2026-07-26 04:26:21.122833
ORDER_0007532,CUST_01659,77873.28,INR,2026-07-03 15:07:14.122833
ORDER_0007533,CUST_01121,993.01,INR,2026-08-18 06:40:14.122833
ORDER_0007534,CUST_01419,58069.88,INR,2026-07-26 01:20:08.122833
ORDER_0007535,CUST_01004,621.04,INR,2026-08-07 00:24:20.122833
ORDER_0007536,CUST_00108,783.69,INR,2026-08-20 06:50:58.122833
ORDER_0007537,CUST_00459,29981.67,INR,2026-07-23 14:03:41.122833
ORDER_0007538,CUST_00494,3153.85,INR,2026-06-02 23:50:32.122833
ORDER_0007539,CUST_01930,64952.41,INR,2026-08-05 13:51:34.122833
ORDER_0007540,CUST_01907,1145.39,INR,2026-06-26 09:37:34.122833
ORDER_0007541,CUST_01783,5916.43,INR,2026-07-14 05:24:16.122833
ORDER_0007542,CUST_00543,83060.25,INR,2026-06-17 10:29:20.122833
ORDER_0007543,CUST_00058,7644.0,INR,2026-08-12 19:59:24.122833
ORDER_0007544,CUST_00683,4766.18,INR,2026-07-21 11:31:28.122833
ORDER_0007545,CUST_01118,126.05,INR,2026-07-24 01:09:28.122833
ORDER_0007546,CUST_01459,152.1,INR,2026-06-22 03:18:18.122833
ORDER_0007547,CUST_00916,270.92,INR,2026-06-11 15:55:37.122833
ORDER_0007548,CUST_00845,9938.53,INR,2026-07-17 15:53:34.122833
ORDER_0007549,CUST_00263,549.99,INR,2026-07-23 10:31:47.122833
ORDER_0007550,CUST_01472,19388.14,INR,2026-07-21 19:46:49.122833
ORDER_0007551,CUST_01481,8886.37,INR,2026-08-23 02:31:50.122833
ORDER_0007552,CUST_00780,94105.41,INR,2026-06-19 11:30:14.122833
ORDER_0007553,CUST_01089,89142.35,INR,2026-07-28 07:50:08.122833
ORDER_0007554,CUST_01687,1123.94,INR,2026-08-24 11:12:32.122833
ORDER_0007555,CUST_00310,813.42,INR,2026-07-19 19:37:39.122833
ORDER_0007556,CUST_01631,3804.2,INR,2026-06-19 06:49:24.122833
ORDER_0007557,CUST_00082,589.87,INR,2026-07-13 14:22:16.122833
ORDER_0007558,CUST_00959,591.34,INR,2026-06-17 19:41:42.122833
ORDER_0007559,CUST_00338,1907.77,INR,2026-07-31 06:57:42.122833
ORDER_0007560,CUST_01920,498.58,INR,2026-07-24 04:05:11.122833
ORDER_0007561,CUST_01936,10394.61,INR,2026-08-30 08:24:42.122833
ORDER_0007562,CUST_00083,33263.07,INR,2026-07-16 21:02:50.122833
ORDER_0007563,CUST_00882,1400.73,INR,2026-08-28 17:24:49.122833
ORDER_0007564,CUST_00814,3220.15,INR,2026-07-24 22:45:34.122833
ORDER_0007565,CUST_01626,92438.75,INR,2026-06-15 18:05:48.122833
ORDER_0007566,CUST_00537,29489.62,INR,2026-07-21 13:35:43.122833
ORDER_0007567,CUST_00558,48024.77,INR,2026-07-12 21:26:09.122833
ORDER_0007568,CUST_01810,67597.2,INR,2026-07-18 20:46:17.122833
ORDER_0007569,CUST_01850,67631.07,INR,2026-07-21 00:25:11.122833
ORDER_0007570,CUST_00980,1077.53,INR,2026-07-23 11:27:42.122833
ORDER_0007571,CUST_00481,79834.73,INR,2026-08-31 02:42:09.122833
ORDER_0007572,CUST_00271,21405.09,INR,2026-08-26 17:35:15.122833
ORDER_0007573,CUST_00021,887.04,INR,2026-07-04 23:47:15.122833
ORDER_0007574,CUST_01825,58646.12,INR,2026-06-12 03:43:29.122833
ORDER_0007575,CUST_01150,311.44,INR,2026-06-30 03:26:45.122833
ORDER_0007576,CUST_01897,9757.65,INR,2026-08-06 12:26:39.122833
ORDER_0007577,CUST_01000,34309.05,INR,2026-07-31 01:47:57.122833
ORDER_0007578,CUST_00758,347.99,INR,2026-07-20 19:56:50.122833
ORDER_0007579,CUST_00617,978.43,INR,2026-07-06 18:15:02.122833
ORDER_0007580,CUST_00336,684.35,INR,2026-06-05 16:59:27.122833
ORDER_0007581,CUST_01199,8424.22,INR,2026-07-23 04:02:29.122833
ORDER_0007582,CUST_00514,346.82,INR,2026-08-15 18:33:07.122833
ORDER_0007583,CUST_00455,4979.96,INR,2026-06-16 02:03:32.122833
ORDER_0007584,CUST_01929,53720.11,INR,2026-07-03 08:07:22.122833
ORDER_0007585,CUST_01912,4086.5,INR,2026-08-06 01:34:13.122833
ORDER_0007586,CUST_01961,2347.2,INR,2026-07-11 14:51:39.122833
ORDER_0007587,CUST_00806,508.98,INR,2026-07-17 13:45:17.122833
ORDER_0007588,CUST_01082,47802.12,INR,2026-06-28 22:33:31.122833
ORDER_0007589,CUST_01855,6995.86,INR,2026-06-12 17:11:58.122833
ORDER_0007590,CUST_01126,304.9,INR,2026-07-26 16:29:52.122833
ORDER_0007591,CUST_01223,466.44,INR,2026-08-01 10:05:37.122833
ORDER_0007592,CUST_01950,58275.21,INR,2026-07-23 13:05:26.122833
ORDER_0007593,CUST_00054,2396.22,INR,2026-07-13 16:30:18.122833
ORDER_0007594,CUST_01333,7656.77,INR,2026-08-28 08:13:50.122833
ORDER_0007595,CUST_01777,1781.89,INR,2026-07-08 19:20:37.122833
ORDER_0007596,CUST_00881,6772.83,INR,2026-06-22 02:11:43.122833
ORDER_0007597,CUST_01505,73543.0,INR,2026-06-18 05:21:44.122833
ORDER_0007598,CUST_01671,469.38,INR,2026-08-04 11:12:44.122833
ORDER_0007599,CUST_00965,1470.58,INR,2026-07-12 15:46:14.122833
ORDER_0007600,CUST_01552,875.6,INR,2026-07-29 10:36:42.122833
ORDER_0007601,CUST_00540,819.44,INR,2026-07-27 14:33:37.122833
ORDER_0007602,CUST_00860,916.37,INR,2026-07-14 07:36:50.122833
ORDER_0007603,CUST_01942,8510.78,INR,2026-07-02 14:10:01.122833
ORDER_0007604,CUST_01157,405.84,INR,2026-06-07 21:46:31.122833
ORDER_0007605,CUST_01544,8965.77,INR,2026-06-15 05:58:10.122833
ORDER_0007606,CUST_00583,75446.09,INR,2026-08-08 16:14:02.122833
ORDER_0007607,CUST_01988,8400.31,INR,2026-06-20 03:53:14.122833
ORDER_0007608,CUST_00901,69869.26,INR,2026-07-27 23:59:05.122833
ORDER_0007609,CUST_01590,555.8,INR,2026-06-08 02:00:59.122833
ORDER_0007610,CUST_00594,9624.58,INR,2026-07-11 03:03:42.122833
ORDER_0007611,CUST_00271,436.16,INR,2026-06-07 01:12:02.122833
ORDER_0007612,CUST_01611,57899.28,INR,2026-07-11 19:47:27.122833
ORDER_0007613,CUST_00445,1591.53,INR,2026-06-11 15:33:06.122833
ORDER_0007614,CUST_01194,292.06,INR,2026-07-07 07:37:56.122833
ORDER_0007615,CUST_00448,130.17,INR,2026-07-17 02:28:22.122833
ORDER_0007616,CUST_00885,9173.4,INR,2026-08-22 09:10:43.122833
ORDER_0007617,CUST_01193,3759.45,INR,2026-06-16 04:56:03.122833
ORDER_0007618,CUST_01089,925.85,INR,2026-08-23 20:52:21.122833
ORDER_0007619,CUST_00257,2732.17,INR,2026-08-06 20:01:52.122833
ORDER_0007620,CUST_01489,864.8,INR,2026-06-17 20:06:48.122833
ORDER_0007621,CUST_01833,557.51,INR,2026-08-11 05:12:33.122833
ORDER_0007622,CUST_00243,59449.09,INR,2026-07-21 00:01:50.122833
ORDER_0007623,CUST_01100,6395.55,INR,2026-08-31 05:12:01.122833
ORDER_0007624,CUST_00507,9387.94,INR,2026-08-11 20:33:46.122833
ORDER_0007625,CUST_00651,39083.29,INR,2026-08-13 05:27:32.122833
ORDER_0007626,CUST_01354,806.09,INR,2026-08-19 20:04:10.122833
ORDER_0007627,CUST_00383,94728.1,INR,2026-06-25 00:36:53.122833
ORDER_0007628,CUST_01645,118.42,INR,2026-07-31 03:40:44.122833
ORDER_0007629,CUST_00390,35132.56,INR,2026-08-16 19:10:08.122833
ORDER_0007630,CUST_01925,358.54,INR,2026-07-30 04:29:19.122833
ORDER_0007631,CUST_01333,4105.46,INR,2026-08-30 19:38:02.122833
ORDER_0007632,CUST_00287,75831.51,INR,2026-06-07 19:42:37.122833
ORDER_0007633,CUST_01267,8710.91,INR,2026-06-15 04:04:19.122833
ORDER_0007634,CUST_00779,6728.12,INR,2026-08-30 06:59:58.122833
ORDER_0007635,CUST_00395,88106.7,INR,2026-08-19 19:14:49.122833
ORDER_0007636,CUST_01307,36623.72,INR,2026-08-18 19:03:10.122833
ORDER_0007637,CUST_01316,90810.1,INR,2026-08-26 02:18:21.122833
ORDER_0007638,CUST_01429,61507.52,INR,2026-06-30 21:47:03.122833
ORDER_0007639,CUST_01632,55707.58,INR,2026-07-27 22:22:15.122833
ORDER_0007640,CUST_01165,322.87,INR,2026-06-15 02:12:11.122833
ORDER_0007641,CUST_00629,55532.85,INR,2026-07-18 05:09:24.122833
ORDER_0007642,CUST_01662,972.65,INR,2026-06-30 04:33:56.122833
ORDER_0007643,CUST_00246,1642.95,INR,2026-07-18 04:32:52.122833
ORDER_0007644,CUST_00379,42549.46,INR,2026-08-13 18:33:51.122833
ORDER_0007645,CUST_00056,3380.49,INR,2026-07-06 14:34:18.122833
ORDER_0007646,CUST_01870,965.13,INR,2026-06-30 10:42:25.122833
ORDER_0007647,CUST_01615,3387.15,INR,2026-08-08 18:19:17.122833
ORDER_0007648,CUST_01574,47296.36,INR,2026-06-23 14:44:32.122833
ORDER_0007649,CUST_00479,63182.91,INR,2026-08-04 13:24:15.122833
ORDER_0007650,CUST_01270,50482.0,INR,2026-08-17 15:51:41.122833
ORDER_0007651,CUST_00205,690.24,INR,2026-08-13 16:20:39.122833
ORDER_0007652,CUST_01152,525.33,INR,2026-06-17 17:58:48.122833
ORDER_0007653,CUST_01151,570.74,INR,2026-06-20 07:35:34.122833
ORDER_0007654,CUST_01175,18519.5,INR,2026-07-22 04:46:04.122833
ORDER_0007655,CUST_00305,79135.05,INR,2026-07-21 15:36:47.122833
ORDER_0007656,CUST_01591,7904.93,INR,2026-06-07 15:10:56.122833
ORDER_0007657,CUST_00371,538.83,INR,2026-08-01 23:04:05.122833
ORDER_0007658,CUST_00603,6807.83,INR,2026-06-15 05:37:32.122833
ORDER_0007659,CUST_00613,446.35,INR,2026-06-27 09:25:17.122833
ORDER_0007660,CUST_01936,742.42,INR,2026-06-15 05:17:28.122833
ORDER_0007661,CUST_01739,5077.04,INR,2026-07-31 11:18:18.122833
ORDER_0007662,CUST_01685,3298.01,INR,2026-07-22 10:43:46.122833
ORDER_0007663,CUST_01709,659.36,INR,2026-07-15 09:48:14.122833
ORDER_0007664,CUST_00316,5654.02,INR,2026-06-18 10:22:25.122833
ORDER_0007665,CUST_01879,65828.49,INR,2026-07-14 19:11:29.122833
ORDER_0007666,CUST_00073,852.22,INR,2026-08-20 07:34:26.122833
ORDER_0007667,CUST_00567,34093.54,INR,2026-08-19 21:38:35.122833
ORDER_0007668,CUST_01464,7062.65,INR,2026-07-16 12:28:22.122833
ORDER_0007669,CUST_01942,975.78,INR,2026-07-11 09:53:50.122833
ORDER_0007670,CUST_00404,7681.3,INR,2026-08-19 14:07:28.122833
ORDER_0007671,CUST_01728,64294.96,INR,2026-07-03 01:14:21.122833
ORDER_0007672,CUST_01126,50169.98,INR,2026-08-22 07:08:29.122833
ORDER_0007673,CUST_00610,18897.26,INR,2026-07-04 18:47:55.122833
ORDER_0007674,CUST_01464,28430.08,INR,2026-07-15 21:33:06.122833
ORDER_0007675,CUST_00702,16410.96,INR,2026-06-23 07:04:23.122833
ORDER_0007676,CUST_00999,8355.54,INR,2026-08-27 00:35:03.122833
ORDER_0007677,CUST_00725,8486.62,INR,2026-07-09 10:34:13.122833
ORDER_0007678,CUST_01697,424.7,INR,2026-08-19 10:37:37.122833
ORDER_0007679,CUST_00535,1390.03,INR,2026-07-02 11:20:21.122833
ORDER_0007680,CUST_00322,42109.84,INR,2026-08-06 16:20:08.122833
ORDER_0007681,CUST_00508,923.72,INR,2026-07-06 16:20:06.122833
ORDER_0007682,CUST_00791,39302.85,INR,2026-08-28 17:37:58.122833
ORDER_0007683,CUST_00070,686.66,INR,2026-06-11 21:01:16.122833
ORDER_0007684,CUST_00351,1025.17,INR,2026-08-22 15:19:17.122833
ORDER_0007685,CUST_01786,28737.45,INR,2026-07-26 14:36:40.122833
ORDER_0007686,CUST_00036,520.9,INR,2026-08-10 10:15:43.122833
ORDER_0007687,CUST_01258,9597.6,INR,2026-08-16 19:33:53.122833
ORDER_0007688,CUST_01180,56405.48,INR,2026-07-18 18:53:38.122833
ORDER_0007689,CUST_01960,1799.63,INR,2026-06-18 11:23:27.122833
ORDER_0007690,CUST_01324,7836.88,INR,2026-06-15 14:36:07.122833
ORDER_0007691,CUST_00769,39265.44,INR,2026-06-21 07:39:24.122833
ORDER_0007692,CUST_01296,3794.33,INR,2026-08-05 02:37:12.122833
ORDER_0007693,CUST_01843,81936.05,INR,2026-08-10 04:35:02.122833
ORDER_0007694,CUST_00051,38401.65,INR,2026-07-28 09:29:13.122833
ORDER_0007695,CUST_01634,974.08,INR,2026-08-03 01:20:59.122833
ORDER_0007696,CUST_00402,35015.83,INR,2026-08-11 04:06:24.122833
ORDER_0007697,CUST_01857,50208.01,INR,2026-06-09 19:52:30.122833
ORDER_0007698,CUST_00604,93110.99,INR,2026-08-03 08:44:23.122833
ORDER_0007699,CUST_00455,472.63,INR,2026-07-03 17:10:09.122833
ORDER_0007700,CUST_00428,706.52,INR,2026-08-04 08:23:01.122833
ORDER_0007701,CUST_00561,917.09,INR,2026-08-05 00:02:08.122833
ORDER_0007702,CUST_00724,5076.38,INR,2026-07-07 01:52:24.122833
ORDER_0007703,CUST_01232,3465.0,INR,2026-07-12 19:38:20.122833
ORDER_0007704,CUST_00248,9206.42,INR,2026-08-12 07:11:21.122833
ORDER_0007705,CUST_01255,513.21,INR,2026-08-11 11:54:03.122833
ORDER_0007706,CUST_00795,399.6,INR,2026-08-16 05:34:02.122833
ORDER_0007707,CUST_01464,9885.18,INR,2026-07-05 19:39:58.122833
ORDER_0007708,CUST_00870,7249.47,INR,2026-08-23 13:23:37.122833
ORDER_0007709,CUST_01614,7927.8,INR,2026-08-14 00:47:10.122833
ORDER_0007710,CUST_00818,22534.1,INR,2026-07-18 20:56:24.122833
ORDER_0007711,CUST_01796,3707.74,INR,2026-06-02 20:41:26.122833
ORDER_0007712,CUST_01355,11891.07,INR,2026-06-17 08:17:45.122833
ORDER_0007713,CUST_00611,1490.64,INR,2026-08-15 11:03:24.122833
ORDER_0007714,CUST_00186,73267.63,INR,2026-06-04 20:57:04.122833
ORDER_0007715,CUST_00250,8540.72,INR,2026-06-23 23:42:14.122833
ORDER_0007716,CUST_00396,864.79,INR,2026-07-03 20:37:37.122833
ORDER_0007717,CUST_01990,36670.41,INR,2026-07-30 12:06:10.122833
ORDER_0007718,CUST_00222,57536.67,INR,2026-08-28 02:27:36.122833
ORDER_0007719,CUST_01222,28215.35,INR,2026-08-19 13:41:26.122833
ORDER_0007720,CUST_00643,2002.89,INR,2026-06-13 10:18:08.122833
ORDER_0007721,CUST_01589,1454.33,INR,2026-07-31 05:33:18.122833
ORDER_0007722,CUST_00192,149.12,INR,2026-07-04 19:11:24.122833
ORDER_0007723,CUST_00690,20766.24,INR,2026-08-23 03:21:51.122833
ORDER_0007724,CUST_01049,52235.32,INR,2026-07-14 10:03:56.122833
ORDER_0007725,CUST_00202,1935.18,INR,2026-07-12 15:20:46.122833
ORDER_0007726,CUST_01345,65973.52,INR,2026-06-07 07:49:17.122833
ORDER_0007727,CUST_01895,594.55,INR,2026-08-25 09:17:40.122833
ORDER_0007728,CUST_00660,233.85,INR,2026-06-04 09:14:14.122833
ORDER_0007729,CUST_00690,7758.63,INR,2026-08-10 17:47:37.122833
ORDER_0007730,CUST_00329,58524.27,INR,2026-06-17 11:11:05.122833
ORDER_0007731,CUST_00220,2951.17,INR,2026-07-24 03:45:07.122833
ORDER_0007732,CUST_00870,766.73,INR,2026-07-15 23:55:50.122833
ORDER_0007733,CUST_01202,26865.65,INR,2026-06-25 08:23:53.122833
ORDER_0007734,CUST_01547,13217.92,INR,2026-07-15 08:16:43.122833
ORDER_0007735,CUST_00434,3920.08,INR,2026-07-29 22:07:07.122833
ORDER_0007736,CUST_01253,989.19,INR,2026-08-24 07:43:43.122833
ORDER_0007737,CUST_00657,784.99,INR,2026-08-12 03:59:08.122833
ORDER_0007738,CUST_01816,1590.73,INR,2026-08-15 20:17:09.122833
ORDER_0007739,CUST_01210,34932.1,INR,2026-06-18 01:44:54.122833
ORDER_0007740,CUST_01502,2642.6,INR,2026-07-02 13:25:15.122833
ORDER_0007741,CUST_01588,944.38,INR,2026-08-03 19:19:59.122833
ORDER_0007742,CUST_00562,315.98,INR,2026-07-27 17:39:53.122833
ORDER_0007743,CUST_00239,350.7,INR,2026-08-05 17:49:12.122833
ORDER_0007744,CUST_01701,195.25,INR,2026-07-18 03:38:29.122833
ORDER_0007745,CUST_00149,30044.04,INR,2026-08-22 03:39:20.122833
ORDER_0007746,CUST_00215,650.13,INR,2026-08-10 10:50:01.122833
ORDER_0007747,CUST_00688,317.18,INR,2026-06-29 08:57:04.122833
ORDER_0007748,CUST_01698,37347.74,INR,2026-07-02 05:42:32.122833
ORDER_0007749,CUST_01810,79298.86,INR,2026-08-19 19:06:21.122833
ORDER_0007750,CUST_00072,591.7,INR,2026-08-01 10:16:42.122833
ORDER_0007751,CUST_01046,329.46,INR,2026-08-25 14:49:49.122833
ORDER_0007752,CUST_00172,66002.49,INR,2026-06-18 04:26:11.122833
ORDER_0007753,CUST_00964,490.61,INR,2026-08-02 03:31:48.122833
ORDER_0007754,CUST_00982,550.48,INR,2026-08-03 18:49:10.122833
ORDER_0007755,CUST_00528,9299.56,INR,2026-07-02 12:45:26.122833
ORDER_0007756,CUST_01185,67481.76,INR,2026-07-10 08:11:34.122833
ORDER_0007757,CUST_01527,186.42,INR,2026-08-22 16:39:38.122833
ORDER_0007758,CUST_00022,2468.73,INR,2026-06-07 11:13:46.122833
ORDER_0007759,CUST_01299,76634.14,INR,2026-07-06 01:25:58.122833
ORDER_0007760,CUST_00250,3521.18,INR,2026-08-02 02:14:14.122833
ORDER_0007761,CUST_00111,71574.86,INR,2026-07-03 21:22:28.122833
ORDER_0007762,CUST_00012,731.5,INR,2026-06-24 23:24:18.122833
ORDER_0007763,CUST_01104,15805.01,INR,2026-08-25 13:36:12.122833
ORDER_0007764,CUST_00611,63053.08,INR,2026-07-14 20:27:47.122833
ORDER_0007765,CUST_00082,2370.98,INR,2026-08-03 02:55:03.122833
ORDER_0007766,CUST_00430,936.91,INR,2026-07-31 19:49:03.122833
ORDER_0007767,CUST_01844,41161.25,INR,2026-06-23 04:03:14.122833
ORDER_0007768,CUST_00289,263.03,INR,2026-06-10 15:11:11.122833
ORDER_0007769,CUST_01338,109.02,INR,2026-06-23 04:56:50.122833
ORDER_0007770,CUST_00091,336.12,INR,2026-07-15 14:47:05.122833
ORDER_0007771,CUST_01619,927.41,INR,2026-07-24 04:51:29.122833
ORDER_0007772,CUST_01387,3753.5,INR,2026-07-21 17:47:21.122833
ORDER_0007773,CUST_00963,76918.33,INR,2026-07-08 14:13:49.122833
ORDER_0007774,CUST_00841,337.53,INR,2026-06-11 11:20:59.122833
ORDER_0007775,CUST_00192,6702.3,INR,2026-08-04 12:12:23.122833
ORDER_0007776,CUST_00358,871.92,INR,2026-08-06 20:42:18.122833
ORDER_0007777,CUST_00774,19239.26,INR,2026-07-25 13:51:36.122833
ORDER_0007778,CUST_01177,786.53,INR,2026-06-17 20:25:14.122833
ORDER_0007779,CUST_01574,42545.43,INR,2026-08-15 04:51:09.122833
ORDER_0007780,CUST_00490,5454.74,INR,2026-08-28 17:03:28.122833
ORDER_0007781,CUST_00194,71328.52,INR,2026-06-23 23:51:09.122833
ORDER_0007782,CUST_01059,232.49,INR,2026-08-13 07:48:23.122833
ORDER_0007783,CUST_01030,76794.8,INR,2026-08-27 14:32:24.122833
ORDER_0007784,CUST_01615,489.21,INR,2026-07-20 06:05:06.122833
ORDER_0007785,CUST_00140,3004.22,INR,2026-08-10 11:31:14.122833
ORDER_0007786,CUST_00076,79416.73,INR,2026-07-23 09:30:47.122833
ORDER_0007787,CUST_01323,139.87,INR,2026-08-01 02:59:31.122833
ORDER_0007788,CUST_01896,87212.73,INR,2026-06-18 01:24:41.122833
ORDER_0007789,CUST_01061,76120.4,INR,2026-07-15 09:14:10.122833
ORDER_0007790,CUST_00680,88056.18,INR,2026-07-16 11:09:07.122833
ORDER_0007791,CUST_01606,77740.9,INR,2026-08-03 17:11:39.122833
ORDER_0007792,CUST_00192,425.08,INR,2026-07-09 13:03:44.122833
ORDER_0007793,CUST_01879,117.52,INR,2026-08-21 20:03:46.122833
ORDER_0007794,CUST_00992,78015.92,INR,2026-08-06 02:30:44.122833
ORDER_0007795,CUST_01152,174.43,INR,2026-06-08 18:22:05.122833
ORDER_0007796,CUST_01422,2781.7,INR,2026-08-14 03:37:06.122833
ORDER_0007797,CUST_01486,122.01,INR,2026-08-22 03:04:46.122833
ORDER_0007798,CUST_01896,3570.38,INR,2026-08-31 09:28:32.122833
ORDER_0007799,CUST_01729,72816.7,INR,2026-08-09 05:32:50.122833
ORDER_0007800,CUST_00631,708.08,INR,2026-07-15 06:39:44.122833
ORDER_0007801,CUST_01907,52528.54,INR,2026-06-05 14:39:26.122833
ORDER_0007802,CUST_01853,875.55,INR,2026-07-21 17:08:40.122833
ORDER_0007803,CUST_00642,265.88,INR,2026-08-19 02:03:33.122833
ORDER_0007804,CUST_01500,258.25,INR,2026-08-05 13:51:45.122833
ORDER_0007805,CUST_00136,4513.12,INR,2026-08-08 09:21:51.122833
ORDER_0007806,CUST_00922,8605.34,INR,2026-08-18 12:05:31.122833
ORDER_0007807,CUST_01841,783.7,INR,2026-06-17 23:46:19.122833
ORDER_0007808,CUST_01381,663.64,INR,2026-06-17 11:19:39.122833
ORDER_0007809,CUST_00191,9682.33,INR,2026-08-16 12:20:50.122833
ORDER_0007810,CUST_00416,467.06,INR,2026-07-29 16:42:18.122833
ORDER_0007811,CUST_00913,20982.15,INR,2026-06-08 02:54:26.122833
ORDER_0007812,CUST_01246,6031.01,INR,2026-06-06 21:44:30.122833
ORDER_0007813,CUST_01660,63335.92,INR,2026-06-22 06:01:59.122833
ORDER_0007814,CUST_00731,3366.94,INR,2026-08-05 11:40:12.122833
ORDER_0007815,CUST_01352,74839.76,INR,2026-06-16 06:39:40.122833
ORDER_0007816,CUST_01917,62399.31,INR,2026-07-09 06:29:54.122833
ORDER_0007817,CUST_00082,7246.15,INR,2026-08-09 16:02:34.122833
ORDER_0007818,CUST_00365,545.83,INR,2026-07-13 12:33:08.122833
ORDER_0007819,CUST_01016,42426.47,INR,2026-07-04 22:26:20.122833
ORDER_0007820,CUST_00538,686.21,INR,2026-07-03 06:38:52.122833
ORDER_0007821,CUST_01073,7179.22,INR,2026-06-09 17:12:30.122833
ORDER_0007822,CUST_01755,59240.47,INR,2026-08-01 06:08:30.122833
ORDER_0007823,CUST_01925,10150.41,INR,2026-08-27 23:14:38.122833
ORDER_0007824,CUST_00739,562.98,INR,2026-07-23 14:22:01.122833
ORDER_0007825,CUST_00325,161.73,INR,2026-06-30 00:16:25.122833
ORDER_0007826,CUST_01224,96295.83,INR,2026-07-11 11:01:26.122833
ORDER_0007827,CUST_00069,123.1,INR,2026-07-21 21:08:35.122833
ORDER_0007828,CUST_00001,9834.03,INR,2026-06-27 22:42:15.122833
ORDER_0007829,CUST_01138,3447.96,INR,2026-06-15 15:22:41.122833
ORDER_0007830,CUST_01121,25640.74,INR,2026-08-10 14:44:41.122833
ORDER_0007831,CUST_00251,47501.01,INR,2026-08-17 11:00:55.122833
ORDER_0007832,CUST_01480,16539.1,INR,2026-06-09 23:16:41.122833
ORDER_0007833,CUST_00322,715.55,INR,2026-07-22 08:31:20.122833
ORDER_0007834,CUST_00307,14199.14,INR,2026-07-18 03:09:43.122833
ORDER_0007835,CUST_00093,5393.91,INR,2026-07-22 08:50:28.122833
ORDER_0007836,CUST_01403,744.37,INR,2026-07-26 14:15:48.122833
ORDER_0007837,CUST_01878,82966.16,INR,2026-07-18 11:25:32.122833
ORDER_0007838,CUST_00331,18234.65,INR,2026-08-28 01:53:20.122833
ORDER_0007839,CUST_00951,2107.38,INR,2026-08-01 17:00:46.122833
ORDER_0007840,CUST_01095,722.58,INR,2026-06-15 07:57:19.122833
ORDER_0007841,CUST_01223,16494.98,INR,2026-06-13 14:26:06.122833
ORDER_0007842,CUST_00533,37757.8,INR,2026-06-26 08:05:09.122833
ORDER_0007843,CUST_00988,38324.3,INR,2026-07-26 03:14:05.122833
ORDER_0007844,CUST_01633,182.7,INR,2026-06-04 22:41:55.122833
ORDER_0007845,CUST_00968,1218.75,INR,2026-07-06 00:06:18.122833
ORDER_0007846,CUST_00631,217.26,INR,2026-07-26 07:29:42.122833
ORDER_0007847,CUST_00773,899.37,INR,2026-06-12 00:04:25.122833
ORDER_0007848,CUST_01621,940.77,INR,2026-07-17 05:30:18.122833
ORDER_0007849,CUST_01317,641.77,INR,2026-06-24 11:49:25.122833
ORDER_0007850,CUST_00467,24049.1,INR,2026-08-04 22:26:01.122833
ORDER_0007851,CUST_00915,116.2,INR,2026-06-19 17:56:07.122833
ORDER_0007852,CUST_00736,126.91,INR,2026-08-22 10:16:41.122833
ORDER_0007853,CUST_00862,1043.97,INR,2026-07-10 06:51:34.122833
ORDER_0007854,CUST_00527,1741.29,INR,2026-06-06 01:54:44.122833
ORDER_0007855,CUST_00577,942.1,INR,2026-06-06 03:00:43.122833
ORDER_0007856,CUST_00112,14370.9,INR,2026-07-28 01:50:38.122833
ORDER_0007857,CUST_01847,960.33,INR,2026-08-08 13:56:04.122833
ORDER_0007858,CUST_01857,716.68,INR,2026-07-07 18:51:50.122833
ORDER_0007859,CUST_01276,9592.46,INR,2026-06-15 10:03:21.122833
ORDER_0007860,CUST_00029,38107.83,INR,2026-06-29 00:25:02.122833
ORDER_0007861,CUST_00816,2075.65,INR,2026-08-06 05:11:27.122833
ORDER_0007862,CUST_01732,167.16,INR,2026-06-24 02:07:18.122833
ORDER_0007863,CUST_01207,691.77,INR,2026-06-07 22:46:50.122833
ORDER_0007864,CUST_00975,878.45,INR,2026-07-01 02:04:28.122833
ORDER_0007865,CUST_00181,977.92,INR,2026-07-05 09:53:11.122833
ORDER_0007866,CUST_00481,610.36,INR,2026-06-25 13:27:09.122833
ORDER_0007867,CUST_00887,44550.22,INR,2026-07-22 20:10:33.122833
ORDER_0007868,CUST_00308,960.34,INR,2026-07-31 08:08:40.122833
ORDER_0007869,CUST_00654,55393.34,INR,2026-06-03 17:32:37.122833
ORDER_0007870,CUST_00464,124.9,INR,2026-08-07 18:45:30.122833
ORDER_0007871,CUST_00022,4245.22,INR,2026-07-14 09:33:35.122833
ORDER_0007872,CUST_01651,6835.47,INR,2026-06-03 03:02:20.122833
ORDER_0007873,CUST_00850,8034.17,INR,2026-08-16 05:11:17.122833
ORDER_0007874,CUST_00285,9868.53,INR,2026-07-22 04:46:51.122833
ORDER_0007875,CUST_00187,7536.69,INR,2026-08-25 03:07:14.122833
ORDER_0007876,CUST_01921,15278.89,INR,2026-06-12 20:18:57.122833
ORDER_0007877,CUST_01318,786.5,INR,2026-06-19 00:35:17.122833
ORDER_0007878,CUST_00581,41325.14,INR,2026-07-23 07:24:58.122833
ORDER_0007879,CUST_01289,592.79,INR,2026-08-23 10:52:12.122833
ORDER_0007880,CUST_01143,634.45,INR,2026-07-16 21:56:27.122833
ORDER_0007881,CUST_01563,98481.23,INR,2026-08-31 09:44:37.122833
ORDER_0007882,CUST_00125,51532.92,INR,2026-07-06 23:59:20.122833
ORDER_0007883,CUST_01362,3525.07,INR,2026-08-04 11:09:21.122833
ORDER_0007884,CUST_00735,67363.6,INR,2026-08-02 12:04:01.122833
ORDER_0007885,CUST_01714,76003.17,INR,2026-07-14 11:19:34.122833
ORDER_0007886,CUST_00001,76912.52,INR,2026-07-26 18:49:42.122833
ORDER_0007887,CUST_01632,848.46,INR,2026-06-03 14:02:04.122833
ORDER_0007888,CUST_00486,86078.48,INR,2026-07-19 19:13:37.122833
ORDER_0007889,CUST_00295,30463.16,INR,2026-07-05 13:07:46.122833
ORDER_0007890,CUST_00901,304.73,INR,2026-06-27 02:46:56.122833
ORDER_0007891,CUST_00193,96744.12,INR,2026-07-18 03:14:58.122833
ORDER_0007892,CUST_01232,9161.91,INR,2026-07-05 07:54:05.122833
ORDER_0007893,CUST_01739,8772.66,INR,2026-07-07 01:52:42.122833
ORDER_0007894,CUST_00514,113.79,INR,2026-08-02 14:00:44.122833
ORDER_0007895,CUST_01475,48387.62,INR,2026-07-06 14:08:16.122833
ORDER_0007896,CUST_01941,2762.19,INR,2026-06-15 17:28:34.122833
ORDER_0007897,CUST_01325,830.31,INR,2026-07-12 16:19:52.122833
ORDER_0007898,CUST_01806,666.27,INR,2026-07-27 12:03:30.122833
ORDER_0007899,CUST_01546,39106.14,INR,2026-07-23 05:35:12.122833
ORDER_0007900,CUST_01513,7387.89,INR,2026-06-06 14:22:44.122833
ORDER_0007901,CUST_00943,2782.99,INR,2026-06-13 12:08:57.122833
ORDER_0007902,CUST_01237,542.79,INR,2026-07-07 20:13:43.122833
ORDER_0007903,CUST_01260,92418.32,INR,2026-08-05 12:35:32.122833
ORDER_0007904,CUST_01650,3291.45,INR,2026-06-20 16:53:00.122833
ORDER_0007905,CUST_00444,5913.91,INR,2026-07-01 15:28:41.122833
ORDER_0007906,CUST_00829,933.49,INR,2026-06-11 22:33:39.122833
ORDER_0007907,CUST_00029,449.53,INR,2026-07-06 16:14:35.122833
ORDER_0007908,CUST_00563,794.22,INR,2026-07-15 20:42:51.122833
ORDER_0007909,CUST_00486,77962.83,INR,2026-08-13 17:26:07.122833
ORDER_0007910,CUST_00465,19299.05,INR,2026-06-18 11:39:37.122833
ORDER_0007911,CUST_01053,4809.56,INR,2026-07-14 17:48:50.122833
ORDER_0007912,CUST_00957,2229.56,INR,2026-06-30 06:12:37.122833
ORDER_0007913,CUST_00995,7487.67,INR,2026-07-09 02:33:48.122833
ORDER_0007914,CUST_00192,333.74,INR,2026-07-04 17:24:11.122833
ORDER_0007915,CUST_00305,909.06,INR,2026-08-13 21:35:32.122833
ORDER_0007916,CUST_00957,6838.94,INR,2026-06-26 15:48:41.122833
ORDER_0007917,CUST_01517,61623.33,INR,2026-06-17 16:06:23.122833
ORDER_0007918,CUST_00194,89256.7,INR,2026-08-27 10:34:09.122833
ORDER_0007919,CUST_01385,10745.63,INR,2026-07-06 00:45:41.122833
ORDER_0007920,CUST_00399,665.78,INR,2026-07-23 22:21:16.122833
ORDER_0007921,CUST_00173,708.57,INR,2026-06-03 16:28:41.122833
ORDER_0007922,CUST_00956,70532.09,INR,2026-07-25 04:09:41.122833
ORDER_0007923,CUST_00109,60797.72,INR,2026-08-15 15:14:33.122833
ORDER_0007924,CUST_00992,60651.83,INR,2026-06-06 00:40:26.122833
ORDER_0007925,CUST_00714,87062.48,INR,2026-08-16 11:47:18.122833
ORDER_0007926,CUST_00928,999.69,INR,2026-06-04 01:34:49.122833
ORDER_0007927,CUST_00320,90060.37,INR,2026-08-06 17:18:42.122833
ORDER_0007928,CUST_00260,30429.73,INR,2026-06-30 16:58:11.122833
ORDER_0007929,CUST_00961,7638.6,INR,2026-08-18 11:16:14.122833
ORDER_0007930,CUST_00845,461.66,INR,2026-07-29 01:46:00.122833
ORDER_0007931,CUST_00902,878.56,INR,2026-08-23 14:25:18.122833
ORDER_0007932,CUST_01935,51237.86,INR,2026-07-06 23:14:02.122833
ORDER_0007933,CUST_00082,3639.14,INR,2026-07-06 10:04:42.122833
ORDER_0007934,CUST_00397,86469.58,INR,2026-06-13 21:29:45.122833
ORDER_0007935,CUST_01250,3225.1,INR,2026-07-18 07:27:53.122833
ORDER_0007936,CUST_01900,32111.49,INR,2026-08-31 11:31:19.122833
ORDER_0007937,CUST_00616,7705.99,INR,2026-07-13 19:46:45.122833
ORDER_0007938,CUST_00663,647.46,INR,2026-07-27 06:42:24.122833
ORDER_0007939,CUST_01717,30392.26,INR,2026-07-18 19:13:00.122833
ORDER_0007940,CUST_01087,9669.61,INR,2026-08-15 00:04:46.122833
ORDER_0007941,CUST_00031,138.6,INR,2026-07-28 00:49:59.122833
ORDER_0007942,CUST_01721,1362.61,INR,2026-08-07 22:25:21.122833
ORDER_0007943,CUST_00245,825.18,INR,2026-08-08 03:03:41.122833
ORDER_0007944,CUST_01864,2720.74,INR,2026-07-22 22:14:20.122833
ORDER_0007945,CUST_01411,95439.23,INR,2026-07-15 16:51:41.122833
ORDER_0007946,CUST_00547,17726.46,INR,2026-08-14 06:34:59.122833
ORDER_0007947,CUST_01746,82931.48,INR,2026-06-11 00:30:12.122833
ORDER_0007948,CUST_00780,10669.05,INR,2026-06-28 14:54:39.122833
ORDER_0007949,CUST_01393,3139.69,INR,2026-06-26 21:43:43.122833
ORDER_0007950,CUST_00814,756.0,INR,2026-06-09 03:22:38.122833
ORDER_0007951,CUST_01945,296.07,INR,2026-06-30 11:41:20.122833
ORDER_0007952,CUST_00803,70656.84,INR,2026-06-14 04:23:59.122833
ORDER_0007953,CUST_00212,824.31,INR,2026-06-08 22:42:36.122833
ORDER_0007954,CUST_01810,197.79,INR,2026-06-05 01:01:13.122833
ORDER_0007955,CUST_01381,500.71,INR,2026-08-12 18:20:43.122833
ORDER_0007956,CUST_01537,2089.38,INR,2026-07-06 11:34:08.122833
ORDER_0007957,CUST_01884,814.15,INR,2026-06-08 19:59:14.122833
ORDER_0007958,CUST_00609,8005.96,INR,2026-07-30 02:52:52.122833
ORDER_0007959,CUST_01122,52607.68,INR,2026-06-04 10:15:02.122833
ORDER_0007960,CUST_00018,57041.48,INR,2026-06-28 16:05:42.122833
ORDER_0007961,CUST_01641,21211.79,INR,2026-08-06 10:40:28.122833
ORDER_0007962,CUST_00309,429.32,INR,2026-07-11 21:09:11.122833
ORDER_0007963,CUST_00441,436.17,INR,2026-08-28 00:18:07.122833
ORDER_0007964,CUST_00843,90735.78,INR,2026-08-07 23:42:17.122833
ORDER_0007965,CUST_00519,7759.5,INR,2026-06-30 04:54:29.122833
ORDER_0007966,CUST_01956,26612.49,INR,2026-08-17 11:58:15.122833
ORDER_0007967,CUST_01843,28470.29,INR,2026-07-09 06:04:51.122833
ORDER_0007968,CUST_00826,130.59,INR,2026-08-15 18:50:56.122833
ORDER_0007969,CUST_00677,17037.32,INR,2026-06-21 13:05:22.122833
ORDER_0007970,CUST_00258,720.59,INR,2026-08-15 16:32:57.122833
ORDER_0007971,CUST_01487,236.53,INR,2026-07-02 06:17:54.122833
ORDER_0007972,CUST_01030,10295.67,INR,2026-07-23 12:54:16.122833
ORDER_0007973,CUST_01353,61091.75,INR,2026-06-10 10:53:35.122833
ORDER_0007974,CUST_01700,461.66,INR,2026-08-12 00:33:49.122833
ORDER_0007975,CUST_01044,97648.61,INR,2026-08-20 05:32:44.122833
ORDER_0007976,CUST_01636,8900.11,INR,2026-08-04 14:35:13.122833
ORDER_0007977,CUST_00085,67208.38,INR,2026-08-17 10:06:29.122833
ORDER_0007978,CUST_00478,602.56,INR,2026-08-05 14:19:26.122833
ORDER_0007979,CUST_01978,621.68,INR,2026-06-05 22:00:21.122833
ORDER_0007980,CUST_01651,939.27,INR,2026-07-12 05:16:51.122833
ORDER_0007981,CUST_01375,146.22,INR,2026-08-30 07:50:06.122833
ORDER_0007982,CUST_01732,753.38,INR,2026-06-17 14:28:12.122833
ORDER_0007983,CUST_00798,3787.94,INR,2026-06-18 02:52:30.122833
ORDER_0007984,CUST_01734,32578.79,INR,2026-06-09 11:42:10.122833
ORDER_0007985,CUST_00815,103.42,INR,2026-07-13 03:05:27.122833
ORDER_0007986,CUST_01381,57797.72,INR,2026-06-26 05:24:14.122833
ORDER_0007987,CUST_00071,64156.36,INR,2026-07-04 12:50:22.122833
ORDER_0007988,CUST_00787,915.14,INR,2026-08-17 01:07:29.122833
ORDER_0007989,CUST_00122,600.54,INR,2026-08-18 00:33:02.122833
ORDER_0007990,CUST_00991,9594.95,INR,2026-07-28 03:37:26.122833
ORDER_0007991,CUST_01495,6342.09,INR,2026-07-29 21:18:17.122833
ORDER_0007992,CUST_01234,564.92,INR,2026-06-06 17:57:01.122833
ORDER_0007993,CUST_01102,6691.05,INR,2026-06-12 05:21:40.122833
ORDER_0007994,CUST_00925,48863.35,INR,2026-08-22 07:47:38.122833
ORDER_0007995,CUST_01775,809.28,INR,2026-08-20 23:30:24.122833
ORDER_0007996,CUST_00098,12642.27,INR,2026-07-28 12:33:01.122833
ORDER_0007997,CUST_00486,5420.92,INR,2026-08-09 22:13:50.122833
ORDER_0007998,CUST_01424,985.26,INR,2026-06-27 09:18:39.122833
ORDER_0007999,CUST_01215,365.37,INR,2026-06-06 04:55:35.122833
ORDER_0008000,CUST_01810,2813.91,INR,2026-07-25 20:27:35.122833
ORDER_0008001,CUST_00467,501.79,INR,2026-08-20 20:25:54.122833
ORDER_0008002,CUST_00609,60054.31,INR,2026-06-09 09:59:55.122833
ORDER_0008003,CUST_00281,2992.29,INR,2026-07-17 04:21:34.122833
ORDER_0008004,CUST_01961,971.98,INR,2026-07-31 22:36:43.122833
ORDER_0008005,CUST_01181,67655.99,INR,2026-06-25 22:01:18.122833
ORDER_0008006,CUST_01283,6121.1,INR,2026-07-07 12:36:18.122833
ORDER_0008007,CUST_01767,72823.42,INR,2026-07-25 21:06:55.122833
ORDER_0008008,CUST_01139,2973.74,INR,2026-08-10 08:58:29.122833
ORDER_0008009,CUST_02000,3219.31,INR,2026-07-13 00:50:48.122833
ORDER_0008010,CUST_00586,9155.74,INR,2026-06-24 02:19:49.122833
ORDER_0008011,CUST_00076,74302.8,INR,2026-07-07 18:19:56.122833
ORDER_0008012,CUST_01316,7191.93,INR,2026-07-21 15:20:11.122833
ORDER_0008013,CUST_01810,97566.32,INR,2026-08-30 03:27:22.122833
ORDER_0008014,CUST_01178,38084.92,INR,2026-08-29 08:46:20.122833
ORDER_0008015,CUST_00354,7827.25,INR,2026-06-06 05:49:10.122833
ORDER_0008016,CUST_01386,353.84,INR,2026-07-06 17:12:11.122833
ORDER_0008017,CUST_00786,849.34,INR,2026-06-14 07:14:55.122833
ORDER_0008018,CUST_00710,8308.11,INR,2026-08-18 05:59:34.122833
ORDER_0008019,CUST_00425,5998.52,INR,2026-08-15 07:01:07.122833
ORDER_0008020,CUST_01133,31073.27,INR,2026-07-12 12:08:42.122833
ORDER_0008021,CUST_01317,287.49,INR,2026-08-22 13:48:27.122833
ORDER_0008022,CUST_00894,813.06,INR,2026-07-02 02:46:59.122833
ORDER_0008023,CUST_01536,3299.15,INR,2026-07-31 21:58:18.122833
ORDER_0008024,CUST_01601,10864.64,INR,2026-07-09 00:55:48.122833
ORDER_0008025,CUST_00954,8727.25,INR,2026-08-17 00:12:15.122833
ORDER_0008026,CUST_00131,867.89,INR,2026-08-25 17:44:58.122833
ORDER_0008027,CUST_00207,55219.45,INR,2026-08-18 08:50:09.122833
ORDER_0008028,CUST_00326,1720.7,INR,2026-06-05 17:34:45.122833
ORDER_0008029,CUST_00654,5238.54,INR,2026-06-20 05:32:55.122833
ORDER_0008030,CUST_01993,1385.26,INR,2026-07-08 20:38:12.122833
ORDER_0008031,CUST_01526,52730.05,INR,2026-07-09 07:13:50.122833
ORDER_0008032,CUST_01736,290.97,INR,2026-08-08 03:39:46.122833
ORDER_0008033,CUST_00986,915.93,INR,2026-08-17 17:43:16.122833
ORDER_0008034,CUST_00340,1533.87,INR,2026-07-19 02:09:15.122833
ORDER_0008035,CUST_00554,7453.67,INR,2026-06-13 20:11:35.122833
ORDER_0008036,CUST_00851,80093.02,INR,2026-07-14 12:02:33.122833
ORDER_0008037,CUST_01526,46721.82,INR,2026-08-25 05:47:12.122833
ORDER_0008038,CUST_00841,4085.85,INR,2026-07-09 08:15:19.122833
ORDER_0008039,CUST_00786,8240.55,INR,2026-08-08 22:36:52.122833
ORDER_0008040,CUST_00926,437.07,INR,2026-07-22 03:22:09.122833
ORDER_0008041,CUST_00376,2916.3,INR,2026-08-25 18:10:32.122833
ORDER_0008042,CUST_00347,5063.95,INR,2026-06-28 02:51:59.122833
ORDER_0008043,CUST_01496,1150.32,INR,2026-08-16 19:49:50.122833
ORDER_0008044,CUST_00490,999.57,INR,2026-08-26 04:06:44.122833
ORDER_0008045,CUST_01565,66668.25,INR,2026-08-09 23:48:18.122833
ORDER_0008046,CUST_01296,46023.04,INR,2026-06-07 11:17:25.122833
ORDER_0008047,CUST_00375,94358.79,INR,2026-06-13 19:04:05.122833
ORDER_0008048,CUST_01983,562.5,INR,2026-06-30 14:29:47.122833
ORDER_0008049,CUST_00208,197.18,INR,2026-07-02 06:56:43.122833
ORDER_0008050,CUST_01664,19476.83,INR,2026-07-10 11:55:39.122833
ORDER_0008051,CUST_01916,6073.8,INR,2026-08-01 01:30:45.122833
ORDER_0008052,CUST_00911,68945.92,INR,2026-06-22 19:42:38.122833
ORDER_0008053,CUST_00863,6405.94,INR,2026-06-23 12:23:46.122833
ORDER_0008054,CUST_00654,949.38,INR,2026-06-29 06:24:38.122833
ORDER_0008055,CUST_00079,7416.81,INR,2026-07-31 11:58:55.122833
ORDER_0008056,CUST_00385,649.75,INR,2026-07-05 20:46:12.122833
ORDER_0008057,CUST_00481,86733.96,INR,2026-07-19 16:45:40.122833
ORDER_0008058,CUST_01719,218.01,INR,2026-07-13 06:55:57.122833
ORDER_0008059,CUST_00728,8771.67,INR,2026-08-09 08:20:10.122833
ORDER_0008060,CUST_01181,166.33,INR,2026-06-30 06:02:21.122833
ORDER_0008061,CUST_00614,4590.42,INR,2026-07-19 20:15:01.122833
ORDER_0008062,CUST_00955,69078.5,INR,2026-06-22 04:25:21.122833
ORDER_0008063,CUST_01472,21934.02,INR,2026-07-09 18:53:25.122833
ORDER_0008064,CUST_01380,5211.23,INR,2026-07-03 01:07:25.122833
ORDER_0008065,CUST_00617,395.59,INR,2026-06-05 12:31:15.122833
ORDER_0008066,CUST_00017,853.74,INR,2026-08-31 04:08:07.122833
ORDER_0008067,CUST_01537,7343.77,INR,2026-08-29 04:32:35.122833
ORDER_0008068,CUST_00779,368.32,INR,2026-07-09 04:59:46.122833
ORDER_0008069,CUST_00820,856.41,INR,2026-06-25 11:13:44.122833
ORDER_0008070,CUST_01514,34258.25,INR,2026-07-23 04:09:52.122833
ORDER_0008071,CUST_01577,5555.87,INR,2026-07-31 02:20:47.122833
ORDER_0008072,CUST_01683,5674.26,INR,2026-06-25 02:50:09.122833
ORDER_0008073,CUST_01730,608.36,INR,2026-07-24 22:51:49.122833
ORDER_0008074,CUST_00781,13435.37,INR,2026-08-28 21:33:30.122833
ORDER_0008075,CUST_00860,6489.14,INR,2026-06-27 21:10:07.122833
ORDER_0008076,CUST_01463,519.82,INR,2026-07-07 18:35:15.122833
ORDER_0008077,CUST_01392,23550.54,INR,2026-07-12 14:18:44.122833
ORDER_0008078,CUST_00011,32729.04,INR,2026-06-18 10:26:14.122833
ORDER_0008079,CUST_00556,3495.39,INR,2026-06-11 08:56:08.122833
ORDER_0008080,CUST_00468,3211.19,INR,2026-07-09 16:05:33.122833
ORDER_0008081,CUST_00938,59152.45,INR,2026-08-27 05:54:23.122833
ORDER_0008082,CUST_00716,57087.5,INR,2026-07-31 18:09:46.122833
ORDER_0008083,CUST_00885,11674.28,INR,2026-08-04 09:21:08.122833
ORDER_0008084,CUST_01634,51314.59,INR,2026-07-18 04:49:34.122833
ORDER_0008085,CUST_01486,61814.74,INR,2026-08-02 04:35:15.122833
ORDER_0008086,CUST_01956,8223.97,INR,2026-07-10 19:43:41.122833
ORDER_0008087,CUST_01369,5066.65,INR,2026-08-08 17:56:24.122833
ORDER_0008088,CUST_00233,794.41,INR,2026-06-11 12:43:05.122833
ORDER_0008089,CUST_00549,53414.88,INR,2026-07-11 18:01:03.122833
ORDER_0008090,CUST_00536,49567.71,INR,2026-07-12 12:26:32.122833
ORDER_0008091,CUST_00767,81597.78,INR,2026-07-10 16:33:22.122833
ORDER_0008092,CUST_00357,286.87,INR,2026-06-16 10:12:44.122833
ORDER_0008093,CUST_00347,37274.16,INR,2026-07-22 16:03:48.122833
ORDER_0008094,CUST_01774,1245.03,INR,2026-07-08 03:49:46.122833
ORDER_0008095,CUST_00246,828.24,INR,2026-08-17 02:36:42.122833
ORDER_0008096,CUST_00433,381.52,INR,2026-08-20 22:24:20.122833
ORDER_0008097,CUST_00594,331.04,INR,2026-06-15 09:50:40.122833
ORDER_0008098,CUST_01218,25334.84,INR,2026-08-04 21:58:59.122833
ORDER_0008099,CUST_01226,25897.0,INR,2026-08-01 09:08:59.122833
ORDER_0008100,CUST_00396,55691.12,INR,2026-06-03 11:41:23.122833
ORDER_0008101,CUST_00322,925.41,INR,2026-07-07 02:23:28.122833
ORDER_0008102,CUST_01428,12329.49,INR,2026-07-07 01:19:47.122833
ORDER_0008103,CUST_01892,459.45,INR,2026-06-06 07:43:17.122833
ORDER_0008104,CUST_01660,934.65,INR,2026-06-11 06:51:15.122833
ORDER_0008105,CUST_01852,807.07,INR,2026-06-29 01:03:54.122833
ORDER_0008106,CUST_00570,2105.48,INR,2026-07-04 08:27:22.122833
ORDER_0008107,CUST_01244,3402.02,INR,2026-07-13 16:23:13.122833
ORDER_0008108,CUST_00826,565.54,INR,2026-07-19 05:43:09.122833
ORDER_0008109,CUST_00410,95936.44,INR,2026-08-13 17:07:32.122833
ORDER_0008110,CUST_01941,8238.95,INR,2026-07-14 22:03:39.122833
ORDER_0008111,CUST_01675,944.78,INR,2026-06-11 16:39:10.122833
ORDER_0008112,CUST_00864,3308.48,INR,2026-07-09 07:38:53.122833
ORDER_0008113,CUST_00659,175.58,INR,2026-08-27 10:46:41.122833
ORDER_0008114,CUST_00354,8482.29,INR,2026-06-07 17:58:43.122833
ORDER_0008115,CUST_00812,758.22,INR,2026-07-24 12:09:14.122833
ORDER_0008116,CUST_01668,6726.84,INR,2026-08-27 18:57:34.122833
ORDER_0008117,CUST_01688,321.15,INR,2026-06-23 04:14:41.122833
ORDER_0008118,CUST_01901,9992.48,INR,2026-06-29 22:10:25.122833
ORDER_0008119,CUST_01053,486.54,INR,2026-06-23 23:53:27.122833
ORDER_0008120,CUST_00438,5874.79,INR,2026-07-16 18:30:04.122833
ORDER_0008121,CUST_01962,707.88,INR,2026-06-09 23:45:05.122833
ORDER_0008122,CUST_00854,77830.67,INR,2026-06-19 09:12:58.122833
ORDER_0008123,CUST_01490,5591.22,INR,2026-08-07 14:03:31.122833
ORDER_0008124,CUST_00507,29081.82,INR,2026-06-28 01:12:58.122833
ORDER_0008125,CUST_01602,4085.66,INR,2026-06-14 18:30:08.122833
ORDER_0008126,CUST_01026,87714.9,INR,2026-08-04 08:51:51.122833
ORDER_0008127,CUST_00845,102.1,INR,2026-08-17 12:57:17.122833
ORDER_0008128,CUST_01445,5561.05,INR,2026-08-18 19:03:24.122833
ORDER_0008129,CUST_01256,1656.86,INR,2026-08-16 19:21:24.122833
ORDER_0008130,CUST_01389,65659.4,INR,2026-08-26 00:18:51.122833
ORDER_0008131,CUST_00782,72892.25,INR,2026-08-27 11:51:28.122833
ORDER_0008132,CUST_01266,7028.89,INR,2026-08-06 19:21:09.122833
ORDER_0008133,CUST_01666,7919.58,INR,2026-06-10 04:18:14.122833
ORDER_0008134,CUST_00094,12077.53,INR,2026-08-04 04:34:55.122833
ORDER_0008135,CUST_01379,95211.44,INR,2026-07-06 11:04:36.122833
ORDER_0008136,CUST_01543,794.17,INR,2026-07-04 11:07:00.122833
ORDER_0008137,CUST_01843,20695.0,INR,2026-06-29 02:12:05.122833
ORDER_0008138,CUST_00451,3051.1,INR,2026-06-28 22:55:28.122833
ORDER_0008139,CUST_01903,59234.49,INR,2026-07-03 16:59:26.122833
ORDER_0008140,CUST_00749,328.76,INR,2026-08-17 07:01:37.122833
ORDER_0008141,CUST_01922,7787.71,INR,2026-08-31 09:27:40.122833
ORDER_0008142,CUST_00413,143.05,INR,2026-08-27 02:06:55.122833
ORDER_0008143,CUST_01504,866.77,INR,2026-06-25 21:21:32.122833
ORDER_0008144,CUST_01006,783.11,INR,2026-06-20 16:12:34.122833
ORDER_0008145,CUST_00485,771.41,INR,2026-08-28 08:37:06.122833
ORDER_0008146,CUST_00882,73809.75,INR,2026-07-06 05:03:01.122833
ORDER_0008147,CUST_00849,945.41,INR,2026-08-27 19:49:04.122833
ORDER_0008148,CUST_01090,6463.0,INR,2026-08-12 18:55:36.122833
ORDER_0008149,CUST_01158,931.7,INR,2026-07-30 07:10:49.122833
ORDER_0008150,CUST_01698,318.65,INR,2026-06-05 11:04:05.122833
ORDER_0008151,CUST_00983,97398.33,INR,2026-07-21 23:10:10.122833
ORDER_0008152,CUST_01733,418.14,INR,2026-08-17 20:02:32.122833
ORDER_0008153,CUST_00499,11361.32,INR,2026-07-05 14:52:06.122833
ORDER_0008154,CUST_01514,534.07,INR,2026-07-31 05:47:03.122833
ORDER_0008155,CUST_00144,501.13,INR,2026-07-27 01:15:01.122833
ORDER_0008156,CUST_00498,42522.92,INR,2026-07-29 17:41:59.122833
ORDER_0008157,CUST_00699,36316.94,INR,2026-08-08 18:26:11.122833
ORDER_0008158,CUST_01603,8493.2,INR,2026-08-25 23:31:47.122833
ORDER_0008159,CUST_00194,7023.83,INR,2026-08-03 18:26:32.122833
ORDER_0008160,CUST_01355,9063.62,INR,2026-06-12 05:59:51.122833
ORDER_0008161,CUST_01431,8265.1,INR,2026-07-23 03:00:03.122833
ORDER_0008162,CUST_01147,81520.23,INR,2026-08-26 03:12:25.122833
ORDER_0008163,CUST_01051,53707.34,INR,2026-08-29 14:06:09.122833
ORDER_0008164,CUST_01916,81383.47,INR,2026-08-30 01:38:22.122833
ORDER_0008165,CUST_00376,35877.66,INR,2026-06-04 14:59:40.122833
ORDER_0008166,CUST_00955,8432.94,INR,2026-07-19 04:52:12.122833
ORDER_0008167,CUST_01986,996.05,INR,2026-07-01 12:27:25.122833
ORDER_0008168,CUST_00637,3298.6,INR,2026-06-03 20:43:42.122833
ORDER_0008169,CUST_00590,3119.74,INR,2026-06-10 10:25:28.122833
ORDER_0008170,CUST_00123,918.03,INR,2026-06-14 07:49:54.122833
ORDER_0008171,CUST_01045,1521.32,INR,2026-07-20 00:10:47.122833
ORDER_0008172,CUST_00771,918.8,INR,2026-08-12 22:58:45.122833
ORDER_0008173,CUST_00765,455.31,INR,2026-08-28 07:41:15.122833
ORDER_0008174,CUST_00062,9809.19,INR,2026-07-12 21:38:18.122833
ORDER_0008175,CUST_00577,696.06,INR,2026-07-20 01:09:02.122833
ORDER_0008176,CUST_00903,2978.88,INR,2026-07-13 09:44:05.122833
ORDER_0008177,CUST_01150,73652.38,INR,2026-06-26 16:09:54.122833
ORDER_0008178,CUST_00659,195.76,INR,2026-06-03 17:00:47.122833
ORDER_0008179,CUST_00603,44763.06,INR,2026-08-25 15:48:30.122833
ORDER_0008180,CUST_00407,39747.69,INR,2026-06-07 03:18:07.122833
ORDER_0008181,CUST_01376,36568.55,INR,2026-07-09 19:15:00.122833
ORDER_0008182,CUST_01305,888.65,INR,2026-07-25 23:35:04.122833
ORDER_0008183,CUST_00227,23353.06,INR,2026-06-25 10:17:00.122833
ORDER_0008184,CUST_01680,5416.62,INR,2026-07-09 16:27:13.122833
ORDER_0008185,CUST_00074,853.1,INR,2026-06-06 07:13:47.122833
ORDER_0008186,CUST_01555,8116.55,INR,2026-08-04 02:44:59.122833
ORDER_0008187,CUST_01129,57552.71,INR,2026-06-18 13:43:29.122833
ORDER_0008188,CUST_00595,165.16,INR,2026-07-17 04:13:08.122833
ORDER_0008189,CUST_01663,6472.69,INR,2026-07-18 07:41:49.122833
ORDER_0008190,CUST_01414,658.59,INR,2026-08-12 03:02:03.122833
ORDER_0008191,CUST_01495,1855.28,INR,2026-08-16 02:31:36.122833
ORDER_0008192,CUST_00041,5184.56,INR,2026-08-13 11:09:10.122833
ORDER_0008193,CUST_00280,6668.15,INR,2026-07-16 06:36:59.122833
ORDER_0008194,CUST_00419,633.31,INR,2026-07-11 06:51:20.122833
ORDER_0008195,CUST_01818,38818.0,INR,2026-08-14 10:49:22.122833
ORDER_0008196,CUST_00304,54028.35,INR,2026-06-10 16:02:32.122833
ORDER_0008197,CUST_00738,62479.75,INR,2026-08-11 03:03:56.122833
ORDER_0008198,CUST_01059,8545.42,INR,2026-07-23 23:36:54.122833
ORDER_0008199,CUST_00131,354.12,INR,2026-06-23 16:30:21.122833
ORDER_0008200,CUST_01634,793.82,INR,2026-06-21 09:28:38.122833
ORDER_0008201,CUST_00545,33736.44,INR,2026-06-19 12:02:26.122833
ORDER_0008202,CUST_00293,123.44,INR,2026-06-17 13:00:43.122833
ORDER_0008203,CUST_01719,7923.28,INR,2026-07-15 23:11:00.122833
ORDER_0008204,CUST_01222,8311.95,INR,2026-08-19 18:01:08.122833
ORDER_0008205,CUST_01131,361.55,INR,2026-07-23 23:01:56.122833
ORDER_0008206,CUST_00926,225.55,INR,2026-08-21 05:33:27.122833
ORDER_0008207,CUST_01389,2820.9,INR,2026-07-21 19:39:38.122833
ORDER_0008208,CUST_00237,5272.3,INR,2026-06-24 10:56:38.122833
ORDER_0008209,CUST_00108,716.64,INR,2026-08-17 14:21:00.122833
ORDER_0008210,CUST_01270,59805.08,INR,2026-08-03 12:23:48.122833
ORDER_0008211,CUST_01677,9001.24,INR,2026-08-27 02:10:41.122833
ORDER_0008212,CUST_01658,79459.54,INR,2026-06-04 14:35:40.122833
ORDER_0008213,CUST_00520,7318.79,INR,2026-07-03 12:39:43.122833
ORDER_0008214,CUST_01546,713.28,INR,2026-06-11 14:30:05.122833
ORDER_0008215,CUST_01849,73213.11,INR,2026-06-12 20:40:13.122833
ORDER_0008216,CUST_01342,18527.72,INR,2026-08-26 06:27:04.122833
ORDER_0008217,CUST_00112,508.49,INR,2026-08-30 05:28:51.122833
ORDER_0008218,CUST_00676,1767.23,INR,2026-07-19 14:09:10.122833
ORDER_0008219,CUST_00462,281.78,INR,2026-07-16 11:36:04.122833
ORDER_0008220,CUST_00740,58071.84,INR,2026-08-04 04:48:26.122833
ORDER_0008221,CUST_01873,4772.66,INR,2026-06-12 09:21:42.122833
ORDER_0008222,CUST_00700,41492.61,INR,2026-08-23 03:29:44.122833
ORDER_0008223,CUST_00192,40211.5,INR,2026-07-17 21:39:11.122833
ORDER_0008224,CUST_01506,2671.59,INR,2026-07-15 17:33:38.122833
ORDER_0008225,CUST_01963,85113.83,INR,2026-08-09 01:13:04.122833
ORDER_0008226,CUST_00406,77805.57,INR,2026-08-22 03:32:13.122833
ORDER_0008227,CUST_00007,1795.94,INR,2026-06-05 21:36:21.122833
ORDER_0008228,CUST_00598,302.1,INR,2026-08-05 08:19:25.122833
ORDER_0008229,CUST_00922,18986.39,INR,2026-08-11 22:33:59.122833
ORDER_0008230,CUST_00126,115.27,INR,2026-08-07 12:16:55.122833
ORDER_0008231,CUST_00455,16900.86,INR,2026-08-16 03:04:52.122833
ORDER_0008232,CUST_00450,44198.12,INR,2026-08-02 21:05:52.122833
ORDER_0008233,CUST_01574,2267.5,INR,2026-07-19 22:42:15.122833
ORDER_0008234,CUST_00253,2358.53,INR,2026-06-09 21:49:50.122833
ORDER_0008235,CUST_00403,96805.1,INR,2026-08-10 01:28:34.122833
ORDER_0008236,CUST_00605,410.11,INR,2026-08-19 16:38:23.122833
ORDER_0008237,CUST_01179,800.0,INR,2026-08-31 07:36:07.122833
ORDER_0008238,CUST_01654,781.09,INR,2026-07-14 18:36:37.122833
ORDER_0008239,CUST_00779,7615.99,INR,2026-08-11 11:14:46.122833
ORDER_0008240,CUST_01559,726.03,INR,2026-06-05 04:36:30.122833
ORDER_0008241,CUST_01073,973.34,INR,2026-08-03 15:07:11.122833
ORDER_0008242,CUST_01390,28003.13,INR,2026-06-22 11:39:34.122833
ORDER_0008243,CUST_00428,57470.38,INR,2026-07-23 07:24:54.122833
ORDER_0008244,CUST_00131,548.9,INR,2026-06-30 05:00:19.122833
ORDER_0008245,CUST_01281,538.52,INR,2026-08-09 22:24:43.122833
ORDER_0008246,CUST_01649,18490.45,INR,2026-07-20 05:56:54.122833
ORDER_0008247,CUST_01030,3172.72,INR,2026-07-21 02:55:39.122833
ORDER_0008248,CUST_00090,6424.35,INR,2026-07-23 21:19:02.122833
ORDER_0008249,CUST_01959,53471.68,INR,2026-08-11 10:17:57.122833
ORDER_0008250,CUST_00328,954.88,INR,2026-07-13 10:29:29.122833
ORDER_0008251,CUST_00801,63030.9,INR,2026-07-02 21:46:18.122833
ORDER_0008252,CUST_01802,413.6,INR,2026-07-15 03:09:38.122833
ORDER_0008253,CUST_00564,529.1,INR,2026-07-05 09:04:26.122833
ORDER_0008254,CUST_01213,79169.3,INR,2026-08-30 02:23:51.122833
ORDER_0008255,CUST_01740,518.47,INR,2026-06-27 11:08:00.122833
ORDER_0008256,CUST_01749,97725.67,INR,2026-06-27 02:17:20.122833
ORDER_0008257,CUST_01844,48279.3,INR,2026-06-20 06:41:59.122833
ORDER_0008258,CUST_00971,46084.19,INR,2026-07-11 13:01:44.122833
ORDER_0008259,CUST_01376,3979.65,INR,2026-07-30 03:29:54.122833
ORDER_0008260,CUST_00938,260.18,INR,2026-06-26 15:10:02.122833
ORDER_0008261,CUST_00237,6913.45,INR,2026-07-04 09:58:13.122833
ORDER_0008262,CUST_01623,5088.5,INR,2026-06-03 06:55:15.122833
ORDER_0008263,CUST_01706,4190.02,INR,2026-08-07 21:45:15.122833
ORDER_0008264,CUST_00260,5738.91,INR,2026-07-13 07:53:12.122833
ORDER_0008265,CUST_00407,381.16,INR,2026-07-25 13:45:39.122833
ORDER_0008266,CUST_01252,699.84,INR,2026-07-20 16:44:04.122833
ORDER_0008267,CUST_01380,3113.86,INR,2026-07-25 02:11:23.122833
ORDER_0008268,CUST_01797,9255.79,INR,2026-07-07 18:36:11.122833
ORDER_0008269,CUST_01523,82312.65,INR,2026-07-24 17:05:06.122833
ORDER_0008270,CUST_01633,8853.86,INR,2026-08-19 22:38:16.122833
ORDER_0008271,CUST_01147,1970.95,INR,2026-07-02 19:59:12.122833
ORDER_0008272,CUST_01956,18883.58,INR,2026-08-15 22:25:11.122833
ORDER_0008273,CUST_01358,1982.92,INR,2026-08-06 23:55:35.122833
ORDER_0008274,CUST_01103,61135.52,INR,2026-08-07 16:04:34.122833
ORDER_0008275,CUST_01209,84548.28,INR,2026-08-21 03:36:30.122833
ORDER_0008276,CUST_00633,9465.89,INR,2026-06-29 22:50:42.122833
ORDER_0008277,CUST_00518,604.05,INR,2026-06-15 16:09:55.122833
ORDER_0008278,CUST_00661,1661.37,INR,2026-08-09 07:12:32.122833
ORDER_0008279,CUST_01723,3895.21,INR,2026-06-21 11:53:53.122833
ORDER_0008280,CUST_00939,844.82,INR,2026-08-07 17:33:21.122833
ORDER_0008281,CUST_01528,3442.7,INR,2026-06-03 23:00:30.122833
ORDER_0008282,CUST_01292,27306.92,INR,2026-07-30 09:03:04.122833
ORDER_0008283,CUST_00389,2499.17,INR,2026-06-27 23:31:42.122833
ORDER_0008284,CUST_00888,6445.2,INR,2026-07-26 13:35:07.122833
ORDER_0008285,CUST_00373,773.96,INR,2026-07-17 16:55:22.122833
ORDER_0008286,CUST_00046,83928.45,INR,2026-07-03 13:39:19.122833
ORDER_0008287,CUST_01073,599.59,INR,2026-06-25 16:57:04.122833
ORDER_0008288,CUST_01844,4463.5,INR,2026-06-06 20:18:18.122833
ORDER_0008289,CUST_00884,42855.02,INR,2026-06-05 02:18:26.122833
ORDER_0008290,CUST_00580,57311.26,INR,2026-07-22 06:08:50.122833
ORDER_0008291,CUST_00034,7291.03,INR,2026-06-21 13:01:14.122833
ORDER_0008292,CUST_01703,97486.81,INR,2026-08-13 01:44:59.122833
ORDER_0008293,CUST_00959,75210.36,INR,2026-06-17 14:34:17.122833
ORDER_0008294,CUST_00101,7801.83,INR,2026-06-09 10:41:22.122833
ORDER_0008295,CUST_00520,8728.34,INR,2026-07-28 01:07:54.122833
ORDER_0008296,CUST_01364,28456.16,INR,2026-07-29 21:54:14.122833
ORDER_0008297,CUST_01006,520.64,INR,2026-07-08 03:51:14.122833
ORDER_0008298,CUST_01999,342.2,INR,2026-07-28 18:13:07.122833
ORDER_0008299,CUST_00745,10234.76,INR,2026-08-28 11:19:34.122833
ORDER_0008300,CUST_01545,214.2,INR,2026-08-22 08:38:50.122833
ORDER_0008301,CUST_01853,839.3,INR,2026-08-05 21:24:43.122833
ORDER_0008302,CUST_01406,602.75,INR,2026-07-02 08:12:54.122833
ORDER_0008303,CUST_01685,45139.85,INR,2026-07-29 03:58:53.122833
ORDER_0008304,CUST_01638,58654.77,INR,2026-08-05 04:38:44.122833
ORDER_0008305,CUST_00049,342.4,INR,2026-07-31 18:18:41.122833
ORDER_0008306,CUST_00386,226.72,INR,2026-07-07 11:57:33.122833
ORDER_0008307,CUST_01934,426.92,INR,2026-08-28 05:24:25.122833
ORDER_0008308,CUST_01099,563.91,INR,2026-08-04 11:28:25.122833
ORDER_0008309,CUST_01894,564.08,INR,2026-08-05 22:21:45.122833
ORDER_0008310,CUST_01080,96402.27,INR,2026-07-20 00:04:08.122833
ORDER_0008311,CUST_01151,67262.07,INR,2026-07-12 08:17:30.122833
ORDER_0008312,CUST_00229,177.66,INR,2026-08-18 06:01:02.122833
ORDER_0008313,CUST_00544,8724.53,INR,2026-06-08 20:37:26.122833
ORDER_0008314,CUST_00354,485.74,INR,2026-08-04 21:49:39.122833
ORDER_0008315,CUST_01514,80267.4,INR,2026-08-01 07:44:31.122833
ORDER_0008316,CUST_01646,7207.51,INR,2026-08-31 03:06:05.122833
ORDER_0008317,CUST_00015,60618.19,INR,2026-06-14 08:17:28.122833
ORDER_0008318,CUST_01229,35160.64,INR,2026-07-01 19:23:58.122833
ORDER_0008319,CUST_00192,582.43,INR,2026-08-23 07:35:30.122833
ORDER_0008320,CUST_01075,47879.94,INR,2026-08-30 01:53:04.122833
ORDER_0008321,CUST_01952,41193.52,INR,2026-08-23 04:23:05.122833
ORDER_0008322,CUST_01888,119.91,INR,2026-08-22 00:17:15.122833
ORDER_0008323,CUST_01539,6739.61,INR,2026-08-19 11:32:48.122833
ORDER_0008324,CUST_00282,118.6,INR,2026-08-15 15:34:11.122833
ORDER_0008325,CUST_01009,50172.71,INR,2026-06-16 20:34:18.122833
ORDER_0008326,CUST_00918,39715.83,INR,2026-08-15 07:51:40.122833
ORDER_0008327,CUST_01267,55019.64,INR,2026-08-08 08:31:17.122833
ORDER_0008328,CUST_01414,592.52,INR,2026-06-02 17:42:40.122833
ORDER_0008329,CUST_00055,193.55,INR,2026-08-17 08:49:19.122833
ORDER_0008330,CUST_00956,289.96,INR,2026-07-01 02:01:47.122833
ORDER_0008331,CUST_01789,9831.02,INR,2026-08-07 11:06:50.122833
ORDER_0008332,CUST_00958,133.45,INR,2026-07-28 03:34:36.122833
ORDER_0008333,CUST_01450,723.36,INR,2026-07-02 12:40:29.122833
ORDER_0008334,CUST_01249,8029.91,INR,2026-08-20 03:02:56.122833
ORDER_0008335,CUST_00521,7201.86,INR,2026-07-24 07:32:53.122833
ORDER_0008336,CUST_00971,531.28,INR,2026-08-08 05:19:11.122833
ORDER_0008337,CUST_00502,21882.81,INR,2026-07-31 03:57:57.122833
ORDER_0008338,CUST_00280,87278.91,INR,2026-06-08 02:41:12.122833
ORDER_0008339,CUST_00043,7217.14,INR,2026-08-03 19:52:21.122833
ORDER_0008340,CUST_01890,70736.09,INR,2026-06-03 23:49:24.122833
ORDER_0008341,CUST_00059,22115.32,INR,2026-06-17 13:10:06.122833
ORDER_0008342,CUST_01201,80288.7,INR,2026-07-18 21:13:57.122833
ORDER_0008343,CUST_01893,5110.19,INR,2026-07-26 12:13:43.122833
ORDER_0008344,CUST_00243,7758.16,INR,2026-07-09 07:30:34.122833
ORDER_0008345,CUST_01959,5043.92,INR,2026-06-16 01:45:03.122833
ORDER_0008346,CUST_00045,4722.59,INR,2026-08-26 17:27:36.122833
ORDER_0008347,CUST_00937,1220.23,INR,2026-06-28 13:23:22.122833
ORDER_0008348,CUST_00443,57262.89,INR,2026-07-11 12:25:39.122833
ORDER_0008349,CUST_00766,378.89,INR,2026-06-06 23:08:02.122833
ORDER_0008350,CUST_00629,2581.77,INR,2026-08-03 20:10:34.122833
ORDER_0008351,CUST_00425,8636.59,INR,2026-08-01 23:02:25.122833
ORDER_0008352,CUST_01916,33895.48,INR,2026-07-21 23:46:36.122833
ORDER_0008353,CUST_01461,357.54,INR,2026-08-08 12:51:44.122833
ORDER_0008354,CUST_00191,39604.67,INR,2026-07-10 00:57:49.122833
ORDER_0008355,CUST_00800,13633.47,INR,2026-08-29 21:41:00.122833
ORDER_0008356,CUST_01339,401.38,INR,2026-07-29 22:25:05.122833
ORDER_0008357,CUST_01326,2085.63,INR,2026-08-24 15:50:10.122833
ORDER_0008358,CUST_00070,41343.03,INR,2026-06-29 17:26:05.122833
ORDER_0008359,CUST_00044,94528.65,INR,2026-06-21 03:18:59.122833
ORDER_0008360,CUST_00407,321.54,INR,2026-08-01 09:44:44.122833
ORDER_0008361,CUST_00828,5142.38,INR,2026-08-11 09:17:29.122833
ORDER_0008362,CUST_01406,87467.83,INR,2026-08-08 22:26:18.122833
ORDER_0008363,CUST_00194,439.69,INR,2026-07-09 09:32:32.122833
ORDER_0008364,CUST_00029,146.44,INR,2026-08-25 16:27:00.122833
ORDER_0008365,CUST_01994,633.81,INR,2026-06-27 16:13:57.122833
ORDER_0008366,CUST_01059,4740.63,INR,2026-06-27 03:38:57.122833
ORDER_0008367,CUST_01069,2849.45,INR,2026-07-10 12:08:44.122833
ORDER_0008368,CUST_00168,62407.27,INR,2026-07-21 16:36:01.122833
ORDER_0008369,CUST_00668,76357.79,INR,2026-08-31 03:59:05.122833
ORDER_0008370,CUST_00831,5324.63,INR,2026-08-12 04:48:15.122833
ORDER_0008371,CUST_01612,384.75,INR,2026-06-10 11:47:40.122833
ORDER_0008372,CUST_01136,38626.05,INR,2026-06-09 03:17:15.122833
ORDER_0008373,CUST_01016,914.67,INR,2026-08-03 18:07:26.122833
ORDER_0008374,CUST_00346,809.31,INR,2026-06-15 14:59:27.122833
ORDER_0008375,CUST_00132,1178.54,INR,2026-07-01 15:31:55.122833
ORDER_0008376,CUST_01899,99548.48,INR,2026-08-14 15:48:59.122833
ORDER_0008377,CUST_00855,65905.41,INR,2026-08-15 15:09:34.122833
ORDER_0008378,CUST_01105,4976.43,INR,2026-07-27 11:33:39.122833
ORDER_0008379,CUST_01906,25351.3,INR,2026-06-11 09:10:09.122833
ORDER_0008380,CUST_01953,304.43,INR,2026-06-13 04:48:32.122833
ORDER_0008381,CUST_01591,31759.25,INR,2026-08-30 19:12:18.122833
ORDER_0008382,CUST_01446,31234.83,INR,2026-06-28 00:04:47.122833
ORDER_0008383,CUST_01713,7451.23,INR,2026-08-08 21:15:24.122833
ORDER_0008384,CUST_00473,9681.59,INR,2026-07-03 14:16:55.122833
ORDER_0008385,CUST_01853,1698.05,INR,2026-06-19 23:47:22.122833
ORDER_0008386,CUST_01174,5187.07,INR,2026-06-12 13:38:09.122833
ORDER_0008387,CUST_01278,3546.94,INR,2026-06-22 03:06:20.122833
ORDER_0008388,CUST_00125,220.42,INR,2026-07-17 17:07:43.122833
ORDER_0008389,CUST_00186,12996.73,INR,2026-08-13 19:06:07.122833
ORDER_0008390,CUST_00643,10259.07,INR,2026-08-24 10:22:19.122833
ORDER_0008391,CUST_01421,536.14,INR,2026-06-22 18:10:20.122833
ORDER_0008392,CUST_00857,26331.21,INR,2026-07-09 01:01:13.122833
ORDER_0008393,CUST_00516,2872.54,INR,2026-06-29 13:31:38.122833
ORDER_0008394,CUST_01972,26130.54,INR,2026-08-06 01:31:34.122833
ORDER_0008395,CUST_00905,948.35,INR,2026-06-11 18:53:13.122833
ORDER_0008396,CUST_01352,17932.78,INR,2026-08-03 17:16:26.122833
ORDER_0008397,CUST_00815,960.92,INR,2026-07-18 16:50:23.122833
ORDER_0008398,CUST_01195,44319.41,INR,2026-07-08 02:52:14.122833
ORDER_0008399,CUST_00373,7571.99,INR,2026-07-24 15:17:54.122833
ORDER_0008400,CUST_00600,427.3,INR,2026-08-21 09:38:19.122833
ORDER_0008401,CUST_00175,3212.34,INR,2026-06-17 12:39:48.122833
ORDER_0008402,CUST_00559,90242.4,INR,2026-07-07 13:40:40.122833
ORDER_0008403,CUST_01141,9069.27,INR,2026-08-28 11:33:44.122833
ORDER_0008404,CUST_00075,169.17,INR,2026-06-03 00:18:34.122833
ORDER_0008405,CUST_00860,339.71,INR,2026-07-18 13:09:56.122833
ORDER_0008406,CUST_00701,427.41,INR,2026-07-21 18:47:03.122833
ORDER_0008407,CUST_01721,47694.7,INR,2026-06-24 11:44:15.122833
ORDER_0008408,CUST_01502,297.04,INR,2026-07-22 00:41:51.122833
ORDER_0008409,CUST_00312,433.57,INR,2026-07-26 15:12:22.122833
ORDER_0008410,CUST_00757,2889.06,INR,2026-07-01 10:37:48.122833
ORDER_0008411,CUST_01484,576.89,INR,2026-08-26 11:28:06.122833
ORDER_0008412,CUST_00927,410.71,INR,2026-08-21 18:11:13.122833
ORDER_0008413,CUST_01652,2821.95,INR,2026-08-02 03:48:09.122833
ORDER_0008414,CUST_00035,9725.07,INR,2026-06-02 16:37:22.122833
ORDER_0008415,CUST_01521,3600.46,INR,2026-08-27 11:21:02.122833
ORDER_0008416,CUST_01266,1236.04,INR,2026-06-04 02:31:38.122833
ORDER_0008417,CUST_01514,7114.67,INR,2026-07-22 16:19:13.122833
ORDER_0008418,CUST_01974,635.73,INR,2026-08-04 06:32:55.122833
ORDER_0008419,CUST_01525,45721.42,INR,2026-07-20 20:04:44.122833
ORDER_0008420,CUST_00074,878.81,INR,2026-06-22 04:57:19.122833
ORDER_0008421,CUST_01184,252.32,INR,2026-06-08 13:06:26.122833
ORDER_0008422,CUST_01224,459.37,INR,2026-08-21 20:31:10.122833
ORDER_0008423,CUST_01746,486.63,INR,2026-08-13 08:19:55.122833
ORDER_0008424,CUST_00182,31796.18,INR,2026-06-10 05:21:44.122833
ORDER_0008425,CUST_01437,8172.73,INR,2026-08-11 09:09:05.122833
ORDER_0008426,CUST_00576,85270.41,INR,2026-07-11 05:31:43.122833
ORDER_0008427,CUST_01719,29466.81,INR,2026-07-12 12:25:52.122833
ORDER_0008428,CUST_00118,9245.62,INR,2026-06-02 18:58:32.122833
ORDER_0008429,CUST_00881,2184.41,INR,2026-07-01 12:37:49.122833
ORDER_0008430,CUST_00280,222.73,INR,2026-06-30 11:41:28.122833
ORDER_0008431,CUST_00840,72221.19,INR,2026-06-08 00:12:54.122833
ORDER_0008432,CUST_00670,21647.15,INR,2026-07-31 04:51:42.122833
ORDER_0008433,CUST_00774,24500.42,INR,2026-06-25 11:48:25.122833
ORDER_0008434,CUST_01503,85255.75,INR,2026-06-11 21:47:15.122833
ORDER_0008435,CUST_00452,742.73,INR,2026-07-31 06:10:25.122833
ORDER_0008436,CUST_00933,4425.69,INR,2026-07-12 11:42:05.122833
ORDER_0008437,CUST_00059,76286.3,INR,2026-06-29 06:41:12.122833
ORDER_0008438,CUST_00052,467.11,INR,2026-08-28 22:36:47.122833
ORDER_0008439,CUST_01781,90842.09,INR,2026-08-25 21:25:06.122833
ORDER_0008440,CUST_00036,6220.19,INR,2026-06-09 07:24:49.122833
ORDER_0008441,CUST_01542,27029.73,INR,2026-07-17 17:44:39.122833
ORDER_0008442,CUST_01133,135.77,INR,2026-07-09 04:10:50.122833
ORDER_0008443,CUST_01851,149.27,INR,2026-08-11 15:09:51.122833
ORDER_0008444,CUST_01016,972.65,INR,2026-07-13 12:17:25.122833
ORDER_0008445,CUST_01786,161.97,INR,2026-07-14 06:45:24.122833
ORDER_0008446,CUST_00160,38912.6,INR,2026-08-06 12:06:28.122833
ORDER_0008447,CUST_01144,5236.24,INR,2026-06-21 13:52:18.122833
ORDER_0008448,CUST_00168,589.5,INR,2026-07-21 09:09:31.122833
ORDER_0008449,CUST_01319,240.58,INR,2026-06-18 16:35:57.122833
ORDER_0008450,CUST_01819,267.47,INR,2026-06-21 16:55:35.122833
ORDER_0008451,CUST_00849,8077.31,INR,2026-06-19 17:52:35.122833
ORDER_0008452,CUST_00587,749.68,INR,2026-07-09 22:58:17.122833
ORDER_0008453,CUST_01587,79426.98,INR,2026-06-30 21:04:08.122833
ORDER_0008454,CUST_01356,13813.02,INR,2026-08-08 08:12:50.122833
ORDER_0008455,CUST_01903,3501.1,INR,2026-07-05 10:52:46.122833
ORDER_0008456,CUST_01815,2669.72,INR,2026-08-20 08:04:02.122833
ORDER_0008457,CUST_00548,12365.45,INR,2026-08-21 14:45:36.122833
ORDER_0008458,CUST_01531,73560.9,INR,2026-08-04 03:15:27.122833
ORDER_0008459,CUST_01783,91798.98,INR,2026-08-01 04:10:27.122833
ORDER_0008460,CUST_01133,2769.54,INR,2026-06-13 13:31:36.122833
ORDER_0008461,CUST_01273,40780.54,INR,2026-08-27 12:11:19.122833
ORDER_0008462,CUST_00637,3108.61,INR,2026-07-21 23:10:21.122833
ORDER_0008463,CUST_00808,679.54,INR,2026-08-12 14:34:07.122833
ORDER_0008464,CUST_01184,915.08,INR,2026-08-15 14:59:21.122833
ORDER_0008465,CUST_01148,34117.05,INR,2026-07-19 10:00:52.122833
ORDER_0008466,CUST_01982,425.27,INR,2026-07-06 03:07:13.122833
ORDER_0008467,CUST_01324,30249.55,INR,2026-08-09 09:09:18.122833
ORDER_0008468,CUST_01439,53384.85,INR,2026-07-13 12:13:47.122833
ORDER_0008469,CUST_01881,1630.35,INR,2026-07-21 10:20:08.122833
ORDER_0008470,CUST_00920,4544.34,INR,2026-08-11 09:58:43.122833
ORDER_0008471,CUST_00826,667.1,INR,2026-06-28 16:53:38.122833
ORDER_0008472,CUST_01266,7659.52,INR,2026-08-26 00:18:15.122833
ORDER_0008473,CUST_01004,79399.67,INR,2026-06-15 20:08:59.122833
ORDER_0008474,CUST_00915,85999.82,INR,2026-06-02 15:56:21.122833
ORDER_0008475,CUST_01691,21716.88,INR,2026-07-08 10:09:24.122833
ORDER_0008476,CUST_00098,73611.13,INR,2026-06-12 15:04:45.122833
ORDER_0008477,CUST_01775,7713.96,INR,2026-07-07 01:46:35.122833
ORDER_0008478,CUST_00033,764.98,INR,2026-06-16 11:11:37.122833
ORDER_0008479,CUST_01419,47879.28,INR,2026-07-21 20:41:35.122833
ORDER_0008480,CUST_01479,6826.27,INR,2026-06-07 09:22:06.122833
ORDER_0008481,CUST_01592,765.07,INR,2026-06-26 17:04:27.122833
ORDER_0008482,CUST_00744,8393.45,INR,2026-08-23 09:16:30.122833
ORDER_0008483,CUST_01555,789.11,INR,2026-06-04 21:02:07.122833
ORDER_0008484,CUST_00713,487.16,INR,2026-06-16 05:07:47.122833
ORDER_0008485,CUST_01129,980.49,INR,2026-07-01 13:37:14.122833
ORDER_0008486,CUST_01355,881.63,INR,2026-07-19 01:14:49.122833
ORDER_0008487,CUST_01020,2344.21,INR,2026-06-21 01:14:47.122833
ORDER_0008488,CUST_01466,15846.27,INR,2026-08-23 11:25:26.122833
ORDER_0008489,CUST_00076,942.29,INR,2026-08-01 16:57:47.122833
ORDER_0008490,CUST_00942,922.32,INR,2026-08-14 04:01:35.122833
ORDER_0008491,CUST_00006,42710.59,INR,2026-08-25 02:05:58.122833
ORDER_0008492,CUST_00645,3480.72,INR,2026-07-25 21:40:56.122833
ORDER_0008493,CUST_00915,68547.31,INR,2026-07-09 14:56:30.122833
ORDER_0008494,CUST_00923,361.42,INR,2026-06-06 04:36:47.122833
ORDER_0008495,CUST_00024,12692.02,INR,2026-06-10 07:13:13.122833
ORDER_0008496,CUST_01684,761.09,INR,2026-06-15 17:25:11.122833
ORDER_0008497,CUST_01715,364.89,INR,2026-07-08 16:59:59.122833
ORDER_0008498,CUST_00914,452.56,INR,2026-06-13 12:26:23.122833
ORDER_0008499,CUST_00588,74481.2,INR,2026-06-04 12:22:45.122833
ORDER_0008500,CUST_00043,122.97,INR,2026-08-05 11:22:07.122833
ORDER_0008501,CUST_01363,49538.91,INR,2026-06-21 06:33:18.122833
ORDER_0008502,CUST_01638,82504.22,INR,2026-06-19 09:27:23.122833
ORDER_0008503,CUST_01510,999.27,INR,2026-08-10 19:38:17.122833
ORDER_0008504,CUST_00517,961.86,INR,2026-06-15 05:30:01.122833
ORDER_0008505,CUST_00949,5125.78,INR,2026-08-08 02:39:55.122833
ORDER_0008506,CUST_00764,1675.36,INR,2026-08-17 21:31:08.122833
ORDER_0008507,CUST_00739,75514.6,INR,2026-07-16 20:14:40.122833
ORDER_0008508,CUST_00026,1350.07,INR,2026-07-15 18:59:31.122833
ORDER_0008509,CUST_01761,970.0,INR,2026-06-28 07:34:38.122833
ORDER_0008510,CUST_00157,4110.07,INR,2026-06-04 15:20:37.122833
ORDER_0008511,CUST_01669,2083.96,INR,2026-07-18 15:09:55.122833
ORDER_0008512,CUST_00939,146.58,INR,2026-07-25 00:23:00.122833
ORDER_0008513,CUST_00425,449.45,INR,2026-06-10 07:05:00.122833
ORDER_0008514,CUST_00464,4909.83,INR,2026-08-23 17:50:57.122833
ORDER_0008515,CUST_00610,186.59,INR,2026-06-28 03:46:09.122833
ORDER_0008516,CUST_01114,4535.98,INR,2026-07-04 05:06:22.122833
ORDER_0008517,CUST_00426,3292.8,INR,2026-06-20 17:34:54.122833
ORDER_0008518,CUST_01202,20933.77,INR,2026-06-06 02:19:42.122833
ORDER_0008519,CUST_01213,547.1,INR,2026-06-03 06:26:03.122833
ORDER_0008520,CUST_00416,12865.71,INR,2026-07-02 07:49:16.122833
ORDER_0008521,CUST_00284,388.79,INR,2026-07-25 21:08:47.122833
ORDER_0008522,CUST_01376,13103.41,INR,2026-07-14 04:52:27.122833
ORDER_0008523,CUST_00489,706.83,INR,2026-08-20 11:46:52.122833
ORDER_0008524,CUST_00961,70493.76,INR,2026-08-12 23:55:54.122833
ORDER_0008525,CUST_01890,80392.57,INR,2026-06-12 03:37:25.122833
ORDER_0008526,CUST_00605,949.53,INR,2026-06-05 02:20:38.122833
ORDER_0008527,CUST_00352,830.2,INR,2026-08-22 15:12:39.122833
ORDER_0008528,CUST_01218,746.96,INR,2026-08-18 10:18:35.122833
ORDER_0008529,CUST_00462,86077.51,INR,2026-06-20 12:49:14.122833
ORDER_0008530,CUST_00656,90876.68,INR,2026-06-10 01:29:39.122833
ORDER_0008531,CUST_00846,91346.85,INR,2026-06-17 03:56:37.122833
ORDER_0008532,CUST_00267,27254.63,INR,2026-07-04 17:07:45.122833
ORDER_0008533,CUST_00121,48373.55,INR,2026-06-19 11:08:30.122833
ORDER_0008534,CUST_00877,73884.89,INR,2026-07-30 09:19:19.122833
ORDER_0008535,CUST_01000,90481.19,INR,2026-06-08 16:07:16.122833
ORDER_0008536,CUST_01964,890.85,INR,2026-07-27 12:08:11.122833
ORDER_0008537,CUST_00692,676.49,INR,2026-08-21 03:13:25.122833
ORDER_0008538,CUST_01077,1173.07,INR,2026-07-20 22:03:30.122833
ORDER_0008539,CUST_01939,3102.22,INR,2026-07-21 21:09:20.122833
ORDER_0008540,CUST_01263,159.98,INR,2026-06-27 00:16:18.122833
ORDER_0008541,CUST_01272,81314.3,INR,2026-07-07 09:45:17.122833
ORDER_0008542,CUST_00619,174.92,INR,2026-08-13 16:16:35.122833
ORDER_0008543,CUST_00777,785.78,INR,2026-06-07 21:58:13.122833
ORDER_0008544,CUST_00668,7046.5,INR,2026-06-10 17:51:29.122833
ORDER_0008545,CUST_00626,845.77,INR,2026-07-15 22:07:29.122833
ORDER_0008546,CUST_01286,9253.45,INR,2026-08-12 19:32:22.122833
ORDER_0008547,CUST_00036,2263.81,INR,2026-06-08 05:23:17.122833
ORDER_0008548,CUST_01158,87712.05,INR,2026-07-13 16:39:18.122833
ORDER_0008549,CUST_00953,798.3,INR,2026-07-26 10:51:19.122833
ORDER_0008550,CUST_01113,66230.64,INR,2026-07-27 17:52:07.122833
ORDER_0008551,CUST_01344,6896.81,INR,2026-07-10 13:38:52.122833
ORDER_0008552,CUST_00586,47079.0,INR,2026-07-13 03:01:26.122833
ORDER_0008553,CUST_00204,29668.96,INR,2026-07-30 10:02:38.122833
ORDER_0008554,CUST_00466,45201.55,INR,2026-07-11 20:41:28.122833
ORDER_0008555,CUST_00239,10772.86,INR,2026-07-05 15:28:51.122833
ORDER_0008556,CUST_01214,418.8,INR,2026-07-05 14:03:38.122833
ORDER_0008557,CUST_00692,64757.51,INR,2026-06-23 18:36:18.122833
ORDER_0008558,CUST_01019,138.75,INR,2026-08-08 18:28:17.122833
ORDER_0008559,CUST_00895,7854.7,INR,2026-07-08 14:19:16.122833
ORDER_0008560,CUST_00904,902.03,INR,2026-07-29 09:36:13.122833
ORDER_0008561,CUST_01364,616.52,INR,2026-06-27 23:07:10.122833
ORDER_0008562,CUST_00635,290.06,INR,2026-08-09 11:32:24.122833
ORDER_0008563,CUST_01084,95727.51,INR,2026-06-06 16:57:05.122833
ORDER_0008564,CUST_01381,20588.57,INR,2026-07-21 14:31:30.122833
ORDER_0008565,CUST_00410,37944.57,INR,2026-06-23 00:51:07.122833
ORDER_0008566,CUST_01915,471.75,INR,2026-06-15 14:26:57.122833
ORDER_0008567,CUST_01085,49820.28,INR,2026-08-22 12:36:57.122833
ORDER_0008568,CUST_00793,1842.18,INR,2026-07-14 21:02:41.122833
ORDER_0008569,CUST_00377,97214.01,INR,2026-08-18 07:41:25.122833
ORDER_0008570,CUST_00399,54433.6,INR,2026-08-26 03:28:20.122833
ORDER_0008571,CUST_00494,8870.42,INR,2026-07-07 00:12:48.122833
ORDER_0008572,CUST_00776,680.16,INR,2026-08-01 20:55:15.122833
ORDER_0008573,CUST_00569,32301.08,INR,2026-07-10 19:39:53.122833
ORDER_0008574,CUST_01369,132.2,INR,2026-07-13 19:31:21.122833
ORDER_0008575,CUST_00796,5996.94,INR,2026-08-27 06:42:50.122833
ORDER_0008576,CUST_00155,9563.65,INR,2026-06-09 21:09:09.122833
ORDER_0008577,CUST_00693,3235.0,INR,2026-06-30 05:11:31.122833
ORDER_0008578,CUST_00862,54682.2,INR,2026-06-12 18:13:31.122833
ORDER_0008579,CUST_00988,14028.84,INR,2026-06-05 02:24:47.122833
ORDER_0008580,CUST_01672,286.74,INR,2026-06-02 21:29:35.122833
ORDER_0008581,CUST_01513,87889.33,INR,2026-06-17 09:04:35.122833
ORDER_0008582,CUST_01302,3313.75,INR,2026-06-03 12:48:07.122833
ORDER_0008583,CUST_00739,6530.66,INR,2026-07-20 01:58:11.122833
ORDER_0008584,CUST_01197,733.86,INR,2026-08-27 16:20:59.122833
ORDER_0008585,CUST_00549,1759.31,INR,2026-06-27 21:54:42.122833
ORDER_0008586,CUST_01789,381.19,INR,2026-08-17 17:23:45.122833
ORDER_0008587,CUST_00891,7703.71,INR,2026-08-11 06:18:43.122833
ORDER_0008588,CUST_00042,22717.92,INR,2026-06-18 23:56:04.122833
ORDER_0008589,CUST_00443,986.67,INR,2026-07-14 11:53:47.122833
ORDER_0008590,CUST_00479,194.19,INR,2026-06-19 01:01:58.122833
ORDER_0008591,CUST_01709,86438.71,INR,2026-08-04 16:15:07.122833
ORDER_0008592,CUST_01789,8156.82,INR,2026-07-29 08:52:21.122833
ORDER_0008593,CUST_00567,1819.17,INR,2026-07-09 18:57:32.122833
ORDER_0008594,CUST_01519,91290.33,INR,2026-07-28 12:50:52.122833
ORDER_0008595,CUST_00021,8648.3,INR,2026-06-29 05:49:46.122833
ORDER_0008596,CUST_00785,96705.05,INR,2026-06-06 17:44:46.122833
ORDER_0008597,CUST_00305,5869.86,INR,2026-06-10 18:42:05.122833
ORDER_0008598,CUST_01143,32951.51,INR,2026-08-11 03:00:01.122833
ORDER_0008599,CUST_00763,862.5,INR,2026-07-09 06:34:07.122833
ORDER_0008600,CUST_01280,794.02,INR,2026-07-22 07:37:18.122833
ORDER_0008601,CUST_00824,4055.06,INR,2026-07-31 03:06:27.122833
ORDER_0008602,CUST_00939,29446.65,INR,2026-08-11 01:11:46.122833
ORDER_0008603,CUST_00733,296.04,INR,2026-06-03 20:43:24.122833
ORDER_0008604,CUST_00016,9392.37,INR,2026-07-24 18:10:38.122833
ORDER_0008605,CUST_00052,4077.03,INR,2026-07-11 09:15:17.122833
ORDER_0008606,CUST_01103,752.0,INR,2026-06-13 09:51:22.122833
ORDER_0008607,CUST_00952,779.94,INR,2026-08-21 06:30:55.122833
ORDER_0008608,CUST_00318,570.74,INR,2026-07-09 07:23:18.122833
ORDER_0008609,CUST_01575,38560.83,INR,2026-07-15 21:06:20.122833
ORDER_0008610,CUST_00464,37939.02,INR,2026-07-08 11:24:28.122833
ORDER_0008611,CUST_01379,21771.62,INR,2026-06-23 19:34:58.122833
ORDER_0008612,CUST_00142,601.11,INR,2026-08-02 13:36:09.122833
ORDER_0008613,CUST_00159,693.13,INR,2026-08-08 12:49:34.122833
ORDER_0008614,CUST_00954,45946.15,INR,2026-08-27 09:15:22.122833
ORDER_0008615,CUST_01080,7718.53,INR,2026-07-31 02:41:42.122833
ORDER_0008616,CUST_00835,5708.58,INR,2026-07-31 13:08:56.122833
ORDER_0008617,CUST_01543,22370.14,INR,2026-07-11 20:44:50.122833
ORDER_0008618,CUST_01318,26497.75,INR,2026-08-10 12:01:37.122833
ORDER_0008619,CUST_00971,903.01,INR,2026-06-04 18:00:00.122833
ORDER_0008620,CUST_01680,531.43,INR,2026-08-01 14:20:10.122833
ORDER_0008621,CUST_00358,3623.39,INR,2026-07-22 17:37:51.122833
ORDER_0008622,CUST_01523,42302.21,INR,2026-08-10 14:37:05.122833
ORDER_0008623,CUST_00597,788.63,INR,2026-06-29 12:10:30.122833
ORDER_0008624,CUST_01411,828.43,INR,2026-07-31 03:13:06.122833
ORDER_0008625,CUST_01453,992.61,INR,2026-07-21 21:58:45.122833
ORDER_0008626,CUST_00443,287.86,INR,2026-07-02 03:28:49.122833
ORDER_0008627,CUST_00218,685.54,INR,2026-08-27 09:10:42.122833
ORDER_0008628,CUST_00743,415.05,INR,2026-07-23 16:52:30.122833
ORDER_0008629,CUST_01160,1412.41,INR,2026-08-21 19:14:57.122833
ORDER_0008630,CUST_00532,6853.29,INR,2026-07-21 22:56:03.122833
ORDER_0008631,CUST_01102,485.02,INR,2026-06-05 22:54:37.122833
ORDER_0008632,CUST_00430,2710.99,INR,2026-08-18 19:50:39.122833
ORDER_0008633,CUST_00145,6733.29,INR,2026-08-10 19:43:39.122833
ORDER_0008634,CUST_01973,153.68,INR,2026-06-23 16:39:23.122833
ORDER_0008635,CUST_01510,1611.66,INR,2026-07-18 09:39:06.122833
ORDER_0008636,CUST_00435,352.76,INR,2026-08-22 06:40:36.122833
ORDER_0008637,CUST_01134,3015.05,INR,2026-07-12 23:07:00.122833
ORDER_0008638,CUST_01164,55747.41,INR,2026-06-17 18:29:13.122833
ORDER_0008639,CUST_01253,3379.84,INR,2026-07-25 13:53:04.122833
ORDER_0008640,CUST_01613,4992.53,INR,2026-08-07 17:39:07.122833
ORDER_0008641,CUST_00165,5459.1,INR,2026-06-09 05:33:02.122833
ORDER_0008642,CUST_00370,9211.71,INR,2026-08-06 14:52:34.122833
ORDER_0008643,CUST_00445,329.42,INR,2026-08-28 19:12:56.122833
ORDER_0008644,CUST_01087,753.13,INR,2026-07-04 09:16:15.122833
ORDER_0008645,CUST_00423,28203.05,INR,2026-07-04 15:26:18.122833
ORDER_0008646,CUST_00314,934.5,INR,2026-07-15 21:52:27.122833
ORDER_0008647,CUST_01906,6632.84,INR,2026-07-18 23:12:15.122833
ORDER_0008648,CUST_00637,530.69,INR,2026-07-01 11:57:57.122833
ORDER_0008649,CUST_01818,5239.89,INR,2026-06-13 17:07:17.122833
ORDER_0008650,CUST_00107,897.35,INR,2026-08-17 06:51:38.122833
ORDER_0008651,CUST_00049,6827.43,INR,2026-08-19 00:59:22.122833
ORDER_0008652,CUST_00131,831.74,INR,2026-07-27 22:43:27.122833
ORDER_0008653,CUST_01297,7008.65,INR,2026-06-19 22:52:18.122833
ORDER_0008654,CUST_01195,7854.78,INR,2026-06-03 22:41:53.122833
ORDER_0008655,CUST_01201,67050.56,INR,2026-08-14 23:56:22.122833
ORDER_0008656,CUST_00993,6151.75,INR,2026-08-01 19:28:35.122833
ORDER_0008657,CUST_01462,69103.23,INR,2026-06-19 01:21:09.122833
ORDER_0008658,CUST_00161,1441.85,INR,2026-06-05 20:43:11.122833
ORDER_0008659,CUST_01702,8968.96,INR,2026-07-07 08:41:02.122833
ORDER_0008660,CUST_00999,28079.85,INR,2026-08-16 02:02:23.122833
ORDER_0008661,CUST_01245,16125.6,INR,2026-08-12 08:01:17.122833
ORDER_0008662,CUST_00133,72211.05,INR,2026-06-18 13:23:30.122833
ORDER_0008663,CUST_01717,87186.29,INR,2026-07-25 01:03:38.122833
ORDER_0008664,CUST_01154,87953.44,INR,2026-07-16 08:40:26.122833
ORDER_0008665,CUST_00286,79237.91,INR,2026-06-25 06:05:40.122833
ORDER_0008666,CUST_00869,344.28,INR,2026-06-04 23:48:34.122833
ORDER_0008667,CUST_00319,6247.03,INR,2026-08-28 20:13:42.122833
ORDER_0008668,CUST_01071,745.13,INR,2026-08-19 13:46:55.122833
ORDER_0008669,CUST_01908,2402.54,INR,2026-08-21 05:24:25.122833
ORDER_0008670,CUST_01672,7881.87,INR,2026-07-22 15:42:38.122833
ORDER_0008671,CUST_01161,90089.07,INR,2026-08-10 15:41:12.122833
ORDER_0008672,CUST_00870,14208.56,INR,2026-07-16 10:09:16.122833
ORDER_0008673,CUST_01191,85663.42,INR,2026-06-19 12:02:40.122833
ORDER_0008674,CUST_01915,538.88,INR,2026-06-13 10:01:22.122833
ORDER_0008675,CUST_00063,27417.59,INR,2026-06-10 20:36:32.122833
ORDER_0008676,CUST_00322,4659.73,INR,2026-06-17 19:52:28.122833
ORDER_0008677,CUST_01008,5399.1,INR,2026-08-23 14:45:40.122833
ORDER_0008678,CUST_00180,177.22,INR,2026-06-08 17:17:49.122833
ORDER_0008679,CUST_00006,362.59,INR,2026-07-27 20:36:57.122833
ORDER_0008680,CUST_00731,48264.58,INR,2026-06-14 06:39:21.122833
ORDER_0008681,CUST_01282,3796.43,INR,2026-08-01 12:50:43.122833
ORDER_0008682,CUST_01121,61946.42,INR,2026-07-14 12:01:14.122833
ORDER_0008683,CUST_01605,25506.35,INR,2026-06-09 23:26:59.122833
ORDER_0008684,CUST_00657,51799.84,INR,2026-08-02 18:21:43.122833
ORDER_0008685,CUST_01511,46433.7,INR,2026-07-13 17:26:32.122833
ORDER_0008686,CUST_00006,9882.12,INR,2026-08-23 08:36:24.122833
ORDER_0008687,CUST_01473,56693.16,INR,2026-07-07 11:36:40.122833
ORDER_0008688,CUST_01449,2268.49,INR,2026-08-08 18:30:21.122833
ORDER_0008689,CUST_01776,99692.91,INR,2026-07-21 09:52:10.122833
ORDER_0008690,CUST_00211,149.64,INR,2026-06-30 23:30:21.122833
ORDER_0008691,CUST_01288,3004.34,INR,2026-07-05 17:13:40.122833
ORDER_0008692,CUST_01500,342.45,INR,2026-06-08 22:57:31.122833
ORDER_0008693,CUST_00375,411.28,INR,2026-06-09 00:39:18.122833
ORDER_0008694,CUST_00360,8439.88,INR,2026-06-11 12:55:26.122833
ORDER_0008695,CUST_00315,803.97,INR,2026-07-14 19:29:12.122833
ORDER_0008696,CUST_01454,97762.9,INR,2026-06-21 18:23:01.122833
ORDER_0008697,CUST_01412,2052.72,INR,2026-08-29 03:34:45.122833
ORDER_0008698,CUST_00110,877.24,INR,2026-07-11 11:00:33.122833
ORDER_0008699,CUST_00365,900.74,INR,2026-08-24 15:14:27.122833
ORDER_0008700,CUST_00164,31876.63,INR,2026-08-14 03:48:48.122833
ORDER_0008701,CUST_00088,751.99,INR,2026-06-12 07:55:23.122833
ORDER_0008702,CUST_01415,9531.49,INR,2026-07-04 09:30:29.122833
ORDER_0008703,CUST_00076,36301.05,INR,2026-08-06 12:08:32.122833
ORDER_0008704,CUST_00208,8641.67,INR,2026-07-18 08:24:03.122833
ORDER_0008705,CUST_01025,138.05,INR,2026-07-07 14:06:01.122833
ORDER_0008706,CUST_01733,21335.18,INR,2026-06-21 15:29:22.122833
ORDER_0008707,CUST_01066,267.95,INR,2026-07-04 14:44:26.122833
ORDER_0008708,CUST_00800,375.95,INR,2026-08-17 20:57:04.122833
ORDER_0008709,CUST_00284,55926.32,INR,2026-08-19 14:42:31.122833
ORDER_0008710,CUST_00664,984.95,INR,2026-07-13 07:32:11.122833
ORDER_0008711,CUST_00475,8491.6,INR,2026-08-11 10:35:10.122833
ORDER_0008712,CUST_01121,378.49,INR,2026-08-05 20:13:52.122833
ORDER_0008713,CUST_00322,9591.67,INR,2026-08-25 00:59:38.122833
ORDER_0008714,CUST_00554,503.62,INR,2026-07-09 04:51:18.122833
ORDER_0008715,CUST_00188,34727.85,INR,2026-07-01 04:39:46.122833
ORDER_0008716,CUST_00525,232.14,INR,2026-06-11 07:06:03.122833
ORDER_0008717,CUST_01388,652.78,INR,2026-08-03 23:01:24.122833
ORDER_0008718,CUST_00958,14512.09,INR,2026-08-06 00:54:04.122833
ORDER_0008719,CUST_00146,15377.81,INR,2026-08-13 05:42:25.122833
ORDER_0008720,CUST_00518,286.34,INR,2026-06-16 00:52:13.122833
ORDER_0008721,CUST_00631,23592.17,INR,2026-08-01 07:51:30.122833
ORDER_0008722,CUST_00517,83858.05,INR,2026-08-27 01:39:03.122833
ORDER_0008723,CUST_01907,850.7,INR,2026-08-17 10:14:24.122833
ORDER_0008724,CUST_00785,97884.29,INR,2026-07-06 12:28:15.122833
ORDER_0008725,CUST_01995,5410.64,INR,2026-07-26 20:29:20.122833
ORDER_0008726,CUST_00469,1548.2,INR,2026-07-22 09:24:37.122833
ORDER_0008727,CUST_00131,130.99,INR,2026-06-03 04:39:12.122833
ORDER_0008728,CUST_00050,3940.57,INR,2026-08-26 02:00:39.122833
ORDER_0008729,CUST_00576,478.03,INR,2026-06-14 02:30:08.122833
ORDER_0008730,CUST_00188,838.1,INR,2026-07-13 00:23:03.122833
ORDER_0008731,CUST_00339,100.87,INR,2026-06-12 12:52:19.122833
ORDER_0008732,CUST_00355,1969.51,INR,2026-06-28 10:20:23.122833
ORDER_0008733,CUST_01458,76522.77,INR,2026-08-02 02:47:36.122833
ORDER_0008734,CUST_01519,71505.67,INR,2026-08-12 23:59:12.122833
ORDER_0008735,CUST_01980,85820.56,INR,2026-08-19 04:55:37.122833
ORDER_0008736,CUST_00364,6420.41,INR,2026-07-01 00:37:07.122833
ORDER_0008737,CUST_00756,38529.49,INR,2026-07-27 20:11:27.122833
ORDER_0008738,CUST_01770,84401.94,INR,2026-07-01 23:32:29.122833
ORDER_0008739,CUST_00805,45812.75,INR,2026-06-05 05:58:05.122833
ORDER_0008740,CUST_00539,47849.1,INR,2026-06-03 22:02:12.122833
ORDER_0008741,CUST_01686,90446.19,INR,2026-06-23 15:17:12.122833
ORDER_0008742,CUST_01264,4747.18,INR,2026-06-23 00:11:39.122833
ORDER_0008743,CUST_00082,647.62,INR,2026-08-05 05:08:35.122833
ORDER_0008744,CUST_01541,340.08,INR,2026-06-02 21:18:52.122833
ORDER_0008745,CUST_01857,4726.48,INR,2026-06-21 16:07:13.122833
ORDER_0008746,CUST_00966,401.29,INR,2026-07-07 10:27:25.122833
ORDER_0008747,CUST_00165,8149.48,INR,2026-08-13 22:23:03.122833
ORDER_0008748,CUST_01817,98978.82,INR,2026-07-25 16:28:37.122833
ORDER_0008749,CUST_01027,96960.82,INR,2026-06-04 07:00:06.122833
ORDER_0008750,CUST_00077,877.74,INR,2026-06-28 07:13:37.122833
ORDER_0008751,CUST_01693,5962.31,INR,2026-07-07 04:33:02.122833
ORDER_0008752,CUST_00278,46406.99,INR,2026-06-23 00:26:32.122833
ORDER_0008753,CUST_01560,85905.38,INR,2026-08-28 06:21:04.122833
ORDER_0008754,CUST_00984,8135.47,INR,2026-06-12 06:46:52.122833
ORDER_0008755,CUST_01120,172.5,INR,2026-07-27 15:07:10.122833
ORDER_0008756,CUST_00861,56178.37,INR,2026-06-09 17:51:00.122833
ORDER_0008757,CUST_00419,8328.91,INR,2026-08-08 07:42:25.122833
ORDER_0008758,CUST_00965,123.9,INR,2026-06-09 15:18:50.122833
ORDER_0008759,CUST_00148,39904.21,INR,2026-08-24 04:09:39.122833
ORDER_0008760,CUST_01531,5775.79,INR,2026-08-09 01:55:27.122833
ORDER_0008761,CUST_00825,995.96,INR,2026-06-05 18:35:02.122833
ORDER_0008762,CUST_01750,69428.39,INR,2026-06-16 11:24:40.122833
ORDER_0008763,CUST_01966,58584.67,INR,2026-07-04 02:24:19.122833
ORDER_0008764,CUST_00662,64786.48,INR,2026-06-06 23:25:18.122833
ORDER_0008765,CUST_00017,272.56,INR,2026-08-14 13:32:27.122833
ORDER_0008766,CUST_00277,97044.63,INR,2026-07-12 08:36:05.122833
ORDER_0008767,CUST_01141,610.18,INR,2026-08-08 18:37:12.122833
ORDER_0008768,CUST_00518,51287.88,INR,2026-06-10 03:17:01.122833
ORDER_0008769,CUST_01420,12018.0,INR,2026-07-06 11:46:06.122833
ORDER_0008770,CUST_01030,2058.33,INR,2026-06-08 03:52:09.122833
ORDER_0008771,CUST_01146,31847.88,INR,2026-07-10 02:29:00.122833
ORDER_0008772,CUST_01235,8907.77,INR,2026-07-22 13:42:55.122833
ORDER_0008773,CUST_00270,69145.27,INR,2026-08-24 03:46:45.122833
ORDER_0008774,CUST_01043,71381.67,INR,2026-06-26 22:51:27.122833
ORDER_0008775,CUST_00478,88721.8,INR,2026-06-30 05:07:03.122833
ORDER_0008776,CUST_01978,710.55,INR,2026-08-09 12:49:35.122833
ORDER_0008777,CUST_00852,2314.97,INR,2026-06-10 04:51:26.122833
ORDER_0008778,CUST_01573,23982.95,INR,2026-08-15 16:38:34.122833
ORDER_0008779,CUST_00708,7601.91,INR,2026-06-08 13:04:38.122833
ORDER_0008780,CUST_01543,65093.75,INR,2026-06-15 03:25:43.122833
ORDER_0008781,CUST_01393,2310.84,INR,2026-08-19 21:12:06.122833
ORDER_0008782,CUST_00290,1996.14,INR,2026-07-22 14:39:00.122833
ORDER_0008783,CUST_00017,972.57,INR,2026-07-30 17:55:47.122833
ORDER_0008784,CUST_01802,78141.99,INR,2026-07-12 12:49:27.122833
ORDER_0008785,CUST_01051,2185.43,INR,2026-08-10 22:55:43.122833
ORDER_0008786,CUST_00046,92518.16,INR,2026-06-08 10:59:07.122833
ORDER_0008787,CUST_00993,101.66,INR,2026-08-09 04:09:08.122833
ORDER_0008788,CUST_01195,4777.89,INR,2026-07-05 08:14:12.122833
ORDER_0008789,CUST_00098,6630.81,INR,2026-08-29 12:45:38.122833
ORDER_0008790,CUST_01590,321.16,INR,2026-07-10 07:00:27.122833
ORDER_0008791,CUST_01385,1894.97,INR,2026-07-10 18:18:39.122833
ORDER_0008792,CUST_00567,55477.61,INR,2026-07-19 20:22:45.122833
ORDER_0008793,CUST_00392,337.46,INR,2026-07-22 08:26:00.122833
ORDER_0008794,CUST_00853,61426.11,INR,2026-06-03 22:04:52.122833
ORDER_0008795,CUST_01432,10666.74,INR,2026-06-28 20:16:19.122833
ORDER_0008796,CUST_01301,245.63,INR,2026-07-11 04:01:51.122833
ORDER_0008797,CUST_01308,237.16,INR,2026-06-05 03:35:58.122833
ORDER_0008798,CUST_00817,730.13,INR,2026-06-07 11:49:49.122833
ORDER_0008799,CUST_01252,4354.13,INR,2026-08-13 13:23:08.122833
ORDER_0008800,CUST_00314,55804.12,INR,2026-08-26 13:51:37.122833
ORDER_0008801,CUST_01498,4056.15,INR,2026-07-30 04:03:05.122833
ORDER_0008802,CUST_00484,43124.56,INR,2026-07-13 18:45:56.122833
ORDER_0008803,CUST_00158,330.39,INR,2026-07-19 13:57:55.122833
ORDER_0008804,CUST_00682,22739.57,INR,2026-07-19 03:47:11.122833
ORDER_0008805,CUST_00636,933.57,INR,2026-08-05 23:37:36.122833
ORDER_0008806,CUST_00212,65549.65,INR,2026-07-17 03:48:33.122833
ORDER_0008807,CUST_00788,79743.96,INR,2026-08-04 11:59:12.122833
ORDER_0008808,CUST_00821,12947.62,INR,2026-07-05 04:22:51.122833
ORDER_0008809,CUST_00412,856.91,INR,2026-06-12 22:58:09.122833
ORDER_0008810,CUST_00733,361.91,INR,2026-08-11 15:58:11.122833
ORDER_0008811,CUST_01406,435.59,INR,2026-06-29 20:16:27.122833
ORDER_0008812,CUST_01015,864.87,INR,2026-06-23 01:52:34.122833
ORDER_0008813,CUST_00585,159.32,INR,2026-06-10 17:16:56.122833
ORDER_0008814,CUST_01289,53031.61,INR,2026-08-26 13:05:25.122833
ORDER_0008815,CUST_01877,43417.82,INR,2026-08-29 18:57:48.122833
ORDER_0008816,CUST_01071,7650.87,INR,2026-06-04 21:12:37.122833
ORDER_0008817,CUST_01599,2141.97,INR,2026-07-27 07:05:46.122833
ORDER_0008818,CUST_00977,68545.18,INR,2026-07-29 06:29:54.122833
ORDER_0008819,CUST_00100,762.43,INR,2026-07-06 17:30:18.122833
ORDER_0008820,CUST_00778,6324.85,INR,2026-06-10 03:46:57.122833
ORDER_0008821,CUST_00546,86864.33,INR,2026-07-14 18:44:03.122833
ORDER_0008822,CUST_01007,807.64,INR,2026-08-09 14:50:07.122833
ORDER_0008823,CUST_01915,4625.9,INR,2026-07-21 17:29:56.122833
ORDER_0008824,CUST_01786,123.66,INR,2026-08-01 09:38:47.122833
ORDER_0008825,CUST_01153,5491.92,INR,2026-08-03 06:01:00.122833
ORDER_0008826,CUST_01824,1409.32,INR,2026-08-20 16:25:34.122833
ORDER_0008827,CUST_01113,829.68,INR,2026-08-09 12:45:53.122833
ORDER_0008828,CUST_00692,30105.98,INR,2026-08-11 06:48:36.122833
ORDER_0008829,CUST_01277,2892.06,INR,2026-06-25 03:39:40.122833
ORDER_0008830,CUST_00161,290.98,INR,2026-07-14 11:33:16.122833
ORDER_0008831,CUST_00422,65930.91,INR,2026-07-18 09:26:02.122833
ORDER_0008832,CUST_01956,88988.44,INR,2026-07-19 20:08:24.122833
ORDER_0008833,CUST_01668,64326.6,INR,2026-08-19 23:01:21.122833
ORDER_0008834,CUST_01471,745.82,INR,2026-06-14 00:38:05.122833
ORDER_0008835,CUST_00077,433.07,INR,2026-07-29 04:36:51.122833
ORDER_0008836,CUST_01780,20568.95,INR,2026-07-08 10:04:37.122833
ORDER_0008837,CUST_01275,5642.02,INR,2026-07-01 20:44:06.122833
ORDER_0008838,CUST_01632,4628.86,INR,2026-07-05 12:06:05.122833
ORDER_0008839,CUST_01864,98213.11,INR,2026-07-09 03:16:12.122833
ORDER_0008840,CUST_00467,8656.08,INR,2026-07-17 10:10:19.122833
ORDER_0008841,CUST_00118,87788.33,INR,2026-08-06 15:42:32.122833
ORDER_0008842,CUST_00198,120.76,INR,2026-06-09 03:38:54.122833
ORDER_0008843,CUST_01012,8372.28,INR,2026-08-02 23:20:22.122833
ORDER_0008844,CUST_00969,1441.74,INR,2026-08-21 17:27:09.122833
ORDER_0008845,CUST_01514,5580.63,INR,2026-07-02 09:21:11.122833
ORDER_0008846,CUST_00289,4974.04,INR,2026-07-10 10:30:08.122833
ORDER_0008847,CUST_01505,1469.44,INR,2026-08-17 21:26:59.122833
ORDER_0008848,CUST_01828,20757.6,INR,2026-06-09 23:30:25.122833
ORDER_0008849,CUST_00504,76584.41,INR,2026-07-15 08:52:31.122833
ORDER_0008850,CUST_00777,3662.63,INR,2026-07-29 16:47:07.122833
ORDER_0008851,CUST_00479,9751.45,INR,2026-08-09 14:05:30.122833
ORDER_0008852,CUST_00438,212.88,INR,2026-08-03 22:50:34.122833
ORDER_0008853,CUST_01280,56483.73,INR,2026-06-12 17:59:39.122833
ORDER_0008854,CUST_00684,385.88,INR,2026-08-21 03:51:48.122833
ORDER_0008855,CUST_00315,66508.28,INR,2026-07-06 18:20:50.122833
ORDER_0008856,CUST_01683,409.17,INR,2026-08-11 21:07:42.122833
ORDER_0008857,CUST_00023,8053.17,INR,2026-08-03 22:10:58.122833
ORDER_0008858,CUST_00288,3778.7,INR,2026-06-23 00:48:05.122833
ORDER_0008859,CUST_00630,124.12,INR,2026-08-16 23:05:44.122833
ORDER_0008860,CUST_00625,1938.97,INR,2026-07-29 15:55:22.122833
ORDER_0008861,CUST_00597,61722.97,INR,2026-07-07 07:06:51.122833
ORDER_0008862,CUST_01671,7215.87,INR,2026-07-08 03:16:12.122833
ORDER_0008863,CUST_00171,6811.62,INR,2026-08-24 05:57:51.122833
ORDER_0008864,CUST_01285,35984.59,INR,2026-07-07 02:04:54.122833
ORDER_0008865,CUST_01136,2404.12,INR,2026-08-30 04:43:29.122833
ORDER_0008866,CUST_01098,8912.51,INR,2026-07-02 11:36:02.122833
ORDER_0008867,CUST_01869,239.01,INR,2026-06-20 13:03:53.122833
ORDER_0008868,CUST_00696,3476.81,INR,2026-08-29 10:02:21.122833
ORDER_0008869,CUST_00476,1377.67,INR,2026-06-17 18:46:02.122833
ORDER_0008870,CUST_00023,742.66,INR,2026-08-11 21:49:36.122833
ORDER_0008871,CUST_01889,5151.95,INR,2026-07-16 10:14:24.122833
ORDER_0008872,CUST_01203,955.54,INR,2026-07-28 06:53:51.122833
ORDER_0008873,CUST_01983,20549.37,INR,2026-07-05 20:22:51.122833
ORDER_0008874,CUST_01399,450.75,INR,2026-06-08 08:19:53.122833
ORDER_0008875,CUST_01534,437.03,INR,2026-07-11 03:21:03.122833
ORDER_0008876,CUST_00861,66552.97,INR,2026-08-11 13:58:52.122833
ORDER_0008877,CUST_00921,4022.26,INR,2026-06-29 01:24:24.122833
ORDER_0008878,CUST_01216,45722.81,INR,2026-08-29 15:45:10.122833
ORDER_0008879,CUST_00195,337.95,INR,2026-08-18 18:17:37.122833
ORDER_0008880,CUST_00910,2535.75,INR,2026-07-20 08:03:00.122833
ORDER_0008881,CUST_01547,1306.82,INR,2026-06-16 13:24:09.122833
ORDER_0008882,CUST_00043,320.46,INR,2026-08-09 05:23:21.122833
ORDER_0008883,CUST_00890,5196.23,INR,2026-07-18 12:00:49.122833
ORDER_0008884,CUST_01404,631.22,INR,2026-07-05 08:23:08.122833
ORDER_0008885,CUST_00252,4182.81,INR,2026-08-07 11:57:13.122833
ORDER_0008886,CUST_01281,816.92,INR,2026-07-20 16:24:38.122833
ORDER_0008887,CUST_01154,29528.96,INR,2026-06-06 23:48:19.122833
ORDER_0008888,CUST_01747,24937.25,INR,2026-07-17 22:02:49.122833
ORDER_0008889,CUST_01338,9380.59,INR,2026-08-30 04:43:30.122833
ORDER_0008890,CUST_00964,2732.31,INR,2026-06-18 13:25:40.122833
ORDER_0008891,CUST_00491,4577.55,INR,2026-08-27 16:33:11.122833
ORDER_0008892,CUST_00028,5240.54,INR,2026-06-23 07:40:49.122833
ORDER_0008893,CUST_00542,915.0,INR,2026-06-12 16:18:31.122833
ORDER_0008894,CUST_01892,157.37,INR,2026-08-08 07:16:59.122833
ORDER_0008895,CUST_01714,940.83,INR,2026-07-07 22:48:07.122833
ORDER_0008896,CUST_01905,2479.59,INR,2026-07-05 03:57:46.122833
ORDER_0008897,CUST_00779,139.81,INR,2026-07-11 04:41:01.122833
ORDER_0008898,CUST_00493,33755.16,INR,2026-08-07 17:49:30.122833
ORDER_0008899,CUST_01941,5940.0,INR,2026-08-23 13:34:55.122833
ORDER_0008900,CUST_00346,198.68,INR,2026-07-11 01:09:01.122833
ORDER_0008901,CUST_01954,751.57,INR,2026-07-17 22:44:49.122833
ORDER_0008902,CUST_00621,2767.49,INR,2026-06-08 00:08:08.122833
ORDER_0008903,CUST_00940,8991.47,INR,2026-06-10 02:43:05.122833
ORDER_0008904,CUST_00856,767.14,INR,2026-07-02 21:04:28.122833
ORDER_0008905,CUST_00185,14541.09,INR,2026-08-24 20:01:17.122833
ORDER_0008906,CUST_01494,7820.59,INR,2026-06-28 04:27:07.122833
ORDER_0008907,CUST_01829,6283.01,INR,2026-06-21 20:41:28.122833
ORDER_0008908,CUST_01066,25026.13,INR,2026-07-12 20:04:18.122833
ORDER_0008909,CUST_01427,512.56,INR,2026-07-03 19:15:00.122833
ORDER_0008910,CUST_01524,8442.62,INR,2026-08-20 23:19:41.122833
ORDER_0008911,CUST_00076,7777.08,INR,2026-08-16 12:22:24.122833
ORDER_0008912,CUST_00515,9917.04,INR,2026-07-24 18:20:49.122833
ORDER_0008913,CUST_01378,784.03,INR,2026-07-29 09:51:31.122833
ORDER_0008914,CUST_00836,9202.71,INR,2026-08-12 16:09:43.122833
ORDER_0008915,CUST_01470,8753.25,INR,2026-07-31 08:35:16.122833
ORDER_0008916,CUST_01394,83280.43,INR,2026-07-05 07:07:52.122833
ORDER_0008917,CUST_00353,74028.12,INR,2026-07-16 16:30:23.122833
ORDER_0008918,CUST_00382,16946.04,INR,2026-06-30 20:50:19.122833
ORDER_0008919,CUST_01173,21766.66,INR,2026-06-16 09:19:24.122833
ORDER_0008920,CUST_01885,33152.24,INR,2026-07-15 14:48:57.122833
ORDER_0008921,CUST_00717,8749.64,INR,2026-06-11 00:14:51.122833
ORDER_0008922,CUST_01355,540.96,INR,2026-08-06 15:19:08.122833
ORDER_0008923,CUST_00711,42763.62,INR,2026-08-28 19:10:32.122833
ORDER_0008924,CUST_01922,9791.74,INR,2026-07-14 15:04:10.122833
ORDER_0008925,CUST_00188,29465.95,INR,2026-06-30 00:56:59.122833
ORDER_0008926,CUST_01927,142.89,INR,2026-07-18 09:58:53.122833
ORDER_0008927,CUST_01998,4531.29,INR,2026-08-22 11:52:12.122833
ORDER_0008928,CUST_01279,45015.52,INR,2026-07-11 23:58:34.122833
ORDER_0008929,CUST_00398,444.29,INR,2026-07-19 07:56:37.122833
ORDER_0008930,CUST_00770,629.96,INR,2026-06-07 09:37:06.122833
ORDER_0008931,CUST_00197,267.77,INR,2026-08-01 09:32:46.122833
ORDER_0008932,CUST_01497,4682.49,INR,2026-07-18 06:20:04.122833
ORDER_0008933,CUST_00882,886.35,INR,2026-08-28 11:21:38.122833
ORDER_0008934,CUST_00795,33837.81,INR,2026-06-13 10:05:16.122833
ORDER_0008935,CUST_00562,294.33,INR,2026-07-21 00:42:08.122833
ORDER_0008936,CUST_00047,845.05,INR,2026-08-08 03:05:11.122833
ORDER_0008937,CUST_00940,7514.12,INR,2026-08-26 11:00:48.122833
ORDER_0008938,CUST_01899,3340.27,INR,2026-08-13 14:00:53.122833
ORDER_0008939,CUST_00733,888.4,INR,2026-07-10 23:17:41.122833
ORDER_0008940,CUST_00996,757.87,INR,2026-08-14 14:39:40.122833
ORDER_0008941,CUST_00003,25647.52,INR,2026-06-10 21:31:47.122833
ORDER_0008942,CUST_01671,41106.21,INR,2026-06-12 18:36:19.122833
ORDER_0008943,CUST_01406,92815.16,INR,2026-07-21 06:11:59.122833
ORDER_0008944,CUST_00833,122.91,INR,2026-07-30 19:59:50.122833
ORDER_0008945,CUST_00717,33649.61,INR,2026-06-22 18:42:14.122833
ORDER_0008946,CUST_00367,7508.59,INR,2026-08-17 02:33:34.122833
ORDER_0008947,CUST_01391,8461.56,INR,2026-07-31 01:48:38.122833
ORDER_0008948,CUST_00051,333.09,INR,2026-08-08 13:01:39.122833
ORDER_0008949,CUST_01676,733.36,INR,2026-06-12 11:49:44.122833
ORDER_0008950,CUST_01837,9970.02,INR,2026-06-07 11:18:11.122833
ORDER_0008951,CUST_00116,799.43,INR,2026-08-17 01:38:28.122833
ORDER_0008952,CUST_00477,6100.28,INR,2026-07-07 16:42:03.122833
ORDER_0008953,CUST_00918,45516.87,INR,2026-08-17 09:30:59.122833
ORDER_0008954,CUST_01792,803.23,INR,2026-08-16 20:02:45.122833
ORDER_0008955,CUST_01810,963.21,INR,2026-06-24 10:02:32.122833
ORDER_0008956,CUST_01193,279.37,INR,2026-08-13 00:04:46.122833
ORDER_0008957,CUST_01320,955.33,INR,2026-08-03 20:57:15.122833
ORDER_0008958,CUST_01711,4556.04,INR,2026-06-08 23:27:01.122833
ORDER_0008959,CUST_01071,978.55,INR,2026-08-05 12:26:34.122833
ORDER_0008960,CUST_01498,103.44,INR,2026-07-29 04:44:20.122833
ORDER_0008961,CUST_01082,5836.04,INR,2026-08-31 13:05:38.122833
ORDER_0008962,CUST_00575,428.45,INR,2026-07-14 14:28:05.122833
ORDER_0008963,CUST_01381,622.27,INR,2026-07-09 07:40:32.122833
ORDER_0008964,CUST_01461,7636.73,INR,2026-07-07 02:01:40.122833
ORDER_0008965,CUST_01938,62241.55,INR,2026-07-09 09:42:50.122833
ORDER_0008966,CUST_00363,998.37,INR,2026-08-13 12:10:50.122833
ORDER_0008967,CUST_00148,2775.8,INR,2026-07-28 03:27:22.122833
ORDER_0008968,CUST_00851,738.32,INR,2026-08-23 21:17:26.122833
ORDER_0008969,CUST_00352,5052.81,INR,2026-06-21 17:38:45.122833
ORDER_0008970,CUST_01019,23957.03,INR,2026-06-12 15:44:24.122833
ORDER_0008971,CUST_00876,2397.99,INR,2026-07-18 00:41:33.122833
ORDER_0008972,CUST_00025,522.44,INR,2026-06-20 04:22:23.122833
ORDER_0008973,CUST_01137,230.61,INR,2026-08-04 06:58:28.122833
ORDER_0008974,CUST_01574,7449.57,INR,2026-06-21 05:17:19.122833
ORDER_0008975,CUST_01184,75932.28,INR,2026-07-28 13:20:00.122833
ORDER_0008976,CUST_01402,125.43,INR,2026-07-16 15:33:55.122833
ORDER_0008977,CUST_00698,1281.29,INR,2026-07-25 01:42:08.122833
ORDER_0008978,CUST_00441,11326.77,INR,2026-06-22 13:53:18.122833
ORDER_0008979,CUST_01619,5265.6,INR,2026-06-22 17:20:24.122833
ORDER_0008980,CUST_00269,3903.63,INR,2026-08-04 17:24:48.122833
ORDER_0008981,CUST_01378,2815.81,INR,2026-06-24 11:03:20.122833
ORDER_0008982,CUST_01787,17006.38,INR,2026-08-03 00:51:45.122833
ORDER_0008983,CUST_01097,969.63,INR,2026-08-15 08:35:40.122833
ORDER_0008984,CUST_00610,5016.16,INR,2026-08-26 05:24:54.122833
ORDER_0008985,CUST_00161,31879.73,INR,2026-08-03 03:07:50.122833
ORDER_0008986,CUST_01770,555.32,INR,2026-07-19 15:56:53.122833
ORDER_0008987,CUST_01638,96752.77,INR,2026-08-07 00:59:52.122833
ORDER_0008988,CUST_00075,58546.35,INR,2026-08-04 05:14:58.122833
ORDER_0008989,CUST_00661,40689.27,INR,2026-08-08 08:56:16.122833
ORDER_0008990,CUST_00824,9363.24,INR,2026-07-17 08:14:59.122833
ORDER_0008991,CUST_00693,61561.33,INR,2026-06-12 07:19:59.122833
ORDER_0008992,CUST_01095,780.87,INR,2026-07-14 01:51:35.122833
ORDER_0008993,CUST_01958,36400.34,INR,2026-06-21 13:51:08.122833
ORDER_0008994,CUST_01084,3721.94,INR,2026-07-05 11:37:15.122833
ORDER_0008995,CUST_00352,2952.86,INR,2026-06-13 08:57:52.122833
ORDER_0008996,CUST_01388,4728.47,INR,2026-06-10 12:49:13.122833
ORDER_0008997,CUST_00466,4864.12,INR,2026-06-25 23:57:11.122833
ORDER_0008998,CUST_01306,53568.98,INR,2026-08-18 14:51:07.122833
ORDER_0008999,CUST_01894,724.9,INR,2026-07-20 23:09:06.122833
ORDER_0009000,CUST_01908,5354.95,INR,2026-06-25 20:04:02.122833
ORDER_0009001,CUST_01415,50808.67,INR,2026-08-20 18:09:20.122833
ORDER_0009002,CUST_00912,10036.78,INR,2026-07-10 06:10:01.122833
ORDER_0009003,CUST_00255,5059.46,INR,2026-07-15 22:19:45.122833
ORDER_0009004,CUST_00369,34556.7,INR,2026-07-14 08:24:50.122833
ORDER_0009005,CUST_00273,252.73,INR,2026-08-04 05:00:09.122833
ORDER_0009006,CUST_00935,93304.97,INR,2026-07-16 12:13:05.122833
ORDER_0009007,CUST_00346,60237.98,INR,2026-06-27 15:11:28.122833
ORDER_0009008,CUST_00298,542.26,INR,2026-07-31 14:01:07.122833
ORDER_0009009,CUST_00412,838.6,INR,2026-07-16 14:03:01.122833
ORDER_0009010,CUST_00102,3935.84,INR,2026-08-22 22:52:39.122833
ORDER_0009011,CUST_00351,73540.2,INR,2026-08-23 16:56:07.122833
ORDER_0009012,CUST_00754,14397.67,INR,2026-08-26 08:42:34.122833
ORDER_0009013,CUST_01096,8608.57,INR,2026-07-06 03:53:26.122833
ORDER_0009014,CUST_00715,66903.01,INR,2026-07-01 04:04:10.122833
ORDER_0009015,CUST_00404,180.11,INR,2026-08-01 10:56:33.122833
ORDER_0009016,CUST_01816,417.37,INR,2026-06-23 18:30:01.122833
ORDER_0009017,CUST_01312,24441.74,INR,2026-06-20 15:52:39.122833
ORDER_0009018,CUST_01035,23371.2,INR,2026-07-14 02:30:44.122833
ORDER_0009019,CUST_01920,2945.68,INR,2026-06-22 06:37:36.122833
ORDER_0009020,CUST_01234,5822.03,INR,2026-08-01 13:27:34.122833
ORDER_0009021,CUST_00185,8843.05,INR,2026-07-12 08:05:14.122833
ORDER_0009022,CUST_00668,93805.53,INR,2026-08-19 08:28:03.122833
ORDER_0009023,CUST_00088,40069.4,INR,2026-08-09 07:59:50.122833
ORDER_0009024,CUST_01334,989.43,INR,2026-07-13 11:12:40.122833
ORDER_0009025,CUST_00120,5523.31,INR,2026-08-20 11:22:18.122833
ORDER_0009026,CUST_00673,204.29,INR,2026-08-03 10:29:54.122833
ORDER_0009027,CUST_01670,408.24,INR,2026-07-31 09:16:13.122833
ORDER_0009028,CUST_00014,14289.12,INR,2026-07-27 18:10:50.122833
ORDER_0009029,CUST_00631,569.24,INR,2026-07-31 12:34:57.122833
ORDER_0009030,CUST_00409,337.3,INR,2026-07-31 12:10:16.122833
ORDER_0009031,CUST_01182,5155.46,INR,2026-07-04 04:18:03.122833
ORDER_0009032,CUST_01118,725.03,INR,2026-08-09 15:21:58.122833
ORDER_0009033,CUST_00524,849.51,INR,2026-07-02 21:55:03.122833
ORDER_0009034,CUST_01145,907.39,INR,2026-07-07 04:25:28.122833
ORDER_0009035,CUST_01122,327.19,INR,2026-07-28 21:22:56.122833
ORDER_0009036,CUST_00101,461.24,INR,2026-07-26 00:31:49.122833
ORDER_0009037,CUST_00950,4246.56,INR,2026-06-04 19:00:12.122833
ORDER_0009038,CUST_00407,77013.62,INR,2026-07-19 16:13:49.122833
ORDER_0009039,CUST_00355,672.96,INR,2026-06-22 02:52:06.122833
ORDER_0009040,CUST_00956,431.36,INR,2026-06-07 10:51:17.122833
ORDER_0009041,CUST_00041,8104.18,INR,2026-07-27 23:20:59.122833
ORDER_0009042,CUST_00657,16922.64,INR,2026-06-02 15:26:34.122833
ORDER_0009043,CUST_01494,624.5,INR,2026-08-01 22:28:08.122833
ORDER_0009044,CUST_01840,865.75,INR,2026-06-29 19:57:15.122833
ORDER_0009045,CUST_01882,955.55,INR,2026-06-29 00:02:42.122833
ORDER_0009046,CUST_01453,54912.21,INR,2026-06-17 10:44:27.122833
ORDER_0009047,CUST_00257,2252.42,INR,2026-06-11 03:30:52.122833
ORDER_0009048,CUST_01981,781.36,INR,2026-07-29 09:50:46.122833
ORDER_0009049,CUST_01005,719.43,INR,2026-07-02 02:23:14.122833
ORDER_0009050,CUST_00918,9125.89,INR,2026-06-19 17:36:13.122833
ORDER_0009051,CUST_00026,1493.33,INR,2026-07-03 20:40:57.122833
ORDER_0009052,CUST_00929,26901.02,INR,2026-06-05 07:24:36.122833
ORDER_0009053,CUST_00457,9641.56,INR,2026-08-09 18:43:07.122833
ORDER_0009054,CUST_01417,3819.77,INR,2026-06-30 03:05:28.122833
ORDER_0009055,CUST_00358,222.76,INR,2026-08-17 00:32:02.122833
ORDER_0009056,CUST_01382,6710.94,INR,2026-08-27 10:58:07.122833
ORDER_0009057,CUST_00329,757.27,INR,2026-06-22 17:07:15.122833
ORDER_0009058,CUST_01388,81278.47,INR,2026-06-15 23:38:34.122833
ORDER_0009059,CUST_00249,365.13,INR,2026-07-11 23:27:08.122833
ORDER_0009060,CUST_01089,69533.29,INR,2026-06-28 03:04:24.122833
ORDER_0009061,CUST_00458,42952.63,INR,2026-07-27 13:10:04.122833
ORDER_0009062,CUST_01297,318.78,INR,2026-07-19 17:15:10.122833
ORDER_0009063,CUST_01255,714.56,INR,2026-06-22 09:27:47.122833
ORDER_0009064,CUST_01652,31035.03,INR,2026-08-02 19:29:40.122833
ORDER_0009065,CUST_00314,7822.99,INR,2026-06-13 09:05:05.122833
ORDER_0009066,CUST_01923,592.34,INR,2026-08-02 08:00:35.122833
ORDER_0009067,CUST_01588,82075.65,INR,2026-06-04 05:40:47.122833
ORDER_0009068,CUST_00028,896.11,INR,2026-06-09 02:33:09.122833
ORDER_0009069,CUST_01293,99226.16,INR,2026-07-23 04:26:45.122833
ORDER_0009070,CUST_01339,202.14,INR,2026-07-25 10:02:24.122833
ORDER_0009071,CUST_00311,822.18,INR,2026-08-30 18:24:09.122833
ORDER_0009072,CUST_00109,45920.51,INR,2026-08-07 14:42:11.122833
ORDER_0009073,CUST_01076,70817.25,INR,2026-08-18 14:21:53.122833
ORDER_0009074,CUST_01185,6473.34,INR,2026-07-13 16:13:27.122833
ORDER_0009075,CUST_00466,91316.59,INR,2026-08-05 05:45:17.122833
ORDER_0009076,CUST_00769,4138.12,INR,2026-08-08 23:25:08.122833
ORDER_0009077,CUST_01153,63265.01,INR,2026-08-09 16:45:43.122833
ORDER_0009078,CUST_01454,452.93,INR,2026-06-25 01:53:46.122833
ORDER_0009079,CUST_00673,551.98,INR,2026-06-24 11:46:01.122833
ORDER_0009080,CUST_00820,6703.08,INR,2026-07-03 17:49:43.122833
ORDER_0009081,CUST_00672,67843.18,INR,2026-06-21 04:00:09.122833
ORDER_0009082,CUST_01091,53133.17,INR,2026-08-28 11:49:24.122833
ORDER_0009083,CUST_00261,40599.2,INR,2026-08-03 15:43:26.122833
ORDER_0009084,CUST_00135,8898.25,INR,2026-08-24 03:21:47.122833
ORDER_0009085,CUST_00923,29176.34,INR,2026-06-20 11:50:29.122833
ORDER_0009086,CUST_00136,500.18,INR,2026-08-15 11:39:50.122833
ORDER_0009087,CUST_01465,87319.19,INR,2026-07-01 17:17:40.122833
ORDER_0009088,CUST_01658,65416.11,INR,2026-06-19 05:27:07.122833
ORDER_0009089,CUST_01325,59305.77,INR,2026-07-04 18:07:00.122833
ORDER_0009090,CUST_01386,765.17,INR,2026-08-03 04:46:22.122833
ORDER_0009091,CUST_00012,93222.34,INR,2026-07-07 22:52:49.122833
ORDER_0009092,CUST_00849,3724.63,INR,2026-07-20 07:08:49.122833
ORDER_0009093,CUST_00562,1035.22,INR,2026-06-12 18:40:42.122833
ORDER_0009094,CUST_00006,8412.66,INR,2026-06-03 22:48:19.122833
ORDER_0009095,CUST_01346,25305.52,INR,2026-08-04 20:58:49.122833
ORDER_0009096,CUST_00654,506.86,INR,2026-07-06 00:51:56.122833
ORDER_0009097,CUST_01626,66440.66,INR,2026-06-26 00:10:26.122833
ORDER_0009098,CUST_01709,616.75,INR,2026-06-03 04:53:51.122833
ORDER_0009099,CUST_01561,14701.35,INR,2026-07-19 20:39:21.122833
ORDER_0009100,CUST_01329,218.12,INR,2026-08-29 20:43:22.122833
ORDER_0009101,CUST_01111,6377.02,INR,2026-08-20 23:23:16.122833
ORDER_0009102,CUST_00863,849.35,INR,2026-06-17 17:18:55.122833
ORDER_0009103,CUST_01695,5169.77,INR,2026-08-15 15:25:41.122833
ORDER_0009104,CUST_01543,93870.0,INR,2026-06-23 03:19:23.122833
ORDER_0009105,CUST_01308,1207.86,INR,2026-06-12 15:28:46.122833
ORDER_0009106,CUST_00160,85211.63,INR,2026-07-31 22:27:52.122833
ORDER_0009107,CUST_00838,9154.91,INR,2026-06-18 04:04:29.122833
ORDER_0009108,CUST_00980,37260.54,INR,2026-08-28 01:30:34.122833
ORDER_0009109,CUST_01930,6055.46,INR,2026-07-11 05:27:17.122833
ORDER_0009110,CUST_00244,943.06,INR,2026-07-30 15:38:19.122833
ORDER_0009111,CUST_00606,63843.7,INR,2026-08-28 14:36:51.122833
ORDER_0009112,CUST_01668,3735.51,INR,2026-07-20 23:51:19.122833
ORDER_0009113,CUST_00781,428.03,INR,2026-08-14 22:18:37.122833
ORDER_0009114,CUST_01766,506.67,INR,2026-07-06 11:14:41.122833
ORDER_0009115,CUST_01635,9416.71,INR,2026-07-25 08:34:22.122833
ORDER_0009116,CUST_00683,3805.6,INR,2026-07-29 06:09:03.122833
ORDER_0009117,CUST_01417,6976.3,INR,2026-08-11 18:52:29.122833
ORDER_0009118,CUST_00789,2058.5,INR,2026-08-22 08:14:06.122833
ORDER_0009119,CUST_01988,75672.68,INR,2026-07-12 18:01:30.122833
ORDER_0009120,CUST_00441,8778.75,INR,2026-07-29 11:36:18.122833
ORDER_0009121,CUST_01621,3817.14,INR,2026-07-12 16:19:43.122833
ORDER_0009122,CUST_01110,1025.0,INR,2026-06-28 01:39:44.122833
ORDER_0009123,CUST_00263,440.11,INR,2026-08-23 22:31:45.122833
ORDER_0009124,CUST_01454,79898.9,INR,2026-07-11 04:26:25.122833
ORDER_0009125,CUST_00585,1060.55,INR,2026-06-23 23:52:07.122833
ORDER_0009126,CUST_01498,84584.16,INR,2026-07-08 15:30:40.122833
ORDER_0009127,CUST_01155,3661.76,INR,2026-07-04 15:52:45.122833
ORDER_0009128,CUST_01423,100.05,INR,2026-08-03 16:16:13.122833
ORDER_0009129,CUST_00208,653.09,INR,2026-08-15 23:09:55.122833
ORDER_0009130,CUST_01916,11125.59,INR,2026-08-20 22:09:00.122833
ORDER_0009131,CUST_01673,3535.37,INR,2026-08-26 22:13:52.122833
ORDER_0009132,CUST_00531,9082.26,INR,2026-08-11 09:36:55.122833
ORDER_0009133,CUST_01801,8841.47,INR,2026-07-29 21:25:26.122833
ORDER_0009134,CUST_00098,867.7,INR,2026-06-15 08:54:25.122833
ORDER_0009135,CUST_01326,34821.87,INR,2026-07-30 16:29:24.122833
ORDER_0009136,CUST_01946,38183.28,INR,2026-08-25 15:34:11.122833
ORDER_0009137,CUST_00810,69468.16,INR,2026-07-31 17:40:59.122833
ORDER_0009138,CUST_00512,664.58,INR,2026-07-14 15:55:37.122833
ORDER_0009139,CUST_01124,41335.98,INR,2026-08-04 11:42:43.122833
ORDER_0009140,CUST_00950,22012.34,INR,2026-07-18 13:39:19.122833
ORDER_0009141,CUST_01137,687.05,INR,2026-07-28 01:41:16.122833
ORDER_0009142,CUST_00021,18083.32,INR,2026-07-01 21:54:31.122833
ORDER_0009143,CUST_00214,778.66,INR,2026-06-10 07:45:11.122833
ORDER_0009144,CUST_00996,6465.13,INR,2026-08-24 04:25:51.122833
ORDER_0009145,CUST_01154,122.91,INR,2026-07-03 03:13:24.122833
ORDER_0009146,CUST_00071,3536.51,INR,2026-07-31 08:30:03.122833
ORDER_0009147,CUST_01040,19179.17,INR,2026-07-16 12:15:47.122833
ORDER_0009148,CUST_00186,15543.66,INR,2026-07-07 18:13:51.122833
ORDER_0009149,CUST_00234,4303.22,INR,2026-08-30 01:20:01.122833
ORDER_0009150,CUST_01776,3617.71,INR,2026-06-18 21:54:09.122833
ORDER_0009151,CUST_01381,24661.87,INR,2026-07-22 00:14:40.122833
ORDER_0009152,CUST_00838,914.36,INR,2026-07-25 13:06:24.122833
ORDER_0009153,CUST_00869,38848.4,INR,2026-06-06 02:20:41.122833
ORDER_0009154,CUST_00454,5924.71,INR,2026-06-05 23:31:22.122833
ORDER_0009155,CUST_00717,735.48,INR,2026-07-31 10:57:09.122833
ORDER_0009156,CUST_01516,2845.56,INR,2026-08-15 07:16:00.122833
ORDER_0009157,CUST_01665,1020.05,INR,2026-08-22 00:40:27.122833
ORDER_0009158,CUST_01477,805.59,INR,2026-08-24 20:45:11.122833
ORDER_0009159,CUST_01103,70337.99,INR,2026-06-29 08:32:48.122833
ORDER_0009160,CUST_01973,201.47,INR,2026-08-20 22:27:08.122833
ORDER_0009161,CUST_00298,8093.62,INR,2026-08-23 21:57:27.122833
ORDER_0009162,CUST_00478,80634.53,INR,2026-08-22 03:52:17.122833
ORDER_0009163,CUST_01993,53594.03,INR,2026-06-08 13:52:35.122833
ORDER_0009164,CUST_01115,723.86,INR,2026-07-12 23:23:01.122833
ORDER_0009165,CUST_01820,6906.57,INR,2026-07-27 07:04:27.122833
ORDER_0009166,CUST_00309,9020.36,INR,2026-08-27 15:52:03.122833
ORDER_0009167,CUST_00199,5713.46,INR,2026-06-14 16:16:48.122833
ORDER_0009168,CUST_01788,117.49,INR,2026-08-05 11:39:58.122833
ORDER_0009169,CUST_00236,9306.05,INR,2026-07-08 01:54:03.122833
ORDER_0009170,CUST_01012,993.42,INR,2026-07-05 01:24:17.122833
ORDER_0009171,CUST_01892,73351.07,INR,2026-06-27 23:21:48.122833
ORDER_0009172,CUST_01843,93456.25,INR,2026-07-13 16:18:33.122833
ORDER_0009173,CUST_01629,61037.98,INR,2026-08-09 01:48:33.122833
ORDER_0009174,CUST_01042,17652.01,INR,2026-07-25 02:04:55.122833
ORDER_0009175,CUST_01680,761.92,INR,2026-06-13 13:40:10.122833
ORDER_0009176,CUST_00219,80511.22,INR,2026-08-24 14:49:13.122833
ORDER_0009177,CUST_00964,734.5,INR,2026-08-18 22:02:44.122833
ORDER_0009178,CUST_00035,525.93,INR,2026-06-22 20:07:07.122833
ORDER_0009179,CUST_01998,281.83,INR,2026-08-02 17:12:12.122833
ORDER_0009180,CUST_01451,914.71,INR,2026-06-16 15:11:38.122833
ORDER_0009181,CUST_01766,540.7,INR,2026-06-26 10:51:10.122833
ORDER_0009182,CUST_01311,83169.72,INR,2026-06-06 13:45:03.122833
ORDER_0009183,CUST_00802,857.51,INR,2026-06-19 08:43:52.122833
ORDER_0009184,CUST_01671,762.73,INR,2026-08-26 23:01:33.122833
ORDER_0009185,CUST_00915,36436.62,INR,2026-06-25 19:47:38.122833
ORDER_0009186,CUST_00572,54172.76,INR,2026-06-12 02:56:22.122833
ORDER_0009187,CUST_00290,473.85,INR,2026-08-19 13:46:44.122833
ORDER_0009188,CUST_01056,97515.05,INR,2026-08-26 02:28:24.122833
ORDER_0009189,CUST_01975,11535.16,INR,2026-08-17 11:57:05.122833
ORDER_0009190,CUST_00117,879.03,INR,2026-06-29 07:08:45.122833
ORDER_0009191,CUST_01885,73585.19,INR,2026-08-19 08:10:20.122833
ORDER_0009192,CUST_01874,98607.21,INR,2026-08-17 20:09:38.122833
ORDER_0009193,CUST_00241,186.11,INR,2026-06-27 14:15:15.122833
ORDER_0009194,CUST_00605,9882.66,INR,2026-08-13 08:01:55.122833
ORDER_0009195,CUST_01395,39888.42,INR,2026-06-11 10:07:58.122833
ORDER_0009196,CUST_01124,92956.09,INR,2026-06-13 18:50:37.122833
ORDER_0009197,CUST_00173,309.38,INR,2026-06-10 12:44:02.122833
ORDER_0009198,CUST_01859,24036.19,INR,2026-07-19 20:00:39.122833
ORDER_0009199,CUST_00211,5977.32,INR,2026-06-19 15:44:26.122833
ORDER_0009200,CUST_01193,50651.51,INR,2026-06-07 19:07:40.122833
ORDER_0009201,CUST_00244,475.36,INR,2026-08-21 13:08:04.122833
ORDER_0009202,CUST_00617,85579.22,INR,2026-07-09 05:59:03.122833
ORDER_0009203,CUST_01032,67252.23,INR,2026-08-20 22:31:36.122833
ORDER_0009204,CUST_01887,291.78,INR,2026-08-15 00:48:06.122833
ORDER_0009205,CUST_00789,39942.58,INR,2026-08-24 11:35:06.122833
ORDER_0009206,CUST_00020,33065.8,INR,2026-07-09 04:46:59.122833
ORDER_0009207,CUST_00017,98558.02,INR,2026-07-04 06:31:13.122833
ORDER_0009208,CUST_01246,60707.79,INR,2026-06-30 07:09:56.122833
ORDER_0009209,CUST_00551,6269.1,INR,2026-06-28 23:10:56.122833
ORDER_0009210,CUST_00596,35020.51,INR,2026-07-15 05:43:24.122833
ORDER_0009211,CUST_00213,85837.78,INR,2026-08-28 21:50:26.122833
ORDER_0009212,CUST_00095,3599.6,INR,2026-06-14 18:54:58.122833
ORDER_0009213,CUST_00567,711.0,INR,2026-07-27 20:14:53.122833
ORDER_0009214,CUST_00301,1017.06,INR,2026-07-04 04:58:48.122833
ORDER_0009215,CUST_01061,3551.52,INR,2026-08-08 22:57:19.122833
ORDER_0009216,CUST_00687,5364.92,INR,2026-08-13 08:55:30.122833
ORDER_0009217,CUST_01690,73298.04,INR,2026-08-15 00:27:17.122833
ORDER_0009218,CUST_01965,6997.07,INR,2026-07-03 11:21:46.122833
ORDER_0009219,CUST_00366,878.13,INR,2026-06-26 20:54:43.122833
ORDER_0009220,CUST_00155,1739.93,INR,2026-06-17 16:08:10.122833
ORDER_0009221,CUST_01487,9452.2,INR,2026-08-09 20:15:07.122833
ORDER_0009222,CUST_00085,40620.96,INR,2026-06-23 20:10:47.122833
ORDER_0009223,CUST_01432,653.72,INR,2026-08-14 06:16:19.122833
ORDER_0009224,CUST_00121,4971.69,INR,2026-06-27 00:04:26.122833
ORDER_0009225,CUST_00379,2469.06,INR,2026-08-15 15:14:34.122833
ORDER_0009226,CUST_00020,28320.62,INR,2026-08-07 08:49:14.122833
ORDER_0009227,CUST_00835,7815.43,INR,2026-06-15 22:38:01.122833
ORDER_0009228,CUST_01611,262.38,INR,2026-06-06 19:52:59.122833
ORDER_0009229,CUST_01089,9226.0,INR,2026-06-23 14:55:37.122833
ORDER_0009230,CUST_00459,1443.67,INR,2026-06-25 12:46:09.122833
ORDER_0009231,CUST_00522,93220.61,INR,2026-08-06 01:41:37.122833
ORDER_0009232,CUST_00099,664.31,INR,2026-06-24 13:14:54.122833
ORDER_0009233,CUST_00967,99300.92,INR,2026-07-05 18:03:00.122833
ORDER_0009234,CUST_01150,2702.71,INR,2026-07-07 04:47:07.122833
ORDER_0009235,CUST_01894,714.15,INR,2026-07-12 21:31:10.122833
ORDER_0009236,CUST_01390,17884.84,INR,2026-06-29 21:29:06.122833
ORDER_0009237,CUST_01321,820.09,INR,2026-08-12 05:00:17.122833
ORDER_0009238,CUST_00904,78869.85,INR,2026-08-10 03:04:10.122833
ORDER_0009239,CUST_00163,720.16,INR,2026-07-23 20:09:24.122833
ORDER_0009240,CUST_00707,95882.84,INR,2026-06-28 20:08:11.122833
ORDER_0009241,CUST_00572,83611.27,INR,2026-07-26 23:55:32.122833
ORDER_0009242,CUST_00142,2214.13,INR,2026-06-27 09:02:24.122833
ORDER_0009243,CUST_00652,62940.83,INR,2026-08-28 07:38:13.122833
ORDER_0009244,CUST_00336,983.81,INR,2026-06-20 19:28:26.122833
ORDER_0009245,CUST_01691,74105.83,INR,2026-07-15 18:51:03.122833
ORDER_0009246,CUST_01147,14543.74,INR,2026-08-07 03:10:56.122833
ORDER_0009247,CUST_00617,949.1,INR,2026-08-21 23:38:23.122833
ORDER_0009248,CUST_00087,663.98,INR,2026-08-01 02:32:44.122833
ORDER_0009249,CUST_01193,7126.2,INR,2026-06-24 10:35:12.122833
ORDER_0009250,CUST_00076,22039.97,INR,2026-06-24 16:16:44.122833
ORDER_0009251,CUST_00817,5641.94,INR,2026-08-15 20:42:52.122833
ORDER_0009252,CUST_00960,964.65,INR,2026-08-23 01:23:53.122833
ORDER_0009253,CUST_00245,615.55,INR,2026-06-10 17:04:31.122833
ORDER_0009254,CUST_01539,54618.29,INR,2026-07-29 16:37:25.122833
ORDER_0009255,CUST_01720,488.51,INR,2026-07-02 01:04:38.122833
ORDER_0009256,CUST_01842,55280.89,INR,2026-06-19 23:50:16.122833
ORDER_0009257,CUST_00223,35288.47,INR,2026-08-02 03:11:36.122833
ORDER_0009258,CUST_01772,49658.79,INR,2026-07-29 04:38:11.122833
ORDER_0009259,CUST_01429,22901.09,INR,2026-06-23 00:52:26.122833
ORDER_0009260,CUST_01200,9405.88,INR,2026-07-21 19:08:09.122833
ORDER_0009261,CUST_01002,618.64,INR,2026-06-12 22:43:20.122833
ORDER_0009262,CUST_00010,1434.85,INR,2026-06-04 14:55:35.122833
ORDER_0009263,CUST_00199,776.29,INR,2026-08-06 04:47:23.122833
ORDER_0009264,CUST_00952,3000.45,INR,2026-08-23 12:07:09.122833
ORDER_0009265,CUST_00750,524.22,INR,2026-06-23 12:45:52.122833
ORDER_0009266,CUST_01859,4699.02,INR,2026-08-25 04:30:11.122833
ORDER_0009267,CUST_01030,6270.28,INR,2026-08-04 00:25:52.122833
ORDER_0009268,CUST_00368,81816.63,INR,2026-08-20 22:12:42.122833
ORDER_0009269,CUST_00596,7705.78,INR,2026-07-21 10:15:11.122833
ORDER_0009270,CUST_01033,167.08,INR,2026-06-13 00:03:14.122833
ORDER_0009271,CUST_00154,256.63,INR,2026-07-12 02:51:16.122833
ORDER_0009272,CUST_00806,8679.46,INR,2026-08-21 17:38:06.122833
ORDER_0009273,CUST_00307,201.89,INR,2026-08-13 19:51:44.122833
ORDER_0009274,CUST_01327,883.44,INR,2026-06-17 13:44:56.122833
ORDER_0009275,CUST_00785,442.58,INR,2026-07-09 20:12:04.122833
ORDER_0009276,CUST_01578,804.1,INR,2026-08-07 06:41:53.122833
ORDER_0009277,CUST_00846,415.39,INR,2026-07-04 06:01:09.122833
ORDER_0009278,CUST_01536,45398.37,INR,2026-08-06 21:10:36.122833
ORDER_0009279,CUST_01400,4384.53,INR,2026-07-31 00:55:03.122833
ORDER_0009280,CUST_01956,183.02,INR,2026-06-22 15:05:04.122833
ORDER_0009281,CUST_00050,3027.76,INR,2026-06-17 23:49:38.122833
ORDER_0009282,CUST_01042,2836.21,INR,2026-07-15 00:37:19.122833
ORDER_0009283,CUST_00570,481.73,INR,2026-06-18 20:21:01.122833
ORDER_0009284,CUST_00299,7281.62,INR,2026-07-02 03:02:37.122833
ORDER_0009285,CUST_01516,6292.36,INR,2026-08-14 13:43:47.122833
ORDER_0009286,CUST_01343,22853.57,INR,2026-08-15 01:52:15.122833
ORDER_0009287,CUST_00958,1389.12,INR,2026-06-27 21:53:47.122833
ORDER_0009288,CUST_01612,2325.88,INR,2026-07-24 06:56:56.122833
ORDER_0009289,CUST_01244,53405.79,INR,2026-08-23 08:16:47.122833
ORDER_0009290,CUST_00785,45834.36,INR,2026-08-04 09:32:21.122833
ORDER_0009291,CUST_01232,82324.23,INR,2026-07-19 18:24:15.122833
ORDER_0009292,CUST_01251,921.28,INR,2026-06-14 12:39:09.122833
ORDER_0009293,CUST_01022,31109.66,INR,2026-07-31 03:24:53.122833
ORDER_0009294,CUST_00363,18628.1,INR,2026-08-03 15:45:58.122833
ORDER_0009295,CUST_00293,757.94,INR,2026-06-27 08:42:56.122833
ORDER_0009296,CUST_00986,4125.62,INR,2026-06-23 08:16:00.122833
ORDER_0009297,CUST_01800,856.56,INR,2026-08-09 22:12:56.122833
ORDER_0009298,CUST_01161,12407.52,INR,2026-06-25 23:50:43.122833
ORDER_0009299,CUST_01879,7464.46,INR,2026-07-21 09:38:11.122833
ORDER_0009300,CUST_00819,9546.28,INR,2026-06-28 02:59:27.122833
ORDER_0009301,CUST_00329,5035.0,INR,2026-07-28 08:57:13.122833
ORDER_0009302,CUST_01371,608.64,INR,2026-07-06 12:37:17.122833
ORDER_0009303,CUST_01822,66884.23,INR,2026-06-08 05:06:35.122833
ORDER_0009304,CUST_00874,29169.66,INR,2026-06-18 20:50:44.122833
ORDER_0009305,CUST_00174,56361.83,INR,2026-07-20 15:12:24.122833
ORDER_0009306,CUST_00782,15555.77,INR,2026-08-27 23:49:07.122833
ORDER_0009307,CUST_00893,5702.47,INR,2026-08-29 16:45:50.122833
ORDER_0009308,CUST_01630,821.86,INR,2026-06-08 02:32:52.122833
ORDER_0009309,CUST_00162,57694.58,INR,2026-08-24 22:53:24.122833
ORDER_0009310,CUST_01687,70719.71,INR,2026-06-27 23:47:43.122833
ORDER_0009311,CUST_01208,95877.03,INR,2026-08-29 06:29:25.122833
ORDER_0009312,CUST_01243,9150.43,INR,2026-07-12 16:05:27.122833
ORDER_0009313,CUST_01214,67825.93,INR,2026-07-30 05:06:57.122833
ORDER_0009314,CUST_01027,238.87,INR,2026-06-04 13:36:08.122833
ORDER_0009315,CUST_00708,75536.84,INR,2026-08-18 11:49:44.122833
ORDER_0009316,CUST_01263,6511.92,INR,2026-06-09 18:11:20.122833
ORDER_0009317,CUST_00420,6035.43,INR,2026-06-07 23:53:39.122833
ORDER_0009318,CUST_00227,13740.4,INR,2026-06-26 10:51:10.122833
ORDER_0009319,CUST_00199,438.64,INR,2026-06-30 14:38:36.122833
ORDER_0009320,CUST_00981,380.59,INR,2026-08-01 23:12:46.122833
ORDER_0009321,CUST_01429,60795.04,INR,2026-06-30 15:43:20.122833
ORDER_0009322,CUST_01290,1516.08,INR,2026-07-24 02:43:12.122833
ORDER_0009323,CUST_01551,957.67,INR,2026-06-17 12:29:48.122833
ORDER_0009324,CUST_01819,75078.48,INR,2026-06-28 10:34:55.122833
ORDER_0009325,CUST_01587,135.82,INR,2026-08-27 11:44:53.122833
ORDER_0009326,CUST_00250,130.48,INR,2026-08-01 16:59:34.122833
ORDER_0009327,CUST_00088,5761.24,INR,2026-07-29 23:38:00.122833
ORDER_0009328,CUST_00679,151.37,INR,2026-07-18 19:03:25.122833
ORDER_0009329,CUST_01256,97723.21,INR,2026-08-18 18:02:39.122833
ORDER_0009330,CUST_01130,4105.33,INR,2026-07-12 18:32:30.122833
ORDER_0009331,CUST_01470,1759.02,INR,2026-08-03 11:18:08.122833
ORDER_0009332,CUST_01330,6866.35,INR,2026-06-07 14:27:14.122833
ORDER_0009333,CUST_00452,14954.17,INR,2026-06-23 12:18:44.122833
ORDER_0009334,CUST_00512,6667.48,INR,2026-07-09 14:48:18.122833
ORDER_0009335,CUST_00783,769.3,INR,2026-06-02 21:53:52.122833
ORDER_0009336,CUST_00971,4048.59,INR,2026-06-06 13:56:08.122833
ORDER_0009337,CUST_01127,105.83,INR,2026-08-30 20:17:47.122833
ORDER_0009338,CUST_01502,234.7,INR,2026-08-09 18:41:30.122833
ORDER_0009339,CUST_00263,88657.41,INR,2026-06-06 15:51:11.122833
ORDER_0009340,CUST_00105,386.77,INR,2026-08-15 12:29:03.122833
ORDER_0009341,CUST_01870,5914.5,INR,2026-07-27 13:55:16.122833
ORDER_0009342,CUST_00763,276.34,INR,2026-08-17 14:39:04.122833
ORDER_0009343,CUST_00055,5168.82,INR,2026-08-23 10:54:05.122833
ORDER_0009344,CUST_00168,19889.5,INR,2026-07-02 04:52:10.122833
ORDER_0009345,CUST_00657,8123.34,INR,2026-06-24 20:50:25.122833
ORDER_0009346,CUST_01561,6027.78,INR,2026-06-13 11:30:55.122833
ORDER_0009347,CUST_01227,22160.67,INR,2026-07-04 13:49:15.122833
ORDER_0009348,CUST_01745,556.18,INR,2026-06-13 03:17:57.122833
ORDER_0009349,CUST_01478,156.62,INR,2026-08-20 12:11:34.122833
ORDER_0009350,CUST_01047,80802.41,INR,2026-07-10 12:14:15.122833
ORDER_0009351,CUST_00452,1324.3,INR,2026-08-31 06:23:35.122833
ORDER_0009352,CUST_00212,17526.56,INR,2026-08-06 00:08:30.122833
ORDER_0009353,CUST_01399,2277.3,INR,2026-08-03 09:32:57.122833
ORDER_0009354,CUST_01498,3982.01,INR,2026-08-01 13:40:58.122833
ORDER_0009355,CUST_01122,853.41,INR,2026-07-01 04:21:53.122833
ORDER_0009356,CUST_01777,3266.48,INR,2026-06-23 11:58:44.122833
ORDER_0009357,CUST_00257,30443.08,INR,2026-07-17 13:06:24.122833
ORDER_0009358,CUST_01255,666.42,INR,2026-08-23 12:42:39.122833
ORDER_0009359,CUST_00820,717.67,INR,2026-07-11 11:52:36.122833
ORDER_0009360,CUST_00084,181.09,INR,2026-06-03 23:47:39.122833
ORDER_0009361,CUST_01665,8003.32,INR,2026-08-22 08:22:15.122833
ORDER_0009362,CUST_00028,35206.71,INR,2026-08-27 11:12:16.122833
ORDER_0009363,CUST_01868,250.49,INR,2026-07-21 01:06:51.122833
ORDER_0009364,CUST_00610,6534.47,INR,2026-08-01 00:45:09.122833
ORDER_0009365,CUST_00426,1281.61,INR,2026-07-13 03:01:13.122833
ORDER_0009366,CUST_01661,452.27,INR,2026-07-27 17:06:18.122833
ORDER_0009367,CUST_01239,95258.93,INR,2026-07-31 16:42:29.122833
ORDER_0009368,CUST_01532,38069.8,INR,2026-07-30 16:18:49.122833
ORDER_0009369,CUST_00243,13740.7,INR,2026-07-20 10:34:06.122833
ORDER_0009370,CUST_01356,83956.54,INR,2026-07-04 09:50:01.122833
ORDER_0009371,CUST_01719,97309.02,INR,2026-07-21 08:24:41.122833
ORDER_0009372,CUST_00810,7596.18,INR,2026-07-18 00:21:27.122833
ORDER_0009373,CUST_01248,32060.56,INR,2026-07-16 07:24:51.122833
ORDER_0009374,CUST_00240,25058.1,INR,2026-08-14 01:33:21.122833
ORDER_0009375,CUST_00479,6720.51,INR,2026-08-16 08:01:10.122833
ORDER_0009376,CUST_01706,9435.55,INR,2026-08-16 02:47:37.122833
ORDER_0009377,CUST_01766,33135.28,INR,2026-07-24 11:21:43.122833
ORDER_0009378,CUST_00760,87511.94,INR,2026-08-16 09:37:45.122833
ORDER_0009379,CUST_00662,9827.01,INR,2026-08-02 13:44:14.122833
ORDER_0009380,CUST_01513,347.62,INR,2026-08-11 12:16:22.122833
ORDER_0009381,CUST_01727,125.12,INR,2026-07-09 22:53:20.122833
ORDER_0009382,CUST_01270,90323.71,INR,2026-07-01 03:10:03.122833
ORDER_0009383,CUST_00737,59871.53,INR,2026-06-19 07:37:20.122833
ORDER_0009384,CUST_01008,2935.71,INR,2026-08-18 05:56:44.122833
ORDER_0009385,CUST_00089,7509.2,INR,2026-07-13 02:35:31.122833
ORDER_0009386,CUST_01635,21925.53,INR,2026-07-30 17:22:04.122833
ORDER_0009387,CUST_01978,7886.6,INR,2026-08-06 17:32:47.122833
ORDER_0009388,CUST_00014,67095.45,INR,2026-06-03 02:42:29.122833
ORDER_0009389,CUST_01738,85714.8,INR,2026-07-25 17:23:02.122833
ORDER_0009390,CUST_01576,2816.51,INR,2026-08-03 14:56:43.122833
ORDER_0009391,CUST_01549,8131.04,INR,2026-08-06 20:12:58.122833
ORDER_0009392,CUST_01388,9737.34,INR,2026-08-26 17:06:11.122833
ORDER_0009393,CUST_00263,42052.2,INR,2026-06-13 01:55:07.122833
ORDER_0009394,CUST_00997,8539.56,INR,2026-06-26 05:24:33.122833
ORDER_0009395,CUST_00041,2444.12,INR,2026-07-25 13:08:29.122833
ORDER_0009396,CUST_00394,516.38,INR,2026-07-28 14:32:08.122833
ORDER_0009397,CUST_01130,4387.36,INR,2026-08-27 02:02:49.122833
ORDER_0009398,CUST_00450,89828.49,INR,2026-07-31 09:17:20.122833
ORDER_0009399,CUST_00710,7837.44,INR,2026-06-08 20:19:14.122833
ORDER_0009400,CUST_00605,134.63,INR,2026-06-08 15:06:57.122833
ORDER_0009401,CUST_01132,127.38,INR,2026-06-04 01:37:16.122833
ORDER_0009402,CUST_01942,131.94,INR,2026-08-07 08:40:10.122833
ORDER_0009403,CUST_00033,4572.82,INR,2026-08-04 01:13:40.122833
ORDER_0009404,CUST_01376,10766.87,INR,2026-07-23 16:22:07.122833
ORDER_0009405,CUST_01405,8771.56,INR,2026-08-20 05:27:27.122833
ORDER_0009406,CUST_00659,500.73,INR,2026-06-11 02:45:45.122833
ORDER_0009407,CUST_00849,1712.45,INR,2026-06-24 19:14:05.122833
ORDER_0009408,CUST_00164,5526.45,INR,2026-06-10 05:02:00.122833
ORDER_0009409,CUST_01416,348.69,INR,2026-07-14 12:42:14.122833
ORDER_0009410,CUST_01796,749.09,INR,2026-08-18 16:47:31.122833
ORDER_0009411,CUST_01485,9953.47,INR,2026-08-27 20:58:34.122833
ORDER_0009412,CUST_01808,200.82,INR,2026-08-22 13:05:37.122833
ORDER_0009413,CUST_00566,5556.33,INR,2026-07-20 20:58:34.122833
ORDER_0009414,CUST_00544,72147.42,INR,2026-07-30 08:58:19.122833
ORDER_0009415,CUST_00824,9174.52,INR,2026-07-24 06:43:06.122833
ORDER_0009416,CUST_00746,32151.26,INR,2026-07-01 00:40:43.122833
ORDER_0009417,CUST_00555,81681.63,INR,2026-07-19 14:55:03.122833
ORDER_0009418,CUST_01649,37466.66,INR,2026-07-17 02:09:40.122833
ORDER_0009419,CUST_01684,921.24,INR,2026-06-20 18:25:19.122833
ORDER_0009420,CUST_00524,3589.62,INR,2026-06-05 03:50:08.122833
ORDER_0009421,CUST_01529,755.28,INR,2026-06-03 12:19:26.122833
ORDER_0009422,CUST_01248,201.49,INR,2026-06-13 05:33:17.122833
ORDER_0009423,CUST_00279,8531.45,INR,2026-08-19 06:59:17.122833
ORDER_0009424,CUST_00108,76501.83,INR,2026-06-05 15:24:27.122833
ORDER_0009425,CUST_00177,4961.67,INR,2026-07-09 21:56:05.122833
ORDER_0009426,CUST_00853,940.16,INR,2026-08-24 02:02:48.122833
ORDER_0009427,CUST_01295,806.46,INR,2026-08-31 13:00:23.122833
ORDER_0009428,CUST_00150,12927.62,INR,2026-08-02 15:39:25.122833
ORDER_0009429,CUST_00615,905.3,INR,2026-07-30 08:27:25.122833
ORDER_0009430,CUST_00727,6928.9,INR,2026-07-11 11:09:28.122833
ORDER_0009431,CUST_00712,84005.51,INR,2026-08-14 01:28:23.122833
ORDER_0009432,CUST_00439,2581.4,INR,2026-07-07 18:14:11.122833
ORDER_0009433,CUST_01578,577.75,INR,2026-06-24 01:03:35.122833
ORDER_0009434,CUST_01122,7642.81,INR,2026-07-06 16:23:00.122833
ORDER_0009435,CUST_00662,28561.5,INR,2026-06-21 15:20:43.122833
ORDER_0009436,CUST_00074,84907.62,INR,2026-06-19 17:18:33.122833
ORDER_0009437,CUST_01726,1778.89,INR,2026-07-02 20:07:56.122833
ORDER_0009438,CUST_00723,298.25,INR,2026-07-17 00:40:21.122833
ORDER_0009439,CUST_01574,95582.96,INR,2026-06-23 13:06:07.122833
ORDER_0009440,CUST_00908,56214.94,INR,2026-06-10 17:41:27.122833
ORDER_0009441,CUST_00077,9225.84,INR,2026-07-24 21:12:00.122833
ORDER_0009442,CUST_01062,7985.03,INR,2026-06-18 00:58:34.122833
ORDER_0009443,CUST_01232,5355.19,INR,2026-06-21 22:19:04.122833
ORDER_0009444,CUST_01832,705.98,INR,2026-08-16 02:10:29.122833
ORDER_0009445,CUST_01438,65474.75,INR,2026-07-13 10:39:50.122833
ORDER_0009446,CUST_00671,73330.53,INR,2026-07-01 01:42:30.122833
ORDER_0009447,CUST_01233,237.85,INR,2026-07-03 03:10:55.122833
ORDER_0009448,CUST_00474,300.01,INR,2026-08-08 21:10:19.122833
ORDER_0009449,CUST_00384,8751.89,INR,2026-06-06 02:33:10.122833
ORDER_0009450,CUST_01196,63350.53,INR,2026-08-03 21:31:04.122833
ORDER_0009451,CUST_01904,38235.62,INR,2026-07-11 00:36:27.122833
ORDER_0009452,CUST_01875,566.19,INR,2026-07-13 09:54:04.122833
ORDER_0009453,CUST_00768,357.07,INR,2026-06-11 01:26:27.122833
ORDER_0009454,CUST_00391,7811.05,INR,2026-07-02 21:47:14.122833
ORDER_0009455,CUST_01811,967.88,INR,2026-06-12 05:56:48.122833
ORDER_0009456,CUST_00611,566.11,INR,2026-08-11 02:13:15.122833
ORDER_0009457,CUST_01365,320.98,INR,2026-08-08 01:55:39.122833
ORDER_0009458,CUST_00093,432.39,INR,2026-06-16 15:20:23.122833
ORDER_0009459,CUST_01252,1800.7,INR,2026-06-11 15:42:26.122833
ORDER_0009460,CUST_00559,85286.77,INR,2026-08-20 10:03:44.122833
ORDER_0009461,CUST_01819,316.41,INR,2026-08-04 12:16:46.122833
ORDER_0009462,CUST_00495,5600.52,INR,2026-07-02 11:52:19.122833
ORDER_0009463,CUST_01599,10357.87,INR,2026-06-30 23:21:33.122833
ORDER_0009464,CUST_01068,8333.87,INR,2026-08-13 06:13:53.122833
ORDER_0009465,CUST_00122,9282.52,INR,2026-08-28 20:28:59.122833
ORDER_0009466,CUST_01080,8567.41,INR,2026-08-25 20:31:27.122833
ORDER_0009467,CUST_01149,190.25,INR,2026-08-15 04:05:33.122833
ORDER_0009468,CUST_00853,257.52,INR,2026-08-10 02:58:32.122833
ORDER_0009469,CUST_01286,1357.82,INR,2026-07-17 14:00:32.122833
ORDER_0009470,CUST_01090,718.75,INR,2026-07-16 14:25:50.122833
ORDER_0009471,CUST_00056,2681.55,INR,2026-06-04 20:29:25.122833
ORDER_0009472,CUST_01469,510.84,INR,2026-07-10 03:06:01.122833
ORDER_0009473,CUST_01997,7064.04,INR,2026-08-10 17:03:49.122833
ORDER_0009474,CUST_00144,14252.77,INR,2026-08-01 10:24:19.122833
ORDER_0009475,CUST_01300,468.78,INR,2026-06-15 19:08:22.122833
ORDER_0009476,CUST_01909,446.94,INR,2026-08-04 13:30:03.122833
ORDER_0009477,CUST_00777,738.22,INR,2026-08-07 01:45:49.122833
ORDER_0009478,CUST_00395,61192.42,INR,2026-06-30 03:02:45.122833
ORDER_0009479,CUST_01655,2893.15,INR,2026-06-07 11:04:08.122833
ORDER_0009480,CUST_00505,59695.62,INR,2026-06-17 16:25:48.122833
ORDER_0009481,CUST_00082,19510.74,INR,2026-06-23 15:23:04.122833
ORDER_0009482,CUST_01853,63317.51,INR,2026-08-07 07:53:41.122833
ORDER_0009483,CUST_00894,52907.96,INR,2026-06-11 19:56:25.122833
ORDER_0009484,CUST_00450,555.36,INR,2026-07-31 20:35:13.122833
ORDER_0009485,CUST_00506,8877.24,INR,2026-07-04 21:04:49.122833
ORDER_0009486,CUST_00971,8628.96,INR,2026-08-13 03:44:57.122833
ORDER_0009487,CUST_01762,10716.78,INR,2026-06-05 16:53:45.122833
ORDER_0009488,CUST_00741,4879.37,INR,2026-08-14 08:35:36.122833
ORDER_0009489,CUST_01742,212.61,INR,2026-07-05 00:09:17.122833
ORDER_0009490,CUST_01624,30236.11,INR,2026-06-13 00:31:04.122833
ORDER_0009491,CUST_01450,9883.3,INR,2026-07-05 07:37:18.122833
ORDER_0009492,CUST_01036,814.27,INR,2026-06-10 03:24:36.122833
ORDER_0009493,CUST_01761,8611.75,INR,2026-08-29 01:32:44.122833
ORDER_0009494,CUST_00236,360.68,INR,2026-08-10 20:13:28.122833
ORDER_0009495,CUST_00786,7694.49,INR,2026-08-19 06:44:39.122833
ORDER_0009496,CUST_01976,264.13,INR,2026-07-20 08:28:02.122833
ORDER_0009497,CUST_01819,18354.5,INR,2026-08-26 20:35:43.122833
ORDER_0009498,CUST_01515,88970.09,INR,2026-08-16 17:52:13.122833
ORDER_0009499,CUST_00411,4450.36,INR,2026-06-19 01:20:39.122833
ORDER_0009500,CUST_01142,32664.94,INR,2026-06-21 11:05:58.122833
ORDER_0009501,CUST_01455,472.07,INR,2026-06-30 11:52:49.122833
ORDER_0009502,CUST_00802,209.34,INR,2026-06-30 02:23:11.122833
ORDER_0009503,CUST_01777,38004.84,INR,2026-07-12 23:17:27.122833
ORDER_0009504,CUST_01139,9650.83,INR,2026-07-01 20:57:46.122833
ORDER_0009505,CUST_00860,3661.96,INR,2026-08-10 10:07:43.122833
ORDER_0009506,CUST_00997,2281.69,INR,2026-06-23 17:34:29.122833
ORDER_0009507,CUST_00785,653.31,INR,2026-08-28 10:12:21.122833
ORDER_0009508,CUST_00941,3933.83,INR,2026-07-18 08:02:40.122833
ORDER_0009509,CUST_01674,351.55,INR,2026-06-23 18:11:57.122833
ORDER_0009510,CUST_01759,28719.79,INR,2026-07-09 10:04:10.122833
ORDER_0009511,CUST_01848,5909.16,INR,2026-08-08 21:53:33.122833
ORDER_0009512,CUST_00738,48594.72,INR,2026-06-23 21:00:15.122833
ORDER_0009513,CUST_01248,8102.83,INR,2026-06-10 04:36:48.122833
ORDER_0009514,CUST_01344,305.63,INR,2026-08-03 20:29:16.122833
ORDER_0009515,CUST_01647,92992.77,INR,2026-06-26 18:21:16.122833
ORDER_0009516,CUST_01578,8481.05,INR,2026-08-16 23:49:24.122833
ORDER_0009517,CUST_00850,64978.94,INR,2026-08-01 20:52:12.122833
ORDER_0009518,CUST_00127,4794.23,INR,2026-08-15 19:37:26.122833
ORDER_0009519,CUST_01537,7417.62,INR,2026-08-21 00:25:40.122833
ORDER_0009520,CUST_01642,31267.96,INR,2026-06-25 05:31:07.122833
ORDER_0009521,CUST_01792,4382.71,INR,2026-07-16 16:36:09.122833
ORDER_0009522,CUST_01364,13012.45,INR,2026-08-28 14:10:47.122833
ORDER_0009523,CUST_01914,6028.14,INR,2026-08-29 04:12:06.122833
ORDER_0009524,CUST_00447,209.8,INR,2026-08-10 00:14:04.122833
ORDER_0009525,CUST_01772,1110.18,INR,2026-06-06 00:19:27.122833
ORDER_0009526,CUST_00006,76335.52,INR,2026-06-20 09:11:50.122833
ORDER_0009527,CUST_00742,7157.59,INR,2026-06-21 19:57:53.122833
ORDER_0009528,CUST_00152,718.73,INR,2026-06-23 02:24:54.122833
ORDER_0009529,CUST_01015,1096.88,INR,2026-08-29 02:09:58.122833
ORDER_0009530,CUST_00783,85829.18,INR,2026-06-28 12:00:21.122833
ORDER_0009531,CUST_00720,54854.3,INR,2026-08-02 00:10:39.122833
ORDER_0009532,CUST_00302,5941.97,INR,2026-08-24 11:17:14.122833
ORDER_0009533,CUST_00732,54244.05,INR,2026-08-26 23:28:11.122833
ORDER_0009534,CUST_00409,419.97,INR,2026-06-30 23:24:35.122833
ORDER_0009535,CUST_00130,92564.36,INR,2026-08-23 09:48:19.122833
ORDER_0009536,CUST_01996,364.34,INR,2026-07-09 01:30:58.122833
ORDER_0009537,CUST_00280,630.02,INR,2026-08-03 14:27:01.122833
ORDER_0009538,CUST_00089,18679.06,INR,2026-08-25 03:01:00.122833
ORDER_0009539,CUST_00676,684.37,INR,2026-06-15 12:02:10.122833
ORDER_0009540,CUST_00703,7035.49,INR,2026-07-23 02:34:31.122833
ORDER_0009541,CUST_00454,69425.27,INR,2026-07-28 01:35:40.122833
ORDER_0009542,CUST_00918,572.64,INR,2026-07-10 00:05:59.122833
ORDER_0009543,CUST_00764,945.39,INR,2026-08-26 20:47:26.122833
ORDER_0009544,CUST_00177,2258.29,INR,2026-08-14 21:25:23.122833
ORDER_0009545,CUST_01312,7609.0,INR,2026-08-23 12:48:30.122833
ORDER_0009546,CUST_01676,185.67,INR,2026-08-23 01:44:16.122833
ORDER_0009547,CUST_01888,606.57,INR,2026-06-26 17:53:49.122833
ORDER_0009548,CUST_00864,61274.4,INR,2026-06-09 11:00:11.122833
ORDER_0009549,CUST_00486,80790.23,INR,2026-08-07 14:12:20.122833
ORDER_0009550,CUST_00969,610.51,INR,2026-07-01 19:48:00.122833
ORDER_0009551,CUST_00955,96122.14,INR,2026-07-15 17:28:24.122833
ORDER_0009552,CUST_01577,2291.3,INR,2026-07-12 12:28:28.122833
ORDER_0009553,CUST_01969,541.82,INR,2026-07-05 03:36:14.122833
ORDER_0009554,CUST_01002,3887.79,INR,2026-08-11 15:01:04.122833
ORDER_0009555,CUST_00162,304.01,INR,2026-08-06 04:15:24.122833
ORDER_0009556,CUST_00882,6642.38,INR,2026-07-26 19:41:58.122833
ORDER_0009557,CUST_00548,88100.78,INR,2026-08-25 16:38:35.122833
ORDER_0009558,CUST_00719,426.4,INR,2026-06-05 16:39:52.122833
ORDER_0009559,CUST_01896,3985.94,INR,2026-06-07 05:35:25.122833
ORDER_0009560,CUST_00266,975.14,INR,2026-08-07 08:50:09.122833
ORDER_0009561,CUST_01738,506.05,INR,2026-08-27 11:17:29.122833
ORDER_0009562,CUST_00935,319.28,INR,2026-06-22 11:01:02.122833
ORDER_0009563,CUST_01377,6701.49,INR,2026-08-27 11:15:18.122833
ORDER_0009564,CUST_01532,2115.24,INR,2026-08-26 04:13:25.122833
ORDER_0009565,CUST_01703,2462.04,INR,2026-08-17 16:26:05.122833
ORDER_0009566,CUST_00443,93435.27,INR,2026-08-12 04:49:22.122833
ORDER_0009567,CUST_01519,96563.81,INR,2026-07-31 19:03:55.122833
ORDER_0009568,CUST_00458,259.89,INR,2026-07-20 17:29:54.122833
ORDER_0009569,CUST_01187,22004.3,INR,2026-07-05 16:08:34.122833
ORDER_0009570,CUST_00112,904.04,INR,2026-08-12 16:08:32.122833
ORDER_0009571,CUST_00529,939.86,INR,2026-06-24 10:26:54.122833
ORDER_0009572,CUST_01281,69619.37,INR,2026-06-29 05:51:36.122833
ORDER_0009573,CUST_00689,8348.23,INR,2026-08-09 11:22:32.122833
ORDER_0009574,CUST_00102,6698.28,INR,2026-07-10 16:11:04.122833
ORDER_0009575,CUST_00361,254.53,INR,2026-07-13 18:37:07.122833
ORDER_0009576,CUST_00186,7211.07,INR,2026-08-17 05:15:30.122833
ORDER_0009577,CUST_01764,556.7,INR,2026-07-15 11:36:03.122833
ORDER_0009578,CUST_01816,560.37,INR,2026-08-07 05:46:40.122833
ORDER_0009579,CUST_00583,26014.19,INR,2026-07-29 22:52:12.122833
ORDER_0009580,CUST_00483,72469.86,INR,2026-08-18 01:54:43.122833
ORDER_0009581,CUST_01074,177.75,INR,2026-08-06 05:55:32.122833
ORDER_0009582,CUST_00704,876.4,INR,2026-06-14 22:11:51.122833
ORDER_0009583,CUST_01158,254.14,INR,2026-08-13 02:40:23.122833
ORDER_0009584,CUST_01469,4031.5,INR,2026-06-21 14:58:13.122833
ORDER_0009585,CUST_00010,29747.25,INR,2026-07-20 20:24:32.122833
ORDER_0009586,CUST_00962,7792.43,INR,2026-07-13 17:30:10.122833
ORDER_0009587,CUST_01868,60763.14,INR,2026-07-30 13:00:55.122833
ORDER_0009588,CUST_01550,58646.38,INR,2026-08-04 06:34:06.122833
ORDER_0009589,CUST_01645,64094.72,INR,2026-07-19 20:08:40.122833
ORDER_0009590,CUST_01930,727.26,INR,2026-06-03 08:19:39.122833
ORDER_0009591,CUST_00580,25017.85,INR,2026-08-24 23:55:39.122833
ORDER_0009592,CUST_00927,12307.04,INR,2026-06-22 16:44:52.122833
ORDER_0009593,CUST_00412,4349.41,INR,2026-07-24 04:22:38.122833
ORDER_0009594,CUST_00166,39491.14,INR,2026-08-08 22:41:23.122833
ORDER_0009595,CUST_01218,29292.73,INR,2026-06-16 12:18:19.122833
ORDER_0009596,CUST_00327,334.59,INR,2026-08-30 01:11:23.122833
ORDER_0009597,CUST_01089,3002.5,INR,2026-07-17 07:23:43.122833
ORDER_0009598,CUST_00539,3328.16,INR,2026-07-10 18:40:07.122833
ORDER_0009599,CUST_01540,81797.6,INR,2026-08-15 10:09:51.122833
ORDER_0009600,CUST_00857,3531.21,INR,2026-08-13 08:37:20.122833
ORDER_0009601,CUST_01567,18824.03,INR,2026-06-17 05:30:08.122833
ORDER_0009602,CUST_01041,25958.4,INR,2026-06-27 04:26:56.122833
ORDER_0009603,CUST_01910,28129.13,INR,2026-06-17 09:03:54.122833
ORDER_0009604,CUST_01302,824.92,INR,2026-06-08 12:10:59.122833
ORDER_0009605,CUST_00048,57305.61,INR,2026-07-23 21:06:27.122833
ORDER_0009606,CUST_01802,4857.17,INR,2026-08-05 05:11:26.122833
ORDER_0009607,CUST_01840,85414.64,INR,2026-07-19 00:58:14.122833
ORDER_0009608,CUST_01399,78115.01,INR,2026-06-24 07:57:14.122833
ORDER_0009609,CUST_00943,28275.98,INR,2026-06-21 14:21:33.122833
ORDER_0009610,CUST_00962,83704.32,INR,2026-07-22 08:16:11.122833
ORDER_0009611,CUST_00842,45870.18,INR,2026-08-18 09:21:01.122833
ORDER_0009612,CUST_01956,4109.48,INR,2026-06-23 00:37:02.122833
ORDER_0009613,CUST_01832,601.56,INR,2026-08-30 01:15:58.122833
ORDER_0009614,CUST_01063,998.08,INR,2026-07-04 21:25:41.122833
ORDER_0009615,CUST_00575,67148.19,INR,2026-08-02 22:35:08.122833
ORDER_0009616,CUST_01526,654.13,INR,2026-08-12 17:48:25.122833
ORDER_0009617,CUST_01676,62178.78,INR,2026-06-05 00:46:18.122833
ORDER_0009618,CUST_00866,93122.41,INR,2026-07-11 19:27:43.122833
ORDER_0009619,CUST_00152,2772.73,INR,2026-06-19 17:39:43.122833
ORDER_0009620,CUST_01919,8539.51,INR,2026-06-08 04:22:52.122833
ORDER_0009621,CUST_01475,587.06,INR,2026-07-12 05:49:56.122833
ORDER_0009622,CUST_00430,696.4,INR,2026-07-16 05:49:48.122833
ORDER_0009623,CUST_01377,98283.86,INR,2026-08-24 10:52:16.122833
ORDER_0009624,CUST_00736,74080.37,INR,2026-07-31 00:33:10.122833
ORDER_0009625,CUST_01235,16084.94,INR,2026-06-07 00:10:13.122833
ORDER_0009626,CUST_00019,6186.04,INR,2026-07-21 06:39:31.122833
ORDER_0009627,CUST_01609,954.66,INR,2026-06-05 19:15:45.122833
ORDER_0009628,CUST_01749,35256.69,INR,2026-07-13 19:26:33.122833
ORDER_0009629,CUST_00890,242.05,INR,2026-08-10 10:53:12.122833
ORDER_0009630,CUST_00803,98552.9,INR,2026-07-18 10:45:02.122833
ORDER_0009631,CUST_01322,19780.89,INR,2026-06-29 04:14:01.122833
ORDER_0009632,CUST_00735,1999.27,INR,2026-08-14 19:59:44.122833
ORDER_0009633,CUST_01404,454.11,INR,2026-07-11 10:56:09.122833
ORDER_0009634,CUST_00532,4278.97,INR,2026-07-17 22:48:06.122833
ORDER_0009635,CUST_00345,2835.04,INR,2026-08-15 22:03:35.122833
ORDER_0009636,CUST_01429,4570.65,INR,2026-06-05 22:48:11.122833
ORDER_0009637,CUST_01167,93587.37,INR,2026-07-01 15:13:45.122833
ORDER_0009638,CUST_01865,5573.1,INR,2026-07-23 12:56:10.122833
ORDER_0009639,CUST_01199,12431.47,INR,2026-08-20 09:58:59.122833
ORDER_0009640,CUST_01345,49032.08,INR,2026-08-09 13:29:53.122833
ORDER_0009641,CUST_01689,97832.88,INR,2026-08-19 00:27:15.122833
ORDER_0009642,CUST_01501,3817.13,INR,2026-06-08 21:21:01.122833
ORDER_0009643,CUST_00488,6547.08,INR,2026-08-14 04:29:27.122833
ORDER_0009644,CUST_00694,7487.52,INR,2026-06-24 12:14:15.122833
ORDER_0009645,CUST_01963,9561.8,INR,2026-08-23 05:44:42.122833
ORDER_0009646,CUST_01207,364.31,INR,2026-07-19 21:54:26.122833
ORDER_0009647,CUST_01124,9262.45,INR,2026-07-16 22:08:38.122833
ORDER_0009648,CUST_01424,2446.33,INR,2026-08-26 02:12:12.122833
ORDER_0009649,CUST_01713,7574.16,INR,2026-06-26 02:10:11.122833
ORDER_0009650,CUST_00974,313.25,INR,2026-06-15 18:49:40.122833
ORDER_0009651,CUST_01523,4269.87,INR,2026-08-23 09:13:54.122833
ORDER_0009652,CUST_00895,8858.04,INR,2026-08-15 18:34:39.122833
ORDER_0009653,CUST_00736,60670.21,INR,2026-08-08 18:33:40.122833
ORDER_0009654,CUST_00384,134.83,INR,2026-08-26 03:34:03.122833
ORDER_0009655,CUST_00340,598.68,INR,2026-07-14 19:36:38.122833
ORDER_0009656,CUST_00173,564.15,INR,2026-07-20 22:41:36.122833
ORDER_0009657,CUST_00461,12276.76,INR,2026-08-24 23:12:53.122833
ORDER_0009658,CUST_01529,6560.0,INR,2026-07-08 03:05:07.122833
ORDER_0009659,CUST_00283,576.77,INR,2026-08-25 17:44:48.122833
ORDER_0009660,CUST_01117,6955.25,INR,2026-06-27 11:12:30.122833
ORDER_0009661,CUST_00114,386.94,INR,2026-06-20 05:17:05.122833
ORDER_0009662,CUST_00518,97532.1,INR,2026-07-02 14:42:54.122833
ORDER_0009663,CUST_00029,65971.11,INR,2026-07-28 09:15:48.122833
ORDER_0009664,CUST_00753,50249.83,INR,2026-07-30 19:45:33.122833
ORDER_0009665,CUST_00488,279.17,INR,2026-07-03 08:38:07.122833
ORDER_0009666,CUST_01528,3944.33,INR,2026-06-03 21:15:48.122833
ORDER_0009667,CUST_00481,78748.85,INR,2026-07-08 10:58:19.122833
ORDER_0009668,CUST_01936,737.54,INR,2026-07-12 12:32:09.122833
ORDER_0009669,CUST_00978,913.11,INR,2026-07-22 23:28:46.122833
ORDER_0009670,CUST_01764,73443.91,INR,2026-08-04 12:36:40.122833
ORDER_0009671,CUST_00008,201.77,INR,2026-08-08 06:48:29.122833
ORDER_0009672,CUST_00062,30628.17,INR,2026-06-16 16:51:27.122833
ORDER_0009673,CUST_01024,59070.28,INR,2026-07-29 04:52:02.122833
ORDER_0009674,CUST_00809,642.25,INR,2026-07-21 15:49:51.122833
ORDER_0009675,CUST_01407,10670.06,INR,2026-06-20 18:19:27.122833
ORDER_0009676,CUST_01517,23005.75,INR,2026-07-07 11:18:00.122833
ORDER_0009677,CUST_00938,142.6,INR,2026-08-13 20:07:13.122833
ORDER_0009678,CUST_00489,196.15,INR,2026-06-28 02:26:20.122833
ORDER_0009679,CUST_01992,76986.4,INR,2026-07-27 16:10:11.122833
ORDER_0009680,CUST_01427,478.93,INR,2026-07-25 19:07:54.122833
ORDER_0009681,CUST_01783,975.95,INR,2026-07-25 09:04:32.122833
ORDER_0009682,CUST_01173,8469.73,INR,2026-07-17 04:02:31.122833
ORDER_0009683,CUST_00952,91402.49,INR,2026-08-23 14:04:52.122833
ORDER_0009684,CUST_01495,43548.26,INR,2026-07-17 00:05:15.122833
ORDER_0009685,CUST_01083,5247.33,INR,2026-06-17 11:17:21.122833
ORDER_0009686,CUST_00548,302.53,INR,2026-08-22 12:59:20.122833
ORDER_0009687,CUST_01230,9969.29,INR,2026-06-29 00:40:19.122833
ORDER_0009688,CUST_00361,663.53,INR,2026-06-16 01:09:33.122833
ORDER_0009689,CUST_00477,70550.89,INR,2026-06-24 01:43:37.122833
ORDER_0009690,CUST_00859,1473.72,INR,2026-08-25 01:44:20.122833
ORDER_0009691,CUST_00433,8527.0,INR,2026-06-05 10:09:29.122833
ORDER_0009692,CUST_00183,6558.17,INR,2026-08-04 02:48:24.122833
ORDER_0009693,CUST_00217,39684.62,INR,2026-08-28 03:16:14.122833
ORDER_0009694,CUST_01150,52866.71,INR,2026-06-26 17:45:39.122833
ORDER_0009695,CUST_00318,9340.72,INR,2026-06-24 12:24:15.122833
ORDER_0009696,CUST_01095,515.5,INR,2026-08-10 00:59:52.122833
ORDER_0009697,CUST_01548,17438.42,INR,2026-08-12 15:52:41.122833
ORDER_0009698,CUST_01747,86212.84,INR,2026-06-14 17:03:07.122833
ORDER_0009699,CUST_01532,5100.12,INR,2026-07-20 20:40:05.122833
ORDER_0009700,CUST_01576,164.12,INR,2026-06-26 23:37:12.122833
ORDER_0009701,CUST_01533,708.02,INR,2026-08-20 13:44:28.122833
ORDER_0009702,CUST_01137,1442.64,INR,2026-08-15 13:45:13.122833
ORDER_0009703,CUST_01413,50501.61,INR,2026-07-26 05:07:11.122833
ORDER_0009704,CUST_00989,198.16,INR,2026-06-03 07:41:30.122833
ORDER_0009705,CUST_01828,9845.46,INR,2026-07-08 12:30:53.122833
ORDER_0009706,CUST_01663,980.41,INR,2026-06-22 17:22:26.122833
ORDER_0009707,CUST_00996,377.82,INR,2026-07-22 14:20:23.122833
ORDER_0009708,CUST_00211,6697.67,INR,2026-07-03 15:45:46.122833
ORDER_0009709,CUST_00870,9089.93,INR,2026-08-15 10:15:13.122833
ORDER_0009710,CUST_00769,96259.41,INR,2026-06-06 13:17:09.122833
ORDER_0009711,CUST_01275,91667.73,INR,2026-08-05 10:40:10.122833
ORDER_0009712,CUST_00941,77829.64,INR,2026-06-13 20:17:23.122833
ORDER_0009713,CUST_01667,394.86,INR,2026-08-30 05:29:43.122833
ORDER_0009714,CUST_01723,29878.43,INR,2026-08-08 10:09:56.122833
ORDER_0009715,CUST_00842,771.7,INR,2026-07-26 22:50:02.122833
ORDER_0009716,CUST_00691,50868.49,INR,2026-08-19 06:59:33.122833
ORDER_0009717,CUST_00474,9337.59,INR,2026-08-27 00:42:39.122833
ORDER_0009718,CUST_00433,5676.56,INR,2026-08-06 14:53:33.122833
ORDER_0009719,CUST_01672,781.92,INR,2026-07-01 05:40:37.122833
ORDER_0009720,CUST_00852,89974.45,INR,2026-07-30 06:17:14.122833
ORDER_0009721,CUST_00458,407.01,INR,2026-08-25 20:11:57.122833
ORDER_0009722,CUST_01478,852.01,INR,2026-08-30 00:26:53.122833
ORDER_0009723,CUST_00846,4853.76,INR,2026-08-24 18:33:20.122833
ORDER_0009724,CUST_01929,31144.95,INR,2026-08-08 02:29:03.122833
ORDER_0009725,CUST_00130,5478.63,INR,2026-07-14 16:37:54.122833
ORDER_0009726,CUST_00875,41697.58,INR,2026-06-07 00:30:13.122833
ORDER_0009727,CUST_01344,251.82,INR,2026-06-25 05:16:29.122833
ORDER_0009728,CUST_01751,904.66,INR,2026-06-20 12:23:42.122833
ORDER_0009729,CUST_01129,9752.4,INR,2026-08-01 04:51:46.122833
ORDER_0009730,CUST_00573,5738.43,INR,2026-07-09 23:18:36.122833
ORDER_0009731,CUST_01772,897.85,INR,2026-08-10 18:12:47.122833
ORDER_0009732,CUST_00429,401.64,INR,2026-06-22 02:10:42.122833
ORDER_0009733,CUST_00996,178.03,INR,2026-08-07 09:11:08.122833
ORDER_0009734,CUST_01712,980.61,INR,2026-07-15 17:36:08.122833
ORDER_0009735,CUST_00939,2474.69,INR,2026-06-20 19:38:36.122833
ORDER_0009736,CUST_00811,367.39,INR,2026-07-15 20:43:19.122833
ORDER_0009737,CUST_01910,79283.62,INR,2026-06-13 07:15:02.122833
ORDER_0009738,CUST_01023,4422.37,INR,2026-07-26 17:35:08.122833
ORDER_0009739,CUST_00324,2531.44,INR,2026-08-06 06:54:37.122833
ORDER_0009740,CUST_00097,9902.43,INR,2026-08-05 19:50:09.122833
ORDER_0009741,CUST_01993,2939.2,INR,2026-08-09 04:40:10.122833
ORDER_0009742,CUST_01948,5460.21,INR,2026-07-02 10:45:47.122833
ORDER_0009743,CUST_00222,50646.15,INR,2026-07-18 21:05:35.122833
ORDER_0009744,CUST_01390,6656.15,INR,2026-07-06 07:25:45.122833
ORDER_0009745,CUST_01546,466.59,INR,2026-07-09 23:09:58.122833
ORDER_0009746,CUST_00880,9083.9,INR,2026-06-17 02:20:03.122833
ORDER_0009747,CUST_00979,1776.97,INR,2026-06-27 21:50:31.122833
ORDER_0009748,CUST_00808,90811.14,INR,2026-06-14 20:03:27.122833
ORDER_0009749,CUST_01965,4322.17,INR,2026-06-25 14:22:01.122833
ORDER_0009750,CUST_01141,3259.92,INR,2026-08-23 15:07:04.122833
ORDER_0009751,CUST_00891,14315.92,INR,2026-08-06 09:45:06.122833
ORDER_0009752,CUST_01493,6461.55,INR,2026-07-04 04:39:37.122833
ORDER_0009753,CUST_00913,3209.01,INR,2026-08-23 11:02:34.122833
ORDER_0009754,CUST_00152,42347.15,INR,2026-06-11 21:11:34.122833
ORDER_0009755,CUST_00636,19825.85,INR,2026-07-01 14:35:42.122833
ORDER_0009756,CUST_01441,994.36,INR,2026-07-18 17:35:30.122833
ORDER_0009757,CUST_01540,34311.59,INR,2026-08-01 16:57:13.122833
ORDER_0009758,CUST_01518,66636.11,INR,2026-06-09 06:40:40.122833
ORDER_0009759,CUST_01900,1051.9,INR,2026-07-19 09:19:31.122833
ORDER_0009760,CUST_01287,6912.89,INR,2026-06-12 11:15:21.122833
ORDER_0009761,CUST_01217,35179.65,INR,2026-08-04 20:29:09.122833
ORDER_0009762,CUST_00465,5789.95,INR,2026-08-24 20:25:47.122833
ORDER_0009763,CUST_00396,5941.4,INR,2026-06-19 13:46:12.122833
ORDER_0009764,CUST_00243,17009.64,INR,2026-06-07 09:58:23.122833
ORDER_0009765,CUST_00796,581.59,INR,2026-07-09 17:55:55.122833
ORDER_0009766,CUST_00553,3798.41,INR,2026-08-10 20:59:00.122833
ORDER_0009767,CUST_00732,89683.74,INR,2026-07-31 06:06:59.122833
ORDER_0009768,CUST_01712,80887.82,INR,2026-07-09 23:52:14.122833
ORDER_0009769,CUST_01958,31249.23,INR,2026-06-03 06:20:16.122833
ORDER_0009770,CUST_00242,42185.58,INR,2026-06-14 16:11:05.122833
ORDER_0009771,CUST_00807,56046.36,INR,2026-07-19 03:28:00.122833
ORDER_0009772,CUST_01598,25961.52,INR,2026-08-21 14:44:36.122833
ORDER_0009773,CUST_01861,7430.47,INR,2026-06-20 09:35:12.122833
ORDER_0009774,CUST_00349,8039.51,INR,2026-08-01 03:00:39.122833
ORDER_0009775,CUST_00214,871.4,INR,2026-08-30 14:39:47.122833
ORDER_0009776,CUST_00022,684.09,INR,2026-06-27 21:03:41.122833
ORDER_0009777,CUST_01347,517.89,INR,2026-06-18 13:13:24.122833
ORDER_0009778,CUST_00130,8419.59,INR,2026-07-29 20:28:39.122833
ORDER_0009779,CUST_01414,9687.99,INR,2026-08-25 05:08:27.122833
ORDER_0009780,CUST_01317,288.3,INR,2026-08-16 05:57:20.122833
ORDER_0009781,CUST_01573,27526.49,INR,2026-07-06 06:16:52.122833
ORDER_0009782,CUST_00423,6286.65,INR,2026-06-08 08:23:44.122833
ORDER_0009783,CUST_00905,74351.32,INR,2026-07-27 03:08:22.122833
ORDER_0009784,CUST_01570,659.94,INR,2026-08-09 15:00:49.122833
ORDER_0009785,CUST_00981,382.83,INR,2026-08-30 14:48:33.122833
ORDER_0009786,CUST_01271,81201.31,INR,2026-08-01 07:15:10.122833
ORDER_0009787,CUST_00861,7310.83,INR,2026-07-02 17:48:49.122833
ORDER_0009788,CUST_01777,745.47,INR,2026-08-09 09:08:19.122833
ORDER_0009789,CUST_01361,3596.81,INR,2026-06-06 13:15:16.122833
ORDER_0009790,CUST_01880,77722.73,INR,2026-08-05 13:41:01.122833
ORDER_0009791,CUST_01073,2704.05,INR,2026-08-24 05:11:27.122833
ORDER_0009792,CUST_00845,26886.4,INR,2026-07-30 13:15:18.122833
ORDER_0009793,CUST_01682,43055.44,INR,2026-07-27 11:27:04.122833
ORDER_0009794,CUST_01847,3934.35,INR,2026-08-25 19:04:26.122833
ORDER_0009795,CUST_01289,2583.47,INR,2026-07-17 02:33:41.122833
ORDER_0009796,CUST_00964,19192.08,INR,2026-08-23 17:41:24.122833
ORDER_0009797,CUST_00197,89859.0,INR,2026-07-04 22:36:46.122833
ORDER_0009798,CUST_01953,2816.63,INR,2026-07-12 04:42:12.122833
ORDER_0009799,CUST_00418,481.08,INR,2026-08-12 23:29:23.122833
ORDER_0009800,CUST_01080,102.93,INR,2026-06-24 09:29:11.122833
ORDER_0009801,CUST_01587,9395.12,INR,2026-07-07 04:55:26.122833
ORDER_0009802,CUST_00830,6769.05,INR,2026-06-19 22:25:36.122833
ORDER_0009803,CUST_00783,3585.19,INR,2026-06-30 14:40:15.122833
ORDER_0009804,CUST_00659,7820.59,INR,2026-06-30 14:42:29.122833
ORDER_0009805,CUST_00247,66583.6,INR,2026-07-13 20:34:04.122833
ORDER_0009806,CUST_00836,897.01,INR,2026-07-07 17:55:32.122833
ORDER_0009807,CUST_01867,29361.72,INR,2026-08-24 19:35:40.122833
ORDER_0009808,CUST_00424,4074.38,INR,2026-06-19 09:12:09.122833
ORDER_0009809,CUST_01993,54116.84,INR,2026-06-30 10:01:27.122833
ORDER_0009810,CUST_00221,4779.79,INR,2026-07-24 07:20:51.122833
ORDER_0009811,CUST_01432,82827.07,INR,2026-06-17 07:41:53.122833
ORDER_0009812,CUST_01198,3301.8,INR,2026-07-18 19:06:57.122833
ORDER_0009813,CUST_00445,19485.89,INR,2026-06-07 02:32:28.122833
ORDER_0009814,CUST_00602,698.02,INR,2026-06-18 08:37:56.122833
ORDER_0009815,CUST_01097,22589.26,INR,2026-07-05 10:32:48.122833
ORDER_0009816,CUST_01928,1959.49,INR,2026-07-30 11:52:19.122833
ORDER_0009817,CUST_01733,2227.58,INR,2026-08-30 01:39:59.122833
ORDER_0009818,CUST_01561,333.43,INR,2026-07-12 08:03:57.122833
ORDER_0009819,CUST_01953,47121.42,INR,2026-06-14 23:43:38.122833
ORDER_0009820,CUST_01280,3376.74,INR,2026-06-12 22:18:05.122833
ORDER_0009821,CUST_00267,38966.27,INR,2026-07-10 17:34:27.122833
ORDER_0009822,CUST_01659,54436.79,INR,2026-08-20 05:20:10.122833
ORDER_0009823,CUST_00521,129.02,INR,2026-08-03 15:01:59.122833
ORDER_0009824,CUST_00498,6449.53,INR,2026-07-24 17:02:33.122833
ORDER_0009825,CUST_01015,25740.39,INR,2026-07-10 18:41:25.122833
ORDER_0009826,CUST_01523,34184.58,INR,2026-08-07 15:59:25.122833
ORDER_0009827,CUST_00712,44820.58,INR,2026-07-27 05:23:17.122833
ORDER_0009828,CUST_01320,1778.99,INR,2026-07-15 17:57:56.122833
ORDER_0009829,CUST_00305,25838.96,INR,2026-07-25 19:44:52.122833
ORDER_0009830,CUST_00706,3639.54,INR,2026-07-26 21:21:51.122833
ORDER_0009831,CUST_00638,80037.52,INR,2026-07-09 14:03:11.122833
ORDER_0009832,CUST_01831,2639.36,INR,2026-06-30 04:33:28.122833
ORDER_0009833,CUST_00601,30945.09,INR,2026-08-01 00:19:48.122833
ORDER_0009834,CUST_00101,783.86,INR,2026-07-30 19:47:01.122833
ORDER_0009835,CUST_01833,1112.06,INR,2026-07-20 16:49:53.122833
ORDER_0009836,CUST_00871,61255.3,INR,2026-07-27 13:43:49.122833
ORDER_0009837,CUST_00139,19741.18,INR,2026-08-04 07:50:19.122833
ORDER_0009838,CUST_01428,61133.82,INR,2026-08-21 00:34:45.122833
ORDER_0009839,CUST_01120,920.08,INR,2026-06-25 08:44:55.122833
ORDER_0009840,CUST_00251,966.9,INR,2026-06-06 02:31:23.122833
ORDER_0009841,CUST_00037,1819.4,INR,2026-08-23 22:32:59.122833
ORDER_0009842,CUST_01368,921.53,INR,2026-08-28 20:21:58.122833
ORDER_0009843,CUST_00591,929.81,INR,2026-06-18 16:45:14.122833
ORDER_0009844,CUST_00410,55422.48,INR,2026-07-31 07:02:08.122833
ORDER_0009845,CUST_01113,55146.03,INR,2026-07-08 10:08:33.122833
ORDER_0009846,CUST_00633,832.11,INR,2026-06-11 05:30:08.122833
ORDER_0009847,CUST_01686,15343.55,INR,2026-08-08 23:37:25.122833
ORDER_0009848,CUST_01242,8769.09,INR,2026-08-09 15:17:07.122833
ORDER_0009849,CUST_01666,28607.06,INR,2026-07-11 16:25:41.122833
ORDER_0009850,CUST_00145,760.65,INR,2026-06-10 04:31:05.122833
ORDER_0009851,CUST_01867,54574.29,INR,2026-06-06 23:39:38.122833
ORDER_0009852,CUST_01654,939.02,INR,2026-07-17 08:27:12.122833
ORDER_0009853,CUST_00472,60150.22,INR,2026-07-25 14:09:13.122833
ORDER_0009854,CUST_01324,59320.5,INR,2026-07-16 10:07:18.122833
ORDER_0009855,CUST_01483,9897.92,INR,2026-06-22 09:16:36.122833
ORDER_0009856,CUST_00132,18984.38,INR,2026-06-29 10:44:41.122833
ORDER_0009857,CUST_00430,2503.61,INR,2026-08-10 06:15:46.122833
ORDER_0009858,CUST_01672,9398.14,INR,2026-06-16 02:08:06.122833
ORDER_0009859,CUST_01457,78093.46,INR,2026-06-13 00:49:33.122833
ORDER_0009860,CUST_00509,14297.61,INR,2026-08-26 08:08:22.122833
ORDER_0009861,CUST_01480,84546.89,INR,2026-06-13 19:20:49.122833
ORDER_0009862,CUST_00736,385.27,INR,2026-06-30 22:19:55.122833
ORDER_0009863,CUST_00662,101.92,INR,2026-08-06 04:28:15.122833
ORDER_0009864,CUST_00497,33961.54,INR,2026-06-29 01:56:14.122833
ORDER_0009865,CUST_00045,743.66,INR,2026-08-17 16:16:50.122833
ORDER_0009866,CUST_00492,1649.47,INR,2026-07-02 00:53:25.122833
ORDER_0009867,CUST_00181,507.01,INR,2026-08-09 11:59:40.122833
ORDER_0009868,CUST_00847,617.4,INR,2026-07-30 19:46:17.122833
ORDER_0009869,CUST_01587,935.37,INR,2026-06-27 05:04:25.122833
ORDER_0009870,CUST_00379,50819.47,INR,2026-08-02 16:16:51.122833
ORDER_0009871,CUST_01682,31356.13,INR,2026-08-09 11:50:20.122833
ORDER_0009872,CUST_00429,86558.05,INR,2026-08-04 20:06:14.122833
ORDER_0009873,CUST_00729,6631.68,INR,2026-07-21 10:42:19.122833
ORDER_0009874,CUST_00803,18810.74,INR,2026-07-25 21:27:28.122833
ORDER_0009875,CUST_00543,2371.72,INR,2026-07-10 10:40:17.122833
ORDER_0009876,CUST_01151,24360.7,INR,2026-06-06 09:31:57.122833
ORDER_0009877,CUST_00168,24525.75,INR,2026-08-15 13:36:11.122833
ORDER_0009878,CUST_00074,6282.27,INR,2026-08-07 01:04:53.122833
ORDER_0009879,CUST_00583,19136.42,INR,2026-07-03 11:43:15.122833
ORDER_0009880,CUST_01483,660.47,INR,2026-06-25 11:39:53.122833
ORDER_0009881,CUST_00941,1493.88,INR,2026-08-28 12:35:27.122833
ORDER_0009882,CUST_01946,52656.18,INR,2026-07-10 09:26:39.122833
ORDER_0009883,CUST_00635,9083.09,INR,2026-08-31 00:31:13.122833
ORDER_0009884,CUST_01531,411.03,INR,2026-07-17 22:59:14.122833
ORDER_0009885,CUST_01129,2245.22,INR,2026-06-24 23:16:31.122833
ORDER_0009886,CUST_01249,316.11,INR,2026-07-05 06:51:00.122833
ORDER_0009887,CUST_00813,6178.45,INR,2026-07-15 19:22:53.122833
ORDER_0009888,CUST_00177,787.14,INR,2026-06-09 09:21:24.122833
ORDER_0009889,CUST_00851,63536.22,INR,2026-06-24 14:51:09.122833
ORDER_0009890,CUST_01472,77550.54,INR,2026-07-01 20:03:42.122833
ORDER_0009891,CUST_01222,242.09,INR,2026-07-08 07:45:42.122833
ORDER_0009892,CUST_00102,63370.61,INR,2026-06-05 10:45:51.122833
ORDER_0009893,CUST_00821,6778.28,INR,2026-08-08 17:29:29.122833
ORDER_0009894,CUST_01798,3220.88,INR,2026-08-03 19:03:17.122833
ORDER_0009895,CUST_01930,8729.8,INR,2026-07-20 18:27:11.122833
ORDER_0009896,CUST_01027,47684.25,INR,2026-06-21 14:29:48.122833
ORDER_0009897,CUST_00945,395.83,INR,2026-06-20 10:32:08.122833
ORDER_0009898,CUST_01793,6750.21,INR,2026-08-08 07:03:03.122833
ORDER_0009899,CUST_01786,69395.39,INR,2026-06-20 18:01:43.122833
ORDER_0009900,CUST_00180,78602.34,INR,2026-06-23 03:43:19.122833
ORDER_0009901,CUST_00604,6364.8,INR,2026-07-16 21:05:53.122833
ORDER_0009902,CUST_00332,3159.13,INR,2026-06-19 17:08:11.122833
ORDER_0009903,CUST_00095,10011.1,INR,2026-07-10 05:27:00.122833
ORDER_0009904,CUST_00070,364.78,INR,2026-06-21 15:43:39.122833
ORDER_0009905,CUST_01638,936.67,INR,2026-07-04 00:05:31.122833
ORDER_0009906,CUST_01083,2400.08,INR,2026-07-21 10:31:29.122833
ORDER_0009907,CUST_01076,8951.64,INR,2026-06-04 00:13:57.122833
ORDER_0009908,CUST_00278,196.35,INR,2026-06-21 00:05:59.122833
ORDER_0009909,CUST_00700,685.67,INR,2026-08-07 05:00:11.122833
ORDER_0009910,CUST_00855,4423.77,INR,2026-06-22 02:44:39.122833
ORDER_0009911,CUST_01738,4720.71,INR,2026-06-17 10:23:02.122833
ORDER_0009912,CUST_01073,2687.48,INR,2026-08-08 00:41:40.122833
ORDER_0009913,CUST_01760,3564.11,INR,2026-07-22 01:58:56.122833
ORDER_0009914,CUST_00829,7910.25,INR,2026-07-19 01:58:07.122833
ORDER_0009915,CUST_00892,693.2,INR,2026-07-10 02:44:37.122833
ORDER_0009916,CUST_00132,636.27,INR,2026-08-08 16:19:24.122833
ORDER_0009917,CUST_00962,53936.77,INR,2026-08-13 02:52:51.122833
ORDER_0009918,CUST_00366,822.18,INR,2026-08-22 04:04:56.122833
ORDER_0009919,CUST_00376,95499.87,INR,2026-08-25 04:32:36.122833
ORDER_0009920,CUST_00226,6427.24,INR,2026-08-24 18:40:51.122833
ORDER_0009921,CUST_01112,6607.82,INR,2026-06-14 05:07:12.122833
ORDER_0009922,CUST_01830,377.38,INR,2026-07-12 23:16:06.122833
ORDER_0009923,CUST_00123,59025.08,INR,2026-07-04 06:39:10.122833
ORDER_0009924,CUST_01805,2352.11,INR,2026-07-22 15:24:55.122833
ORDER_0009925,CUST_00455,8566.1,INR,2026-07-27 13:57:38.122833
ORDER_0009926,CUST_01369,382.05,INR,2026-08-14 17:44:16.122833
ORDER_0009927,CUST_00570,44428.26,INR,2026-07-08 09:17:17.122833
ORDER_0009928,CUST_01895,27099.09,INR,2026-07-05 08:26:28.122833
ORDER_0009929,CUST_00855,63918.52,INR,2026-07-21 14:21:22.122833
ORDER_0009930,CUST_01253,401.49,INR,2026-06-21 03:57:49.122833
ORDER_0009931,CUST_01477,7331.09,INR,2026-08-13 01:11:28.122833
ORDER_0009932,CUST_00241,85325.28,INR,2026-08-15 12:33:18.122833
ORDER_0009933,CUST_01942,1705.16,INR,2026-06-23 05:41:33.122833
ORDER_0009934,CUST_01354,122.06,INR,2026-08-26 09:13:31.122833
ORDER_0009935,CUST_00511,42637.44,INR,2026-08-22 09:59:34.122833
ORDER_0009936,CUST_01083,18762.89,INR,2026-06-16 02:56:48.122833
ORDER_0009937,CUST_00972,2386.51,INR,2026-06-17 09:35:57.122833
ORDER_0009938,CUST_01281,1411.39,INR,2026-08-13 01:18:40.122833
ORDER_0009939,CUST_01240,61871.02,INR,2026-08-07 04:58:01.122833
ORDER_0009940,CUST_01369,423.44,INR,2026-08-02 10:09:26.122833
ORDER_0009941,CUST_01198,54741.18,INR,2026-07-18 04:36:03.122833
ORDER_0009942,CUST_01446,3192.82,INR,2026-07-31 00:13:28.122833
ORDER_0009943,CUST_00712,5961.65,INR,2026-07-24 09:23:18.122833
ORDER_0009944,CUST_01147,10692.02,INR,2026-08-10 22:44:54.122833
ORDER_0009945,CUST_01728,2172.13,INR,2026-07-04 13:04:14.122833
ORDER_0009946,CUST_01023,33419.65,INR,2026-07-09 04:22:43.122833
ORDER_0009947,CUST_01343,3436.78,INR,2026-06-17 16:03:52.122833
ORDER_0009948,CUST_00447,15812.76,INR,2026-08-07 06:07:54.122833
ORDER_0009949,CUST_01610,36888.56,INR,2026-08-01 06:01:53.122833
ORDER_0009950,CUST_00660,663.62,INR,2026-06-07 11:42:31.122833
ORDER_0009951,CUST_01169,255.86,INR,2026-06-03 13:53:32.122833
ORDER_0009952,CUST_01779,31385.46,INR,2026-06-23 19:23:32.122833
ORDER_0009953,CUST_00837,90858.57,INR,2026-08-10 02:11:45.122833
ORDER_0009954,CUST_00099,16791.61,INR,2026-07-15 03:00:40.122833
ORDER_0009955,CUST_01872,27551.73,INR,2026-07-05 09:02:50.122833
ORDER_0009956,CUST_01068,9988.13,INR,2026-07-28 01:57:43.122833
ORDER_0009957,CUST_01849,963.53,INR,2026-08-23 19:48:02.122833
ORDER_0009958,CUST_00592,84320.35,INR,2026-06-18 17:23:11.122833
ORDER_0009959,CUST_01220,613.34,INR,2026-08-10 03:50:14.122833
ORDER_0009960,CUST_00267,568.08,INR,2026-08-18 21:36:47.122833
ORDER_0009961,CUST_00539,805.67,INR,2026-08-07 23:52:19.122833
ORDER_0009962,CUST_00757,965.41,INR,2026-07-23 01:10:46.122833
ORDER_0009963,CUST_01131,766.88,INR,2026-08-28 02:44:47.122833
ORDER_0009964,CUST_00438,21944.34,INR,2026-06-12 16:09:29.122833
ORDER_0009965,CUST_01132,1125.53,INR,2026-07-19 11:19:11.122833
ORDER_0009966,CUST_00770,3648.26,INR,2026-07-12 11:53:07.122833
ORDER_0009967,CUST_00407,2576.91,INR,2026-07-30 22:44:56.122833
ORDER_0009968,CUST_01343,21576.53,INR,2026-06-23 00:28:49.122833
ORDER_0009969,CUST_01631,1753.03,INR,2026-07-20 11:17:51.122833
ORDER_0009970,CUST_01226,9939.76,INR,2026-08-18 01:04:34.122833
ORDER_0009971,CUST_00652,46948.79,INR,2026-06-29 06:27:36.122833
ORDER_0009972,CUST_01848,27105.89,INR,2026-08-30 00:20:28.122833
ORDER_0009973,CUST_01526,657.79,INR,2026-08-27 18:04:33.122833
ORDER_0009974,CUST_01309,6435.47,INR,2026-07-23 05:20:59.122833
ORDER_0009975,CUST_01833,9313.47,INR,2026-08-08 02:51:54.122833
ORDER_0009976,CUST_01373,208.7,INR,2026-08-30 12:06:01.122833
ORDER_0009977,CUST_01410,9501.4,INR,2026-06-07 00:43:05.122833
ORDER_0009978,CUST_00186,7893.13,INR,2026-08-03 03:20:06.122833
ORDER_0009979,CUST_01943,55843.48,INR,2026-07-30 02:15:08.122833
ORDER_0009980,CUST_00318,96566.01,INR,2026-06-13 15:16:34.122833
ORDER_0009981,CUST_01722,864.2,INR,2026-08-20 10:44:55.122833
ORDER_0009982,CUST_00613,173.42,INR,2026-06-16 11:15:06.122833
ORDER_0009983,CUST_00052,4573.39,INR,2026-07-23 22:16:12.122833
ORDER_0009984,CUST_00450,5992.76,INR,2026-07-22 08:46:20.122833
ORDER_0009985,CUST_01933,96249.51,INR,2026-06-10 01:07:05.122833
ORDER_0009986,CUST_00541,868.39,INR,2026-07-02 10:07:35.122833
ORDER_0009987,CUST_01376,9083.44,INR,2026-06-11 05:05:47.122833
ORDER_0009988,CUST_00600,8362.49,INR,2026-07-18 15:36:45.122833
ORDER_0009989,CUST_01192,309.33,INR,2026-06-20 12:52:54.122833
ORDER_0009990,CUST_00521,998.07,INR,2026-08-09 23:30:47.122833
ORDER_0009991,CUST_01897,3682.59,INR,2026-08-02 16:12:09.122833
ORDER_0009992,CUST_00264,76549.73,INR,2026-06-25 07:46:23.122833
ORDER_0009993,CUST_00801,37822.06,INR,2026-07-17 16:35:38.122833
ORDER_0009994,CUST_01080,6298.31,INR,2026-07-27 05:22:08.122833
ORDER_0009995,CUST_01036,471.43,INR,2026-08-15 10:59:42.122833
ORDER_0009996,CUST_00667,50643.31,INR,2026-08-11 12:19:02.122833
ORDER_0009997,CUST_00552,757.35,INR,2026-06-08 12:55:39.122833
ORDER_0009998,CUST_00292,332.49,INR,2026-06-21 19:59:22.122833
ORDER_0009999,CUST_00317,2930.29,INR,2026-08-24 23:48:08.122833
ORDER_0010000,CUST_01594,451.17,INR,2026-07-10 05:53:05.122833
