transaction_id,attempt_number,status,failure_reason,attempted_at
TXN_98f23c96f74b,1,SUCCESS,,2026-08-30 07:33:41.122833
TXN_05d1e55bcf45,1,FAILED,INSUFFICIENT_FUNDS,2026-07-10 12:36:46.122833
TXN_a39328468187,1,SUCCESS,,2026-07-27 21:25:51.122833
TXN_fe77a2aa08ea,1,SUCCESS,,2026-06-12 17:25:55.122833
TXN_c362b69f51fc,1,SUCCESS,,2026-07-20 00:54:58.122833
TXN_29eb180131f7,1,SUCCESS,,2026-06-30 03:42:27.122833
TXN_a9eab8f3e28d,1,SUCCESS,,2026-06-08 04:14:25.122833
TXN_2b6277b72cbb,1,SUCCESS,,2026-07-10 13:42:21.122833
TXN_b51016476e1b,1,SUCCESS,,2026-08-13 18:00:46.122833
TXN_4a69a93f2a27,1,FAILED,INSUFFICIENT_FUNDS,2026-08-26 02:39:29.122833
TXN_4a69a93f2a27,2,SUCCESS,,2026-08-26 03:09:29.122833
TXN_7bc0bf1cd9b2,1,SUCCESS,,2026-06-18 00:21:06.122833
TXN_19020bfeb828,1,SUCCESS,,2026-08-11 04:33:52.122833
TXN_7e42d8158c6b,1,SUCCESS,,2026-07-15 20:59:40.122833
TXN_0254df3e7c3b,1,SUCCESS,,2026-07-04 12:44:14.122833
TXN_cbc903f87fea,1,SUCCESS,,2026-06-06 09:26:19.122833
TXN_5d242fa4e8b0,1,SUCCESS,,2026-07-06 06:25:29.122833
TXN_84c091788063,1,SUCCESS,,2026-08-21 13:05:41.122833
TXN_0b3b4c39548d,1,FAILED,AUTHENTICATION_FAILED,2026-08-12 18:56:49.122833
TXN_5e924f6494cb,1,SUCCESS,,2026-07-27 19:20:03.122833
TXN_cd099c76dd07,1,SUCCESS,,2026-06-29 04:18:34.122833
TXN_92b8a55db6e9,1,FAILED,NETWORK_TIMEOUT,2026-08-09 08:55:30.122833
TXN_92b8a55db6e9,2,SUCCESS,,2026-08-09 09:36:30.122833
TXN_e803e4b8cf19,1,FAILED,UPI_TIMEOUT,2026-08-15 13:37:44.122833
TXN_e803e4b8cf19,2,SUCCESS,,2026-08-15 13:50:44.122833
TXN_3f42f279eac6,1,SUCCESS,,2026-07-21 13:41:23.122833
TXN_4b301da9b28a,1,FAILED,CUSTOMER_CANCELLED,2026-06-22 17:34:36.122833
TXN_c912024c702a,1,SUCCESS,,2026-08-07 04:40:41.122833
TXN_c0afa287df80,1,SUCCESS,,2026-07-11 02:40:58.122833
TXN_d7bc8e2b3c4d,1,FAILED,BANK_DECLINED,2026-07-04 08:35:13.122833
TXN_d7bc8e2b3c4d,2,SUCCESS,,2026-07-04 09:40:13.122833
TXN_dbdb462b7382,1,SUCCESS,,2026-07-25 20:17:45.122833
TXN_f4831b174ad0,1,SUCCESS,,2026-08-21 06:05:50.122833
TXN_858f6e883efb,1,SUCCESS,,2026-06-12 08:34:54.122833
TXN_b4d2891acd63,1,FAILED,AUTHENTICATION_FAILED,2026-06-10 03:09:05.122833
TXN_b4d2891acd63,2,SUCCESS,,2026-06-10 04:43:05.122833
TXN_207270f7cb22,1,SUCCESS,,2026-07-07 08:46:04.122833
TXN_e551ab2a5d51,1,SUCCESS,,2026-06-23 14:04:09.122833
TXN_bfd7d35765c3,1,SUCCESS,,2026-08-03 20:01:52.122833
TXN_645f188fcd08,1,SUCCESS,,2026-07-02 12:48:44.122833
TXN_be2f0cf316e9,1,SUCCESS,,2026-08-16 01:52:13.122833
TXN_0a2da26a7976,1,FAILED,BANK_DECLINED,2026-06-11 11:18:37.122833
TXN_0a2da26a7976,2,SUCCESS,,2026-06-11 11:38:37.122833
TXN_3f2be8f8b14f,1,SUCCESS,,2026-08-07 14:47:06.122833
TXN_1b11cf945375,1,SUCCESS,,2026-06-18 21:33:36.122833
TXN_a4b97c31a928,1,SUCCESS,,2026-07-03 22:15:45.122833
TXN_e112f58810d2,1,FAILED,BANK_DECLINED,2026-07-10 22:55:49.122833
TXN_8b8db20351b3,1,SUCCESS,,2026-07-03 23:51:58.122833
TXN_d90e55f39b08,1,SUCCESS,,2026-06-23 06:08:59.122833
TXN_7323509640a6,1,SUCCESS,,2026-08-02 04:10:44.122833
TXN_f5f3870d13f3,1,SUCCESS,,2026-08-16 02:52:28.122833
TXN_5a351c46110c,1,FAILED,UPI_TIMEOUT,2026-08-18 10:08:01.122833
TXN_30d3853b326c,1,SUCCESS,,2026-07-30 20:09:23.122833
TXN_4f317eb4c5ec,1,SUCCESS,,2026-06-15 12:07:02.122833
TXN_3c310f09076e,1,SUCCESS,,2026-08-24 06:37:47.122833
TXN_46bfb27260a5,1,SUCCESS,,2026-07-16 04:24:16.122833
TXN_6a2f809d836c,1,SUCCESS,,2026-08-10 00:16:10.122833
TXN_66db401cd9ba,1,SUCCESS,,2026-07-02 14:02:03.122833
TXN_87ea9a82d4fc,1,SUCCESS,,2026-06-08 09:59:43.122833
TXN_890b4d57ac76,1,FAILED,UPI_TIMEOUT,2026-06-22 10:37:01.122833
TXN_890b4d57ac76,2,SUCCESS,,2026-06-22 11:03:01.122833
TXN_1519f52c43f9,1,SUCCESS,,2026-08-13 08:57:18.122833
TXN_d44d66e05312,1,SUCCESS,,2026-07-23 04:05:11.122833
TXN_d1fd07a05971,1,SUCCESS,,2026-06-24 19:59:48.122833
TXN_2c624de63e5a,1,FAILED,LIMIT_EXCEEDED,2026-06-07 20:21:58.122833
TXN_0f0ff45de539,1,SUCCESS,,2026-08-09 04:48:36.122833
TXN_bfb5a946ffcb,1,SUCCESS,,2026-06-20 10:03:24.122833
TXN_35d59f2fc2e9,1,SUCCESS,,2026-06-21 06:50:30.122833
TXN_c21595b20d59,1,SUCCESS,,2026-06-11 12:10:46.122833
TXN_72a5fc88d18c,1,SUCCESS,,2026-06-25 13:00:26.122833
TXN_04a33ea67153,1,SUCCESS,,2026-08-11 15:59:11.122833
TXN_b886d06031d1,1,SUCCESS,,2026-06-30 07:17:06.122833
TXN_ac6525cfec3b,1,FAILED,LIMIT_EXCEEDED,2026-06-10 08:48:55.122833
TXN_ac6525cfec3b,2,SUCCESS,,2026-06-10 08:54:55.122833
TXN_8b4ac8cbf3ce,1,FAILED,NETWORK_TIMEOUT,2026-07-15 10:50:43.122833
TXN_8b4ac8cbf3ce,2,SUCCESS,,2026-07-15 11:12:43.122833
TXN_e38068ff0653,1,FAILED,BANK_DECLINED,2026-08-21 04:10:48.122833
TXN_e38068ff0653,2,SUCCESS,,2026-08-21 05:54:48.122833
TXN_9ca148ddb8ca,1,SUCCESS,,2026-08-24 12:25:38.122833
TXN_4037066f8b41,1,SUCCESS,,2026-06-17 10:24:41.122833
TXN_53004ab98247,1,SUCCESS,,2026-07-16 15:20:11.122833
TXN_a507b8900b73,1,SUCCESS,,2026-06-15 20:47:49.122833
TXN_a9e0350827ba,1,SUCCESS,,2026-06-03 20:16:14.122833
TXN_8b32dc95fe8a,1,SUCCESS,,2026-08-31 11:22:52.122833
TXN_4447b23f2540,1,FAILED,CUSTOMER_CANCELLED,2026-07-20 03:06:05.122833
TXN_7c71b4bc59dc,1,SUCCESS,,2026-08-31 01:51:21.122833
TXN_af7c25fe0dd4,1,SUCCESS,,2026-06-27 09:09:35.122833
TXN_4032481f3d2c,1,SUCCESS,,2026-07-20 00:56:10.122833
TXN_959a06f42ea1,1,FAILED,LIMIT_EXCEEDED,2026-08-31 13:18:35.122833
TXN_4023188ebfbe,1,SUCCESS,,2026-08-02 20:35:27.122833
TXN_dd9e097c217e,1,FAILED,BANK_DECLINED,2026-06-27 23:18:33.122833
TXN_dd9e097c217e,2,SUCCESS,,2026-06-28 00:44:33.122833
TXN_e2c85224b038,1,SUCCESS,,2026-07-31 01:28:27.122833
TXN_f93d8826fb90,1,SUCCESS,,2026-08-16 10:51:36.122833
TXN_47afa220318c,1,FAILED,INSUFFICIENT_FUNDS,2026-07-29 12:13:03.122833
TXN_24efb5764afd,1,SUCCESS,,2026-06-18 16:45:42.122833
TXN_6ca83f2f7728,1,SUCCESS,,2026-08-05 12:44:54.122833
TXN_462b15b8befb,1,SUCCESS,,2026-08-26 00:15:19.122833
TXN_be2ad68d40b0,1,SUCCESS,,2026-08-20 15:39:12.122833
TXN_ebae71a77f88,1,FAILED,BANK_DECLINED,2026-08-09 11:10:25.122833
TXN_342035ce36a1,1,SUCCESS,,2026-06-12 00:05:23.122833
TXN_1362895d85c6,1,SUCCESS,,2026-06-30 14:14:46.122833
TXN_8f9b58e788a4,1,SUCCESS,,2026-06-15 15:22:52.122833
TXN_389fcccb5ae5,1,FAILED,NETWORK_TIMEOUT,2026-07-27 15:47:06.122833
TXN_389fcccb5ae5,2,SUCCESS,,2026-07-27 16:09:06.122833
TXN_b5e486bf9046,1,FAILED,INSUFFICIENT_FUNDS,2026-08-20 03:53:15.122833
TXN_b5e486bf9046,2,SUCCESS,,2026-08-20 05:27:15.122833
TXN_935c5801b2db,1,SUCCESS,,2026-07-15 09:20:27.122833
TXN_c2fec17ca165,1,FAILED,UPI_TIMEOUT,2026-06-10 08:20:06.122833
TXN_c2fec17ca165,2,SUCCESS,,2026-06-10 08:25:06.122833
TXN_cd69bc3bad2b,1,SUCCESS,,2026-06-05 11:29:34.122833
TXN_ad36ded7cf2c,1,SUCCESS,,2026-06-03 12:30:59.122833
TXN_ce3fc13c12e9,1,SUCCESS,,2026-08-18 05:21:02.122833
TXN_613e4154e5f7,1,FAILED,LIMIT_EXCEEDED,2026-07-09 01:43:46.122833
TXN_6152bcf76d11,1,SUCCESS,,2026-07-18 13:04:28.122833
TXN_6f96f9fe71e8,1,SUCCESS,,2026-08-28 00:34:10.122833
TXN_12ec478f2bb4,1,SUCCESS,,2026-08-06 04:06:34.122833
TXN_29bc9a6f67af,1,SUCCESS,,2026-08-19 21:06:37.122833
TXN_4744bebb2e8d,1,SUCCESS,,2026-08-22 17:02:13.122833
TXN_e650a8339969,1,SUCCESS,,2026-06-29 17:34:16.122833
TXN_adf5db1e4300,1,SUCCESS,,2026-08-01 15:13:42.122833
TXN_6807b32aef57,1,FAILED,INSUFFICIENT_FUNDS,2026-06-20 20:17:05.122833
TXN_3883f6409a55,1,SUCCESS,,2026-06-04 05:06:58.122833
TXN_3fbd081e2286,1,FAILED,AUTHENTICATION_FAILED,2026-07-04 04:53:36.122833
TXN_a01cef4e9384,1,SUCCESS,,2026-08-01 01:48:30.122833
TXN_164a01a0ea81,1,FAILED,CUSTOMER_CANCELLED,2026-08-05 12:24:20.122833
TXN_9d618a31406d,1,SUCCESS,,2026-07-31 13:10:56.122833
TXN_9d363dd2c84e,1,SUCCESS,,2026-08-17 19:13:32.122833
TXN_b7cab63e97d5,1,SUCCESS,,2026-07-01 20:33:25.122833
TXN_61c7d4c538f6,1,SUCCESS,,2026-06-18 21:57:22.122833
TXN_78bb68cebf2f,1,SUCCESS,,2026-06-25 23:42:22.122833
TXN_575ca8c2a436,1,SUCCESS,,2026-06-11 06:45:21.122833
TXN_521a184560df,1,SUCCESS,,2026-08-29 05:41:17.122833
TXN_97a396cae924,1,SUCCESS,,2026-07-18 20:13:46.122833
TXN_1213cadf0187,1,SUCCESS,,2026-08-03 02:38:20.122833
TXN_835850cbe2d8,1,SUCCESS,,2026-07-28 12:28:37.122833
TXN_2185b82fe44e,1,SUCCESS,,2026-08-29 23:12:28.122833
TXN_bf70924f8b68,1,SUCCESS,,2026-08-17 19:44:17.122833
TXN_12be01544050,1,SUCCESS,,2026-06-27 18:05:50.122833
TXN_d99f4a72fae7,1,SUCCESS,,2026-07-30 02:17:30.122833
TXN_835cd73474fe,1,SUCCESS,,2026-06-14 23:16:08.122833
TXN_7d12ff114593,1,SUCCESS,,2026-07-02 18:34:43.122833
TXN_3226971ea12d,1,SUCCESS,,2026-07-03 15:11:12.122833
TXN_637f907c770b,1,FAILED,LIMIT_EXCEEDED,2026-07-23 01:28:23.122833
TXN_ed444d9f106b,1,SUCCESS,,2026-07-24 20:40:41.122833
TXN_9ab08d32b5e0,1,SUCCESS,,2026-08-22 21:13:15.122833
TXN_1e19cdd33e4c,1,FAILED,AUTHENTICATION_FAILED,2026-06-16 18:16:05.122833
TXN_f0ff77af8579,1,FAILED,UPI_TIMEOUT,2026-07-30 17:51:25.122833
TXN_f0ff77af8579,2,SUCCESS,,2026-07-30 17:56:25.122833
TXN_44893753e3b1,1,SUCCESS,,2026-08-23 21:34:38.122833
TXN_0b21f7f2d2b0,1,SUCCESS,,2026-06-30 21:35:51.122833
TXN_38e52c94a6d7,1,SUCCESS,,2026-06-17 10:11:12.122833
TXN_1c4390610a1c,1,SUCCESS,,2026-08-09 14:25:56.122833
TXN_2eda93343c23,1,SUCCESS,,2026-08-12 05:19:08.122833
TXN_1f7ee2e4a3a4,1,SUCCESS,,2026-06-04 16:37:00.122833
TXN_cb96ad2dfc14,1,FAILED,BANK_DECLINED,2026-08-15 03:58:00.122833
TXN_48ef449cb7fd,1,SUCCESS,,2026-08-09 05:02:20.122833
TXN_6433051b476d,1,SUCCESS,,2026-06-15 07:23:07.122833
TXN_c5823f7a9186,1,SUCCESS,,2026-08-24 02:33:53.122833
TXN_90019051ad1f,1,SUCCESS,,2026-06-15 22:54:17.122833
TXN_ca13eefbdc02,1,FAILED,BANK_DECLINED,2026-06-23 18:39:34.122833
TXN_ca13eefbdc02,2,SUCCESS,,2026-06-23 20:23:34.122833
TXN_d8cbee76f6f4,1,SUCCESS,,2026-08-12 01:58:05.122833
TXN_9cddb9e1ce5a,1,SUCCESS,,2026-07-09 03:48:11.122833
TXN_d28f518d144f,1,SUCCESS,,2026-06-11 22:10:19.122833
TXN_76e4a5f329f2,1,SUCCESS,,2026-07-22 15:24:56.122833
TXN_4b4c2442642a,1,SUCCESS,,2026-08-11 18:01:45.122833
TXN_c629edea599c,1,SUCCESS,,2026-07-01 23:40:57.122833
TXN_5ec5650cf9cb,1,SUCCESS,,2026-08-16 22:13:32.122833
TXN_4aa993bc4b25,1,SUCCESS,,2026-08-25 13:43:04.122833
TXN_eb88ac420aaa,1,SUCCESS,,2026-07-08 06:17:22.122833
TXN_e73ef9d8b546,1,FAILED,LIMIT_EXCEEDED,2026-08-06 12:45:48.122833
TXN_e320ed825fc2,1,SUCCESS,,2026-07-19 03:40:36.122833
TXN_56af26944264,1,SUCCESS,,2026-07-09 21:03:21.122833
TXN_09adafb9772c,1,SUCCESS,,2026-06-14 18:11:12.122833
TXN_9b41a0a40446,1,SUCCESS,,2026-06-20 13:11:21.122833
TXN_e5832fb0712d,1,SUCCESS,,2026-08-17 15:59:33.122833
TXN_e09caedea036,1,SUCCESS,,2026-07-24 22:16:59.122833
TXN_a59e19688c26,1,SUCCESS,,2026-08-05 12:58:22.122833
TXN_512055df5001,1,SUCCESS,,2026-06-03 02:46:13.122833
TXN_04acac6626ba,1,SUCCESS,,2026-07-28 10:24:02.122833
TXN_c8eba5114837,1,SUCCESS,,2026-06-10 19:31:15.122833
TXN_6b71c377ef21,1,SUCCESS,,2026-06-19 06:13:44.122833
TXN_e755a16e231d,1,SUCCESS,,2026-06-07 01:56:23.122833
TXN_4410d1b38052,1,SUCCESS,,2026-07-24 10:54:48.122833
TXN_d32301cb73e3,1,SUCCESS,,2026-08-30 00:38:35.122833
TXN_8931dfd6aaf9,1,SUCCESS,,2026-08-08 09:21:30.122833
TXN_677651ac42f1,1,SUCCESS,,2026-06-16 08:28:24.122833
TXN_cfb88aad5aac,1,SUCCESS,,2026-07-26 04:46:57.122833
TXN_e3abc4e6b6ba,1,FAILED,LIMIT_EXCEEDED,2026-07-13 13:43:51.122833
TXN_47a9454a2407,1,SUCCESS,,2026-07-11 10:34:14.122833
TXN_bd69fcc7b595,1,SUCCESS,,2026-06-16 12:08:50.122833
TXN_157fbe320aa6,1,SUCCESS,,2026-08-09 06:01:59.122833
TXN_32707ecdb5e3,1,SUCCESS,,2026-08-21 06:17:14.122833
TXN_59192c1bb3ed,1,SUCCESS,,2026-08-18 02:02:04.122833
TXN_28b61b00962b,1,SUCCESS,,2026-06-28 19:48:07.122833
TXN_01dfddfaab87,1,FAILED,LIMIT_EXCEEDED,2026-07-04 13:49:24.122833
TXN_01dfddfaab87,2,SUCCESS,,2026-07-04 14:25:24.122833
TXN_05cd3300c6cd,1,SUCCESS,,2026-06-16 19:20:14.122833
TXN_440cee2d8725,1,SUCCESS,,2026-06-24 04:11:16.122833
TXN_e8e8d3e7006b,1,SUCCESS,,2026-07-23 17:08:31.122833
TXN_72151acdb363,1,FAILED,INSUFFICIENT_FUNDS,2026-06-11 20:59:25.122833
TXN_72151acdb363,2,SUCCESS,,2026-06-11 21:32:25.122833
TXN_74c3af05e0f8,1,SUCCESS,,2026-06-28 21:57:58.122833
TXN_a64ba2b6a0b6,1,SUCCESS,,2026-06-20 03:21:43.122833
TXN_19192b7cb090,1,SUCCESS,,2026-07-26 03:51:10.122833
TXN_e7f099d2335d,1,SUCCESS,,2026-06-27 18:01:14.122833
TXN_a73c8065674a,1,SUCCESS,,2026-06-16 10:48:36.122833
TXN_8c9b30a0aad4,1,SUCCESS,,2026-08-03 15:47:36.122833
TXN_36e5df33a7cf,1,SUCCESS,,2026-07-13 04:56:35.122833
TXN_7c84f392d5be,1,SUCCESS,,2026-07-21 08:38:37.122833
TXN_1880fda53ddd,1,FAILED,INSUFFICIENT_FUNDS,2026-08-27 04:08:48.122833
TXN_1880fda53ddd,2,SUCCESS,,2026-08-27 04:57:48.122833
TXN_6ceb25deebae,1,SUCCESS,,2026-07-02 06:36:27.122833
TXN_fee1f0ef666d,1,SUCCESS,,2026-06-10 01:04:22.122833
TXN_dda9b1e9fb7e,1,SUCCESS,,2026-06-10 19:27:44.122833
TXN_ecbd62bbacc0,1,SUCCESS,,2026-07-13 18:19:05.122833
TXN_24722e3da674,1,SUCCESS,,2026-07-22 14:25:42.122833
TXN_5f924979b734,1,FAILED,CUSTOMER_CANCELLED,2026-07-11 23:10:54.122833
TXN_0a0e6e56ece2,1,FAILED,BANK_DECLINED,2026-08-10 22:28:41.122833
TXN_0a0e6e56ece2,2,SUCCESS,,2026-08-10 22:59:41.122833
TXN_c94cdd505fe3,1,SUCCESS,,2026-08-05 19:00:43.122833
TXN_bd24652d4286,1,SUCCESS,,2026-08-08 00:22:56.122833
TXN_2e1dc6869ba9,1,SUCCESS,,2026-08-27 05:24:42.122833
TXN_2745816b8353,1,SUCCESS,,2026-08-23 02:19:45.122833
TXN_cb187fe69381,1,SUCCESS,,2026-07-09 09:43:10.122833
TXN_97c46409daeb,1,SUCCESS,,2026-06-26 20:21:35.122833
TXN_76d004ebfcb3,1,SUCCESS,,2026-07-01 15:29:59.122833
TXN_490519904af5,1,SUCCESS,,2026-07-27 19:51:45.122833
TXN_ba5576f85441,1,SUCCESS,,2026-07-22 15:38:03.122833
TXN_1e9bcb6c7274,1,SUCCESS,,2026-08-23 23:10:03.122833
TXN_dbc4ac88a5ea,1,SUCCESS,,2026-07-01 13:34:19.122833
TXN_add86d9b811e,1,SUCCESS,,2026-07-11 15:15:04.122833
TXN_0d5c211c9ab8,1,SUCCESS,,2026-07-23 23:14:56.122833
TXN_4f5a5f1acfae,1,FAILED,LIMIT_EXCEEDED,2026-06-03 06:28:02.122833
TXN_986b159f94f7,1,SUCCESS,,2026-07-08 22:34:08.122833
TXN_a7781c40bb48,1,SUCCESS,,2026-06-13 03:38:32.122833
TXN_a9cc73a74855,1,SUCCESS,,2026-07-06 22:38:00.122833
TXN_4d84ab4a21a6,1,SUCCESS,,2026-06-21 20:49:14.122833
TXN_827b1cb984f6,1,FAILED,INSUFFICIENT_FUNDS,2026-08-13 19:49:59.122833
TXN_468788397179,1,SUCCESS,,2026-08-06 04:29:34.122833
TXN_c725fe78d68d,1,SUCCESS,,2026-08-19 06:04:50.122833
TXN_6498cf1638c1,1,SUCCESS,,2026-07-21 07:46:47.122833
TXN_522ccc0fd185,1,SUCCESS,,2026-06-13 06:03:38.122833
TXN_f3097536e9b6,1,SUCCESS,,2026-07-21 03:27:04.122833
TXN_671e607fdd23,1,SUCCESS,,2026-07-14 07:33:24.122833
TXN_5d508b86e4e5,1,SUCCESS,,2026-06-29 23:59:34.122833
TXN_cacc37b03350,1,FAILED,NETWORK_TIMEOUT,2026-08-12 09:38:13.122833
TXN_cacc37b03350,2,SUCCESS,,2026-08-12 10:40:13.122833
TXN_98b0c1c7a30e,1,SUCCESS,,2026-08-09 15:42:36.122833
TXN_3423bbf5d9fe,1,SUCCESS,,2026-08-17 14:13:38.122833
TXN_90d41a3dc316,1,SUCCESS,,2026-06-20 21:59:43.122833
TXN_540962d18c93,1,SUCCESS,,2026-06-14 07:03:34.122833
TXN_b8e406094caf,1,SUCCESS,,2026-07-13 23:43:21.122833
TXN_dcf252db2ef4,1,FAILED,NETWORK_TIMEOUT,2026-07-12 03:26:09.122833
TXN_dcf252db2ef4,2,SUCCESS,,2026-07-12 04:23:09.122833
TXN_17e59a7ea384,1,SUCCESS,,2026-07-05 05:42:57.122833
TXN_3c9b9a96cd86,1,SUCCESS,,2026-07-02 03:24:42.122833
TXN_8f534226e99f,1,SUCCESS,,2026-07-13 04:32:53.122833
TXN_09a02a772379,1,SUCCESS,,2026-06-07 15:50:16.122833
TXN_8b711cef60d9,1,SUCCESS,,2026-08-29 19:16:52.122833
TXN_5e719fc6a703,1,SUCCESS,,2026-07-07 21:34:13.122833
TXN_128531884d9f,1,SUCCESS,,2026-07-26 04:04:40.122833
TXN_3ae94c754a5f,1,SUCCESS,,2026-08-13 17:31:18.122833
TXN_41a7f3449c8f,1,FAILED,INSUFFICIENT_FUNDS,2026-06-29 09:22:03.122833
TXN_41a7f3449c8f,2,SUCCESS,,2026-06-29 09:29:03.122833
TXN_c39f867109ce,1,SUCCESS,,2026-08-02 17:20:33.122833
TXN_0141dfe0d0dc,1,SUCCESS,,2026-08-20 23:03:57.122833
TXN_2b46554cce2e,1,SUCCESS,,2026-07-25 15:59:10.122833
TXN_c8797b7ac169,1,SUCCESS,,2026-07-24 09:38:38.122833
TXN_8eb989bd6b0b,1,SUCCESS,,2026-08-10 16:31:12.122833
TXN_a80e3afa9c58,1,SUCCESS,,2026-07-06 07:43:28.122833
TXN_e070eef568c5,1,SUCCESS,,2026-06-09 04:08:13.122833
TXN_3066e6714cb6,1,SUCCESS,,2026-06-18 19:21:06.122833
TXN_ea28ff330161,1,SUCCESS,,2026-07-27 13:38:51.122833
TXN_ffc8220f347e,1,FAILED,INSUFFICIENT_FUNDS,2026-07-20 15:51:31.122833
TXN_79198a0663e6,1,FAILED,BANK_DECLINED,2026-07-15 02:23:03.122833
TXN_79198a0663e6,2,SUCCESS,,2026-07-15 04:06:03.122833
TXN_59a7e7f69b23,1,SUCCESS,,2026-07-31 13:17:09.122833
TXN_bbd592e7eb42,1,SUCCESS,,2026-07-30 02:05:14.122833
TXN_499eebc66581,1,SUCCESS,,2026-07-21 12:20:42.122833
TXN_a4267e95ac30,1,SUCCESS,,2026-07-01 08:56:31.122833
TXN_dd16cc8312b8,1,SUCCESS,,2026-07-24 09:39:47.122833
TXN_a12be82d7b0e,1,SUCCESS,,2026-06-15 12:12:37.122833
TXN_998ac97feb64,1,SUCCESS,,2026-08-21 13:02:58.122833
TXN_fc46ff3f31b7,1,SUCCESS,,2026-07-31 08:29:19.122833
TXN_85d50327e410,1,SUCCESS,,2026-06-28 05:37:05.122833
TXN_0d2f4d11a7bc,1,SUCCESS,,2026-06-08 03:47:53.122833
TXN_dfe556e13909,1,FAILED,UPI_TIMEOUT,2026-06-29 18:05:21.122833
TXN_dfe556e13909,2,SUCCESS,,2026-06-29 18:45:21.122833
TXN_1e85152f8c9c,1,SUCCESS,,2026-06-12 22:23:39.122833
TXN_51aa9b229d87,1,SUCCESS,,2026-08-26 01:40:18.122833
TXN_d1fa61f7ff1e,1,SUCCESS,,2026-06-24 00:29:27.122833
TXN_329368b182a6,1,SUCCESS,,2026-06-17 17:02:08.122833
TXN_8737097902d0,1,SUCCESS,,2026-08-29 04:34:07.122833
TXN_e8e0fb3c83d3,1,SUCCESS,,2026-06-20 22:26:24.122833
TXN_29584bce5821,1,SUCCESS,,2026-06-04 15:24:30.122833
TXN_ab3d868e5016,1,SUCCESS,,2026-07-31 14:41:34.122833
TXN_1246e68e2848,1,SUCCESS,,2026-08-29 20:47:37.122833
TXN_cd6e93d5e8e9,1,FAILED,BANK_DECLINED,2026-08-12 03:50:56.122833
TXN_cd6e93d5e8e9,2,SUCCESS,,2026-08-12 05:24:56.122833
TXN_716b1f935b94,1,SUCCESS,,2026-06-04 14:38:10.122833
TXN_f7ef20c9d370,1,FAILED,BANK_DECLINED,2026-06-15 10:21:51.122833
TXN_3417415ffae5,1,SUCCESS,,2026-07-30 19:37:14.122833
TXN_2f7d87c64202,1,SUCCESS,,2026-07-25 06:10:43.122833
TXN_c2950654d63d,1,SUCCESS,,2026-06-16 02:47:39.122833
TXN_92393eb3754c,1,SUCCESS,,2026-07-02 10:37:25.122833
TXN_2d3bb3911a07,1,SUCCESS,,2026-06-28 13:35:01.122833
TXN_5d410f82d7f3,1,SUCCESS,,2026-07-25 11:28:22.122833
TXN_ced34d513a97,1,FAILED,BANK_DECLINED,2026-06-02 17:11:06.122833
TXN_2323d19f2faa,1,SUCCESS,,2026-07-06 21:38:11.122833
TXN_9bad8001dfb4,1,SUCCESS,,2026-08-08 06:38:46.122833
TXN_8b5148b9d020,1,SUCCESS,,2026-06-13 06:59:57.122833
TXN_0585e9bf2138,1,SUCCESS,,2026-08-01 09:02:31.122833
TXN_b0937adc1f87,1,SUCCESS,,2026-08-28 13:13:57.122833
TXN_8e01d64d971c,1,SUCCESS,,2026-07-30 19:33:38.122833
TXN_d84bda09abdd,1,SUCCESS,,2026-07-01 21:03:33.122833
TXN_e9f898ef3fb9,1,SUCCESS,,2026-08-30 13:20:43.122833
TXN_48eaa0b59645,1,SUCCESS,,2026-08-19 03:25:56.122833
TXN_cf1d423d303b,1,SUCCESS,,2026-08-17 02:43:58.122833
TXN_88c0797f2ef7,1,SUCCESS,,2026-08-18 23:09:41.122833
TXN_ef2f71dba573,1,SUCCESS,,2026-07-14 02:24:09.122833
TXN_9483671f8c3d,1,SUCCESS,,2026-06-20 06:09:28.122833
TXN_76df3ff77175,1,SUCCESS,,2026-08-08 22:09:08.122833
TXN_a8092e46e307,1,SUCCESS,,2026-08-19 11:29:18.122833
TXN_9b70572169b8,1,SUCCESS,,2026-07-20 20:41:49.122833
TXN_9023a0374337,1,FAILED,CUSTOMER_CANCELLED,2026-07-09 22:36:40.122833
TXN_f79b4db95c8b,1,FAILED,INSUFFICIENT_FUNDS,2026-08-20 08:48:44.122833
TXN_6557cf6878c1,1,SUCCESS,,2026-06-22 08:02:26.122833
TXN_2040c47028a7,1,SUCCESS,,2026-08-31 00:13:36.122833
TXN_3fc6874e7081,1,SUCCESS,,2026-07-01 05:03:33.122833
TXN_29449b711908,1,SUCCESS,,2026-06-26 03:25:28.122833
TXN_0eda5198bd2a,1,SUCCESS,,2026-08-09 03:39:04.122833
TXN_098de7361509,1,SUCCESS,,2026-07-08 16:27:06.122833
TXN_ae081588142d,1,SUCCESS,,2026-08-22 21:44:05.122833
TXN_4782791c4d76,1,SUCCESS,,2026-06-10 06:25:56.122833
TXN_f3f89aef4f8a,1,SUCCESS,,2026-06-17 03:13:52.122833
TXN_acddf7b28323,1,SUCCESS,,2026-08-09 10:08:11.122833
TXN_75134ff76175,1,SUCCESS,,2026-08-17 11:09:05.122833
TXN_32b1e6f895cf,1,SUCCESS,,2026-08-27 03:36:34.122833
TXN_f6ed6ce6876b,1,SUCCESS,,2026-06-03 15:41:16.122833
TXN_b4f3bb41a625,1,FAILED,BANK_DECLINED,2026-07-26 09:38:29.122833
TXN_b4f3bb41a625,2,SUCCESS,,2026-07-26 09:56:29.122833
TXN_a6c2908f1118,1,FAILED,NETWORK_TIMEOUT,2026-08-10 11:16:35.122833
TXN_a6c2908f1118,2,SUCCESS,,2026-08-10 11:56:35.122833
TXN_167213db906f,1,SUCCESS,,2026-07-23 05:33:00.122833
TXN_d32d2b1844f3,1,SUCCESS,,2026-08-01 16:50:28.122833
TXN_a41de4a48dc9,1,FAILED,AUTHENTICATION_FAILED,2026-07-31 08:18:40.122833
TXN_a41de4a48dc9,2,SUCCESS,,2026-07-31 08:53:40.122833
TXN_28bc41d86464,1,SUCCESS,,2026-08-04 23:15:57.122833
TXN_4749299c99d5,1,SUCCESS,,2026-08-04 09:09:42.122833
TXN_19975cf8c973,1,SUCCESS,,2026-07-31 03:53:58.122833
TXN_2f9f8a21a46a,1,SUCCESS,,2026-07-25 04:18:33.122833
TXN_6b571901a24d,1,FAILED,INSUFFICIENT_FUNDS,2026-06-20 19:50:22.122833
TXN_d9b5b7197d0c,1,SUCCESS,,2026-06-10 20:31:14.122833
TXN_065bb6b2e5f6,1,SUCCESS,,2026-06-07 00:48:29.122833
TXN_c0f2f4c9835b,1,SUCCESS,,2026-08-14 13:54:17.122833
TXN_706bfbee6008,1,SUCCESS,,2026-08-12 01:20:26.122833
TXN_352f121a0fff,1,SUCCESS,,2026-07-12 03:24:40.122833
TXN_eb663aacc99b,1,SUCCESS,,2026-06-04 21:33:19.122833
TXN_ef56db8a600f,1,SUCCESS,,2026-06-30 18:23:30.122833
TXN_ef3be9321ff9,1,SUCCESS,,2026-06-11 15:44:53.122833
TXN_089c3af202c4,1,SUCCESS,,2026-08-05 02:48:29.122833
TXN_a36c4ff6e55a,1,FAILED,BANK_DECLINED,2026-07-22 17:25:57.122833
TXN_a36c4ff6e55a,2,SUCCESS,,2026-07-22 17:47:57.122833
TXN_ff7340ae1682,1,SUCCESS,,2026-07-16 01:04:09.122833
TXN_580ce62d0bfa,1,SUCCESS,,2026-06-06 11:36:05.122833
TXN_4aeebe7e773b,1,FAILED,AUTHENTICATION_FAILED,2026-07-31 20:40:12.122833
TXN_4aeebe7e773b,2,SUCCESS,,2026-07-31 21:53:12.122833
TXN_84f8631bc824,1,SUCCESS,,2026-06-12 01:20:14.122833
TXN_94cc41d10d42,1,SUCCESS,,2026-08-25 19:51:52.122833
TXN_af061f42fd20,1,SUCCESS,,2026-07-16 18:08:37.122833
TXN_b9ba4ad7cfef,1,SUCCESS,,2026-07-28 13:44:03.122833
TXN_9b6c87af8e51,1,SUCCESS,,2026-06-27 15:25:04.122833
TXN_4a2b0709040f,1,SUCCESS,,2026-08-04 17:39:18.122833
TXN_bf45b50b4e2d,1,SUCCESS,,2026-06-06 10:37:20.122833
TXN_03212cb87aee,1,SUCCESS,,2026-08-30 15:27:21.122833
TXN_3c3c8906a567,1,FAILED,UPI_TIMEOUT,2026-07-03 01:12:41.122833
TXN_3c3c8906a567,2,SUCCESS,,2026-07-03 03:06:41.122833
TXN_63c1355d36bb,1,SUCCESS,,2026-08-26 18:52:29.122833
TXN_e1b643a7591e,1,SUCCESS,,2026-06-08 03:19:15.122833
TXN_901f5150c2c1,1,FAILED,UPI_TIMEOUT,2026-06-17 14:31:14.122833
TXN_901f5150c2c1,2,SUCCESS,,2026-06-17 16:18:14.122833
TXN_c10dfd0791e9,1,SUCCESS,,2026-08-24 11:55:51.122833
TXN_ebb8fef7bd59,1,FAILED,BANK_DECLINED,2026-07-06 11:26:56.122833
TXN_a263e5050680,1,FAILED,CUSTOMER_CANCELLED,2026-06-13 04:37:49.122833
TXN_7e4dbc90e924,1,FAILED,UPI_TIMEOUT,2026-08-16 04:26:21.122833
TXN_7e4dbc90e924,2,SUCCESS,,2026-08-16 05:34:21.122833
TXN_2a4fdc779a64,1,SUCCESS,,2026-07-31 06:38:51.122833
TXN_5e7978220e63,1,FAILED,BANK_DECLINED,2026-07-16 17:36:35.122833
TXN_5e7978220e63,2,SUCCESS,,2026-07-16 18:28:35.122833
TXN_61a080998b3e,1,SUCCESS,,2026-06-23 07:47:10.122833
TXN_46b2106efbc5,1,FAILED,BANK_DECLINED,2026-06-08 15:46:04.122833
TXN_46b2106efbc5,2,SUCCESS,,2026-06-08 16:47:04.122833
TXN_2d639fd0e92d,1,SUCCESS,,2026-06-23 07:40:16.122833
TXN_3d47c3c7c2e2,1,FAILED,BANK_DECLINED,2026-07-13 15:50:26.122833
TXN_3960b01bd60f,1,SUCCESS,,2026-06-29 04:36:37.122833
TXN_f74818c984ef,1,SUCCESS,,2026-07-23 13:11:09.122833
TXN_83cf258c2323,1,FAILED,INSUFFICIENT_FUNDS,2026-06-11 13:46:06.122833
TXN_83cf258c2323,2,SUCCESS,,2026-06-11 14:40:06.122833
TXN_92b92eaa9892,1,FAILED,BANK_DECLINED,2026-06-18 13:45:18.122833
TXN_01cbbb587dec,1,SUCCESS,,2026-08-08 11:27:21.122833
TXN_7d239cb68d40,1,SUCCESS,,2026-07-27 23:17:57.122833
TXN_b7f21f0e4876,1,SUCCESS,,2026-06-21 21:02:34.122833
TXN_9aaf5edb62d4,1,SUCCESS,,2026-08-06 01:44:36.122833
TXN_39383b8558ed,1,FAILED,LIMIT_EXCEEDED,2026-08-12 18:40:24.122833
TXN_8becb97c8ad5,1,SUCCESS,,2026-07-21 02:09:26.122833
TXN_539cd0e2d445,1,FAILED,NETWORK_TIMEOUT,2026-06-28 02:44:21.122833
TXN_539cd0e2d445,2,SUCCESS,,2026-06-28 04:30:21.122833
TXN_37a07b73e984,1,SUCCESS,,2026-08-03 04:22:28.122833
TXN_da60b38449c7,1,SUCCESS,,2026-08-13 23:59:21.122833
TXN_20d4d8b9653e,1,SUCCESS,,2026-07-30 22:39:51.122833
TXN_99dbae4c770e,1,FAILED,INSUFFICIENT_FUNDS,2026-07-28 14:29:27.122833
TXN_99dbae4c770e,2,SUCCESS,,2026-07-28 15:42:27.122833
TXN_91e552f2c146,1,SUCCESS,,2026-08-28 15:43:19.122833
TXN_760d670b5ebb,1,SUCCESS,,2026-08-04 14:26:18.122833
TXN_9808dcb9011e,1,FAILED,NETWORK_TIMEOUT,2026-07-13 22:39:54.122833
TXN_9808dcb9011e,2,SUCCESS,,2026-07-14 00:17:54.122833
TXN_1a1ab294f87b,1,SUCCESS,,2026-07-17 03:30:04.122833
TXN_29d69ef5cf6d,1,SUCCESS,,2026-07-14 22:01:47.122833
TXN_a7d83958165f,1,SUCCESS,,2026-08-03 03:56:30.122833
TXN_1a1424172a91,1,FAILED,INSUFFICIENT_FUNDS,2026-06-11 02:32:04.122833
TXN_76e60bfa7335,1,FAILED,BANK_DECLINED,2026-07-12 12:42:56.122833
TXN_76e60bfa7335,2,SUCCESS,,2026-07-12 14:28:56.122833
TXN_a30f33422ddc,1,FAILED,LIMIT_EXCEEDED,2026-06-12 06:41:14.122833
TXN_1201da7df23b,1,SUCCESS,,2026-06-30 17:53:27.122833
TXN_6e0cff9c91e1,1,FAILED,CARD_EXPIRED,2026-07-09 14:20:42.122833
TXN_6369ae3fc123,1,FAILED,UPI_TIMEOUT,2026-08-18 15:56:20.122833
TXN_6369ae3fc123,2,SUCCESS,,2026-08-18 16:22:20.122833
TXN_c082800ef5b0,1,SUCCESS,,2026-08-17 18:41:49.122833
TXN_55de2d07309b,1,SUCCESS,,2026-07-21 21:04:01.122833
TXN_cc207a3fb14c,1,SUCCESS,,2026-08-06 23:16:09.122833
TXN_c998ab4160a4,1,SUCCESS,,2026-06-05 03:31:27.122833
TXN_1514c14c547d,1,SUCCESS,,2026-07-30 20:20:22.122833
TXN_784e881f0689,1,SUCCESS,,2026-06-26 01:52:19.122833
TXN_a743453f0d21,1,SUCCESS,,2026-08-22 01:01:33.122833
TXN_f722866cc9a5,1,SUCCESS,,2026-07-10 12:05:23.122833
TXN_b19ef1043494,1,SUCCESS,,2026-06-17 23:33:54.122833
TXN_9f7c18d04e7d,1,SUCCESS,,2026-06-14 02:11:35.122833
TXN_91c5fc9c61ec,1,SUCCESS,,2026-08-30 14:20:59.122833
TXN_51c32f7dde23,1,SUCCESS,,2026-06-11 15:39:47.122833
TXN_49746c2560fc,1,SUCCESS,,2026-06-17 10:59:37.122833
TXN_bb15c5a556fb,1,SUCCESS,,2026-07-28 02:44:27.122833
TXN_ff4daacafaf5,1,FAILED,BANK_DECLINED,2026-08-03 04:46:15.122833
TXN_ff4daacafaf5,2,SUCCESS,,2026-08-03 05:00:15.122833
TXN_4f366462b130,1,SUCCESS,,2026-07-01 10:14:39.122833
TXN_90bbf0b8af70,1,SUCCESS,,2026-08-16 09:30:26.122833
TXN_e947bd8b7709,1,SUCCESS,,2026-08-02 12:24:04.122833
TXN_5e34e0451f2c,1,SUCCESS,,2026-07-17 04:12:35.122833
TXN_ccee7e2b8eac,1,SUCCESS,,2026-08-28 10:56:41.122833
TXN_b27316cd142b,1,SUCCESS,,2026-07-10 12:59:42.122833
TXN_f7ef562398b0,1,FAILED,UPI_TIMEOUT,2026-08-02 08:18:40.122833
TXN_f7ef562398b0,2,SUCCESS,,2026-08-02 08:30:40.122833
TXN_57c4d50428ee,1,FAILED,AUTHENTICATION_FAILED,2026-08-03 02:38:50.122833
TXN_53ce49bf442d,1,SUCCESS,,2026-08-29 07:59:39.122833
TXN_1cb5b364ead4,1,SUCCESS,,2026-06-13 23:28:37.122833
TXN_a7450c40d525,1,SUCCESS,,2026-07-30 20:26:57.122833
TXN_7cb26236c1a6,1,FAILED,NETWORK_TIMEOUT,2026-06-21 07:43:36.122833
TXN_c597c2df2ada,1,FAILED,UPI_TIMEOUT,2026-06-23 14:23:43.122833
TXN_c597c2df2ada,2,SUCCESS,,2026-06-23 15:06:43.122833
TXN_88d90b47a6ab,1,FAILED,BANK_DECLINED,2026-06-16 01:14:40.122833
TXN_12d3092256b9,1,SUCCESS,,2026-06-29 04:03:13.122833
TXN_651f1f2caf88,1,SUCCESS,,2026-08-04 21:27:32.122833
TXN_d0b8bccecf49,1,SUCCESS,,2026-07-11 10:17:50.122833
TXN_e473de2ba39d,1,SUCCESS,,2026-06-29 21:20:06.122833
TXN_68af8974a917,1,SUCCESS,,2026-07-02 20:24:38.122833
TXN_5702c7795d4b,1,SUCCESS,,2026-08-27 07:34:17.122833
TXN_23f74c41b5dd,1,SUCCESS,,2026-08-02 01:51:08.122833
TXN_bee3cac358d2,1,SUCCESS,,2026-07-08 21:45:20.122833
TXN_e25dfd3819b0,1,FAILED,CARD_EXPIRED,2026-07-22 05:54:44.122833
TXN_e25dfd3819b0,2,SUCCESS,,2026-07-22 07:08:44.122833
TXN_eacebb629c16,1,SUCCESS,,2026-07-24 02:30:54.122833
TXN_fd0d8c7b998e,1,SUCCESS,,2026-07-14 06:54:30.122833
TXN_1a8eebb75784,1,SUCCESS,,2026-07-08 16:23:45.122833
TXN_c6155aa5137f,1,SUCCESS,,2026-08-08 10:12:08.122833
TXN_14469935ca58,1,SUCCESS,,2026-08-28 20:35:23.122833
TXN_aa236cea1dfd,1,SUCCESS,,2026-07-23 18:58:30.122833
TXN_bdac3fc1c7c6,1,FAILED,CUSTOMER_CANCELLED,2026-06-09 20:43:03.122833
TXN_b6134e9b01e4,1,SUCCESS,,2026-07-03 10:51:12.122833
TXN_0aebb4f35bc4,1,SUCCESS,,2026-07-21 00:18:20.122833
TXN_9337823c79d2,1,FAILED,BANK_DECLINED,2026-06-19 05:08:57.122833
TXN_694eeadf55fd,1,FAILED,AUTHENTICATION_FAILED,2026-06-30 06:32:55.122833
TXN_15579f3b02d4,1,SUCCESS,,2026-08-30 02:38:49.122833
TXN_33629160b555,1,SUCCESS,,2026-08-28 13:47:55.122833
TXN_59b2cb338b30,1,FAILED,CARD_EXPIRED,2026-06-09 08:12:16.122833
TXN_59b2cb338b30,2,SUCCESS,,2026-06-09 08:52:16.122833
TXN_9cf47eb742bd,1,SUCCESS,,2026-06-29 06:24:01.122833
TXN_e0788eae0cf3,1,FAILED,CUSTOMER_CANCELLED,2026-07-20 13:02:43.122833
TXN_ba5bc92190f6,1,SUCCESS,,2026-07-20 11:55:20.122833
TXN_6222923026b7,1,SUCCESS,,2026-08-01 14:21:19.122833
TXN_7d10b5fa0c31,1,FAILED,BANK_DECLINED,2026-06-12 19:20:55.122833
TXN_a44a613e5a6c,1,SUCCESS,,2026-06-19 02:56:22.122833
TXN_4d20937d0ce7,1,SUCCESS,,2026-06-03 01:52:44.122833
TXN_644a550c8ab0,1,FAILED,LIMIT_EXCEEDED,2026-06-13 08:33:20.122833
TXN_6a7c5eba1927,1,FAILED,BANK_DECLINED,2026-08-01 02:10:37.122833
TXN_8be2074ebfa4,1,SUCCESS,,2026-07-29 05:54:33.122833
TXN_56f32754f028,1,FAILED,LIMIT_EXCEEDED,2026-08-27 19:05:05.122833
TXN_56f32754f028,2,SUCCESS,,2026-08-27 19:37:05.122833
TXN_e770563068fe,1,SUCCESS,,2026-06-14 11:30:54.122833
TXN_cc2c5f0dd80e,1,SUCCESS,,2026-06-29 20:04:26.122833
TXN_f0ce746c5795,1,SUCCESS,,2026-08-15 23:44:41.122833
TXN_32be8423d899,1,SUCCESS,,2026-08-05 15:03:58.122833
TXN_253d2e9460d4,1,SUCCESS,,2026-07-20 14:52:46.122833
TXN_66833b245e62,1,SUCCESS,,2026-06-20 20:14:38.122833
TXN_383ec312ff6a,1,SUCCESS,,2026-07-22 11:54:07.122833
TXN_b0993da95126,1,SUCCESS,,2026-08-05 05:17:58.122833
TXN_007fe9ce984c,1,SUCCESS,,2026-08-30 14:25:26.122833
TXN_6c5fc88117b2,1,SUCCESS,,2026-06-22 07:26:14.122833
TXN_af66b21f8b3d,1,FAILED,BANK_DECLINED,2026-08-08 05:28:49.122833
TXN_ed01518b9263,1,SUCCESS,,2026-07-17 08:27:56.122833
TXN_06bba273308d,1,SUCCESS,,2026-06-20 18:10:32.122833
TXN_6f6805ae16a4,1,SUCCESS,,2026-06-28 09:12:28.122833
TXN_dfde62822809,1,SUCCESS,,2026-06-17 05:20:05.122833
TXN_a1ba284e3c4b,1,SUCCESS,,2026-06-29 01:32:34.122833
TXN_7f3602f0de02,1,SUCCESS,,2026-06-21 10:15:29.122833
TXN_72a4f10576e5,1,SUCCESS,,2026-07-31 13:49:17.122833
TXN_65b7dcd14536,1,SUCCESS,,2026-06-26 18:26:48.122833
TXN_903f9be8d72e,1,SUCCESS,,2026-07-28 10:44:56.122833
TXN_7713443e637b,1,FAILED,INSUFFICIENT_FUNDS,2026-08-27 06:58:20.122833
TXN_8aa56d74e03e,1,FAILED,BANK_DECLINED,2026-06-23 22:44:29.122833
TXN_8aa56d74e03e,2,SUCCESS,,2026-06-24 00:35:29.122833
TXN_5aa803369918,1,SUCCESS,,2026-06-19 04:53:29.122833
TXN_b52829480c13,1,SUCCESS,,2026-06-30 13:24:12.122833
TXN_9355d538b358,1,SUCCESS,,2026-08-02 00:00:19.122833
TXN_307ff344e596,1,SUCCESS,,2026-06-19 03:02:07.122833
TXN_16d6eb334674,1,SUCCESS,,2026-06-16 08:51:39.122833
TXN_8e317a8b7636,1,SUCCESS,,2026-06-19 20:00:17.122833
TXN_70139452af38,1,SUCCESS,,2026-07-30 06:29:49.122833
TXN_ce6bc5eb9dba,1,SUCCESS,,2026-07-18 11:31:42.122833
TXN_bb8f44dfe324,1,SUCCESS,,2026-08-22 16:53:32.122833
TXN_9efdff2abd7a,1,SUCCESS,,2026-06-12 07:21:50.122833
TXN_bf7a145d6818,1,SUCCESS,,2026-07-06 15:44:37.122833
TXN_98487c9aaf86,1,SUCCESS,,2026-07-17 03:19:53.122833
TXN_6a8fce1122b4,1,SUCCESS,,2026-08-16 19:08:30.122833
TXN_fe039665c82e,1,SUCCESS,,2026-06-13 13:07:01.122833
TXN_37809b51af03,1,FAILED,CUSTOMER_CANCELLED,2026-07-12 10:28:37.122833
TXN_0c5bd8d80f4f,1,FAILED,NETWORK_TIMEOUT,2026-06-05 14:22:40.122833
TXN_0c5bd8d80f4f,2,SUCCESS,,2026-06-05 14:24:40.122833
TXN_6dc83ff27674,1,SUCCESS,,2026-06-22 15:05:45.122833
TXN_06fa5529c780,1,SUCCESS,,2026-06-13 01:51:49.122833
TXN_4fb7ad5f690f,1,SUCCESS,,2026-08-26 15:48:32.122833
TXN_11601d6bac8d,1,SUCCESS,,2026-07-10 13:31:18.122833
TXN_61dee0435c26,1,SUCCESS,,2026-06-06 14:08:04.122833
TXN_00e8e5ae0a0c,1,SUCCESS,,2026-07-14 16:23:55.122833
TXN_ce7479dc3337,1,FAILED,LIMIT_EXCEEDED,2026-06-30 14:24:19.122833
TXN_a4e7c36f59c8,1,SUCCESS,,2026-07-17 20:57:47.122833
TXN_8f077e716519,1,FAILED,INSUFFICIENT_FUNDS,2026-08-06 02:20:35.122833
TXN_8f077e716519,2,SUCCESS,,2026-08-06 02:54:35.122833
TXN_95fd341481d6,1,SUCCESS,,2026-06-04 02:41:51.122833
TXN_2a54c25a96db,1,FAILED,BANK_DECLINED,2026-06-07 18:18:50.122833
TXN_2a54c25a96db,2,SUCCESS,,2026-06-07 19:56:50.122833
TXN_cb0f232f7683,1,SUCCESS,,2026-06-07 10:38:41.122833
TXN_5faa7c1da74d,1,FAILED,BANK_DECLINED,2026-08-06 04:41:11.122833
TXN_5faa7c1da74d,2,SUCCESS,,2026-08-06 05:43:11.122833
TXN_b61726100621,1,SUCCESS,,2026-06-28 21:04:08.122833
TXN_b696042e2885,1,FAILED,AUTHENTICATION_FAILED,2026-06-30 19:58:57.122833
TXN_7eaf2b541ce7,1,SUCCESS,,2026-08-03 10:47:10.122833
TXN_85914a76a856,1,SUCCESS,,2026-08-30 22:34:20.122833
TXN_1c881a9cc5f8,1,SUCCESS,,2026-08-26 15:26:06.122833
TXN_4ab9fdb626b0,1,SUCCESS,,2026-06-26 20:57:16.122833
TXN_61ebd3f9b9d7,1,SUCCESS,,2026-07-01 11:12:12.122833
TXN_bcd293713943,1,SUCCESS,,2026-08-17 13:30:07.122833
TXN_34e2d01ecb03,1,SUCCESS,,2026-08-08 23:48:45.122833
TXN_e8019bf73dec,1,FAILED,BANK_DECLINED,2026-07-06 23:41:46.122833
TXN_e8019bf73dec,2,SUCCESS,,2026-07-07 00:59:46.122833
TXN_53cb972c069d,1,FAILED,AUTHENTICATION_FAILED,2026-08-30 04:46:46.122833
TXN_8b736d513aa2,1,FAILED,INSUFFICIENT_FUNDS,2026-08-01 07:54:16.122833
TXN_6ed4f0131ff3,1,SUCCESS,,2026-06-14 22:56:11.122833
TXN_ef09d9ccb526,1,FAILED,INSUFFICIENT_FUNDS,2026-08-14 22:25:23.122833
TXN_ef09d9ccb526,2,SUCCESS,,2026-08-14 22:27:23.122833
TXN_0e4f0710eac7,1,SUCCESS,,2026-08-19 23:55:54.122833
TXN_1d1152438db2,1,SUCCESS,,2026-06-07 21:48:29.122833
TXN_709ad87ba31e,1,SUCCESS,,2026-06-12 01:19:15.122833
TXN_6e9804491189,1,FAILED,UPI_TIMEOUT,2026-06-14 09:20:48.122833
TXN_6e9804491189,2,SUCCESS,,2026-06-14 10:10:48.122833
TXN_b90d17d7c80e,1,SUCCESS,,2026-08-09 17:08:51.122833
TXN_a354d50a9a73,1,SUCCESS,,2026-06-15 20:12:22.122833
TXN_894ebb4d157e,1,SUCCESS,,2026-08-02 14:16:07.122833
TXN_797183286acc,1,FAILED,INSUFFICIENT_FUNDS,2026-08-02 03:36:25.122833
TXN_42004a587a82,1,FAILED,NETWORK_TIMEOUT,2026-08-27 00:40:41.122833
TXN_42004a587a82,2,SUCCESS,,2026-08-27 01:56:41.122833
TXN_58f4115cb12d,1,SUCCESS,,2026-06-04 23:49:05.122833
TXN_160a12996f57,1,SUCCESS,,2026-07-01 17:14:15.122833
TXN_24bc2d3ec71b,1,FAILED,UPI_TIMEOUT,2026-06-27 20:50:28.122833
TXN_24bc2d3ec71b,2,SUCCESS,,2026-06-27 21:29:28.122833
TXN_f257a95efa8b,1,SUCCESS,,2026-06-14 13:26:00.122833
TXN_7807123e2987,1,FAILED,NETWORK_TIMEOUT,2026-08-05 10:22:12.122833
TXN_7807123e2987,2,SUCCESS,,2026-08-05 10:42:12.122833
TXN_b23cee7f691e,1,SUCCESS,,2026-07-18 19:53:39.122833
TXN_60f25d4f968d,1,SUCCESS,,2026-07-20 11:03:15.122833
TXN_a5ff5c3a1263,1,SUCCESS,,2026-07-17 15:28:42.122833
TXN_1a1284880068,1,FAILED,AUTHENTICATION_FAILED,2026-06-14 06:16:47.122833
TXN_d0b74c514091,1,SUCCESS,,2026-08-04 17:57:30.122833
TXN_c2ecca965303,1,SUCCESS,,2026-06-16 02:57:55.122833
TXN_11213297173a,1,FAILED,UPI_TIMEOUT,2026-07-07 07:58:37.122833
TXN_11213297173a,2,SUCCESS,,2026-07-07 08:10:37.122833
TXN_8186269c3e96,1,SUCCESS,,2026-07-23 13:49:59.122833
TXN_86447668d7e5,1,SUCCESS,,2026-08-05 06:48:01.122833
TXN_3192f4826e88,1,FAILED,UPI_TIMEOUT,2026-06-29 14:56:39.122833
TXN_3192f4826e88,2,SUCCESS,,2026-06-29 15:22:39.122833
TXN_071d5651a937,1,FAILED,INSUFFICIENT_FUNDS,2026-08-30 13:10:20.122833
TXN_4426ae011b1e,1,SUCCESS,,2026-08-05 13:52:49.122833
TXN_690cd876219d,1,FAILED,BANK_DECLINED,2026-07-23 14:42:52.122833
TXN_690cd876219d,2,SUCCESS,,2026-07-23 15:52:52.122833
TXN_4174843af00e,1,SUCCESS,,2026-07-06 09:29:07.122833
TXN_85c41e512025,1,SUCCESS,,2026-08-24 07:44:28.122833
TXN_e9d9da7ae8b8,1,SUCCESS,,2026-08-07 13:18:01.122833
TXN_1e4b9d2379a2,1,SUCCESS,,2026-08-18 20:15:30.122833
TXN_6e233f1cb582,1,SUCCESS,,2026-08-14 23:32:19.122833
TXN_a2025ed783f8,1,SUCCESS,,2026-06-13 17:06:28.122833
TXN_fc89b1ba2dea,1,SUCCESS,,2026-07-31 11:41:23.122833
TXN_d54a56a51639,1,SUCCESS,,2026-08-09 10:30:49.122833
TXN_0311646f4358,1,SUCCESS,,2026-06-21 23:46:46.122833
TXN_b371fb8e8919,1,SUCCESS,,2026-06-22 03:10:40.122833
TXN_6b46ad0b1ee5,1,SUCCESS,,2026-06-10 22:48:06.122833
TXN_08a8b5539336,1,SUCCESS,,2026-06-05 19:49:03.122833
TXN_99ad5fbcffd1,1,SUCCESS,,2026-07-27 18:35:17.122833
TXN_4d7ca84626ce,1,SUCCESS,,2026-08-30 01:07:18.122833
TXN_42dec069def2,1,FAILED,UPI_TIMEOUT,2026-07-27 23:25:23.122833
TXN_e38428b20e3c,1,SUCCESS,,2026-08-24 10:58:52.122833
TXN_1f3ace6f563a,1,SUCCESS,,2026-08-26 10:52:42.122833
TXN_90b82335f967,1,FAILED,UPI_TIMEOUT,2026-06-12 09:30:32.122833
TXN_90b82335f967,2,SUCCESS,,2026-06-12 10:37:32.122833
TXN_693fd9b30740,1,SUCCESS,,2026-06-04 18:53:33.122833
TXN_3b23a3989fb7,1,SUCCESS,,2026-07-10 12:07:27.122833
TXN_74d9f4149348,1,SUCCESS,,2026-06-09 20:36:28.122833
TXN_98ebe5ee1526,1,SUCCESS,,2026-07-21 03:33:31.122833
TXN_5c37fd6c5849,1,SUCCESS,,2026-07-29 04:19:23.122833
TXN_1f98fca7e019,1,FAILED,CARD_EXPIRED,2026-06-05 17:34:13.122833
TXN_1f98fca7e019,2,SUCCESS,,2026-06-05 18:12:13.122833
TXN_ab7c2b7c8d65,1,SUCCESS,,2026-06-16 02:55:50.122833
TXN_4db037258e68,1,FAILED,INSUFFICIENT_FUNDS,2026-08-30 04:13:23.122833
TXN_7456c2c3c25e,1,SUCCESS,,2026-08-29 09:35:31.122833
TXN_1fd46732e53a,1,FAILED,BANK_DECLINED,2026-06-09 11:15:16.122833
TXN_1fd46732e53a,2,SUCCESS,,2026-06-09 12:17:16.122833
TXN_4e9564b4b046,1,SUCCESS,,2026-08-27 18:25:58.122833
TXN_93351a84f428,1,FAILED,CARD_EXPIRED,2026-06-12 16:50:41.122833
TXN_dfb3a00fc917,1,SUCCESS,,2026-07-18 23:14:10.122833
TXN_0313dd16e721,1,SUCCESS,,2026-06-07 23:21:17.122833
TXN_e746d4fb4a2c,1,SUCCESS,,2026-08-25 02:59:46.122833
TXN_ea743290a4d3,1,SUCCESS,,2026-06-07 15:51:38.122833
TXN_0a7b6b45ce7c,1,SUCCESS,,2026-07-14 00:57:32.122833
TXN_78595b8caddf,1,FAILED,NETWORK_TIMEOUT,2026-08-29 07:47:30.122833
TXN_78595b8caddf,2,SUCCESS,,2026-08-29 09:35:30.122833
TXN_becd93956eb0,1,SUCCESS,,2026-06-25 17:20:29.122833
TXN_04f75796b53a,1,SUCCESS,,2026-08-14 15:58:39.122833
TXN_cfdbddbea0f4,1,SUCCESS,,2026-08-26 09:11:53.122833
TXN_56788cedecb4,1,SUCCESS,,2026-07-15 04:16:26.122833
TXN_37ee8997cba6,1,SUCCESS,,2026-08-28 01:12:16.122833
TXN_d3fe66fd2ad0,1,FAILED,CARD_EXPIRED,2026-08-05 10:38:37.122833
TXN_d045bc2bbb88,1,SUCCESS,,2026-06-22 14:03:19.122833
TXN_3a985f15bcaf,1,SUCCESS,,2026-07-15 15:53:31.122833
TXN_3108817de577,1,SUCCESS,,2026-08-25 23:12:49.122833
TXN_0118a899fa65,1,SUCCESS,,2026-07-25 03:57:46.122833
TXN_edad534afdcd,1,SUCCESS,,2026-08-01 23:25:51.122833
TXN_ec2ea937e470,1,SUCCESS,,2026-06-24 23:33:08.122833
TXN_18654f34b86f,1,SUCCESS,,2026-08-20 20:40:02.122833
TXN_66c3bec3eeda,1,FAILED,BANK_DECLINED,2026-08-04 16:45:37.122833
TXN_66c3bec3eeda,2,SUCCESS,,2026-08-04 18:44:37.122833
TXN_5e4ff7b02958,1,SUCCESS,,2026-06-28 20:12:21.122833
TXN_9e91616f77e6,1,FAILED,INSUFFICIENT_FUNDS,2026-06-08 09:31:21.122833
TXN_9e91616f77e6,2,SUCCESS,,2026-06-08 11:25:21.122833
TXN_e8c5faa79d17,1,SUCCESS,,2026-07-09 22:41:42.122833
TXN_913615897c63,1,FAILED,CUSTOMER_CANCELLED,2026-07-14 10:51:55.122833
TXN_79d5ea66bb65,1,SUCCESS,,2026-06-05 02:55:50.122833
TXN_966d089eb96e,1,SUCCESS,,2026-08-20 06:22:09.122833
TXN_8924fe6fc57b,1,SUCCESS,,2026-08-22 02:37:57.122833
TXN_4be29baa77e5,1,SUCCESS,,2026-08-14 15:35:07.122833
TXN_39436cecaead,1,SUCCESS,,2026-08-07 10:08:53.122833
TXN_18dd84252795,1,SUCCESS,,2026-07-28 04:37:31.122833
TXN_d676e8010e0c,1,FAILED,UPI_TIMEOUT,2026-07-17 23:19:41.122833
TXN_d676e8010e0c,2,SUCCESS,,2026-07-18 00:11:41.122833
TXN_c44cf6b62449,1,SUCCESS,,2026-06-29 20:26:36.122833
TXN_d30c0103b493,1,FAILED,NETWORK_TIMEOUT,2026-08-16 11:42:55.122833
TXN_d30c0103b493,2,SUCCESS,,2026-08-16 13:36:55.122833
TXN_4ad2590afcd1,1,SUCCESS,,2026-06-29 05:27:35.122833
TXN_302c8298aee4,1,FAILED,AUTHENTICATION_FAILED,2026-06-03 19:07:01.122833
TXN_302c8298aee4,2,SUCCESS,,2026-06-03 20:44:01.122833
TXN_19b5003e8c3f,1,SUCCESS,,2026-08-23 21:23:55.122833
TXN_80a495aa90a4,1,SUCCESS,,2026-06-06 04:35:23.122833
TXN_1a0fac6ed816,1,SUCCESS,,2026-07-12 06:29:49.122833
TXN_922b3219bd03,1,FAILED,INSUFFICIENT_FUNDS,2026-07-26 03:19:53.122833
TXN_da8f4288404e,1,SUCCESS,,2026-06-27 19:08:19.122833
TXN_32aa5ae38181,1,SUCCESS,,2026-08-26 04:29:56.122833
TXN_db9fe309c0b3,1,FAILED,INSUFFICIENT_FUNDS,2026-06-20 11:42:40.122833
TXN_13a7d9e727bd,1,SUCCESS,,2026-07-26 07:53:53.122833
TXN_f228cb56cc7d,1,SUCCESS,,2026-06-27 14:15:18.122833
TXN_34eb5c47029d,1,SUCCESS,,2026-08-11 08:10:12.122833
TXN_6950fb376f86,1,SUCCESS,,2026-07-15 16:31:23.122833
TXN_c3ca7010a1b4,1,SUCCESS,,2026-07-08 15:41:41.122833
TXN_50e2599202d2,1,SUCCESS,,2026-08-26 15:15:01.122833
TXN_fd0a5628be6d,1,SUCCESS,,2026-07-05 02:56:17.122833
TXN_4cd3352de269,1,SUCCESS,,2026-08-01 23:32:05.122833
TXN_4e66aa96faf3,1,SUCCESS,,2026-08-30 03:10:55.122833
TXN_914e981ea8a3,1,SUCCESS,,2026-07-22 04:36:21.122833
TXN_ed06c017e1e2,1,SUCCESS,,2026-07-06 00:03:56.122833
TXN_b26fdbc4fd9c,1,FAILED,UPI_TIMEOUT,2026-08-12 02:40:21.122833
TXN_b26fdbc4fd9c,2,SUCCESS,,2026-08-12 02:50:21.122833
TXN_241e3dc11a01,1,FAILED,LIMIT_EXCEEDED,2026-06-24 09:40:35.122833
TXN_241e3dc11a01,2,SUCCESS,,2026-06-24 10:24:35.122833
TXN_3a46dcc8f6ce,1,SUCCESS,,2026-07-13 04:33:43.122833
TXN_7afc4e5398f8,1,SUCCESS,,2026-07-31 13:00:53.122833
TXN_f57cd40f7228,1,SUCCESS,,2026-06-21 12:48:09.122833
TXN_4821569113fb,1,SUCCESS,,2026-08-19 04:11:00.122833
TXN_71a9ace60fab,1,SUCCESS,,2026-06-13 19:18:20.122833
TXN_0359b8f7444a,1,SUCCESS,,2026-07-07 17:36:32.122833
TXN_25c9a515f015,1,SUCCESS,,2026-08-05 00:44:01.122833
TXN_218c4b43899a,1,SUCCESS,,2026-07-27 21:01:41.122833
TXN_6e22fe7c5e81,1,SUCCESS,,2026-08-16 23:37:13.122833
TXN_23e0409c1732,1,FAILED,BANK_DECLINED,2026-06-27 20:51:31.122833
TXN_8ed0b262a97c,1,SUCCESS,,2026-07-13 11:25:06.122833
TXN_ab6f08b1b33f,1,SUCCESS,,2026-08-28 23:13:10.122833
TXN_0ae5db62e0fa,1,SUCCESS,,2026-06-28 04:04:32.122833
TXN_85f7760c0ab5,1,SUCCESS,,2026-06-14 20:53:35.122833
TXN_70fe8c4667e1,1,SUCCESS,,2026-06-09 16:30:04.122833
TXN_b1bd5a1adcda,1,SUCCESS,,2026-07-07 00:06:05.122833
TXN_3a4e22a11956,1,SUCCESS,,2026-06-14 03:43:26.122833
TXN_02c7f2b24130,1,FAILED,BANK_DECLINED,2026-08-01 11:12:56.122833
TXN_02c7f2b24130,2,SUCCESS,,2026-08-01 12:51:56.122833
TXN_888b734a0ff3,1,SUCCESS,,2026-07-16 04:22:00.122833
TXN_c9876b548d28,1,FAILED,INSUFFICIENT_FUNDS,2026-06-30 16:27:42.122833
TXN_c9876b548d28,2,SUCCESS,,2026-06-30 17:02:42.122833
TXN_a19d6bbe8cbf,1,FAILED,NETWORK_TIMEOUT,2026-08-15 23:10:15.122833
TXN_a19d6bbe8cbf,2,SUCCESS,,2026-08-15 23:25:15.122833
TXN_1cb4007e01c4,1,SUCCESS,,2026-08-28 13:15:43.122833
TXN_fc895218ddaa,1,SUCCESS,,2026-07-09 10:22:17.122833
TXN_88bf9556842f,1,FAILED,NETWORK_TIMEOUT,2026-08-16 15:36:00.122833
TXN_c741641d669a,1,FAILED,AUTHENTICATION_FAILED,2026-07-22 20:38:27.122833
TXN_89262066ff7c,1,SUCCESS,,2026-06-30 07:03:43.122833
TXN_62a692b7dfc0,1,FAILED,BANK_DECLINED,2026-06-06 16:04:44.122833
TXN_62a692b7dfc0,2,SUCCESS,,2026-06-06 17:41:44.122833
TXN_47e5a6443af9,1,SUCCESS,,2026-07-14 09:35:24.122833
TXN_d158e0679496,1,SUCCESS,,2026-07-06 07:44:19.122833
TXN_d900e9b405e7,1,SUCCESS,,2026-06-24 07:28:05.122833
TXN_2ad14658cd14,1,SUCCESS,,2026-08-14 18:04:27.122833
TXN_2396d083efb8,1,FAILED,CARD_EXPIRED,2026-06-22 16:20:38.122833
TXN_71088ee75c3e,1,FAILED,BANK_DECLINED,2026-08-29 05:26:18.122833
TXN_71088ee75c3e,2,SUCCESS,,2026-08-29 06:25:18.122833
TXN_f2b45cd9b294,1,FAILED,NETWORK_TIMEOUT,2026-06-03 05:53:43.122833
TXN_f2b45cd9b294,2,SUCCESS,,2026-06-03 06:22:43.122833
TXN_f79e02b6dec1,1,FAILED,AUTHENTICATION_FAILED,2026-07-28 01:16:33.122833
TXN_2b6bfe4b8e2a,1,FAILED,BANK_DECLINED,2026-07-01 05:37:42.122833
TXN_2b6bfe4b8e2a,2,SUCCESS,,2026-07-01 05:56:42.122833
TXN_a8ecaf41f5d1,1,FAILED,CARD_EXPIRED,2026-07-15 17:54:12.122833
TXN_af71aa25146a,1,SUCCESS,,2026-06-29 15:12:27.122833
TXN_46e10bb1c463,1,SUCCESS,,2026-08-13 20:39:25.122833
TXN_35ba1f245c2a,1,SUCCESS,,2026-07-05 03:45:25.122833
TXN_e35957596769,1,SUCCESS,,2026-08-10 05:21:03.122833
TXN_a80bbf28926b,1,SUCCESS,,2026-08-10 01:22:31.122833
TXN_3406dbf33926,1,FAILED,UPI_TIMEOUT,2026-08-22 22:11:44.122833
TXN_59b2805a962a,1,SUCCESS,,2026-06-26 11:23:06.122833
TXN_b21917849687,1,SUCCESS,,2026-06-21 14:19:41.122833
TXN_727713a9f796,1,SUCCESS,,2026-07-20 19:49:16.122833
TXN_275749bbf105,1,SUCCESS,,2026-08-24 19:41:05.122833
TXN_45c71ca809fb,1,SUCCESS,,2026-07-26 17:59:11.122833
TXN_691e794a1b8a,1,FAILED,INSUFFICIENT_FUNDS,2026-06-28 03:22:16.122833
TXN_691e794a1b8a,2,SUCCESS,,2026-06-28 04:51:16.122833
TXN_9bec950c7650,1,SUCCESS,,2026-07-19 14:42:34.122833
TXN_383c6d3aba1f,1,FAILED,AUTHENTICATION_FAILED,2026-08-26 13:21:12.122833
TXN_383c6d3aba1f,2,SUCCESS,,2026-08-26 14:06:12.122833
TXN_ca3575f9d06b,1,SUCCESS,,2026-07-30 15:26:16.122833
TXN_6a54b70c375c,1,FAILED,INSUFFICIENT_FUNDS,2026-08-27 02:59:57.122833
TXN_9f010c828f7d,1,SUCCESS,,2026-07-04 04:35:41.122833
TXN_47aae74e6f41,1,SUCCESS,,2026-08-05 17:42:15.122833
TXN_1d240b9fb865,1,FAILED,BANK_DECLINED,2026-08-23 03:59:17.122833
TXN_1d240b9fb865,2,SUCCESS,,2026-08-23 04:31:17.122833
TXN_c70ba0dd5a1f,1,FAILED,NETWORK_TIMEOUT,2026-06-05 09:51:08.122833
TXN_c70ba0dd5a1f,2,SUCCESS,,2026-06-05 10:23:08.122833
TXN_bec747edcebe,1,SUCCESS,,2026-06-08 12:02:47.122833
TXN_73eac551f6f0,1,SUCCESS,,2026-07-10 14:20:32.122833
TXN_72a74042053e,1,SUCCESS,,2026-06-28 15:35:21.122833
TXN_2b85b6b68caf,1,SUCCESS,,2026-07-02 13:14:47.122833
TXN_b9f7f2c45c4e,1,SUCCESS,,2026-06-22 14:50:50.122833
TXN_b181e6dd7228,1,SUCCESS,,2026-07-04 14:35:04.122833
TXN_87da2799a102,1,SUCCESS,,2026-08-19 12:07:20.122833
TXN_e61896fc679e,1,SUCCESS,,2026-08-16 01:14:10.122833
TXN_5c656e4155ed,1,FAILED,CUSTOMER_CANCELLED,2026-07-07 18:06:49.122833
TXN_32a1f82d1c72,1,FAILED,INSUFFICIENT_FUNDS,2026-08-25 01:39:50.122833
TXN_32a1f82d1c72,2,SUCCESS,,2026-08-25 02:28:50.122833
TXN_b558350e7308,1,SUCCESS,,2026-07-04 18:49:14.122833
TXN_1f74bad6a4f2,1,SUCCESS,,2026-06-06 02:25:31.122833
TXN_f342c2db2c59,1,SUCCESS,,2026-07-11 05:37:33.122833
TXN_25afbbb2e6a8,1,SUCCESS,,2026-06-24 22:18:56.122833
TXN_bdc23e8b9522,1,SUCCESS,,2026-06-14 14:28:24.122833
TXN_9c3590b01de5,1,SUCCESS,,2026-08-26 17:02:28.122833
TXN_b4091b44850d,1,SUCCESS,,2026-08-09 21:36:48.122833
TXN_57f936f23bf8,1,SUCCESS,,2026-07-31 07:49:05.122833
TXN_56ef02044196,1,SUCCESS,,2026-06-21 11:04:45.122833
TXN_4e79289e40f5,1,SUCCESS,,2026-07-22 08:14:23.122833
TXN_b5b358b858b1,1,SUCCESS,,2026-06-28 06:09:30.122833
TXN_0c0462f3d283,1,SUCCESS,,2026-06-11 15:12:56.122833
TXN_c3589dd9547a,1,SUCCESS,,2026-08-29 17:22:45.122833
TXN_f317c8d2a65a,1,SUCCESS,,2026-08-12 05:41:47.122833
TXN_197e13b98e2f,1,SUCCESS,,2026-07-16 12:13:51.122833
TXN_4791ac7c53c0,1,FAILED,CARD_EXPIRED,2026-07-16 00:08:56.122833
TXN_8ded59284b58,1,FAILED,BANK_DECLINED,2026-06-16 13:22:33.122833
TXN_8ded59284b58,2,SUCCESS,,2026-06-16 14:51:33.122833
TXN_cbcdbb61a12f,1,FAILED,BANK_DECLINED,2026-06-22 18:17:54.122833
TXN_90225a125688,1,SUCCESS,,2026-07-11 17:52:38.122833
TXN_c111538b0442,1,SUCCESS,,2026-08-15 10:38:53.122833
TXN_e26db9032388,1,SUCCESS,,2026-08-13 11:52:50.122833
TXN_3ed73db714dd,1,SUCCESS,,2026-07-30 17:30:25.122833
TXN_38d0a277af49,1,SUCCESS,,2026-08-18 18:08:24.122833
TXN_83b2f6125f30,1,SUCCESS,,2026-07-03 20:18:05.122833
TXN_d540ea29846d,1,FAILED,AUTHENTICATION_FAILED,2026-08-12 18:32:24.122833
TXN_d540ea29846d,2,SUCCESS,,2026-08-12 19:34:24.122833
TXN_3f8342aca849,1,SUCCESS,,2026-06-14 22:57:15.122833
TXN_becb14f74134,1,SUCCESS,,2026-06-21 18:15:52.122833
TXN_a9295f74e2b0,1,SUCCESS,,2026-07-20 16:13:41.122833
TXN_48f818069b5e,1,FAILED,UPI_TIMEOUT,2026-08-26 11:26:00.122833
TXN_48f818069b5e,2,SUCCESS,,2026-08-26 13:16:00.122833
TXN_1fb8ec7838bb,1,SUCCESS,,2026-07-01 03:57:19.122833
TXN_1b192c9c133a,1,SUCCESS,,2026-08-01 07:39:09.122833
TXN_f2b1eaf16cad,1,SUCCESS,,2026-07-23 09:37:42.122833
TXN_3520fd914b5d,1,SUCCESS,,2026-07-23 00:36:26.122833
TXN_e5f0f5b92cf9,1,SUCCESS,,2026-08-14 02:27:05.122833
TXN_1fb358a0cfc6,1,SUCCESS,,2026-08-11 00:37:30.122833
TXN_f6f22654e20b,1,SUCCESS,,2026-07-18 06:41:38.122833
TXN_c0ef8c370ccc,1,SUCCESS,,2026-06-21 22:41:31.122833
TXN_592745f30fe4,1,FAILED,NETWORK_TIMEOUT,2026-08-02 06:39:24.122833
TXN_a69b050092a1,1,SUCCESS,,2026-08-27 08:42:12.122833
TXN_dc624d6617a2,1,FAILED,BANK_DECLINED,2026-06-30 04:34:11.122833
TXN_075b19e00edc,1,SUCCESS,,2026-07-08 06:10:37.122833
TXN_4e8da29531ed,1,FAILED,LIMIT_EXCEEDED,2026-08-03 21:23:58.122833
TXN_52add1e8fd68,1,FAILED,AUTHENTICATION_FAILED,2026-06-23 14:42:35.122833
TXN_abb9f143647d,1,SUCCESS,,2026-07-29 14:54:45.122833
TXN_f6ed053c9e8f,1,SUCCESS,,2026-07-31 07:35:35.122833
TXN_83060e4a5945,1,SUCCESS,,2026-08-29 21:01:24.122833
TXN_dce92361fef4,1,SUCCESS,,2026-06-11 11:11:53.122833
TXN_df4a9f3e78e3,1,SUCCESS,,2026-08-26 12:21:47.122833
TXN_4d1338b32e66,1,SUCCESS,,2026-07-22 06:43:27.122833
TXN_6d5e88d854cb,1,SUCCESS,,2026-07-21 04:19:23.122833
TXN_9c8d549afd18,1,SUCCESS,,2026-08-10 04:02:02.122833
TXN_9aea4082892a,1,SUCCESS,,2026-06-10 04:34:59.122833
TXN_b9dd9b72473d,1,FAILED,NETWORK_TIMEOUT,2026-08-22 12:48:18.122833
TXN_b9dd9b72473d,2,SUCCESS,,2026-08-22 13:33:18.122833
TXN_20614211776e,1,SUCCESS,,2026-07-20 04:21:55.122833
TXN_2b6b9cfc36fb,1,SUCCESS,,2026-08-04 21:50:58.122833
TXN_237fe8b56260,1,SUCCESS,,2026-08-16 10:19:48.122833
TXN_b5a1f5be18c6,1,SUCCESS,,2026-08-26 16:16:46.122833
TXN_4b8ea01117b6,1,SUCCESS,,2026-08-14 04:27:55.122833
TXN_7d32928e51e7,1,SUCCESS,,2026-06-03 03:26:51.122833
TXN_0602702d559b,1,SUCCESS,,2026-07-21 09:57:29.122833
TXN_0ed9c17ba22d,1,SUCCESS,,2026-08-03 21:34:25.122833
TXN_8fb1494358fd,1,FAILED,LIMIT_EXCEEDED,2026-06-29 05:14:09.122833
TXN_8fb1494358fd,2,SUCCESS,,2026-06-29 07:09:09.122833
TXN_bb0219caeb30,1,SUCCESS,,2026-07-18 07:25:47.122833
TXN_e355a0cbc922,1,SUCCESS,,2026-08-14 09:50:32.122833
TXN_09869a9beb42,1,SUCCESS,,2026-07-08 11:26:27.122833
TXN_df939c321b12,1,FAILED,AUTHENTICATION_FAILED,2026-06-19 18:35:22.122833
TXN_376206023330,1,SUCCESS,,2026-06-08 00:57:57.122833
TXN_ecd234152c62,1,SUCCESS,,2026-06-29 12:56:08.122833
TXN_fd324aa6f078,1,FAILED,AUTHENTICATION_FAILED,2026-07-04 21:31:49.122833
TXN_7f1a63bfd76c,1,SUCCESS,,2026-06-19 00:39:39.122833
TXN_d5a48d25b00f,1,SUCCESS,,2026-06-03 23:23:09.122833
TXN_62e8f933d850,1,SUCCESS,,2026-06-08 13:37:53.122833
TXN_09751eea1a1e,1,SUCCESS,,2026-06-28 11:40:17.122833
TXN_de3860a9f709,1,SUCCESS,,2026-08-08 11:11:27.122833
TXN_ab6c736b9857,1,SUCCESS,,2026-07-02 19:25:50.122833
TXN_277d155ea8a3,1,SUCCESS,,2026-08-22 18:37:55.122833
TXN_f30fef620eb7,1,SUCCESS,,2026-08-30 17:29:08.122833
TXN_a30baf83781f,1,SUCCESS,,2026-08-02 10:30:23.122833
TXN_6a8f0aa8242f,1,FAILED,BANK_DECLINED,2026-08-03 12:53:08.122833
TXN_dccf259fa46c,1,SUCCESS,,2026-07-02 11:32:58.122833
TXN_10693bf7767d,1,FAILED,LIMIT_EXCEEDED,2026-08-14 03:57:09.122833
TXN_e7b1db76ae7e,1,FAILED,LIMIT_EXCEEDED,2026-06-30 11:18:05.122833
TXN_c3e81c8ad469,1,FAILED,NETWORK_TIMEOUT,2026-08-22 16:41:49.122833
TXN_c3e81c8ad469,2,SUCCESS,,2026-08-22 17:27:49.122833
TXN_d2234337fddb,1,FAILED,BANK_DECLINED,2026-06-27 18:42:12.122833
TXN_2f52a5e6f5f2,1,SUCCESS,,2026-07-07 21:38:41.122833
TXN_604c810b2220,1,SUCCESS,,2026-08-08 07:17:01.122833
TXN_35a1cf4a0b09,1,FAILED,CUSTOMER_CANCELLED,2026-06-17 17:10:54.122833
TXN_35a1cf4a0b09,2,SUCCESS,,2026-06-17 18:17:54.122833
TXN_635d2ae91e92,1,SUCCESS,,2026-08-04 07:40:20.122833
TXN_8e1f6b0df1dc,1,SUCCESS,,2026-07-21 12:13:22.122833
TXN_cc9504f89260,1,SUCCESS,,2026-08-16 16:32:17.122833
TXN_ea79f48146e6,1,SUCCESS,,2026-07-22 19:07:53.122833
TXN_263abd0825ff,1,SUCCESS,,2026-07-03 22:59:17.122833
TXN_a743f14628e9,1,SUCCESS,,2026-07-03 21:32:45.122833
TXN_6689b635e055,1,SUCCESS,,2026-06-18 00:16:48.122833
TXN_bfc031ea6f32,1,SUCCESS,,2026-06-20 18:21:58.122833
TXN_7032aebeea28,1,SUCCESS,,2026-08-14 14:45:25.122833
TXN_fe9448dec5e7,1,SUCCESS,,2026-08-09 00:39:48.122833
TXN_ee804ce05a20,1,SUCCESS,,2026-08-11 19:56:40.122833
TXN_0aad6e8db896,1,SUCCESS,,2026-06-06 11:52:19.122833
TXN_ad748d047c8f,1,SUCCESS,,2026-06-13 01:41:08.122833
TXN_15cd43d26df4,1,FAILED,LIMIT_EXCEEDED,2026-07-30 04:19:55.122833
TXN_6a4141e604a8,1,SUCCESS,,2026-08-09 07:57:50.122833
TXN_51c56e765907,1,FAILED,AUTHENTICATION_FAILED,2026-06-15 05:01:56.122833
TXN_464b35304858,1,SUCCESS,,2026-07-02 15:01:27.122833
TXN_bfb3096688d5,1,SUCCESS,,2026-06-18 15:38:22.122833
TXN_2a0e192aaad9,1,SUCCESS,,2026-07-01 20:24:12.122833
TXN_d16407a6e48f,1,SUCCESS,,2026-06-11 08:28:07.122833
TXN_6fc3b704920f,1,FAILED,NETWORK_TIMEOUT,2026-06-03 01:53:12.122833
TXN_6fc3b704920f,2,SUCCESS,,2026-06-03 02:42:12.122833
TXN_22a531eb59cc,1,SUCCESS,,2026-07-10 20:33:41.122833
TXN_0040768e4a3a,1,SUCCESS,,2026-08-10 03:59:10.122833
TXN_5c6c5c9608d2,1,SUCCESS,,2026-08-15 16:23:12.122833
TXN_94db480cfb10,1,SUCCESS,,2026-08-21 04:36:58.122833
TXN_32de78bbc3a0,1,SUCCESS,,2026-06-09 13:20:13.122833
TXN_4347db136210,1,SUCCESS,,2026-06-24 02:56:57.122833
TXN_dd15baffc3a7,1,FAILED,UPI_TIMEOUT,2026-07-05 14:16:29.122833
TXN_dd15baffc3a7,2,SUCCESS,,2026-07-05 16:16:29.122833
TXN_a3c2d4d10461,1,SUCCESS,,2026-08-30 09:30:16.122833
TXN_be08344c09a8,1,SUCCESS,,2026-06-23 02:34:18.122833
TXN_c815f5a5510e,1,SUCCESS,,2026-07-13 22:20:38.122833
TXN_4110b794d6a1,1,SUCCESS,,2026-06-05 23:31:00.122833
TXN_e789ab31c0cd,1,SUCCESS,,2026-08-07 20:19:53.122833
TXN_359de10667c9,1,SUCCESS,,2026-08-08 05:00:48.122833
TXN_d3fcb5f21134,1,FAILED,CUSTOMER_CANCELLED,2026-06-18 05:15:03.122833
TXN_a42c47296d93,1,SUCCESS,,2026-06-03 17:22:05.122833
TXN_feeaf2e34567,1,SUCCESS,,2026-07-02 00:17:59.122833
TXN_143eb3959063,1,FAILED,LIMIT_EXCEEDED,2026-07-21 08:15:10.122833
TXN_1c6b7ad56ce2,1,SUCCESS,,2026-07-08 00:33:15.122833
TXN_319114827679,1,SUCCESS,,2026-08-26 02:20:38.122833
TXN_88c73dd25c36,1,SUCCESS,,2026-07-29 21:31:15.122833
TXN_50033b494702,1,FAILED,BANK_DECLINED,2026-07-14 19:43:38.122833
TXN_50033b494702,2,SUCCESS,,2026-07-14 20:07:38.122833
TXN_0063a597bec4,1,SUCCESS,,2026-07-17 06:49:35.122833
TXN_82545a10b8f5,1,SUCCESS,,2026-07-13 22:19:24.122833
TXN_e342225a4604,1,SUCCESS,,2026-06-28 13:04:07.122833
TXN_3e1225ea44a0,1,SUCCESS,,2026-07-01 12:01:01.122833
TXN_8d9dfa3c99df,1,SUCCESS,,2026-07-24 04:18:36.122833
TXN_44bf0067739b,1,SUCCESS,,2026-06-14 20:05:35.122833
TXN_e22fb0de7f89,1,SUCCESS,,2026-07-06 03:10:23.122833
TXN_db8e1a345d30,1,SUCCESS,,2026-08-21 06:14:05.122833
TXN_eb077bcc13d3,1,SUCCESS,,2026-06-06 07:34:50.122833
TXN_785491c533ff,1,SUCCESS,,2026-07-09 16:17:11.122833
TXN_2607c9ea76b2,1,FAILED,NETWORK_TIMEOUT,2026-08-14 08:17:00.122833
TXN_2607c9ea76b2,2,SUCCESS,,2026-08-14 09:31:00.122833
TXN_d12a25ac608f,1,FAILED,NETWORK_TIMEOUT,2026-06-27 12:53:14.122833
TXN_d12a25ac608f,2,SUCCESS,,2026-06-27 14:44:14.122833
TXN_c08dbdacffb1,1,SUCCESS,,2026-06-13 21:39:20.122833
TXN_42f396adb430,1,FAILED,INSUFFICIENT_FUNDS,2026-07-22 12:09:49.122833
TXN_42f396adb430,2,SUCCESS,,2026-07-22 12:36:49.122833
TXN_7a8e420eec32,1,SUCCESS,,2026-07-08 22:23:55.122833
TXN_e6fbd4caa029,1,FAILED,BANK_DECLINED,2026-08-14 02:41:50.122833
TXN_9e112a19b59f,1,SUCCESS,,2026-07-31 07:14:14.122833
TXN_7ca1633a0300,1,SUCCESS,,2026-07-12 03:10:09.122833
TXN_bd793c678000,1,SUCCESS,,2026-06-28 12:38:38.122833
TXN_de9099a03c61,1,SUCCESS,,2026-06-24 02:05:10.122833
TXN_7e7478dcec27,1,SUCCESS,,2026-06-30 13:03:37.122833
TXN_74da3a690f13,1,SUCCESS,,2026-08-03 05:29:32.122833
TXN_62f6e11c32f1,1,FAILED,CARD_EXPIRED,2026-06-03 19:38:54.122833
TXN_62f6e11c32f1,2,SUCCESS,,2026-06-03 21:01:54.122833
TXN_4bff671ffda5,1,SUCCESS,,2026-07-17 10:46:49.122833
TXN_673ca020618c,1,SUCCESS,,2026-08-06 22:32:08.122833
TXN_7073c6d3c786,1,SUCCESS,,2026-06-10 05:32:09.122833
TXN_f3896fa39863,1,SUCCESS,,2026-08-14 05:21:23.122833
TXN_9066494ec715,1,SUCCESS,,2026-07-16 10:26:02.122833
TXN_58424f2b7ea8,1,SUCCESS,,2026-08-02 05:00:28.122833
TXN_ffd290056e16,1,SUCCESS,,2026-08-14 13:13:35.122833
TXN_69caf7f458b1,1,FAILED,BANK_DECLINED,2026-07-09 00:50:26.122833
TXN_eaf055bce37d,1,SUCCESS,,2026-06-12 00:20:38.122833
TXN_62d3609e6a7a,1,SUCCESS,,2026-06-19 22:35:06.122833
TXN_39b5a38faf95,1,SUCCESS,,2026-07-26 00:07:17.122833
TXN_98b4d23c3d74,1,SUCCESS,,2026-06-29 16:12:05.122833
TXN_f62765dae5b8,1,FAILED,NETWORK_TIMEOUT,2026-08-03 01:38:50.122833
TXN_f62765dae5b8,2,SUCCESS,,2026-08-03 03:05:50.122833
TXN_3de8ded1d58c,1,SUCCESS,,2026-06-24 10:53:02.122833
TXN_6b31acdc4901,1,SUCCESS,,2026-06-17 20:07:34.122833
TXN_915f7ff4a975,1,SUCCESS,,2026-08-22 04:05:36.122833
TXN_f4701ff014fd,1,SUCCESS,,2026-07-09 19:38:34.122833
TXN_b79e07da69c9,1,SUCCESS,,2026-08-03 09:19:24.122833
TXN_7fc6883eed50,1,SUCCESS,,2026-06-10 09:57:24.122833
TXN_deb3b7f4ce20,1,SUCCESS,,2026-07-31 19:19:51.122833
TXN_e4f9f6b3acbf,1,FAILED,INSUFFICIENT_FUNDS,2026-07-08 13:13:00.122833
TXN_1c3370bec93f,1,FAILED,INSUFFICIENT_FUNDS,2026-07-26 04:45:05.122833
TXN_7b2bc306c54f,1,SUCCESS,,2026-07-08 10:20:48.122833
TXN_54928c6cb26a,1,SUCCESS,,2026-08-31 01:20:56.122833
TXN_0c13ec0d694b,1,FAILED,INSUFFICIENT_FUNDS,2026-06-22 16:43:35.122833
TXN_9907345abfae,1,FAILED,UPI_TIMEOUT,2026-06-26 01:59:40.122833
TXN_9907345abfae,2,SUCCESS,,2026-06-26 03:51:40.122833
TXN_325b73dec474,1,SUCCESS,,2026-08-19 15:05:27.122833
TXN_a0ef88c1d704,1,SUCCESS,,2026-06-26 08:56:16.122833
TXN_e458cc56c7de,1,SUCCESS,,2026-08-07 19:35:41.122833
TXN_a82cd9866ea9,1,FAILED,INSUFFICIENT_FUNDS,2026-06-09 10:19:42.122833
TXN_4484df2f4042,1,SUCCESS,,2026-06-14 08:16:23.122833
TXN_e0ffa866995f,1,SUCCESS,,2026-06-04 21:38:11.122833
TXN_847189e289e1,1,SUCCESS,,2026-08-22 00:27:41.122833
TXN_5ca01ac398b3,1,SUCCESS,,2026-07-22 06:23:06.122833
TXN_42a793be256b,1,SUCCESS,,2026-06-16 18:31:53.122833
TXN_10ffb5283967,1,FAILED,UPI_TIMEOUT,2026-08-11 16:43:59.122833
TXN_10ffb5283967,2,SUCCESS,,2026-08-11 17:14:59.122833
TXN_30b9e0df2a06,1,SUCCESS,,2026-08-18 20:08:16.122833
TXN_90742ed538fb,1,SUCCESS,,2026-06-09 18:57:33.122833
TXN_5175b19d4d5a,1,SUCCESS,,2026-07-05 20:18:52.122833
TXN_77660728579f,1,SUCCESS,,2026-06-27 15:21:57.122833
TXN_b4606ee1315a,1,SUCCESS,,2026-07-23 06:11:54.122833
TXN_70a3e9b92a2b,1,SUCCESS,,2026-08-10 21:38:47.122833
TXN_80a39d577bb0,1,SUCCESS,,2026-07-02 04:27:48.122833
TXN_5415c1f4743e,1,SUCCESS,,2026-08-19 18:36:48.122833
TXN_b682b47edd0a,1,SUCCESS,,2026-06-27 13:55:50.122833
TXN_5ab6c3ef6320,1,FAILED,NETWORK_TIMEOUT,2026-06-17 00:04:35.122833
TXN_5ab6c3ef6320,2,SUCCESS,,2026-06-17 00:39:35.122833
TXN_a2cee0613a35,1,SUCCESS,,2026-08-26 02:09:12.122833
TXN_8a0960331382,1,SUCCESS,,2026-07-06 00:26:25.122833
TXN_d9aa89e278b2,1,SUCCESS,,2026-07-08 22:41:33.122833
TXN_55d9143d71dd,1,SUCCESS,,2026-07-19 09:37:42.122833
TXN_58b688b0f4ff,1,SUCCESS,,2026-07-05 20:08:15.122833
TXN_b071950bed3b,1,SUCCESS,,2026-08-17 03:16:10.122833
TXN_723898b63126,1,SUCCESS,,2026-07-17 04:39:42.122833
TXN_c3e837161592,1,FAILED,INSUFFICIENT_FUNDS,2026-08-23 17:05:44.122833
TXN_a5c24460b3bd,1,FAILED,NETWORK_TIMEOUT,2026-06-22 06:17:37.122833
TXN_a5c24460b3bd,2,SUCCESS,,2026-06-22 07:21:37.122833
TXN_9a0b43f925ea,1,SUCCESS,,2026-07-21 20:43:51.122833
TXN_31212a13022d,1,FAILED,NETWORK_TIMEOUT,2026-07-24 19:21:51.122833
TXN_31212a13022d,2,SUCCESS,,2026-07-24 21:06:51.122833
TXN_8e3f7da4a8c0,1,FAILED,AUTHENTICATION_FAILED,2026-07-23 08:55:25.122833
TXN_da2919bb53a0,1,FAILED,CARD_EXPIRED,2026-08-04 18:51:19.122833
TXN_c38dcbab5c3c,1,SUCCESS,,2026-06-06 12:06:50.122833
TXN_9a80f5ffbfa1,1,FAILED,UPI_TIMEOUT,2026-06-21 01:07:47.122833
TXN_9a80f5ffbfa1,2,SUCCESS,,2026-06-21 01:11:47.122833
TXN_e38aa6f9412a,1,SUCCESS,,2026-07-23 08:00:44.122833
TXN_d429e995e906,1,SUCCESS,,2026-07-18 22:30:47.122833
TXN_ca8ed7a1be8e,1,SUCCESS,,2026-08-18 07:14:08.122833
TXN_fcba16e59850,1,SUCCESS,,2026-07-18 19:36:30.122833
TXN_afa94f5255f6,1,SUCCESS,,2026-07-01 17:19:27.122833
TXN_96602f90f7ee,1,FAILED,NETWORK_TIMEOUT,2026-08-11 12:02:35.122833
TXN_96602f90f7ee,2,SUCCESS,,2026-08-11 12:07:35.122833
TXN_4cf8fca720b2,1,FAILED,BANK_DECLINED,2026-08-01 06:03:05.122833
TXN_b26118314048,1,SUCCESS,,2026-07-30 23:37:17.122833
TXN_20584dee1e29,1,SUCCESS,,2026-07-22 12:32:17.122833
TXN_8ffa3309c493,1,SUCCESS,,2026-06-26 18:37:40.122833
TXN_64f5f7c8fd21,1,SUCCESS,,2026-07-15 07:44:27.122833
TXN_65756b126b82,1,SUCCESS,,2026-07-03 14:10:19.122833
TXN_e6992657274e,1,FAILED,BANK_DECLINED,2026-06-08 23:07:45.122833
TXN_e904b60077b6,1,SUCCESS,,2026-07-05 20:17:18.122833
TXN_25fe51d07171,1,SUCCESS,,2026-08-15 15:56:24.122833
TXN_97d8c60a799e,1,SUCCESS,,2026-07-18 09:54:52.122833
TXN_a699392d5274,1,SUCCESS,,2026-08-06 19:58:31.122833
TXN_39414fe58066,1,SUCCESS,,2026-08-24 08:30:04.122833
TXN_f36fc7d0ae30,1,SUCCESS,,2026-07-18 14:20:27.122833
TXN_6df6df20a968,1,SUCCESS,,2026-06-24 19:19:45.122833
TXN_0aa540711584,1,SUCCESS,,2026-07-08 14:22:14.122833
TXN_c690865cf128,1,SUCCESS,,2026-07-03 05:10:32.122833
TXN_aa6880820c54,1,SUCCESS,,2026-06-03 03:34:57.122833
TXN_e1c460c62a02,1,SUCCESS,,2026-08-04 07:10:14.122833
TXN_d8800efbe664,1,SUCCESS,,2026-08-21 01:41:06.122833
TXN_f8e017d994d3,1,FAILED,INSUFFICIENT_FUNDS,2026-08-22 10:21:03.122833
TXN_f8e017d994d3,2,SUCCESS,,2026-08-22 11:27:03.122833
TXN_a601f1f6de26,1,FAILED,NETWORK_TIMEOUT,2026-07-26 18:45:28.122833
TXN_a601f1f6de26,2,SUCCESS,,2026-07-26 20:09:28.122833
TXN_e7edc1e0d93f,1,SUCCESS,,2026-07-15 07:52:45.122833
TXN_de866538b78e,1,SUCCESS,,2026-08-11 18:43:31.122833
TXN_e8e986674b45,1,SUCCESS,,2026-08-17 10:45:27.122833
TXN_5e73a3c574e4,1,SUCCESS,,2026-06-26 20:32:54.122833
TXN_bcde38e6816f,1,SUCCESS,,2026-06-08 01:07:16.122833
TXN_6dabb710fe02,1,SUCCESS,,2026-06-13 09:05:06.122833
TXN_6b58940468a2,1,SUCCESS,,2026-07-12 18:32:09.122833
TXN_43e5454aa276,1,FAILED,LIMIT_EXCEEDED,2026-06-22 00:23:06.122833
TXN_43e5454aa276,2,SUCCESS,,2026-06-22 01:21:06.122833
TXN_708c544470f6,1,SUCCESS,,2026-08-15 15:47:15.122833
TXN_607ed1bccf3f,1,SUCCESS,,2026-06-04 17:16:59.122833
TXN_3bf1c44a87b9,1,FAILED,INSUFFICIENT_FUNDS,2026-08-10 16:03:11.122833
TXN_0d892f90dc01,1,FAILED,NETWORK_TIMEOUT,2026-08-14 03:38:14.122833
TXN_0d892f90dc01,2,SUCCESS,,2026-08-14 05:21:14.122833
TXN_d1ce540380a0,1,SUCCESS,,2026-07-07 18:21:38.122833
TXN_038c934ca020,1,SUCCESS,,2026-07-31 04:53:38.122833
TXN_8f03398fac2e,1,SUCCESS,,2026-07-14 02:07:04.122833
TXN_b3cc34dd26d1,1,SUCCESS,,2026-06-08 10:50:31.122833
TXN_59d3f9edeab6,1,SUCCESS,,2026-06-05 17:07:33.122833
TXN_0a6f95f3b13d,1,FAILED,INSUFFICIENT_FUNDS,2026-07-20 08:49:47.122833
TXN_0a6f95f3b13d,2,SUCCESS,,2026-07-20 10:36:47.122833
TXN_ca7a0e44c949,1,FAILED,UPI_TIMEOUT,2026-07-27 11:37:30.122833
TXN_ca7a0e44c949,2,SUCCESS,,2026-07-27 11:41:30.122833
TXN_15c744d88939,1,FAILED,INSUFFICIENT_FUNDS,2026-08-19 03:12:59.122833
TXN_8d71e9a34dfb,1,FAILED,BANK_DECLINED,2026-07-31 19:50:27.122833
TXN_12dbb3de6ef4,1,SUCCESS,,2026-07-14 10:32:36.122833
TXN_c722c5f4cd38,1,SUCCESS,,2026-06-17 09:01:43.122833
TXN_2b7ddb698447,1,FAILED,BANK_DECLINED,2026-07-16 16:22:15.122833
TXN_2b7ddb698447,2,SUCCESS,,2026-07-16 17:57:15.122833
TXN_949c3c32ec4b,1,SUCCESS,,2026-08-27 22:48:35.122833
TXN_e5e3362a30d6,1,SUCCESS,,2026-06-04 10:20:19.122833
TXN_538bc91c4f0d,1,FAILED,CUSTOMER_CANCELLED,2026-07-29 08:03:38.122833
TXN_344800ba6b11,1,FAILED,LIMIT_EXCEEDED,2026-06-22 01:10:15.122833
TXN_bd607c9d182a,1,FAILED,INSUFFICIENT_FUNDS,2026-08-25 19:11:15.122833
TXN_bd607c9d182a,2,SUCCESS,,2026-08-25 20:55:15.122833
TXN_5551ed0cd2e4,1,FAILED,BANK_DECLINED,2026-06-20 05:29:32.122833
TXN_5551ed0cd2e4,2,SUCCESS,,2026-06-20 05:34:32.122833
TXN_ce2640df42b8,1,SUCCESS,,2026-08-17 06:38:44.122833
TXN_4a2e5270ceab,1,FAILED,CUSTOMER_CANCELLED,2026-06-24 22:32:44.122833
TXN_3bb21cf3f7e6,1,SUCCESS,,2026-06-25 05:14:41.122833
TXN_d288d02309d1,1,SUCCESS,,2026-08-26 19:24:30.122833
TXN_628f0e926e6a,1,SUCCESS,,2026-06-05 01:36:24.122833
TXN_62ca1d423d54,1,SUCCESS,,2026-06-07 09:02:32.122833
TXN_18309e69d5c8,1,SUCCESS,,2026-07-29 21:40:13.122833
TXN_220543b2e4d6,1,SUCCESS,,2026-08-11 22:36:53.122833
TXN_4f24e36d8923,1,SUCCESS,,2026-08-13 12:11:08.122833
TXN_db0a84790fd3,1,FAILED,BANK_DECLINED,2026-06-23 00:27:47.122833
TXN_12b75cca420b,1,FAILED,AUTHENTICATION_FAILED,2026-07-21 23:48:13.122833
TXN_12b75cca420b,2,SUCCESS,,2026-07-22 00:45:13.122833
TXN_d430c3d106c3,1,SUCCESS,,2026-07-11 11:09:02.122833
TXN_f601e072628e,1,SUCCESS,,2026-08-22 19:37:54.122833
TXN_cf6a2c95821a,1,SUCCESS,,2026-08-09 16:18:41.122833
TXN_72864c4a32b2,1,SUCCESS,,2026-06-04 03:17:52.122833
TXN_93b3ec72dd6e,1,SUCCESS,,2026-06-07 00:04:59.122833
TXN_433e87e72521,1,SUCCESS,,2026-07-22 22:50:29.122833
TXN_79ad573c3008,1,FAILED,BANK_DECLINED,2026-07-30 11:37:18.122833
TXN_989e1e483c9e,1,SUCCESS,,2026-08-01 13:22:20.122833
TXN_315b40bc8803,1,SUCCESS,,2026-06-17 07:06:24.122833
TXN_629cb3a7ac58,1,SUCCESS,,2026-08-17 23:10:29.122833
TXN_25535ab53826,1,SUCCESS,,2026-07-08 19:56:48.122833
TXN_9bc263c381a8,1,SUCCESS,,2026-07-04 19:00:24.122833
TXN_ba4e3f0e38dc,1,SUCCESS,,2026-08-30 07:09:11.122833
TXN_3ced2e264a12,1,SUCCESS,,2026-07-23 14:10:48.122833
TXN_1e8961dd52a9,1,SUCCESS,,2026-06-11 13:01:44.122833
TXN_7f8186e0b923,1,SUCCESS,,2026-07-12 21:33:49.122833
TXN_86362ae72e3a,1,SUCCESS,,2026-08-20 04:27:43.122833
TXN_2277193e24ab,1,SUCCESS,,2026-06-15 01:05:20.122833
TXN_43621a860b22,1,SUCCESS,,2026-08-11 03:30:01.122833
TXN_9ab35dc2c87f,1,SUCCESS,,2026-06-21 15:44:48.122833
TXN_7454f081c340,1,SUCCESS,,2026-06-24 11:56:18.122833
TXN_b4e8eb8db9fe,1,SUCCESS,,2026-08-27 17:01:59.122833
TXN_5c7ad94fea34,1,SUCCESS,,2026-08-05 14:48:24.122833
TXN_e5ec0ffbbc79,1,SUCCESS,,2026-07-23 01:51:32.122833
TXN_4bfdcb4248d4,1,FAILED,UPI_TIMEOUT,2026-07-04 10:31:46.122833
TXN_4bfdcb4248d4,2,SUCCESS,,2026-07-04 11:45:46.122833
TXN_7297f6d636d6,1,SUCCESS,,2026-08-14 05:10:54.122833
TXN_12d942b06ef3,1,SUCCESS,,2026-06-20 06:51:26.122833
TXN_cc7b9067dcf6,1,FAILED,CUSTOMER_CANCELLED,2026-06-18 07:35:04.122833
TXN_4c12abe1e617,1,SUCCESS,,2026-06-20 19:50:59.122833
TXN_f2465eae1f3d,1,SUCCESS,,2026-06-23 10:58:09.122833
TXN_03c8ce739554,1,SUCCESS,,2026-06-29 17:11:34.122833
TXN_757af1744dce,1,FAILED,UPI_TIMEOUT,2026-06-27 09:13:13.122833
TXN_757af1744dce,2,SUCCESS,,2026-06-27 11:11:13.122833
TXN_731124216673,1,SUCCESS,,2026-08-05 23:50:41.122833
TXN_5d17d276880b,1,FAILED,BANK_DECLINED,2026-06-08 17:26:23.122833
TXN_a1bf80f71ac8,1,SUCCESS,,2026-06-14 20:29:51.122833
TXN_6bb70ed5fab1,1,SUCCESS,,2026-07-26 01:02:26.122833
TXN_af7c468894dc,1,SUCCESS,,2026-07-14 22:42:02.122833
TXN_609410dee079,1,SUCCESS,,2026-06-20 07:52:56.122833
TXN_3ce37ce5ed18,1,SUCCESS,,2026-06-16 08:34:09.122833
TXN_d317c7727bb8,1,FAILED,INSUFFICIENT_FUNDS,2026-08-13 21:23:55.122833
TXN_d317c7727bb8,2,SUCCESS,,2026-08-13 22:13:55.122833
TXN_15504a4860ce,1,SUCCESS,,2026-07-23 13:48:31.122833
TXN_f12ed89b119a,1,SUCCESS,,2026-07-24 03:22:53.122833
TXN_4d0862fd6669,1,SUCCESS,,2026-08-03 04:25:12.122833
TXN_c8ba6946593d,1,SUCCESS,,2026-06-17 08:40:09.122833
TXN_7be1871995e3,1,SUCCESS,,2026-06-29 15:08:00.122833
TXN_460282915b8a,1,SUCCESS,,2026-08-29 01:44:44.122833
TXN_f5605ae5b31c,1,SUCCESS,,2026-06-15 19:32:49.122833
TXN_1afe12257106,1,SUCCESS,,2026-07-26 13:22:23.122833
TXN_51bbcac1e479,1,SUCCESS,,2026-06-09 02:03:16.122833
TXN_05fd449af2a2,1,SUCCESS,,2026-08-15 19:59:43.122833
TXN_373628d84c43,1,SUCCESS,,2026-08-17 22:36:23.122833
TXN_c1ceff5c391b,1,SUCCESS,,2026-08-22 14:29:32.122833
TXN_be86a5d4b480,1,SUCCESS,,2026-08-28 06:21:47.122833
TXN_d0193046c6af,1,SUCCESS,,2026-06-17 08:11:31.122833
TXN_a96d8de78543,1,FAILED,CUSTOMER_CANCELLED,2026-06-03 15:27:30.122833
TXN_f33bc003cd30,1,SUCCESS,,2026-07-30 16:50:46.122833
TXN_15d3dd3c5e8f,1,SUCCESS,,2026-07-25 03:35:26.122833
TXN_097318d0c05b,1,FAILED,BANK_DECLINED,2026-07-05 17:49:52.122833
TXN_7ff9497b76dd,1,SUCCESS,,2026-06-13 13:17:43.122833
TXN_d3cceade6b37,1,SUCCESS,,2026-08-08 17:31:46.122833
TXN_74e5d111a20a,1,SUCCESS,,2026-06-12 14:29:20.122833
TXN_8318c39117c6,1,SUCCESS,,2026-06-26 00:37:01.122833
TXN_1722cb1972a1,1,SUCCESS,,2026-07-13 12:56:11.122833
TXN_9d69e0468128,1,SUCCESS,,2026-08-12 17:04:47.122833
TXN_eac510a7e1bc,1,SUCCESS,,2026-08-06 08:32:14.122833
TXN_92e3528dbcd2,1,SUCCESS,,2026-08-10 19:59:52.122833
TXN_08a5a64eb5c6,1,FAILED,NETWORK_TIMEOUT,2026-07-14 17:06:54.122833
TXN_08a5a64eb5c6,2,SUCCESS,,2026-07-14 18:53:54.122833
TXN_a986f9569cd4,1,SUCCESS,,2026-07-19 23:09:55.122833
TXN_88bac85334dd,1,SUCCESS,,2026-08-26 02:31:42.122833
TXN_2f8a9c40752d,1,SUCCESS,,2026-08-22 23:31:31.122833
TXN_106913e0a26e,1,SUCCESS,,2026-08-15 18:41:06.122833
TXN_3f7982e9f053,1,FAILED,UPI_TIMEOUT,2026-07-13 13:17:53.122833
TXN_3f7982e9f053,2,SUCCESS,,2026-07-13 14:19:53.122833
TXN_08e825ffbdb4,1,FAILED,BANK_DECLINED,2026-08-18 02:51:19.122833
TXN_08e825ffbdb4,2,SUCCESS,,2026-08-18 03:46:19.122833
TXN_f29d3814e046,1,SUCCESS,,2026-07-11 07:23:10.122833
TXN_97059da87283,1,SUCCESS,,2026-08-29 18:20:51.122833
TXN_ce829e8fc005,1,SUCCESS,,2026-06-12 04:35:42.122833
TXN_e24f930b6aab,1,FAILED,BANK_DECLINED,2026-08-24 01:40:48.122833
TXN_e24f930b6aab,2,SUCCESS,,2026-08-24 02:39:48.122833
TXN_ddf0d058ec42,1,SUCCESS,,2026-06-26 17:52:48.122833
TXN_e929de1972d7,1,FAILED,LIMIT_EXCEEDED,2026-08-03 05:34:22.122833
TXN_e929de1972d7,2,SUCCESS,,2026-08-03 05:41:22.122833
TXN_a0b6a1ef54c7,1,SUCCESS,,2026-08-04 12:58:57.122833
TXN_1fa22e1f582e,1,SUCCESS,,2026-08-23 14:42:16.122833
TXN_f54fa6e6d351,1,SUCCESS,,2026-08-13 10:21:42.122833
TXN_50914e9cc7ad,1,FAILED,INSUFFICIENT_FUNDS,2026-06-12 10:24:23.122833
TXN_50914e9cc7ad,2,SUCCESS,,2026-06-12 10:35:23.122833
TXN_064579f085c0,1,SUCCESS,,2026-07-20 20:54:27.122833
TXN_22fcd2935ad3,1,SUCCESS,,2026-07-19 17:31:24.122833
TXN_26f2b86179cf,1,FAILED,INSUFFICIENT_FUNDS,2026-06-18 23:05:55.122833
TXN_26f2b86179cf,2,SUCCESS,,2026-06-18 23:58:55.122833
TXN_8b4b3e77e2ae,1,SUCCESS,,2026-08-09 14:00:53.122833
TXN_649d79d5a7cd,1,SUCCESS,,2026-07-11 05:42:17.122833
TXN_4cef2db4c529,1,SUCCESS,,2026-07-30 15:44:03.122833
TXN_a20eca1c96c1,1,SUCCESS,,2026-08-11 02:30:17.122833
TXN_9bef62c6026d,1,FAILED,NETWORK_TIMEOUT,2026-06-12 15:49:51.122833
TXN_2dbb7eb6cb49,1,SUCCESS,,2026-08-01 03:44:13.122833
TXN_2c7be452b41d,1,SUCCESS,,2026-08-21 19:23:47.122833
TXN_f6f5ddcdc770,1,SUCCESS,,2026-06-05 03:47:09.122833
TXN_e8931651f749,1,SUCCESS,,2026-08-26 13:34:45.122833
TXN_e858c6fb69b5,1,SUCCESS,,2026-07-01 09:56:34.122833
TXN_50f03fe2f46d,1,SUCCESS,,2026-07-12 20:16:47.122833
TXN_8b203c75e2af,1,SUCCESS,,2026-08-23 22:07:33.122833
TXN_8e16f8e6d02c,1,SUCCESS,,2026-08-14 02:31:04.122833
TXN_f6b02583a255,1,SUCCESS,,2026-07-14 11:24:02.122833
TXN_a1868858db54,1,FAILED,LIMIT_EXCEEDED,2026-07-25 01:30:57.122833
TXN_33741fa3dcf7,1,SUCCESS,,2026-06-26 13:40:21.122833
TXN_3343919ee6c1,1,SUCCESS,,2026-08-10 08:56:56.122833
TXN_b6edd16d9349,1,SUCCESS,,2026-06-24 17:14:02.122833
TXN_468b2f085f64,1,SUCCESS,,2026-08-21 07:36:50.122833
TXN_128ce4e8e689,1,SUCCESS,,2026-07-17 06:47:56.122833
TXN_18080ca2d2e2,1,FAILED,LIMIT_EXCEEDED,2026-06-04 17:53:48.122833
TXN_4b281727faff,1,SUCCESS,,2026-07-18 20:59:05.122833
TXN_8ae8fc3753c5,1,FAILED,BANK_DECLINED,2026-08-11 09:27:01.122833
TXN_2cb2f6521688,1,SUCCESS,,2026-08-10 21:12:05.122833
TXN_ba43ed0a7e6e,1,FAILED,BANK_DECLINED,2026-07-11 01:41:05.122833
TXN_ba43ed0a7e6e,2,SUCCESS,,2026-07-11 03:20:05.122833
TXN_fb344caa3977,1,SUCCESS,,2026-07-02 04:16:35.122833
TXN_89126178ac36,1,FAILED,NETWORK_TIMEOUT,2026-06-16 14:27:07.122833
TXN_89126178ac36,2,SUCCESS,,2026-06-16 15:10:07.122833
TXN_aa7b852eb7e4,1,SUCCESS,,2026-07-31 18:49:21.122833
TXN_b1ef7c5fa782,1,SUCCESS,,2026-08-01 04:44:23.122833
TXN_c27ecb1ea9bb,1,SUCCESS,,2026-06-26 18:06:34.122833
TXN_c125996757b9,1,FAILED,BANK_DECLINED,2026-06-05 11:04:32.122833
TXN_c125996757b9,2,SUCCESS,,2026-06-05 11:09:32.122833
TXN_656b49fddd8f,1,FAILED,INSUFFICIENT_FUNDS,2026-06-11 17:46:36.122833
TXN_3aa9a687136a,1,SUCCESS,,2026-08-19 17:57:00.122833
TXN_7b9e4200d0a2,1,SUCCESS,,2026-06-20 08:45:41.122833
TXN_5eeb2d24e965,1,FAILED,LIMIT_EXCEEDED,2026-07-21 02:42:27.122833
TXN_241e95536468,1,SUCCESS,,2026-08-04 10:30:32.122833
TXN_0a77ddd09b2c,1,SUCCESS,,2026-06-27 15:00:26.122833
TXN_3458b90264ef,1,FAILED,BANK_DECLINED,2026-08-07 21:11:40.122833
TXN_3458b90264ef,2,SUCCESS,,2026-08-07 23:02:40.122833
TXN_0b767c28416d,1,SUCCESS,,2026-06-03 19:40:28.122833
TXN_3c135dc33348,1,SUCCESS,,2026-07-27 07:05:58.122833
TXN_a5f28ce3c1ef,1,SUCCESS,,2026-08-01 21:06:08.122833
TXN_971714434e08,1,SUCCESS,,2026-08-26 06:29:53.122833
TXN_c45dadffa004,1,SUCCESS,,2026-08-28 03:33:46.122833
TXN_ad99aa6f49c9,1,SUCCESS,,2026-06-17 01:12:35.122833
TXN_9676c0140fc2,1,SUCCESS,,2026-08-27 20:05:55.122833
TXN_57dd85fcd55b,1,SUCCESS,,2026-06-30 21:26:52.122833
TXN_f788db92a19c,1,FAILED,INSUFFICIENT_FUNDS,2026-08-29 00:03:14.122833
TXN_f788db92a19c,2,SUCCESS,,2026-08-29 00:55:14.122833
TXN_cb372aa29462,1,SUCCESS,,2026-08-30 22:07:05.122833
TXN_a3bf7eb8ed05,1,FAILED,AUTHENTICATION_FAILED,2026-08-17 17:21:47.122833
TXN_a3bf7eb8ed05,2,SUCCESS,,2026-08-17 18:09:47.122833
TXN_603160c2d59b,1,SUCCESS,,2026-06-26 12:06:14.122833
TXN_9b60e7fbc7ce,1,SUCCESS,,2026-08-18 16:38:40.122833
TXN_2547c67d3150,1,FAILED,NETWORK_TIMEOUT,2026-08-20 07:54:56.122833
TXN_2547c67d3150,2,SUCCESS,,2026-08-20 08:20:56.122833
TXN_c509935acf6f,1,SUCCESS,,2026-06-12 04:32:22.122833
TXN_14abb4e97556,1,FAILED,INSUFFICIENT_FUNDS,2026-07-27 06:14:31.122833
TXN_14abb4e97556,2,SUCCESS,,2026-07-27 07:28:31.122833
TXN_556880277ce8,1,SUCCESS,,2026-08-04 01:07:33.122833
TXN_e7936331f242,1,SUCCESS,,2026-07-01 01:00:32.122833
TXN_587596a22643,1,SUCCESS,,2026-07-20 05:13:54.122833
TXN_ab57b50b0e6e,1,SUCCESS,,2026-07-10 08:21:16.122833
TXN_1bfffdbd1b99,1,SUCCESS,,2026-08-09 10:55:25.122833
TXN_a99206b5359a,1,SUCCESS,,2026-07-02 10:00:20.122833
TXN_5881d224a265,1,SUCCESS,,2026-08-03 19:50:43.122833
TXN_40261859d51b,1,FAILED,INSUFFICIENT_FUNDS,2026-07-09 23:14:59.122833
TXN_40261859d51b,2,SUCCESS,,2026-07-10 01:13:59.122833
TXN_f9cf001566b6,1,SUCCESS,,2026-08-26 10:14:43.122833
TXN_885260a0d512,1,SUCCESS,,2026-07-08 14:26:49.122833
TXN_39b21f31cd6c,1,SUCCESS,,2026-06-20 15:05:22.122833
TXN_d2862ea364c6,1,SUCCESS,,2026-07-20 16:26:22.122833
TXN_9f6309fdaa42,1,SUCCESS,,2026-06-22 14:26:56.122833
TXN_072ed7f380b1,1,SUCCESS,,2026-08-05 15:19:50.122833
TXN_74172a8dc445,1,SUCCESS,,2026-08-21 20:25:03.122833
TXN_6eaad3d352f1,1,FAILED,NETWORK_TIMEOUT,2026-06-16 08:28:42.122833
TXN_6eaad3d352f1,2,SUCCESS,,2026-06-16 09:28:42.122833
TXN_52ca575b3a2e,1,SUCCESS,,2026-08-07 15:48:05.122833
TXN_c8ab72500ed8,1,SUCCESS,,2026-08-26 21:50:23.122833
TXN_1860cb2a8a28,1,SUCCESS,,2026-07-12 23:27:09.122833
TXN_8ac69cdceb1a,1,FAILED,LIMIT_EXCEEDED,2026-08-20 21:28:15.122833
TXN_4935d7aa7bec,1,FAILED,LIMIT_EXCEEDED,2026-07-10 23:52:23.122833
TXN_4935d7aa7bec,2,SUCCESS,,2026-07-11 00:24:23.122833
TXN_fd267f28bceb,1,FAILED,CARD_EXPIRED,2026-06-24 05:55:59.122833
TXN_c3c089f48b8b,1,SUCCESS,,2026-06-09 01:19:18.122833
TXN_7897c86134ce,1,SUCCESS,,2026-08-07 16:59:23.122833
TXN_ed990ab6a938,1,SUCCESS,,2026-06-30 05:46:30.122833
TXN_9f5f67b5c983,1,SUCCESS,,2026-08-21 11:48:29.122833
TXN_a401c930325b,1,SUCCESS,,2026-06-22 02:14:06.122833
TXN_c3b71989231d,1,FAILED,UPI_TIMEOUT,2026-06-13 09:57:39.122833
TXN_c3b71989231d,2,SUCCESS,,2026-06-13 11:08:39.122833
TXN_67c298910f21,1,FAILED,INSUFFICIENT_FUNDS,2026-08-19 21:26:02.122833
TXN_67c298910f21,2,SUCCESS,,2026-08-19 21:57:02.122833
TXN_b6a68d35555e,1,SUCCESS,,2026-06-16 11:00:59.122833
TXN_c19b339202b4,1,SUCCESS,,2026-08-16 01:06:55.122833
TXN_90321b1800fa,1,SUCCESS,,2026-07-27 19:46:04.122833
TXN_e40e4b5cab53,1,SUCCESS,,2026-08-31 02:24:25.122833
TXN_76b7de57d341,1,FAILED,CARD_EXPIRED,2026-07-10 14:11:14.122833
TXN_557c81cef567,1,SUCCESS,,2026-06-20 11:01:47.122833
TXN_e43adde8e88c,1,SUCCESS,,2026-08-26 04:43:40.122833
TXN_f420f762b326,1,FAILED,NETWORK_TIMEOUT,2026-07-26 15:55:35.122833
TXN_3cd561a1c0d6,1,SUCCESS,,2026-08-08 01:58:39.122833
TXN_53d1e196ba1f,1,SUCCESS,,2026-06-19 02:17:45.122833
TXN_ffc92647e576,1,FAILED,BANK_DECLINED,2026-08-08 00:56:16.122833
TXN_a62a1d1e7c19,1,SUCCESS,,2026-08-16 05:33:17.122833
TXN_c39b5e94e7b4,1,SUCCESS,,2026-07-27 07:44:17.122833
TXN_09cee0a2b342,1,SUCCESS,,2026-07-28 02:02:14.122833
TXN_e7f5492e22de,1,SUCCESS,,2026-08-29 23:22:48.122833
TXN_ea9a2b7ae580,1,SUCCESS,,2026-08-03 09:58:39.122833
TXN_99ab739fefbd,1,SUCCESS,,2026-08-26 23:37:06.122833
TXN_2b7f0491db52,1,SUCCESS,,2026-07-10 07:31:22.122833
TXN_d1d04ba07136,1,SUCCESS,,2026-07-14 12:23:01.122833
TXN_10f635624482,1,SUCCESS,,2026-08-27 00:27:32.122833
TXN_4daf6270139b,1,SUCCESS,,2026-07-06 20:46:39.122833
TXN_42616ad951c2,1,SUCCESS,,2026-08-12 19:25:31.122833
TXN_eb2428066935,1,SUCCESS,,2026-07-04 06:01:31.122833
TXN_a02f98479b6e,1,SUCCESS,,2026-06-23 15:54:59.122833
TXN_122ac0b9cc5f,1,SUCCESS,,2026-08-05 14:42:20.122833
TXN_77694014d747,1,FAILED,INSUFFICIENT_FUNDS,2026-07-08 23:45:02.122833
TXN_75fd7aa07942,1,SUCCESS,,2026-07-25 07:14:50.122833
TXN_2525d8ad1c34,1,SUCCESS,,2026-07-12 14:40:08.122833
TXN_1f5ae13ad60f,1,FAILED,NETWORK_TIMEOUT,2026-08-05 15:27:50.122833
TXN_1f5ae13ad60f,2,SUCCESS,,2026-08-05 16:34:50.122833
TXN_2af197af95b8,1,SUCCESS,,2026-06-04 21:54:18.122833
TXN_2e0323a841e3,1,SUCCESS,,2026-08-14 00:36:17.122833
TXN_2e35b32b9cc9,1,SUCCESS,,2026-08-17 12:13:40.122833
TXN_c2bf2102fa09,1,SUCCESS,,2026-08-25 21:01:17.122833
TXN_185d322de804,1,SUCCESS,,2026-08-15 17:11:54.122833
TXN_4ccb192fc94b,1,SUCCESS,,2026-06-12 00:32:29.122833
TXN_6f1c10b340b7,1,SUCCESS,,2026-07-04 18:50:08.122833
TXN_cb0cb42e3aec,1,SUCCESS,,2026-08-13 19:02:30.122833
TXN_21eb1ad3b2c3,1,FAILED,INSUFFICIENT_FUNDS,2026-08-02 02:35:59.122833
TXN_f04f6a0160e2,1,SUCCESS,,2026-07-05 11:24:29.122833
TXN_a30196d9ae39,1,FAILED,LIMIT_EXCEEDED,2026-06-18 02:45:16.122833
TXN_efb6fe68c152,1,FAILED,LIMIT_EXCEEDED,2026-08-29 23:21:28.122833
TXN_414b9df48888,1,SUCCESS,,2026-08-09 13:09:46.122833
TXN_75ff18a67c32,1,SUCCESS,,2026-08-06 01:17:30.122833
TXN_7d9ca331d258,1,SUCCESS,,2026-06-15 18:19:57.122833
TXN_18340a2de787,1,SUCCESS,,2026-07-29 12:15:08.122833
TXN_d4b1643a4147,1,SUCCESS,,2026-07-28 03:00:43.122833
TXN_305862c05da8,1,SUCCESS,,2026-07-27 15:03:53.122833
TXN_440b710280c7,1,FAILED,CUSTOMER_CANCELLED,2026-06-09 06:53:24.122833
TXN_d4ccccfbee17,1,FAILED,CARD_EXPIRED,2026-06-13 08:56:52.122833
TXN_c7cf72352c56,1,SUCCESS,,2026-07-03 17:38:47.122833
TXN_2873ce816e0b,1,SUCCESS,,2026-07-31 03:01:11.122833
TXN_8102f8a96f98,1,SUCCESS,,2026-07-13 03:45:58.122833
TXN_7974d7280ca0,1,SUCCESS,,2026-06-29 19:23:05.122833
TXN_9b367f4d3d6c,1,SUCCESS,,2026-08-29 13:04:13.122833
TXN_f0bd956a5e36,1,SUCCESS,,2026-07-16 04:26:59.122833
TXN_ba05d97853d4,1,SUCCESS,,2026-07-17 01:47:09.122833
TXN_2ca946e2c600,1,SUCCESS,,2026-06-03 15:14:45.122833
TXN_dd21563a63b6,1,SUCCESS,,2026-07-09 11:52:06.122833
TXN_0df4cc9a173f,1,SUCCESS,,2026-07-05 04:27:02.122833
TXN_ab557c233969,1,SUCCESS,,2026-07-12 03:11:52.122833
TXN_9bc01ebdad64,1,SUCCESS,,2026-07-26 05:30:34.122833
TXN_55f7a4bfbbb2,1,FAILED,BANK_DECLINED,2026-08-30 19:16:05.122833
TXN_b75408fcc866,1,SUCCESS,,2026-08-28 13:46:28.122833
TXN_881e4a6a82d3,1,SUCCESS,,2026-06-26 04:30:17.122833
TXN_feacb887bfc2,1,SUCCESS,,2026-08-17 05:16:44.122833
TXN_50f7ad4d6c7d,1,SUCCESS,,2026-08-19 22:46:44.122833
TXN_f5d4f8916087,1,SUCCESS,,2026-08-02 09:20:41.122833
TXN_0f35a63c5139,1,FAILED,BANK_DECLINED,2026-08-17 22:11:03.122833
TXN_93ad4346bac8,1,FAILED,NETWORK_TIMEOUT,2026-06-21 23:16:59.122833
TXN_93ad4346bac8,2,SUCCESS,,2026-06-21 23:28:59.122833
TXN_8c5351d380ae,1,FAILED,BANK_DECLINED,2026-06-11 11:46:31.122833
TXN_8c5351d380ae,2,SUCCESS,,2026-06-11 12:01:31.122833
TXN_313d39bd34d6,1,FAILED,BANK_DECLINED,2026-08-11 05:02:50.122833
TXN_313d39bd34d6,2,SUCCESS,,2026-08-11 06:01:50.122833
TXN_bfb2f33ec744,1,FAILED,BANK_DECLINED,2026-08-20 23:23:47.122833
TXN_6ca0162b4f95,1,SUCCESS,,2026-07-18 03:42:15.122833
TXN_9627495aeefd,1,SUCCESS,,2026-07-15 13:30:09.122833
TXN_41122d3ae0af,1,SUCCESS,,2026-06-28 03:48:31.122833
TXN_2f1f590c84d9,1,FAILED,BANK_DECLINED,2026-06-14 15:19:46.122833
TXN_2f1f590c84d9,2,SUCCESS,,2026-06-14 17:00:46.122833
TXN_13ae6b0a2834,1,FAILED,NETWORK_TIMEOUT,2026-08-15 00:38:21.122833
TXN_a228bd89125e,1,FAILED,BANK_DECLINED,2026-07-01 09:46:16.122833
TXN_eadb3a56a162,1,FAILED,BANK_DECLINED,2026-06-26 23:07:12.122833
TXN_e5df132f4aec,1,FAILED,CARD_EXPIRED,2026-08-28 01:30:38.122833
TXN_ce2a6a3e96a0,1,FAILED,UPI_TIMEOUT,2026-06-08 13:56:55.122833
TXN_ce2a6a3e96a0,2,SUCCESS,,2026-06-08 14:11:55.122833
TXN_1e10dded0480,1,FAILED,BANK_DECLINED,2026-08-14 23:09:25.122833
TXN_1e10dded0480,2,SUCCESS,,2026-08-15 01:06:25.122833
TXN_698c7d9a5035,1,FAILED,LIMIT_EXCEEDED,2026-07-15 21:27:41.122833
TXN_698c7d9a5035,2,SUCCESS,,2026-07-15 23:14:41.122833
TXN_1004e94b6181,1,SUCCESS,,2026-08-16 11:49:28.122833
TXN_c55d0a384743,1,SUCCESS,,2026-06-08 23:52:24.122833
TXN_de90afb8295e,1,FAILED,INSUFFICIENT_FUNDS,2026-08-13 15:47:56.122833
TXN_de90afb8295e,2,SUCCESS,,2026-08-13 17:42:56.122833
TXN_b07023beb935,1,SUCCESS,,2026-07-03 00:48:49.122833
TXN_32025c46f0f1,1,SUCCESS,,2026-06-06 17:51:42.122833
TXN_9537e53d1539,1,SUCCESS,,2026-08-31 06:08:59.122833
TXN_082af183de85,1,SUCCESS,,2026-07-16 12:00:43.122833
TXN_6d74c06d135e,1,FAILED,CUSTOMER_CANCELLED,2026-08-26 09:26:42.122833
TXN_4177f2198ff1,1,FAILED,UPI_TIMEOUT,2026-06-17 02:27:16.122833
TXN_4177f2198ff1,2,SUCCESS,,2026-06-17 03:25:16.122833
TXN_d9a2bd244176,1,SUCCESS,,2026-08-29 12:00:42.122833
TXN_528badede212,1,SUCCESS,,2026-06-04 04:33:16.122833
TXN_33af1ac710d1,1,SUCCESS,,2026-07-20 21:12:35.122833
TXN_8a2abdb5654b,1,FAILED,NETWORK_TIMEOUT,2026-06-29 13:22:54.122833
TXN_8a2abdb5654b,2,SUCCESS,,2026-06-29 14:34:54.122833
TXN_1422030b6e45,1,SUCCESS,,2026-07-14 20:14:19.122833
TXN_06bfccc38b4c,1,SUCCESS,,2026-07-06 21:46:30.122833
TXN_f2d2edf21aa8,1,SUCCESS,,2026-07-31 14:40:57.122833
TXN_0f902ff2e5b8,1,FAILED,UPI_TIMEOUT,2026-07-13 00:31:11.122833
TXN_0e315cf3895d,1,SUCCESS,,2026-08-02 19:26:26.122833
TXN_9a784bfd6335,1,SUCCESS,,2026-06-15 03:57:14.122833
TXN_6cbedcb60090,1,SUCCESS,,2026-08-25 11:51:28.122833
TXN_76eff31ea06e,1,SUCCESS,,2026-07-16 00:07:56.122833
TXN_cce1c5b4254c,1,SUCCESS,,2026-06-25 06:18:55.122833
TXN_b338fbcc8d6d,1,FAILED,LIMIT_EXCEEDED,2026-08-17 23:45:21.122833
TXN_b338fbcc8d6d,2,SUCCESS,,2026-08-18 01:14:21.122833
TXN_6dc5ab381916,1,SUCCESS,,2026-06-21 11:17:51.122833
TXN_6eec67a47bc4,1,SUCCESS,,2026-08-30 02:02:09.122833
TXN_1ee95a5cb201,1,FAILED,INSUFFICIENT_FUNDS,2026-07-20 00:51:25.122833
TXN_1ee95a5cb201,2,SUCCESS,,2026-07-20 01:26:25.122833
TXN_8ef1f34ad7a7,1,FAILED,AUTHENTICATION_FAILED,2026-07-09 21:29:00.122833
TXN_f9097e9f06af,1,SUCCESS,,2026-07-17 12:30:31.122833
TXN_7ae2410aa8cf,1,SUCCESS,,2026-06-09 02:18:44.122833
TXN_14570d53ce33,1,SUCCESS,,2026-08-10 17:13:46.122833
TXN_93ece3a39c34,1,SUCCESS,,2026-06-24 06:46:08.122833
TXN_443d3499b284,1,SUCCESS,,2026-07-27 03:38:06.122833
TXN_6c014653efc4,1,FAILED,CARD_EXPIRED,2026-07-31 07:35:00.122833
TXN_19e0f67a8044,1,SUCCESS,,2026-08-31 06:45:47.122833
TXN_265e6346b68d,1,FAILED,INSUFFICIENT_FUNDS,2026-08-27 12:01:55.122833
TXN_265e6346b68d,2,SUCCESS,,2026-08-27 13:43:55.122833
TXN_1714abf86fe3,1,FAILED,UPI_TIMEOUT,2026-07-13 16:00:21.122833
TXN_1714abf86fe3,2,SUCCESS,,2026-07-13 16:41:21.122833
TXN_704158f5a662,1,SUCCESS,,2026-06-16 14:02:52.122833
TXN_fbd072a9b28c,1,FAILED,NETWORK_TIMEOUT,2026-06-10 05:46:17.122833
TXN_fbd072a9b28c,2,SUCCESS,,2026-06-10 07:14:17.122833
TXN_4c18aee73415,1,SUCCESS,,2026-08-02 08:47:37.122833
TXN_1fafbe17dcd3,1,SUCCESS,,2026-06-13 01:25:42.122833
TXN_423ca847280c,1,SUCCESS,,2026-07-16 14:42:29.122833
TXN_3eb77d1ad71c,1,SUCCESS,,2026-06-14 15:06:26.122833
TXN_89a3b445f092,1,SUCCESS,,2026-07-03 04:59:38.122833
TXN_5218e8fd4d9b,1,SUCCESS,,2026-08-04 08:25:07.122833
TXN_f02d63e3b577,1,SUCCESS,,2026-08-04 02:06:37.122833
TXN_feefed4f8e5f,1,SUCCESS,,2026-06-08 00:31:33.122833
TXN_1fafd360f123,1,SUCCESS,,2026-06-16 04:22:55.122833
TXN_7b84db46440b,1,FAILED,CUSTOMER_CANCELLED,2026-06-11 12:24:45.122833
TXN_71e6062c3eb6,1,SUCCESS,,2026-07-05 22:56:53.122833
TXN_a787887fc24c,1,SUCCESS,,2026-07-13 00:32:14.122833
TXN_fe33030a0ff0,1,SUCCESS,,2026-08-20 15:58:14.122833
TXN_5280d22325b8,1,SUCCESS,,2026-06-24 16:14:10.122833
TXN_adb99162f178,1,SUCCESS,,2026-08-04 00:26:10.122833
TXN_b45d6de83e78,1,SUCCESS,,2026-08-15 05:51:44.122833
TXN_94869e00787d,1,SUCCESS,,2026-07-03 14:45:29.122833
TXN_a00957413564,1,FAILED,NETWORK_TIMEOUT,2026-07-22 03:19:34.122833
TXN_a00957413564,2,SUCCESS,,2026-07-22 03:33:34.122833
TXN_1f2791ae190b,1,SUCCESS,,2026-07-12 21:14:31.122833
TXN_b906aaefdfc0,1,SUCCESS,,2026-06-24 21:09:08.122833
TXN_1b3b7f1953bb,1,SUCCESS,,2026-08-27 04:45:03.122833
TXN_74615443993d,1,SUCCESS,,2026-06-17 09:08:47.122833
TXN_c5f4d9247f76,1,FAILED,NETWORK_TIMEOUT,2026-06-28 09:21:59.122833
TXN_c5f4d9247f76,2,SUCCESS,,2026-06-28 11:14:59.122833
TXN_c0a32413fea8,1,SUCCESS,,2026-08-14 19:42:41.122833
TXN_54f122bc288c,1,SUCCESS,,2026-07-10 17:15:52.122833
TXN_98ca8e916d69,1,SUCCESS,,2026-08-04 20:15:24.122833
TXN_55fe0cb45290,1,FAILED,LIMIT_EXCEEDED,2026-06-06 15:26:23.122833
TXN_e9a511393d0a,1,SUCCESS,,2026-06-22 00:43:51.122833
TXN_1b609ad855a4,1,FAILED,LIMIT_EXCEEDED,2026-08-07 01:22:45.122833
TXN_1b609ad855a4,2,SUCCESS,,2026-08-07 02:36:45.122833
TXN_3286c5194aed,1,SUCCESS,,2026-06-07 21:03:01.122833
TXN_858de61d7c55,1,FAILED,BANK_DECLINED,2026-06-23 15:33:34.122833
TXN_858de61d7c55,2,SUCCESS,,2026-06-23 16:43:34.122833
TXN_bb1a587e2bff,1,SUCCESS,,2026-08-25 03:08:39.122833
TXN_f8477cbc89cd,1,SUCCESS,,2026-07-04 09:09:57.122833
TXN_9b56f3e24a80,1,SUCCESS,,2026-07-19 05:15:17.122833
TXN_2c8310326b38,1,SUCCESS,,2026-06-10 03:21:30.122833
TXN_15d894c03ab4,1,SUCCESS,,2026-06-07 10:56:18.122833
TXN_22d075e4097e,1,SUCCESS,,2026-07-15 19:25:52.122833
TXN_66db9432bb28,1,SUCCESS,,2026-07-08 07:58:58.122833
TXN_c1f8655359b2,1,SUCCESS,,2026-06-09 23:41:21.122833
TXN_cedcfb549c46,1,FAILED,AUTHENTICATION_FAILED,2026-08-28 20:04:19.122833
TXN_558b8991501d,1,SUCCESS,,2026-06-14 06:44:32.122833
TXN_57b3e7ab4f6b,1,FAILED,BANK_DECLINED,2026-08-27 01:35:25.122833
TXN_bc795d7bb0ae,1,FAILED,INSUFFICIENT_FUNDS,2026-08-11 23:17:31.122833
TXN_7598ae4a6a79,1,SUCCESS,,2026-06-29 02:48:51.122833
TXN_160d3995bf22,1,FAILED,CARD_EXPIRED,2026-08-08 18:22:44.122833
TXN_123e01e37515,1,FAILED,CUSTOMER_CANCELLED,2026-06-06 04:57:23.122833
TXN_8fa15cad4735,1,FAILED,LIMIT_EXCEEDED,2026-07-28 14:18:52.122833
TXN_8fa15cad4735,2,SUCCESS,,2026-07-28 14:20:52.122833
TXN_32f9d4bfc376,1,SUCCESS,,2026-08-10 12:33:20.122833
TXN_6964e5d0af09,1,SUCCESS,,2026-08-06 18:28:23.122833
TXN_5c1c83907d53,1,SUCCESS,,2026-08-20 06:37:34.122833
TXN_4ff6ed9a41e9,1,SUCCESS,,2026-07-26 20:47:58.122833
TXN_2c2ed04ccba6,1,SUCCESS,,2026-06-07 04:34:08.122833
TXN_e57cbdb211d5,1,FAILED,UPI_TIMEOUT,2026-07-25 11:21:11.122833
TXN_e57cbdb211d5,2,SUCCESS,,2026-07-25 12:36:11.122833
TXN_f378dd18b2f5,1,FAILED,NETWORK_TIMEOUT,2026-07-25 02:26:35.122833
TXN_f378dd18b2f5,2,SUCCESS,,2026-07-25 03:02:35.122833
TXN_03545141a063,1,SUCCESS,,2026-07-28 22:21:22.122833
TXN_9bd591b741aa,1,SUCCESS,,2026-06-16 22:22:29.122833
TXN_7ba758c1a5a7,1,FAILED,LIMIT_EXCEEDED,2026-07-12 04:40:03.122833
TXN_57ba59cf0445,1,SUCCESS,,2026-07-04 21:51:15.122833
TXN_c397f5d72cb7,1,SUCCESS,,2026-08-25 06:30:15.122833
TXN_18e0a366c205,1,SUCCESS,,2026-06-16 16:21:24.122833
TXN_279a6a840df0,1,SUCCESS,,2026-08-24 05:33:59.122833
TXN_f5457120dd42,1,SUCCESS,,2026-08-21 16:01:16.122833
TXN_3e27d4dbcea9,1,SUCCESS,,2026-07-21 06:40:23.122833
TXN_45c679e694af,1,SUCCESS,,2026-07-26 01:00:10.122833
TXN_0230189fe86d,1,SUCCESS,,2026-08-18 01:53:42.122833
TXN_144d9f4ce842,1,SUCCESS,,2026-07-25 20:20:50.122833
TXN_44e83c6510e5,1,SUCCESS,,2026-07-28 14:55:02.122833
TXN_8835809fbe86,1,SUCCESS,,2026-06-24 12:33:04.122833
TXN_f6c0289cc6ca,1,SUCCESS,,2026-08-11 03:14:09.122833
TXN_7d5776eb30e3,1,SUCCESS,,2026-07-20 16:16:16.122833
TXN_1c22224f31e5,1,SUCCESS,,2026-08-14 23:30:27.122833
TXN_98faeff5f19c,1,SUCCESS,,2026-08-20 16:16:26.122833
TXN_3c610daaf29b,1,SUCCESS,,2026-06-20 15:06:35.122833
TXN_462bd02850b2,1,SUCCESS,,2026-06-14 03:32:42.122833
TXN_5ca0247a1b34,1,FAILED,BANK_DECLINED,2026-07-30 14:46:56.122833
TXN_18160000a0b4,1,SUCCESS,,2026-08-01 17:20:23.122833
TXN_fbf67a351d87,1,SUCCESS,,2026-08-07 12:49:22.122833
TXN_1326e5b3399b,1,SUCCESS,,2026-06-27 10:22:49.122833
TXN_fdd204b8a423,1,FAILED,AUTHENTICATION_FAILED,2026-08-16 08:05:57.122833
TXN_260b1a7d4c44,1,SUCCESS,,2026-08-08 02:10:35.122833
TXN_c100955cb67d,1,FAILED,BANK_DECLINED,2026-08-15 07:04:41.122833
TXN_c100955cb67d,2,SUCCESS,,2026-08-15 08:48:41.122833
TXN_46a08e4f256e,1,FAILED,CUSTOMER_CANCELLED,2026-06-26 10:09:49.122833
TXN_4901aa47e2cd,1,SUCCESS,,2026-07-09 11:28:55.122833
TXN_dec5f359eb99,1,SUCCESS,,2026-07-03 22:42:43.122833
TXN_3ad6c48252cf,1,FAILED,CARD_EXPIRED,2026-08-01 04:25:46.122833
TXN_bc5036870fee,1,SUCCESS,,2026-08-17 09:50:30.122833
TXN_8d71e512d80a,1,SUCCESS,,2026-07-17 13:39:08.122833
TXN_167dd2fb0288,1,SUCCESS,,2026-08-05 01:36:05.122833
TXN_7f8b8a90a885,1,SUCCESS,,2026-07-20 06:42:30.122833
TXN_240989161b40,1,SUCCESS,,2026-06-30 18:46:53.122833
TXN_76b9b9643da4,1,SUCCESS,,2026-06-21 22:21:18.122833
TXN_b7c12e35396a,1,FAILED,AUTHENTICATION_FAILED,2026-08-19 22:21:04.122833
TXN_b7c12e35396a,2,SUCCESS,,2026-08-19 23:42:04.122833
TXN_a8518af12af6,1,SUCCESS,,2026-06-20 08:02:05.122833
TXN_ef46aa04c562,1,SUCCESS,,2026-06-24 19:21:00.122833
TXN_ef3117ba93ea,1,SUCCESS,,2026-06-12 10:57:53.122833
TXN_41106d00ae0a,1,SUCCESS,,2026-07-27 05:42:56.122833
TXN_2f5df49f9955,1,SUCCESS,,2026-06-04 14:13:14.122833
TXN_63c9865cc6ef,1,FAILED,INSUFFICIENT_FUNDS,2026-06-12 22:07:37.122833
TXN_63c9865cc6ef,2,SUCCESS,,2026-06-12 22:14:37.122833
TXN_9e30801bc892,1,FAILED,NETWORK_TIMEOUT,2026-07-13 14:17:26.122833
TXN_9e30801bc892,2,SUCCESS,,2026-07-13 15:56:26.122833
TXN_2c9c1b4c9189,1,FAILED,LIMIT_EXCEEDED,2026-07-07 07:43:56.122833
TXN_525da8621709,1,SUCCESS,,2026-06-14 08:20:25.122833
TXN_896cb7a53d12,1,SUCCESS,,2026-07-15 21:51:28.122833
TXN_81d7fd61ffa8,1,SUCCESS,,2026-06-09 02:03:50.122833
TXN_542bbe671ce5,1,FAILED,UPI_TIMEOUT,2026-07-26 22:28:56.122833
TXN_8a4777403a48,1,SUCCESS,,2026-08-09 16:55:02.122833
TXN_6584eb2e03f0,1,SUCCESS,,2026-06-13 13:05:50.122833
TXN_0f5ac8dd7b42,1,SUCCESS,,2026-08-27 01:48:34.122833
TXN_4486b865a99b,1,FAILED,CARD_EXPIRED,2026-08-19 09:21:17.122833
TXN_3fe657279473,1,SUCCESS,,2026-06-12 05:09:39.122833
TXN_17ddbfa10036,1,SUCCESS,,2026-06-16 18:49:52.122833
TXN_0dc15c26c882,1,SUCCESS,,2026-07-18 23:27:33.122833
TXN_250879164513,1,FAILED,NETWORK_TIMEOUT,2026-08-02 11:14:34.122833
TXN_250879164513,2,SUCCESS,,2026-08-02 12:07:34.122833
TXN_0bdb1ec5120c,1,SUCCESS,,2026-08-21 23:41:16.122833
TXN_7e234fb92161,1,SUCCESS,,2026-08-17 09:22:08.122833
TXN_87fbb105fa65,1,SUCCESS,,2026-07-10 12:56:21.122833
TXN_cd5ff1d7d849,1,SUCCESS,,2026-07-19 03:22:04.122833
TXN_f846e86b12a6,1,SUCCESS,,2026-08-26 05:58:18.122833
TXN_7459483a7a5f,1,FAILED,BANK_DECLINED,2026-07-20 20:46:10.122833
TXN_73d91597f929,1,SUCCESS,,2026-07-27 03:11:22.122833
TXN_2a6ee20ac5d4,1,FAILED,BANK_DECLINED,2026-06-06 11:27:05.122833
TXN_2a6ee20ac5d4,2,SUCCESS,,2026-06-06 11:58:05.122833
TXN_81e92d3f9412,1,SUCCESS,,2026-07-02 01:33:49.122833
TXN_8f90dbdde2c3,1,SUCCESS,,2026-07-22 06:06:22.122833
TXN_81020c580db7,1,FAILED,CARD_EXPIRED,2026-08-09 02:24:49.122833
TXN_a0bcfae74c9b,1,SUCCESS,,2026-06-15 22:13:14.122833
TXN_d5a6149e434d,1,SUCCESS,,2026-07-24 07:44:12.122833
TXN_bd3fc03dd252,1,SUCCESS,,2026-06-28 22:25:32.122833
TXN_253339dd4169,1,SUCCESS,,2026-08-29 16:20:06.122833
TXN_7d773fc48485,1,SUCCESS,,2026-08-21 18:28:02.122833
TXN_f4eec89342f3,1,SUCCESS,,2026-07-13 18:00:08.122833
TXN_eab10333bb53,1,SUCCESS,,2026-08-19 11:43:46.122833
TXN_19311443a5d4,1,SUCCESS,,2026-08-10 18:53:31.122833
TXN_ce7ff288e155,1,FAILED,NETWORK_TIMEOUT,2026-07-23 02:18:54.122833
TXN_ce7ff288e155,2,SUCCESS,,2026-07-23 04:13:54.122833
TXN_a24cced01dae,1,FAILED,LIMIT_EXCEEDED,2026-06-26 13:58:46.122833
TXN_b9f9acd44907,1,FAILED,BANK_DECLINED,2026-08-27 17:51:40.122833
TXN_b9f9acd44907,2,SUCCESS,,2026-08-27 18:18:40.122833
TXN_2c1bad9caf69,1,SUCCESS,,2026-08-11 05:11:32.122833
TXN_b6922e13b9d8,1,SUCCESS,,2026-06-27 07:55:07.122833
TXN_d9d7a9dcc807,1,SUCCESS,,2026-07-10 18:18:35.122833
TXN_c123b7026330,1,SUCCESS,,2026-07-16 18:02:01.122833
TXN_03eb089bd6c5,1,FAILED,BANK_DECLINED,2026-07-27 16:37:39.122833
TXN_2a3c43054831,1,FAILED,CARD_EXPIRED,2026-07-20 03:07:16.122833
TXN_afe9e38f0230,1,SUCCESS,,2026-06-16 03:57:11.122833
TXN_a9a7776df0cd,1,SUCCESS,,2026-06-06 13:58:56.122833
TXN_30e5f79d2d67,1,SUCCESS,,2026-06-14 23:16:47.122833
TXN_e29f3114bc08,1,SUCCESS,,2026-06-06 11:25:32.122833
TXN_d365e7e69807,1,SUCCESS,,2026-08-02 05:13:44.122833
TXN_9c4b1d97ce72,1,SUCCESS,,2026-08-01 15:08:09.122833
TXN_ededb2647c38,1,SUCCESS,,2026-08-23 05:29:46.122833
TXN_b69b04ac7f8b,1,FAILED,CARD_EXPIRED,2026-06-19 06:47:10.122833
TXN_8ffccf246161,1,SUCCESS,,2026-06-04 07:00:15.122833
TXN_fc916c7fa817,1,FAILED,CARD_EXPIRED,2026-08-20 04:45:13.122833
TXN_3013fa76ebd3,1,SUCCESS,,2026-06-26 02:19:21.122833
TXN_fc637936ed57,1,SUCCESS,,2026-06-29 17:34:43.122833
TXN_ad73dd9052b0,1,SUCCESS,,2026-08-25 04:23:45.122833
TXN_b815c6f031b4,1,SUCCESS,,2026-08-23 20:40:31.122833
TXN_02581d3ba203,1,SUCCESS,,2026-08-27 19:49:50.122833
TXN_e47d98f1b597,1,SUCCESS,,2026-08-15 21:04:26.122833
TXN_35660612f5c3,1,SUCCESS,,2026-07-05 19:57:19.122833
TXN_5205873d361c,1,SUCCESS,,2026-07-31 11:44:16.122833
TXN_5f5239660db5,1,SUCCESS,,2026-08-07 22:31:08.122833
TXN_36b1845eaff4,1,SUCCESS,,2026-07-06 21:31:58.122833
TXN_8b7dd876e74e,1,SUCCESS,,2026-07-09 10:32:00.122833
TXN_66be8aca0161,1,SUCCESS,,2026-06-26 07:05:44.122833
TXN_ac3cf90d3966,1,SUCCESS,,2026-07-10 08:29:49.122833
TXN_977aa7b4d5c6,1,SUCCESS,,2026-08-11 21:49:22.122833
TXN_574830978930,1,SUCCESS,,2026-06-24 18:56:26.122833
TXN_7e047310e9e8,1,FAILED,BANK_DECLINED,2026-06-18 23:05:42.122833
TXN_7e047310e9e8,2,SUCCESS,,2026-06-19 00:24:42.122833
TXN_4723290b7160,1,SUCCESS,,2026-08-20 06:07:57.122833
TXN_f5ed7d54f302,1,FAILED,UPI_TIMEOUT,2026-08-15 10:56:53.122833
TXN_f5ed7d54f302,2,SUCCESS,,2026-08-15 11:28:53.122833
TXN_4dd305fbf371,1,SUCCESS,,2026-08-09 02:33:39.122833
TXN_58e438743213,1,FAILED,CARD_EXPIRED,2026-07-16 14:09:58.122833
TXN_58e438743213,2,SUCCESS,,2026-07-16 15:46:58.122833
TXN_365d6ac9a957,1,SUCCESS,,2026-06-24 20:10:48.122833
TXN_d0bdb95b271f,1,SUCCESS,,2026-08-01 21:16:14.122833
TXN_eff112fab68d,1,SUCCESS,,2026-06-19 16:20:37.122833
TXN_736e27537cf4,1,SUCCESS,,2026-06-25 12:51:21.122833
TXN_a90e9ee739f6,1,FAILED,LIMIT_EXCEEDED,2026-06-09 03:22:35.122833
TXN_4dd858fd7954,1,FAILED,AUTHENTICATION_FAILED,2026-06-14 15:37:31.122833
TXN_4dd858fd7954,2,SUCCESS,,2026-06-14 16:39:31.122833
TXN_bc1c5452e038,1,SUCCESS,,2026-06-17 10:13:29.122833
TXN_8eec71fea291,1,FAILED,BANK_DECLINED,2026-08-24 15:36:29.122833
TXN_b0ed62ffff8d,1,SUCCESS,,2026-07-21 13:57:27.122833
TXN_6f06979721b0,1,SUCCESS,,2026-06-17 17:39:35.122833
TXN_7a39ab8ab101,1,FAILED,NETWORK_TIMEOUT,2026-07-28 07:33:57.122833
TXN_7a39ab8ab101,2,SUCCESS,,2026-07-28 09:07:57.122833
TXN_faa24feedf95,1,SUCCESS,,2026-06-13 06:23:41.122833
TXN_923b66a1a7a3,1,FAILED,BANK_DECLINED,2026-06-09 02:39:30.122833
TXN_923b66a1a7a3,2,SUCCESS,,2026-06-09 03:30:30.122833
TXN_4875cff5a297,1,SUCCESS,,2026-08-19 03:47:32.122833
TXN_9ce513d2c308,1,SUCCESS,,2026-07-11 19:30:58.122833
TXN_f2af128ab6fa,1,SUCCESS,,2026-07-06 23:05:39.122833
TXN_0d99258051b4,1,SUCCESS,,2026-08-14 13:47:33.122833
TXN_6ac1aecadaf8,1,SUCCESS,,2026-06-14 20:31:29.122833
TXN_6ebf6015f1a5,1,FAILED,CUSTOMER_CANCELLED,2026-08-23 08:14:28.122833
TXN_23af809a996e,1,FAILED,NETWORK_TIMEOUT,2026-07-01 16:17:31.122833
TXN_23af809a996e,2,SUCCESS,,2026-07-01 17:34:31.122833
TXN_927201aea020,1,SUCCESS,,2026-06-23 12:40:48.122833
TXN_4375d5c45baf,1,SUCCESS,,2026-08-18 08:25:11.122833
TXN_b0ad3e90db25,1,SUCCESS,,2026-06-26 08:04:18.122833
TXN_df1b1818b225,1,FAILED,INSUFFICIENT_FUNDS,2026-07-19 20:38:04.122833
TXN_df1b1818b225,2,SUCCESS,,2026-07-19 20:56:04.122833
TXN_b74415e34e83,1,SUCCESS,,2026-07-17 13:55:49.122833
TXN_100c860f8335,1,SUCCESS,,2026-08-28 16:37:00.122833
TXN_f767d72741bb,1,SUCCESS,,2026-07-17 18:06:05.122833
TXN_c53c3cbdc75d,1,SUCCESS,,2026-07-30 16:21:24.122833
TXN_f0eccc2d3a68,1,SUCCESS,,2026-08-25 22:25:01.122833
TXN_4db46dfac561,1,SUCCESS,,2026-08-31 02:44:46.122833
TXN_d8266d3b3712,1,SUCCESS,,2026-08-10 15:21:34.122833
TXN_5aed4a675b2b,1,SUCCESS,,2026-07-23 04:35:41.122833
TXN_f3b3d0621eef,1,SUCCESS,,2026-07-17 06:55:13.122833
TXN_a8d187a240f3,1,SUCCESS,,2026-07-29 10:57:39.122833
TXN_5479f3d3d919,1,FAILED,CARD_EXPIRED,2026-06-06 02:36:50.122833
TXN_16a54ab8be04,1,SUCCESS,,2026-06-09 03:09:35.122833
TXN_a05d716b9d5a,1,SUCCESS,,2026-08-05 17:42:43.122833
TXN_a06e218226f6,1,SUCCESS,,2026-06-16 09:44:27.122833
TXN_93b86d2684a5,1,FAILED,INSUFFICIENT_FUNDS,2026-07-10 21:22:55.122833
TXN_a052750b58ff,1,SUCCESS,,2026-06-21 11:34:02.122833
TXN_08e52a382767,1,SUCCESS,,2026-07-14 01:08:26.122833
TXN_ccebe1c0a0f2,1,FAILED,CARD_EXPIRED,2026-06-09 00:41:15.122833
TXN_6e651e368308,1,FAILED,UPI_TIMEOUT,2026-06-23 20:53:30.122833
TXN_6e651e368308,2,SUCCESS,,2026-06-23 22:42:30.122833
TXN_3ac0de379a80,1,FAILED,BANK_DECLINED,2026-06-13 16:33:22.122833
TXN_3ac0de379a80,2,SUCCESS,,2026-06-13 17:40:22.122833
TXN_b2ec43d65b99,1,SUCCESS,,2026-08-12 06:32:44.122833
TXN_d050d84e70d0,1,SUCCESS,,2026-07-28 14:58:24.122833
TXN_b7bd2af18ffd,1,SUCCESS,,2026-08-02 21:55:24.122833
TXN_4423547f4c37,1,SUCCESS,,2026-07-29 20:39:02.122833
TXN_0c9dd7c19bcd,1,SUCCESS,,2026-06-24 13:26:46.122833
TXN_456815a267f5,1,SUCCESS,,2026-07-01 18:44:28.122833
TXN_00d569ffb01a,1,FAILED,AUTHENTICATION_FAILED,2026-07-01 18:12:48.122833
TXN_9179393b9ff8,1,SUCCESS,,2026-06-24 07:26:57.122833
TXN_efc2d4ee7679,1,FAILED,INSUFFICIENT_FUNDS,2026-08-29 11:34:28.122833
TXN_efc2d4ee7679,2,SUCCESS,,2026-08-29 12:44:28.122833
TXN_a9ac976d02cd,1,SUCCESS,,2026-07-12 15:53:50.122833
TXN_42e293610a4f,1,FAILED,INSUFFICIENT_FUNDS,2026-06-26 03:25:01.122833
TXN_42e293610a4f,2,SUCCESS,,2026-06-26 04:14:01.122833
TXN_482b0b437818,1,FAILED,NETWORK_TIMEOUT,2026-08-16 20:09:59.122833
TXN_482b0b437818,2,SUCCESS,,2026-08-16 20:20:59.122833
TXN_b6139ad5495b,1,FAILED,AUTHENTICATION_FAILED,2026-06-17 13:19:04.122833
TXN_b6139ad5495b,2,SUCCESS,,2026-06-17 14:16:04.122833
TXN_ffbf496631ad,1,SUCCESS,,2026-06-14 01:51:07.122833
TXN_33d2dc40542d,1,SUCCESS,,2026-07-29 17:29:24.122833
TXN_c921b6e91fdd,1,SUCCESS,,2026-07-31 21:06:08.122833
TXN_ff9f238c65a2,1,SUCCESS,,2026-07-09 04:29:00.122833
TXN_8db1d1d4f6a4,1,SUCCESS,,2026-06-03 10:08:51.122833
TXN_458b832c182d,1,SUCCESS,,2026-08-04 12:14:37.122833
TXN_28694616654a,1,FAILED,LIMIT_EXCEEDED,2026-06-15 13:24:12.122833
TXN_9410964139b5,1,SUCCESS,,2026-07-07 06:49:07.122833
TXN_143e9edc67d0,1,SUCCESS,,2026-07-04 15:39:02.122833
TXN_b01c6cca115e,1,SUCCESS,,2026-08-01 05:56:06.122833
TXN_479c606e168e,1,FAILED,INSUFFICIENT_FUNDS,2026-08-21 14:52:07.122833
TXN_479c606e168e,2,SUCCESS,,2026-08-21 15:57:07.122833
TXN_5303d5b9b661,1,FAILED,AUTHENTICATION_FAILED,2026-08-22 20:21:58.122833
TXN_5303d5b9b661,2,SUCCESS,,2026-08-22 20:46:58.122833
TXN_bb9513403d5e,1,FAILED,CARD_EXPIRED,2026-07-17 11:41:13.122833
TXN_bb9513403d5e,2,SUCCESS,,2026-07-17 12:23:13.122833
TXN_d8a409823e61,1,SUCCESS,,2026-07-22 14:08:55.122833
TXN_96fd8865dc02,1,SUCCESS,,2026-07-10 19:02:16.122833
TXN_959e7915147f,1,SUCCESS,,2026-07-07 10:19:02.122833
TXN_8ec131ac5021,1,SUCCESS,,2026-07-13 04:18:16.122833
TXN_b5c63a3c92e3,1,SUCCESS,,2026-08-06 06:51:08.122833
TXN_a034adaa3f30,1,FAILED,LIMIT_EXCEEDED,2026-06-06 04:06:34.122833
TXN_2c71c2deb83f,1,FAILED,UPI_TIMEOUT,2026-07-16 04:25:28.122833
TXN_2c71c2deb83f,2,SUCCESS,,2026-07-16 05:38:28.122833
TXN_2e5a83c127f2,1,SUCCESS,,2026-08-08 08:52:55.122833
TXN_c2fa74a4566b,1,SUCCESS,,2026-06-14 12:05:11.122833
TXN_e24b3139645e,1,SUCCESS,,2026-07-29 15:44:12.122833
TXN_0897b9c1220f,1,SUCCESS,,2026-06-05 21:12:31.122833
TXN_ad4f31da16cc,1,FAILED,LIMIT_EXCEEDED,2026-06-05 15:29:03.122833
TXN_3ef5eec5242d,1,FAILED,LIMIT_EXCEEDED,2026-07-17 14:24:25.122833
TXN_2b762f3333b3,1,SUCCESS,,2026-07-16 06:02:13.122833
TXN_792027457556,1,SUCCESS,,2026-08-05 12:33:32.122833
TXN_e1931389c36d,1,SUCCESS,,2026-06-20 11:01:37.122833
TXN_4775b6ed3b19,1,SUCCESS,,2026-06-11 15:34:28.122833
TXN_2cb70ce42803,1,SUCCESS,,2026-06-25 21:39:35.122833
TXN_eae9f8ed4220,1,SUCCESS,,2026-08-11 13:54:50.122833
TXN_d5b3094de0ae,1,SUCCESS,,2026-08-10 15:57:56.122833
TXN_6b5026bfc94d,1,FAILED,BANK_DECLINED,2026-07-19 11:21:59.122833
TXN_82d94c2b4924,1,SUCCESS,,2026-07-04 21:11:15.122833
TXN_cc4befa283ee,1,FAILED,BANK_DECLINED,2026-07-24 03:22:45.122833
TXN_cc4befa283ee,2,SUCCESS,,2026-07-24 03:57:45.122833
TXN_97e842078f46,1,SUCCESS,,2026-06-21 16:37:05.122833
TXN_bdecd2538e88,1,SUCCESS,,2026-08-11 10:00:21.122833
TXN_8ff301a3e4c4,1,SUCCESS,,2026-06-06 22:05:20.122833
TXN_15f23d877452,1,SUCCESS,,2026-07-18 16:04:14.122833
TXN_8c0bdc4227f2,1,SUCCESS,,2026-07-28 02:58:58.122833
TXN_b537755e4d9b,1,SUCCESS,,2026-06-28 07:09:41.122833
TXN_cbdaf813c6ad,1,SUCCESS,,2026-08-06 11:55:28.122833
TXN_9e4c1ca90cb2,1,SUCCESS,,2026-06-24 20:29:16.122833
TXN_fbd5f7d126c1,1,SUCCESS,,2026-06-02 19:36:30.122833
TXN_a887174de2d6,1,SUCCESS,,2026-07-24 13:36:19.122833
TXN_40531062e861,1,FAILED,UPI_TIMEOUT,2026-08-25 22:13:24.122833
TXN_40531062e861,2,SUCCESS,,2026-08-25 23:20:24.122833
TXN_3e259ba17fd8,1,SUCCESS,,2026-08-16 06:02:00.122833
TXN_4fe142123001,1,SUCCESS,,2026-07-24 10:53:04.122833
TXN_851a05cf3e9b,1,SUCCESS,,2026-08-31 11:14:13.122833
TXN_9feb4053d98c,1,SUCCESS,,2026-08-05 07:11:39.122833
TXN_b65f966fc7fa,1,SUCCESS,,2026-06-26 10:38:44.122833
TXN_f2f2113fc0e3,1,SUCCESS,,2026-08-12 13:45:24.122833
TXN_912abb353e65,1,SUCCESS,,2026-06-18 07:31:45.122833
TXN_e52eae6b4e3c,1,SUCCESS,,2026-08-15 21:09:35.122833
TXN_e088c99f7b68,1,FAILED,CARD_EXPIRED,2026-08-03 15:23:43.122833
TXN_cdcf528f74c8,1,SUCCESS,,2026-06-25 20:33:35.122833
TXN_b0793b8b41b0,1,SUCCESS,,2026-06-19 23:23:46.122833
TXN_22094204fc64,1,SUCCESS,,2026-07-17 18:35:09.122833
TXN_6cf85acc64d8,1,SUCCESS,,2026-07-07 04:30:30.122833
TXN_d2d3a188fceb,1,FAILED,INSUFFICIENT_FUNDS,2026-07-25 13:00:58.122833
TXN_d2d3a188fceb,2,SUCCESS,,2026-07-25 13:50:58.122833
TXN_0aae3c02baf1,1,SUCCESS,,2026-08-19 16:41:42.122833
TXN_bd4431f6728e,1,SUCCESS,,2026-06-16 18:08:00.122833
TXN_018442513c21,1,SUCCESS,,2026-07-19 01:47:38.122833
TXN_2fadfb44b0be,1,SUCCESS,,2026-08-24 11:10:42.122833
TXN_f793d3ef4878,1,SUCCESS,,2026-08-16 22:15:16.122833
TXN_97ca3cd8882e,1,SUCCESS,,2026-07-19 12:49:20.122833
TXN_d0aedb720f09,1,SUCCESS,,2026-06-24 14:43:59.122833
TXN_8b70f402aaff,1,SUCCESS,,2026-08-16 10:32:59.122833
TXN_832fd96a5f38,1,SUCCESS,,2026-06-06 03:08:06.122833
TXN_5a5cd7898fae,1,SUCCESS,,2026-07-08 18:26:23.122833
TXN_a70d9efc621b,1,FAILED,UPI_TIMEOUT,2026-08-25 06:59:10.122833
TXN_a70d9efc621b,2,SUCCESS,,2026-08-25 08:46:10.122833
TXN_99afa3d5393b,1,FAILED,LIMIT_EXCEEDED,2026-07-27 02:33:00.122833
TXN_99afa3d5393b,2,SUCCESS,,2026-07-27 02:44:00.122833
TXN_864ce36b3ca5,1,SUCCESS,,2026-07-26 03:41:47.122833
TXN_1343bebd2d83,1,SUCCESS,,2026-08-17 22:13:05.122833
TXN_9a3f35e86dcf,1,SUCCESS,,2026-07-01 02:09:21.122833
TXN_00227961b6ab,1,SUCCESS,,2026-06-15 21:24:36.122833
TXN_05bd7c6a9d7a,1,SUCCESS,,2026-07-05 14:29:06.122833
TXN_c83c6d25fa97,1,SUCCESS,,2026-06-09 21:23:15.122833
TXN_339a089f07b5,1,FAILED,BANK_DECLINED,2026-06-30 06:49:28.122833
TXN_0c79fb18e987,1,FAILED,BANK_DECLINED,2026-07-31 03:14:18.122833
TXN_0c79fb18e987,2,SUCCESS,,2026-07-31 04:40:18.122833
TXN_e07d3d3438e4,1,FAILED,LIMIT_EXCEEDED,2026-08-16 03:55:53.122833
TXN_52dd7d61b243,1,SUCCESS,,2026-07-29 03:03:17.122833
TXN_7aca0890d9a2,1,SUCCESS,,2026-08-14 21:16:15.122833
TXN_fa2b09b7c525,1,SUCCESS,,2026-07-28 15:42:55.122833
TXN_1c94d425d731,1,SUCCESS,,2026-07-01 11:41:50.122833
TXN_a678fe074b28,1,SUCCESS,,2026-08-30 19:24:47.122833
TXN_8547559fde04,1,SUCCESS,,2026-06-07 15:39:29.122833
TXN_d64a89a2b3ed,1,FAILED,LIMIT_EXCEEDED,2026-06-12 23:17:37.122833
TXN_dbe2cab7968c,1,SUCCESS,,2026-07-25 05:14:00.122833
TXN_6405728ad1b7,1,FAILED,BANK_DECLINED,2026-06-10 13:27:33.122833
TXN_6405728ad1b7,2,SUCCESS,,2026-06-10 13:52:33.122833
TXN_2f1b0004bcf6,1,SUCCESS,,2026-08-25 17:54:14.122833
TXN_30be37279df4,1,SUCCESS,,2026-08-10 08:30:02.122833
TXN_db89192d19ed,1,FAILED,BANK_DECLINED,2026-07-22 02:00:56.122833
TXN_a6f699e00cb2,1,FAILED,AUTHENTICATION_FAILED,2026-07-28 14:09:05.122833
TXN_1614fe975ee1,1,SUCCESS,,2026-06-25 16:44:21.122833
TXN_3ca7dc2d8b62,1,SUCCESS,,2026-08-21 16:48:47.122833
TXN_8cd1edc6d4f7,1,SUCCESS,,2026-07-12 13:19:46.122833
TXN_de916e615b48,1,SUCCESS,,2026-08-10 05:34:16.122833
TXN_23ab52a81ca5,1,SUCCESS,,2026-07-11 23:21:10.122833
TXN_8a54324893cf,1,SUCCESS,,2026-06-20 11:56:59.122833
TXN_f658fec2ab06,1,SUCCESS,,2026-06-15 10:59:32.122833
TXN_527a09eae54b,1,FAILED,CARD_EXPIRED,2026-08-12 14:18:23.122833
TXN_ea3062e39d2f,1,FAILED,AUTHENTICATION_FAILED,2026-06-13 12:46:23.122833
TXN_cbfa77ebc990,1,SUCCESS,,2026-06-03 22:25:39.122833
TXN_4d24d10c898b,1,SUCCESS,,2026-08-11 22:08:20.122833
TXN_0d06d496a3b8,1,SUCCESS,,2026-07-09 08:51:25.122833
TXN_7e4e709603b3,1,SUCCESS,,2026-08-24 21:04:53.122833
TXN_bdba149fd1bf,1,FAILED,LIMIT_EXCEEDED,2026-08-24 21:54:51.122833
TXN_62ce39095162,1,SUCCESS,,2026-07-15 01:41:56.122833
TXN_f4966ab106dc,1,SUCCESS,,2026-08-17 11:08:33.122833
TXN_971fe3b76d9f,1,SUCCESS,,2026-06-22 09:20:45.122833
TXN_48b36a9e21e1,1,SUCCESS,,2026-06-19 18:56:40.122833
TXN_9a597b8e0e91,1,SUCCESS,,2026-06-08 22:30:47.122833
TXN_3ae501ce52d1,1,FAILED,CUSTOMER_CANCELLED,2026-06-22 02:33:05.122833
TXN_a163f50e1b3a,1,SUCCESS,,2026-06-28 18:40:13.122833
TXN_190387c14b2e,1,FAILED,INSUFFICIENT_FUNDS,2026-08-17 10:14:41.122833
TXN_190387c14b2e,2,SUCCESS,,2026-08-17 10:44:41.122833
TXN_2b84bd5b32a1,1,SUCCESS,,2026-07-22 02:02:47.122833
TXN_a7081b6e804b,1,SUCCESS,,2026-07-23 06:46:43.122833
TXN_a5accef8eb7f,1,SUCCESS,,2026-08-19 05:14:40.122833
TXN_2db00c47c62b,1,SUCCESS,,2026-06-26 00:27:41.122833
TXN_93eabea55c24,1,FAILED,CARD_EXPIRED,2026-07-26 13:50:28.122833
TXN_93eabea55c24,2,SUCCESS,,2026-07-26 14:51:28.122833
TXN_4ff90b083671,1,SUCCESS,,2026-08-02 12:35:26.122833
TXN_ae9337cb70f5,1,SUCCESS,,2026-07-04 09:12:27.122833
TXN_0451e2560892,1,FAILED,BANK_DECLINED,2026-06-02 17:46:04.122833
TXN_4b9d853ae768,1,SUCCESS,,2026-08-15 18:59:30.122833
TXN_87c1e8cbfc5e,1,FAILED,BANK_DECLINED,2026-08-02 15:41:04.122833
TXN_1d73829d87e2,1,SUCCESS,,2026-07-07 05:58:22.122833
TXN_dc7035002ae2,1,SUCCESS,,2026-07-04 03:00:20.122833
TXN_1efbf9dfdc79,1,SUCCESS,,2026-07-24 07:08:49.122833
TXN_c8fd278aa007,1,SUCCESS,,2026-08-08 13:33:01.122833
TXN_47fef16a640b,1,SUCCESS,,2026-08-25 17:34:34.122833
TXN_ebf3289a7822,1,SUCCESS,,2026-06-09 15:32:39.122833
TXN_372aebccedcc,1,SUCCESS,,2026-06-15 18:37:05.122833
TXN_4a64bf847662,1,SUCCESS,,2026-06-27 11:57:06.122833
TXN_6ee8d6b965ca,1,SUCCESS,,2026-08-04 00:42:29.122833
TXN_cf7e5366fa05,1,FAILED,BANK_DECLINED,2026-08-31 06:25:55.122833
TXN_6191e5b1c4b8,1,SUCCESS,,2026-07-24 17:24:41.122833
TXN_98f9ece7044e,1,SUCCESS,,2026-08-08 11:50:36.122833
TXN_4ab75b0ad0bd,1,SUCCESS,,2026-06-03 05:10:36.122833
TXN_138b6e5878aa,1,SUCCESS,,2026-08-27 18:18:56.122833
TXN_3e3fe08397c8,1,SUCCESS,,2026-06-29 13:22:57.122833
TXN_e6e2b494e5cd,1,SUCCESS,,2026-07-26 14:36:25.122833
TXN_20eff7aaa42f,1,SUCCESS,,2026-07-28 02:31:55.122833
TXN_b566668bf083,1,FAILED,INSUFFICIENT_FUNDS,2026-06-25 08:08:09.122833
TXN_b566668bf083,2,SUCCESS,,2026-06-25 08:11:09.122833
TXN_08a903ab828a,1,SUCCESS,,2026-06-21 18:54:36.122833
TXN_ac1f3c3f0df2,1,SUCCESS,,2026-08-01 15:54:53.122833
TXN_9f9c239e5d9c,1,SUCCESS,,2026-07-08 04:42:12.122833
TXN_ebccde105265,1,SUCCESS,,2026-07-14 12:35:02.122833
TXN_5370b55bd86a,1,SUCCESS,,2026-07-09 07:22:09.122833
TXN_eb727b10eeb2,1,SUCCESS,,2026-08-23 10:28:55.122833
TXN_fe249e85ac98,1,FAILED,AUTHENTICATION_FAILED,2026-06-09 16:57:48.122833
TXN_fe249e85ac98,2,SUCCESS,,2026-06-09 18:05:48.122833
TXN_c6e328bb27a0,1,SUCCESS,,2026-06-28 10:30:57.122833
TXN_159223d95dc2,1,SUCCESS,,2026-08-29 01:38:46.122833
TXN_cd66f8385427,1,SUCCESS,,2026-08-27 15:47:56.122833
TXN_28bc67c250ae,1,FAILED,UPI_TIMEOUT,2026-07-27 16:15:16.122833
TXN_28bc67c250ae,2,SUCCESS,,2026-07-27 18:12:16.122833
TXN_95dc595ec64c,1,SUCCESS,,2026-06-29 16:53:25.122833
TXN_288ca81d511b,1,SUCCESS,,2026-06-21 15:42:22.122833
TXN_dbabead036d1,1,SUCCESS,,2026-08-26 12:37:15.122833
TXN_af62649c5e2d,1,SUCCESS,,2026-06-24 21:41:33.122833
TXN_7b3943959bdb,1,FAILED,UPI_TIMEOUT,2026-07-19 03:15:54.122833
TXN_7a2c67928cd8,1,FAILED,BANK_DECLINED,2026-06-07 17:28:17.122833
TXN_7a2c67928cd8,2,SUCCESS,,2026-06-07 18:43:17.122833
TXN_56dbc26d996c,1,FAILED,AUTHENTICATION_FAILED,2026-06-25 22:43:49.122833
TXN_58cc4f3345c7,1,SUCCESS,,2026-06-26 01:05:17.122833
TXN_47f415d9738b,1,SUCCESS,,2026-06-27 19:24:44.122833
TXN_d7dd227ffeef,1,SUCCESS,,2026-07-14 03:01:34.122833
TXN_621569519564,1,FAILED,CUSTOMER_CANCELLED,2026-08-09 10:37:46.122833
TXN_4e0481cd039b,1,SUCCESS,,2026-07-13 13:58:52.122833
TXN_0b42e02d9d83,1,SUCCESS,,2026-07-17 08:20:15.122833
TXN_47102ec7aafd,1,SUCCESS,,2026-06-05 19:30:27.122833
TXN_19f9405c8370,1,SUCCESS,,2026-06-04 22:46:17.122833
TXN_7079822cfb5f,1,SUCCESS,,2026-08-15 03:36:14.122833
TXN_0d0277ebfd5a,1,SUCCESS,,2026-06-21 02:04:48.122833
TXN_ce877681ba9c,1,FAILED,LIMIT_EXCEEDED,2026-08-04 11:15:36.122833
TXN_4b911d87527b,1,SUCCESS,,2026-06-05 02:34:45.122833
TXN_dbd26bbf1937,1,SUCCESS,,2026-06-13 18:42:04.122833
TXN_d933174738d0,1,SUCCESS,,2026-06-27 22:04:56.122833
TXN_8161120a0e06,1,SUCCESS,,2026-07-28 13:26:20.122833
TXN_4700d86a3499,1,SUCCESS,,2026-06-17 05:14:06.122833
TXN_807e98ef5dfd,1,SUCCESS,,2026-07-03 02:18:09.122833
TXN_97c1a90f0bd7,1,SUCCESS,,2026-06-06 21:13:59.122833
TXN_06b155e9d8b2,1,SUCCESS,,2026-07-09 06:55:32.122833
TXN_5eb1e2dcadae,1,SUCCESS,,2026-06-29 07:20:45.122833
TXN_913447c988ee,1,SUCCESS,,2026-07-12 16:39:36.122833
TXN_dae92ec49bbd,1,SUCCESS,,2026-07-08 11:30:59.122833
TXN_6375c35a43b3,1,SUCCESS,,2026-07-09 00:56:11.122833
TXN_04a71ed05618,1,SUCCESS,,2026-06-07 17:56:57.122833
TXN_55e39332e1f6,1,SUCCESS,,2026-07-26 19:12:37.122833
TXN_e2e7dfa572d1,1,SUCCESS,,2026-08-17 04:39:58.122833
TXN_6e15b2805b7b,1,SUCCESS,,2026-06-14 19:25:20.122833
TXN_407f9a89683f,1,SUCCESS,,2026-08-25 14:32:47.122833
TXN_ed4eac324a66,1,SUCCESS,,2026-08-30 11:01:00.122833
TXN_8efe15caeccb,1,SUCCESS,,2026-08-24 19:11:35.122833
TXN_c21abcf371fe,1,SUCCESS,,2026-07-22 15:56:50.122833
TXN_eada984f6ea5,1,SUCCESS,,2026-06-08 19:52:55.122833
TXN_d193c6de08f1,1,SUCCESS,,2026-08-09 05:39:50.122833
TXN_b9fb12554f5f,1,SUCCESS,,2026-07-28 01:52:14.122833
TXN_55296baae34b,1,SUCCESS,,2026-06-17 23:54:46.122833
TXN_f3fcd498858e,1,FAILED,INSUFFICIENT_FUNDS,2026-07-08 08:27:52.122833
TXN_f3fcd498858e,2,SUCCESS,,2026-07-08 09:34:52.122833
TXN_2be79df3fbfd,1,SUCCESS,,2026-07-02 15:45:00.122833
TXN_23491d85effc,1,SUCCESS,,2026-08-21 09:50:58.122833
TXN_2f2885db30f9,1,SUCCESS,,2026-07-07 00:49:11.122833
TXN_b5b337d9057e,1,SUCCESS,,2026-06-20 17:08:55.122833
TXN_609657addebc,1,FAILED,UPI_TIMEOUT,2026-07-25 08:44:23.122833
TXN_c2565c899dc6,1,SUCCESS,,2026-06-04 20:34:26.122833
TXN_756b54eae3a3,1,SUCCESS,,2026-08-25 09:29:47.122833
TXN_cfa9eaec132e,1,SUCCESS,,2026-08-30 13:26:20.122833
TXN_b9cf674d4341,1,SUCCESS,,2026-06-26 00:58:06.122833
TXN_48ed10e397e3,1,SUCCESS,,2026-07-04 18:56:06.122833
TXN_3a3c02663dac,1,SUCCESS,,2026-06-08 13:44:24.122833
TXN_abee9880f56b,1,SUCCESS,,2026-06-08 04:24:14.122833
TXN_6a51f0a5944c,1,SUCCESS,,2026-06-22 21:13:25.122833
TXN_92e7827a78fc,1,SUCCESS,,2026-06-27 14:53:20.122833
TXN_078309be59b3,1,SUCCESS,,2026-06-24 03:22:47.122833
TXN_b4482a2a5959,1,FAILED,LIMIT_EXCEEDED,2026-07-30 20:07:43.122833
TXN_1f1bba1fbca0,1,SUCCESS,,2026-07-25 10:51:25.122833
TXN_1c3df4ff037a,1,SUCCESS,,2026-08-02 20:24:24.122833
TXN_0eea9f782f05,1,SUCCESS,,2026-07-03 23:03:22.122833
TXN_4ae0223879c2,1,FAILED,LIMIT_EXCEEDED,2026-08-11 19:55:03.122833
TXN_94d88f97d6c9,1,SUCCESS,,2026-07-20 19:40:52.122833
TXN_2cb66ecb6acc,1,SUCCESS,,2026-07-21 05:02:30.122833
TXN_eae2fb9e3e34,1,SUCCESS,,2026-08-28 04:27:54.122833
TXN_99b288d28191,1,SUCCESS,,2026-08-20 07:24:10.122833
TXN_a4c801272375,1,FAILED,LIMIT_EXCEEDED,2026-07-25 23:21:10.122833
TXN_dc303801bbe0,1,SUCCESS,,2026-08-08 10:26:43.122833
TXN_021de95dfc8e,1,SUCCESS,,2026-08-12 09:39:58.122833
TXN_dc033b31a866,1,FAILED,CARD_EXPIRED,2026-08-29 18:00:39.122833
TXN_2ddac336f4d5,1,SUCCESS,,2026-07-10 15:14:05.122833
TXN_9e86eda83d59,1,FAILED,INSUFFICIENT_FUNDS,2026-06-10 00:02:40.122833
TXN_71c21a541acb,1,SUCCESS,,2026-08-03 16:00:53.122833
TXN_aa09a5049ca5,1,SUCCESS,,2026-06-25 01:26:53.122833
TXN_0b18f435eb65,1,SUCCESS,,2026-06-16 02:56:32.122833
TXN_6f96a5a905f0,1,SUCCESS,,2026-06-17 21:46:52.122833
TXN_97c7361cee23,1,SUCCESS,,2026-06-25 21:56:13.122833
TXN_73e444a84377,1,SUCCESS,,2026-06-27 08:54:03.122833
TXN_294b1ae797ae,1,SUCCESS,,2026-06-15 05:24:32.122833
TXN_29936717c447,1,SUCCESS,,2026-08-02 19:29:05.122833
TXN_d251eff85225,1,SUCCESS,,2026-07-14 05:14:13.122833
TXN_026a307d7c40,1,SUCCESS,,2026-06-11 22:01:36.122833
TXN_2c1222c476df,1,FAILED,CUSTOMER_CANCELLED,2026-06-06 16:36:04.122833
TXN_bd3991c5358e,1,SUCCESS,,2026-07-07 16:18:22.122833
TXN_d932b2f69caa,1,SUCCESS,,2026-07-10 02:28:19.122833
TXN_4deb2ec4cb0a,1,SUCCESS,,2026-06-23 06:20:57.122833
TXN_0960b85c4e3a,1,SUCCESS,,2026-07-07 03:25:40.122833
TXN_7a3d26c7aff9,1,SUCCESS,,2026-07-28 03:19:04.122833
TXN_822e0a9a042f,1,SUCCESS,,2026-08-04 03:20:42.122833
TXN_ecf15ad54fc9,1,SUCCESS,,2026-06-30 19:02:51.122833
TXN_81432654a3ad,1,SUCCESS,,2026-06-03 01:55:12.122833
TXN_99868ecd35e5,1,SUCCESS,,2026-07-01 13:46:51.122833
TXN_f7db6ae5d3fd,1,FAILED,NETWORK_TIMEOUT,2026-08-28 08:53:40.122833
TXN_c3eac81eec86,1,SUCCESS,,2026-07-08 22:33:10.122833
TXN_709a3df6b7bf,1,SUCCESS,,2026-07-16 10:30:53.122833
TXN_626ad8c58c6a,1,SUCCESS,,2026-07-08 08:25:57.122833
TXN_f6a81be61b38,1,SUCCESS,,2026-06-30 08:14:38.122833
TXN_53987ef38879,1,SUCCESS,,2026-06-27 09:07:34.122833
TXN_21cef45c2d3b,1,SUCCESS,,2026-07-28 05:03:21.122833
TXN_9ec9a498a0d8,1,SUCCESS,,2026-08-20 01:18:15.122833
TXN_a3b2f64e48ed,1,SUCCESS,,2026-08-03 21:44:56.122833
TXN_e9da9874a965,1,SUCCESS,,2026-08-15 11:49:11.122833
TXN_283efd9cc172,1,SUCCESS,,2026-06-16 16:39:39.122833
TXN_3ab2457b4c17,1,SUCCESS,,2026-06-26 16:42:52.122833
TXN_16a471af7a8d,1,SUCCESS,,2026-08-27 18:00:47.122833
TXN_855455e2b1ca,1,SUCCESS,,2026-06-19 14:25:56.122833
TXN_8832ec084ff9,1,SUCCESS,,2026-07-01 04:26:24.122833
TXN_323be044e5fb,1,FAILED,CUSTOMER_CANCELLED,2026-07-26 22:54:24.122833
TXN_0071edf0ff3b,1,FAILED,UPI_TIMEOUT,2026-07-26 18:23:09.122833
TXN_0071edf0ff3b,2,SUCCESS,,2026-07-26 20:22:09.122833
TXN_2b550c084b62,1,SUCCESS,,2026-08-28 03:57:38.122833
TXN_5a3953778098,1,SUCCESS,,2026-07-27 03:07:35.122833
TXN_b81f6630651a,1,SUCCESS,,2026-07-04 05:28:57.122833
TXN_7a8d98470fee,1,SUCCESS,,2026-08-28 20:04:20.122833
TXN_3fafa473ab53,1,SUCCESS,,2026-08-22 18:19:08.122833
TXN_f1edbd4ea92c,1,SUCCESS,,2026-07-12 03:50:37.122833
TXN_fb6e43ce39a3,1,SUCCESS,,2026-07-27 13:51:51.122833
TXN_d5a1b9a995c3,1,SUCCESS,,2026-07-12 00:57:05.122833
TXN_55f2636776c5,1,SUCCESS,,2026-08-05 18:25:00.122833
TXN_6c6f2938cd76,1,SUCCESS,,2026-07-06 01:36:52.122833
TXN_799104612481,1,SUCCESS,,2026-07-27 03:26:23.122833
TXN_c792400549b2,1,SUCCESS,,2026-08-27 06:14:31.122833
TXN_cde4cabde017,1,SUCCESS,,2026-07-05 07:17:16.122833
TXN_ed59db34d0d1,1,SUCCESS,,2026-08-17 01:24:55.122833
TXN_905f6ffe109c,1,FAILED,NETWORK_TIMEOUT,2026-08-24 02:27:26.122833
TXN_905f6ffe109c,2,SUCCESS,,2026-08-24 03:10:26.122833
TXN_5e7fcf6e105d,1,SUCCESS,,2026-08-22 10:18:00.122833
TXN_9e2f6f85e28a,1,SUCCESS,,2026-08-06 10:15:23.122833
TXN_3cb2bd2a9231,1,SUCCESS,,2026-06-08 16:14:41.122833
TXN_8ba785c9734d,1,SUCCESS,,2026-07-21 12:32:06.122833
TXN_4ed0d6ea0c4a,1,SUCCESS,,2026-07-05 02:36:02.122833
TXN_29648a48ef1e,1,SUCCESS,,2026-07-09 00:37:26.122833
TXN_3895aeb7335b,1,FAILED,AUTHENTICATION_FAILED,2026-08-02 18:02:58.122833
TXN_3895aeb7335b,2,SUCCESS,,2026-08-02 19:44:58.122833
TXN_7044c0f407a6,1,SUCCESS,,2026-07-12 04:35:12.122833
TXN_4f296c9560b4,1,FAILED,NETWORK_TIMEOUT,2026-07-15 15:21:37.122833
TXN_4f296c9560b4,2,SUCCESS,,2026-07-15 16:49:37.122833
TXN_0824639f4f9a,1,FAILED,AUTHENTICATION_FAILED,2026-06-24 00:11:31.122833
TXN_6d70e81904ec,1,FAILED,INSUFFICIENT_FUNDS,2026-07-15 13:55:07.122833
TXN_764fe061d7c8,1,SUCCESS,,2026-08-27 13:34:44.122833
TXN_bf9c3122170f,1,SUCCESS,,2026-06-15 05:21:13.122833
TXN_04098a1e25b9,1,SUCCESS,,2026-08-14 00:21:05.122833
TXN_dc1f6eb08e9b,1,SUCCESS,,2026-08-31 05:19:13.122833
TXN_2f91e2879ea6,1,SUCCESS,,2026-06-09 02:00:22.122833
TXN_fbe8e28ce4a4,1,SUCCESS,,2026-08-07 02:22:19.122833
TXN_a5154007f554,1,SUCCESS,,2026-07-16 15:57:00.122833
TXN_fcf60a90e8b6,1,FAILED,INSUFFICIENT_FUNDS,2026-07-07 08:16:59.122833
TXN_8b71c6d37895,1,SUCCESS,,2026-06-13 03:41:06.122833
TXN_b59dd1be8464,1,SUCCESS,,2026-08-24 01:56:57.122833
TXN_4be154427c86,1,FAILED,AUTHENTICATION_FAILED,2026-07-31 03:17:12.122833
TXN_40808eaead40,1,SUCCESS,,2026-06-25 16:52:55.122833
TXN_755de5d8ef67,1,SUCCESS,,2026-07-20 17:32:29.122833
TXN_e8eff49c884b,1,SUCCESS,,2026-06-23 18:55:57.122833
TXN_c7cb435c51c7,1,SUCCESS,,2026-06-28 06:55:27.122833
TXN_b811a63af63d,1,FAILED,CUSTOMER_CANCELLED,2026-07-03 23:03:43.122833
TXN_472631a83ebd,1,SUCCESS,,2026-08-20 23:11:15.122833
TXN_1032b1617f56,1,SUCCESS,,2026-07-16 10:59:31.122833
TXN_5f1b7c67061a,1,SUCCESS,,2026-07-24 11:05:54.122833
TXN_64e1bbe382e9,1,SUCCESS,,2026-08-06 09:13:52.122833
TXN_51e97821d8bc,1,SUCCESS,,2026-08-03 15:29:17.122833
TXN_618515531674,1,SUCCESS,,2026-08-21 22:09:59.122833
TXN_2322ecce52c8,1,SUCCESS,,2026-06-19 06:16:02.122833
TXN_fac84f6f87f6,1,SUCCESS,,2026-08-08 06:40:34.122833
TXN_ee4eacf1c18e,1,SUCCESS,,2026-08-26 12:38:27.122833
TXN_a6b3f5d100d0,1,SUCCESS,,2026-06-19 19:18:33.122833
TXN_6aba8568b3f1,1,SUCCESS,,2026-06-24 19:45:34.122833
TXN_2a89047dadb1,1,SUCCESS,,2026-08-17 20:57:47.122833
TXN_61f6505b61e1,1,SUCCESS,,2026-08-07 16:36:58.122833
TXN_abf09bb8e906,1,FAILED,CUSTOMER_CANCELLED,2026-07-11 16:37:44.122833
TXN_094f6d608bdf,1,SUCCESS,,2026-08-17 07:37:49.122833
TXN_020716cb5849,1,SUCCESS,,2026-07-09 02:46:49.122833
TXN_9089d9240593,1,SUCCESS,,2026-06-24 08:06:31.122833
TXN_8e6226ffad03,1,FAILED,AUTHENTICATION_FAILED,2026-08-07 11:57:36.122833
TXN_cd1d99412c30,1,SUCCESS,,2026-07-16 00:36:29.122833
TXN_1f869d61e6e7,1,SUCCESS,,2026-08-12 17:11:21.122833
TXN_d03b381e621d,1,SUCCESS,,2026-07-28 00:00:05.122833
TXN_143290a0f01d,1,SUCCESS,,2026-06-06 10:15:16.122833
TXN_78bdfcf10cd9,1,SUCCESS,,2026-07-14 08:14:47.122833
TXN_d8246d17f1cd,1,SUCCESS,,2026-06-17 23:18:59.122833
TXN_68bf17098c66,1,SUCCESS,,2026-07-31 08:30:17.122833
TXN_71013a7f2a05,1,FAILED,INSUFFICIENT_FUNDS,2026-08-11 10:11:47.122833
TXN_71013a7f2a05,2,SUCCESS,,2026-08-11 11:18:47.122833
TXN_ac584c339aa5,1,FAILED,INSUFFICIENT_FUNDS,2026-08-04 13:10:40.122833
TXN_ac584c339aa5,2,SUCCESS,,2026-08-04 14:57:40.122833
TXN_4a4737dfa34c,1,SUCCESS,,2026-07-31 19:08:18.122833
TXN_133af1aa458a,1,SUCCESS,,2026-07-06 06:25:09.122833
TXN_159145b06e7b,1,SUCCESS,,2026-08-09 02:29:07.122833
TXN_b9279241be04,1,SUCCESS,,2026-08-28 12:19:21.122833
TXN_22e6cd5c818d,1,FAILED,BANK_DECLINED,2026-08-16 06:30:52.122833
TXN_22e6cd5c818d,2,SUCCESS,,2026-08-16 08:11:52.122833
TXN_0b57e7fdb9b4,1,SUCCESS,,2026-06-29 06:55:41.122833
TXN_3a9f2fc095ea,1,FAILED,LIMIT_EXCEEDED,2026-08-02 13:17:20.122833
TXN_8f5560b99758,1,FAILED,CARD_EXPIRED,2026-07-09 22:15:18.122833
TXN_70bcef1e6624,1,SUCCESS,,2026-07-21 16:58:37.122833
TXN_fd8998d949d6,1,SUCCESS,,2026-07-03 16:17:22.122833
TXN_88f67204e6d9,1,SUCCESS,,2026-08-18 08:25:42.122833
TXN_a746e0af2e8c,1,FAILED,BANK_DECLINED,2026-08-04 01:56:37.122833
TXN_a746e0af2e8c,2,SUCCESS,,2026-08-04 03:25:37.122833
TXN_ec00ec2c746b,1,SUCCESS,,2026-08-09 03:00:03.122833
TXN_d65d3f6e5a67,1,FAILED,INSUFFICIENT_FUNDS,2026-08-14 22:57:49.122833
TXN_15468a277bed,1,SUCCESS,,2026-07-16 22:24:08.122833
TXN_1277ae305fb0,1,SUCCESS,,2026-08-28 22:58:23.122833
TXN_3f52447b993b,1,SUCCESS,,2026-06-28 15:36:04.122833
TXN_a7c73666aca6,1,SUCCESS,,2026-07-10 20:36:26.122833
TXN_c8fa7d3c454e,1,SUCCESS,,2026-06-20 15:03:04.122833
TXN_e99c0b14b0c4,1,FAILED,UPI_TIMEOUT,2026-08-13 09:11:58.122833
TXN_e99c0b14b0c4,2,SUCCESS,,2026-08-13 11:03:58.122833
TXN_855113a5e94f,1,SUCCESS,,2026-08-25 16:58:18.122833
TXN_e44a1d928840,1,SUCCESS,,2026-06-12 14:36:40.122833
TXN_8e5f687bf99a,1,FAILED,UPI_TIMEOUT,2026-08-30 12:47:33.122833
TXN_8e5f687bf99a,2,SUCCESS,,2026-08-30 13:23:33.122833
TXN_3e2b604718fa,1,SUCCESS,,2026-06-19 20:53:54.122833
TXN_0593ed24c610,1,SUCCESS,,2026-06-19 06:49:15.122833
TXN_136e31ff17f4,1,FAILED,NETWORK_TIMEOUT,2026-07-05 22:22:12.122833
TXN_136e31ff17f4,2,SUCCESS,,2026-07-05 23:02:12.122833
TXN_ba840231937e,1,FAILED,CARD_EXPIRED,2026-08-25 03:21:32.122833
TXN_14d7f30ef2af,1,FAILED,AUTHENTICATION_FAILED,2026-07-08 10:44:10.122833
TXN_a20bded0d5e8,1,SUCCESS,,2026-07-10 02:27:36.122833
TXN_e66f6deb7d8f,1,FAILED,AUTHENTICATION_FAILED,2026-08-14 23:56:39.122833
TXN_e8499d1b0b99,1,SUCCESS,,2026-06-03 08:04:45.122833
TXN_3d8deb4edad6,1,FAILED,CARD_EXPIRED,2026-08-28 09:13:33.122833
TXN_d416449cd8a8,1,SUCCESS,,2026-08-30 07:51:37.122833
TXN_f97ebab5c60d,1,SUCCESS,,2026-08-22 11:27:09.122833
TXN_9b8c4e4abbdb,1,SUCCESS,,2026-06-10 22:46:58.122833
TXN_dec9adb9e169,1,SUCCESS,,2026-07-01 02:37:07.122833
TXN_ec64769f6a89,1,FAILED,BANK_DECLINED,2026-06-23 15:04:10.122833
TXN_ec64769f6a89,2,SUCCESS,,2026-06-23 15:19:10.122833
TXN_e4db72e66cb8,1,FAILED,AUTHENTICATION_FAILED,2026-07-18 19:11:19.122833
TXN_8258d1b70be8,1,SUCCESS,,2026-07-16 00:42:42.122833
TXN_38cd505e12d3,1,SUCCESS,,2026-08-23 19:05:51.122833
TXN_ae489de90c26,1,SUCCESS,,2026-08-16 08:02:02.122833
TXN_fee784b7dc21,1,FAILED,NETWORK_TIMEOUT,2026-07-09 18:39:42.122833
TXN_fee784b7dc21,2,SUCCESS,,2026-07-09 18:52:42.122833
TXN_42f764245da0,1,FAILED,INSUFFICIENT_FUNDS,2026-07-23 10:43:23.122833
TXN_42f764245da0,2,SUCCESS,,2026-07-23 11:09:23.122833
TXN_86e189dfb387,1,FAILED,LIMIT_EXCEEDED,2026-08-15 04:05:04.122833
TXN_489c3b509642,1,SUCCESS,,2026-07-23 17:51:29.122833
TXN_e13289c6e974,1,SUCCESS,,2026-07-04 17:24:06.122833
TXN_8d6a15d8ef52,1,SUCCESS,,2026-06-08 06:22:28.122833
TXN_2ee025207a2c,1,SUCCESS,,2026-08-18 12:32:50.122833
TXN_465efdf04bae,1,SUCCESS,,2026-06-16 00:26:18.122833
TXN_f401adcb17f6,1,SUCCESS,,2026-08-28 07:36:14.122833
TXN_8e5a48ef5c3a,1,FAILED,UPI_TIMEOUT,2026-07-13 13:36:48.122833
TXN_8e5a48ef5c3a,2,SUCCESS,,2026-07-13 14:42:48.122833
TXN_e03ed2af27ae,1,SUCCESS,,2026-08-23 07:22:47.122833
TXN_99f625fc5f29,1,SUCCESS,,2026-08-29 23:57:09.122833
TXN_4477d5f326d6,1,FAILED,INSUFFICIENT_FUNDS,2026-06-05 01:32:27.122833
TXN_287263e3f501,1,SUCCESS,,2026-06-17 17:44:18.122833
TXN_bc3e8bd8e777,1,SUCCESS,,2026-08-26 21:12:11.122833
TXN_cb884383bed6,1,SUCCESS,,2026-08-19 04:53:48.122833
TXN_7f34ac40718c,1,SUCCESS,,2026-07-05 14:27:30.122833
TXN_27e389993a4b,1,FAILED,UPI_TIMEOUT,2026-07-26 12:52:51.122833
TXN_27e389993a4b,2,SUCCESS,,2026-07-26 13:22:51.122833
TXN_1e6b71d9f00e,1,SUCCESS,,2026-08-24 05:37:22.122833
TXN_2ba0e60cfa79,1,SUCCESS,,2026-08-11 04:29:02.122833
TXN_770071bef864,1,SUCCESS,,2026-07-13 16:11:40.122833
TXN_311bf6f1e978,1,FAILED,INSUFFICIENT_FUNDS,2026-08-04 01:00:09.122833
TXN_311bf6f1e978,2,SUCCESS,,2026-08-04 02:51:09.122833
TXN_790ae9826291,1,FAILED,UPI_TIMEOUT,2026-08-13 07:46:24.122833
TXN_790ae9826291,2,SUCCESS,,2026-08-13 08:28:24.122833
TXN_3fd2fcb6b6be,1,SUCCESS,,2026-07-23 15:37:55.122833
TXN_67e39837036b,1,SUCCESS,,2026-08-13 03:48:24.122833
TXN_4b7cfe2dcab7,1,SUCCESS,,2026-06-16 12:04:27.122833
TXN_c1ac7b972290,1,SUCCESS,,2026-06-11 14:08:52.122833
TXN_7191aa831e17,1,FAILED,BANK_DECLINED,2026-06-26 08:40:12.122833
TXN_7191aa831e17,2,SUCCESS,,2026-06-26 09:29:12.122833
TXN_bb67a0311246,1,SUCCESS,,2026-07-17 13:39:59.122833
TXN_c103cdfbaf5e,1,SUCCESS,,2026-07-22 22:58:47.122833
TXN_9bed4a066889,1,FAILED,NETWORK_TIMEOUT,2026-08-28 23:10:15.122833
TXN_9bed4a066889,2,SUCCESS,,2026-08-29 00:20:15.122833
TXN_a3e1a45320df,1,FAILED,CARD_EXPIRED,2026-07-27 04:00:57.122833
TXN_c685d46a21b3,1,FAILED,BANK_DECLINED,2026-06-05 18:32:48.122833
TXN_441436a9c262,1,SUCCESS,,2026-08-13 15:07:12.122833
TXN_c3470f27be94,1,FAILED,CARD_EXPIRED,2026-06-12 12:37:27.122833
TXN_2229c45c39dc,1,SUCCESS,,2026-06-14 08:09:05.122833
TXN_aec8ffba53b0,1,FAILED,LIMIT_EXCEEDED,2026-06-21 20:29:11.122833
TXN_8f34a74a9aed,1,SUCCESS,,2026-08-05 05:32:53.122833
TXN_8bada1f6b5a5,1,SUCCESS,,2026-07-04 05:35:11.122833
TXN_fcf9fa937d0d,1,SUCCESS,,2026-06-23 09:15:01.122833
TXN_cb5e8991a219,1,FAILED,LIMIT_EXCEEDED,2026-07-14 01:34:47.122833
TXN_ad0d519c80ae,1,SUCCESS,,2026-07-02 00:52:06.122833
TXN_7800284f2111,1,SUCCESS,,2026-07-04 03:54:30.122833
TXN_7ad0e9eaccb5,1,SUCCESS,,2026-08-24 16:17:16.122833
TXN_6ac80cb38d2c,1,FAILED,INSUFFICIENT_FUNDS,2026-06-28 12:00:11.122833
TXN_6ac80cb38d2c,2,SUCCESS,,2026-06-28 12:09:11.122833
TXN_1b34fc0c1c23,1,SUCCESS,,2026-08-13 19:13:05.122833
TXN_7f88fceb3ca1,1,SUCCESS,,2026-06-26 14:13:54.122833
TXN_41b8d1c77a0c,1,FAILED,BANK_DECLINED,2026-07-28 16:17:27.122833
TXN_00204396cebb,1,FAILED,CUSTOMER_CANCELLED,2026-06-13 21:46:48.122833
TXN_fe274b65aa8e,1,SUCCESS,,2026-07-15 04:50:00.122833
TXN_71c00f112ab5,1,SUCCESS,,2026-06-07 23:32:36.122833
TXN_f5e6cf288aa5,1,SUCCESS,,2026-08-30 00:21:51.122833
TXN_ef78d71be426,1,SUCCESS,,2026-06-16 00:34:10.122833
TXN_c82f2183348e,1,FAILED,INSUFFICIENT_FUNDS,2026-06-15 06:50:38.122833
TXN_ffb50bf00f75,1,SUCCESS,,2026-06-15 16:16:35.122833
TXN_a2f4ee439d98,1,SUCCESS,,2026-07-25 19:14:58.122833
TXN_9eb4443da667,1,SUCCESS,,2026-07-20 01:41:24.122833
TXN_0e7184a1e176,1,FAILED,AUTHENTICATION_FAILED,2026-07-21 11:30:47.122833
TXN_983fcd4d6e26,1,SUCCESS,,2026-08-08 21:54:59.122833
TXN_ca55a2bfcb51,1,FAILED,NETWORK_TIMEOUT,2026-07-07 07:05:01.122833
TXN_ca55a2bfcb51,2,SUCCESS,,2026-07-07 07:45:01.122833
TXN_179d95b3b619,1,FAILED,UPI_TIMEOUT,2026-08-19 03:27:07.122833
TXN_aceb4976062f,1,SUCCESS,,2026-06-22 05:02:51.122833
TXN_2a03943a8169,1,SUCCESS,,2026-08-04 06:16:18.122833
TXN_7e1078cecaec,1,FAILED,LIMIT_EXCEEDED,2026-06-13 05:28:24.122833
TXN_27d8fc7872e0,1,FAILED,UPI_TIMEOUT,2026-08-26 06:17:14.122833
TXN_27d8fc7872e0,2,SUCCESS,,2026-08-26 06:21:14.122833
TXN_665c4613ce34,1,FAILED,LIMIT_EXCEEDED,2026-08-17 05:26:15.122833
TXN_d0e5627d0d2e,1,SUCCESS,,2026-07-29 13:53:35.122833
TXN_8dfd0fb8518e,1,SUCCESS,,2026-07-19 00:06:45.122833
TXN_3527d5f4fc2a,1,SUCCESS,,2026-08-01 00:36:53.122833
TXN_93a8e058325b,1,SUCCESS,,2026-06-10 14:56:53.122833
TXN_365744778f20,1,SUCCESS,,2026-06-16 16:40:05.122833
TXN_99b748dabe3b,1,FAILED,LIMIT_EXCEEDED,2026-06-22 17:16:55.122833
TXN_99b748dabe3b,2,SUCCESS,,2026-06-22 18:59:55.122833
TXN_7b2d551044f4,1,SUCCESS,,2026-07-12 09:59:37.122833
TXN_fa351d964693,1,SUCCESS,,2026-08-16 11:48:11.122833
TXN_27bc59bbc1cd,1,FAILED,LIMIT_EXCEEDED,2026-06-12 17:52:48.122833
TXN_a8b090f4810e,1,SUCCESS,,2026-06-05 16:44:15.122833
TXN_4f97c89e7d78,1,SUCCESS,,2026-08-15 09:10:52.122833
TXN_024fcfd09b6a,1,FAILED,CARD_EXPIRED,2026-08-12 10:38:40.122833
TXN_0562ba663b54,1,SUCCESS,,2026-07-05 08:21:41.122833
TXN_a2f8ea6f0a2d,1,FAILED,BANK_DECLINED,2026-08-26 17:37:32.122833
TXN_a2f8ea6f0a2d,2,SUCCESS,,2026-08-26 18:32:32.122833
TXN_890c96bb06b5,1,SUCCESS,,2026-08-15 19:27:10.122833
TXN_dc37e9e3fea8,1,SUCCESS,,2026-08-18 06:49:05.122833
TXN_cea2d2022165,1,SUCCESS,,2026-08-25 01:56:45.122833
TXN_3c6ab6551ab3,1,FAILED,LIMIT_EXCEEDED,2026-07-30 11:53:55.122833
TXN_3c6ab6551ab3,2,SUCCESS,,2026-07-30 13:07:55.122833
TXN_87d166962984,1,SUCCESS,,2026-06-21 09:36:39.122833
TXN_6cd61f546e6b,1,SUCCESS,,2026-07-09 12:59:01.122833
TXN_1ae10bc6c650,1,FAILED,UPI_TIMEOUT,2026-06-02 17:14:41.122833
TXN_1ae10bc6c650,2,SUCCESS,,2026-06-02 18:27:41.122833
TXN_37db74e5ca6f,1,SUCCESS,,2026-07-06 02:49:45.122833
TXN_58888303be6f,1,FAILED,UPI_TIMEOUT,2026-08-16 23:25:17.122833
TXN_58888303be6f,2,SUCCESS,,2026-08-17 00:59:17.122833
TXN_12ee1a69f4d7,1,SUCCESS,,2026-06-21 02:51:33.122833
TXN_3162826adcee,1,SUCCESS,,2026-07-10 04:59:57.122833
TXN_056ee239d979,1,SUCCESS,,2026-06-27 18:42:39.122833
TXN_5901f28af237,1,SUCCESS,,2026-06-16 06:33:33.122833
TXN_3aa3afdb8104,1,SUCCESS,,2026-08-01 05:40:25.122833
TXN_50c6790df979,1,SUCCESS,,2026-06-18 17:59:33.122833
TXN_cf725950bede,1,FAILED,UPI_TIMEOUT,2026-07-14 11:11:04.122833
TXN_cf725950bede,2,SUCCESS,,2026-07-14 11:19:04.122833
TXN_c941681ecff2,1,SUCCESS,,2026-06-14 21:05:27.122833
TXN_4849ec5e8892,1,FAILED,UPI_TIMEOUT,2026-07-05 20:11:31.122833
TXN_4849ec5e8892,2,SUCCESS,,2026-07-05 20:32:31.122833
TXN_38688eb005ac,1,FAILED,CARD_EXPIRED,2026-08-02 22:24:48.122833
TXN_38688eb005ac,2,SUCCESS,,2026-08-02 23:15:48.122833
TXN_e64826793ae0,1,FAILED,LIMIT_EXCEEDED,2026-06-05 17:49:21.122833
TXN_e640fd0e158a,1,SUCCESS,,2026-07-20 19:01:49.122833
TXN_031a96279c6d,1,SUCCESS,,2026-08-28 07:18:16.122833
TXN_5a10f510e153,1,FAILED,BANK_DECLINED,2026-08-07 08:02:54.122833
TXN_5a10f510e153,2,SUCCESS,,2026-08-07 08:52:54.122833
TXN_a7ec9cfbf8af,1,SUCCESS,,2026-06-26 11:48:48.122833
TXN_cb9bc88c5ab1,1,SUCCESS,,2026-07-17 10:18:38.122833
TXN_442383ba6dcc,1,SUCCESS,,2026-08-19 00:06:46.122833
TXN_c651b3b57f00,1,FAILED,BANK_DECLINED,2026-08-18 13:05:35.122833
TXN_adfa32008fc3,1,SUCCESS,,2026-08-15 17:19:07.122833
TXN_170fa282e0c8,1,SUCCESS,,2026-07-25 10:50:41.122833
TXN_12ca1844434f,1,SUCCESS,,2026-07-16 01:43:26.122833
TXN_0e31d7499b02,1,SUCCESS,,2026-07-05 20:57:28.122833
TXN_c1cd6bdd46ce,1,SUCCESS,,2026-07-12 06:26:27.122833
TXN_0f6185197f17,1,SUCCESS,,2026-07-04 20:18:19.122833
TXN_a2e5088d4d4c,1,SUCCESS,,2026-07-24 02:58:18.122833
TXN_c69c91ca3318,1,SUCCESS,,2026-06-19 14:05:56.122833
TXN_2e52198b067a,1,SUCCESS,,2026-06-20 05:49:00.122833
TXN_bbf7d4a2fde6,1,SUCCESS,,2026-07-13 22:48:11.122833
TXN_491f824a21ee,1,SUCCESS,,2026-06-14 07:08:29.122833
TXN_eade54a06771,1,SUCCESS,,2026-07-31 12:41:25.122833
TXN_debde6680139,1,FAILED,AUTHENTICATION_FAILED,2026-08-31 02:42:31.122833
TXN_fd2db91b1db9,1,SUCCESS,,2026-06-10 06:17:34.122833
TXN_9ecfa6433a5f,1,SUCCESS,,2026-08-09 12:15:53.122833
TXN_6b6f1d62f1a4,1,SUCCESS,,2026-07-11 17:23:10.122833
TXN_addc8d4f9564,1,SUCCESS,,2026-07-29 19:33:58.122833
TXN_bb850c4f970d,1,FAILED,LIMIT_EXCEEDED,2026-07-29 17:42:08.122833
TXN_93687d4e25bd,1,SUCCESS,,2026-06-04 12:08:51.122833
TXN_9bbd964087df,1,SUCCESS,,2026-06-09 04:41:14.122833
TXN_92a675622cf1,1,SUCCESS,,2026-08-02 20:52:30.122833
TXN_1321347c5f93,1,FAILED,AUTHENTICATION_FAILED,2026-08-10 07:29:33.122833
TXN_1321347c5f93,2,SUCCESS,,2026-08-10 07:59:33.122833
TXN_bcff97a36d50,1,SUCCESS,,2026-07-31 17:05:10.122833
TXN_6139e266f6e4,1,SUCCESS,,2026-08-21 09:05:30.122833
TXN_8f173163ff37,1,SUCCESS,,2026-07-20 10:43:43.122833
TXN_876e746aa45b,1,SUCCESS,,2026-07-15 05:20:57.122833
TXN_73f34a2f89cb,1,SUCCESS,,2026-08-14 09:46:26.122833
TXN_e28e552c7aef,1,FAILED,NETWORK_TIMEOUT,2026-06-17 00:15:16.122833
TXN_7267954aa1c7,1,SUCCESS,,2026-07-28 00:55:58.122833
TXN_f04d8fbf2d8d,1,FAILED,UPI_TIMEOUT,2026-07-15 00:24:03.122833
TXN_f04d8fbf2d8d,2,SUCCESS,,2026-07-15 01:59:03.122833
TXN_b6d284900c02,1,SUCCESS,,2026-07-29 23:26:11.122833
TXN_209ae8dd8da7,1,SUCCESS,,2026-07-15 21:46:42.122833
TXN_da1b69384e49,1,SUCCESS,,2026-06-18 15:10:30.122833
TXN_d71b078702e3,1,SUCCESS,,2026-06-05 03:39:51.122833
TXN_266a7abbec9f,1,SUCCESS,,2026-08-23 13:36:42.122833
TXN_1ecb0575394d,1,FAILED,UPI_TIMEOUT,2026-08-05 18:02:15.122833
TXN_1ecb0575394d,2,SUCCESS,,2026-08-05 19:43:15.122833
TXN_6f2f29798e19,1,FAILED,NETWORK_TIMEOUT,2026-06-27 19:01:25.122833
TXN_6f2f29798e19,2,SUCCESS,,2026-06-27 20:41:25.122833
TXN_f80f6047cda3,1,SUCCESS,,2026-06-25 10:26:43.122833
TXN_68ed99fe5225,1,SUCCESS,,2026-07-30 09:55:10.122833
TXN_4934f8a402cc,1,SUCCESS,,2026-08-28 17:34:02.122833
TXN_89756acaedd7,1,FAILED,INSUFFICIENT_FUNDS,2026-08-22 19:02:20.122833
TXN_89756acaedd7,2,SUCCESS,,2026-08-22 19:24:20.122833
TXN_a649f23e4eff,1,SUCCESS,,2026-07-21 22:35:50.122833
TXN_bb04d565f7c8,1,SUCCESS,,2026-07-11 08:06:21.122833
TXN_c67da7502937,1,FAILED,NETWORK_TIMEOUT,2026-07-16 09:56:59.122833
TXN_c67da7502937,2,SUCCESS,,2026-07-16 11:12:59.122833
TXN_086a1eb240bf,1,SUCCESS,,2026-06-25 05:36:54.122833
TXN_e6a5b13ab3ee,1,SUCCESS,,2026-06-03 17:14:27.122833
TXN_c86830426e18,1,SUCCESS,,2026-06-07 03:28:07.122833
TXN_b334f9d79a9c,1,FAILED,BANK_DECLINED,2026-08-23 08:38:37.122833
TXN_dba09b3d82bf,1,SUCCESS,,2026-06-11 11:35:01.122833
TXN_0becbbcaa2fa,1,SUCCESS,,2026-08-28 02:31:18.122833
TXN_4c01361906b2,1,SUCCESS,,2026-07-30 20:14:13.122833
TXN_28e2bbbd38b3,1,SUCCESS,,2026-08-12 02:32:45.122833
TXN_327b0a75188a,1,SUCCESS,,2026-08-06 02:57:22.122833
TXN_8575dfb328b9,1,FAILED,CARD_EXPIRED,2026-08-10 20:39:54.122833
TXN_e40eb99bc72d,1,SUCCESS,,2026-07-13 17:14:39.122833
TXN_76a8c474c469,1,SUCCESS,,2026-08-03 23:05:40.122833
TXN_2525578d8825,1,SUCCESS,,2026-07-26 07:26:26.122833
TXN_a8ca5aa9a9b7,1,SUCCESS,,2026-08-17 05:38:16.122833
TXN_10abf9ec4b0c,1,SUCCESS,,2026-08-06 15:38:39.122833
TXN_7394ad2165e6,1,SUCCESS,,2026-08-31 12:37:49.122833
TXN_6d4b9f0ead6e,1,FAILED,LIMIT_EXCEEDED,2026-07-09 20:31:19.122833
TXN_7908ed03f0e1,1,SUCCESS,,2026-06-05 02:03:57.122833
TXN_d6d7848cc9c0,1,SUCCESS,,2026-06-03 17:25:48.122833
TXN_2331b1d4348e,1,SUCCESS,,2026-07-07 02:54:21.122833
TXN_3a5f44f67bee,1,SUCCESS,,2026-07-25 06:45:36.122833
TXN_ff6c354d7e94,1,SUCCESS,,2026-06-28 09:59:56.122833
TXN_25a88b7981e9,1,FAILED,AUTHENTICATION_FAILED,2026-06-06 14:06:23.122833
TXN_25a88b7981e9,2,SUCCESS,,2026-06-06 14:08:23.122833
TXN_5046c70fda19,1,SUCCESS,,2026-06-17 07:00:33.122833
TXN_b83e5891f08c,1,SUCCESS,,2026-06-09 05:09:55.122833
TXN_e7055e286016,1,SUCCESS,,2026-06-09 18:27:17.122833
TXN_2bd8b44408e9,1,SUCCESS,,2026-06-26 16:54:39.122833
TXN_27d5ee0af894,1,SUCCESS,,2026-08-21 06:50:50.122833
TXN_2f9c55674f63,1,FAILED,INSUFFICIENT_FUNDS,2026-07-18 17:27:07.122833
TXN_2f9c55674f63,2,SUCCESS,,2026-07-18 18:32:07.122833
TXN_9b0c058b5df4,1,SUCCESS,,2026-06-06 20:24:17.122833
TXN_86d7490698b1,1,SUCCESS,,2026-07-04 21:01:51.122833
TXN_b42db827e08b,1,SUCCESS,,2026-08-29 14:29:51.122833
TXN_818d1cc8ec38,1,SUCCESS,,2026-06-14 16:37:56.122833
TXN_a88ffca1d671,1,SUCCESS,,2026-08-09 06:31:34.122833
TXN_8dbc5cc8f40d,1,SUCCESS,,2026-08-23 15:39:20.122833
TXN_523f056a6c3a,1,SUCCESS,,2026-06-08 22:36:10.122833
TXN_71038cf47de9,1,SUCCESS,,2026-07-28 06:05:53.122833
TXN_33242a8cef84,1,FAILED,AUTHENTICATION_FAILED,2026-06-02 21:00:33.122833
TXN_f7cf700640b9,1,SUCCESS,,2026-06-28 23:00:08.122833
TXN_1da32ae218f6,1,SUCCESS,,2026-08-18 00:51:10.122833
TXN_788cb627e79c,1,SUCCESS,,2026-08-02 10:25:31.122833
TXN_ba01f7ff4289,1,SUCCESS,,2026-07-24 20:56:11.122833
TXN_f8dd2cf9c4a5,1,SUCCESS,,2026-07-11 00:42:35.122833
TXN_68877b7033a6,1,SUCCESS,,2026-07-09 14:32:15.122833
TXN_5fb149ccd2d1,1,SUCCESS,,2026-07-05 15:17:10.122833
TXN_970032ee9071,1,FAILED,NETWORK_TIMEOUT,2026-06-13 08:11:18.122833
TXN_970032ee9071,2,SUCCESS,,2026-06-13 09:14:18.122833
TXN_651782238be7,1,SUCCESS,,2026-06-08 06:53:05.122833
TXN_0fec90ee4eb0,1,FAILED,CARD_EXPIRED,2026-08-09 06:28:16.122833
TXN_a73867975954,1,SUCCESS,,2026-06-09 10:22:13.122833
TXN_255ec2369466,1,SUCCESS,,2026-08-22 10:17:10.122833
TXN_2a3e2e523c19,1,FAILED,NETWORK_TIMEOUT,2026-06-22 17:02:22.122833
TXN_2a3e2e523c19,2,SUCCESS,,2026-06-22 17:12:22.122833
TXN_cbb2cb7fd5dd,1,FAILED,LIMIT_EXCEEDED,2026-06-14 19:24:49.122833
TXN_991be5838c67,1,SUCCESS,,2026-06-08 00:24:52.122833
TXN_332e91d350ea,1,SUCCESS,,2026-08-04 20:04:02.122833
TXN_b6405a0877c8,1,SUCCESS,,2026-06-26 21:24:51.122833
TXN_037ee739ff16,1,SUCCESS,,2026-08-07 20:29:29.122833
TXN_3e50c1da6c56,1,SUCCESS,,2026-08-01 03:40:05.122833
TXN_fb5b6ac48ab2,1,FAILED,NETWORK_TIMEOUT,2026-06-28 01:10:25.122833
TXN_fb5b6ac48ab2,2,SUCCESS,,2026-06-28 02:29:25.122833
TXN_818c380e990d,1,SUCCESS,,2026-07-13 17:24:09.122833
TXN_5947514febe5,1,SUCCESS,,2026-08-28 05:57:20.122833
TXN_1e22f1e9abe8,1,SUCCESS,,2026-06-24 00:42:32.122833
TXN_b201c262c655,1,SUCCESS,,2026-06-15 07:16:51.122833
TXN_9e4a5a0135ea,1,SUCCESS,,2026-08-26 15:19:34.122833
TXN_5c1c6afbef0a,1,SUCCESS,,2026-07-05 06:29:01.122833
TXN_28add06cfe22,1,FAILED,UPI_TIMEOUT,2026-07-31 04:58:20.122833
TXN_28add06cfe22,2,SUCCESS,,2026-07-31 06:50:20.122833
TXN_d4c0253ba0ea,1,SUCCESS,,2026-08-07 03:51:07.122833
TXN_770822074ffe,1,FAILED,BANK_DECLINED,2026-07-01 03:41:46.122833
TXN_770822074ffe,2,SUCCESS,,2026-07-01 03:59:46.122833
TXN_53d3e2e08d43,1,SUCCESS,,2026-08-08 23:23:04.122833
TXN_86d3a8f75218,1,FAILED,UPI_TIMEOUT,2026-08-01 03:23:40.122833
TXN_421bdde016c3,1,FAILED,AUTHENTICATION_FAILED,2026-08-10 10:46:58.122833
TXN_67dc6f560881,1,FAILED,CUSTOMER_CANCELLED,2026-08-20 18:07:03.122833
TXN_637192c63f71,1,SUCCESS,,2026-06-08 10:06:06.122833
TXN_68f653096a99,1,SUCCESS,,2026-07-18 16:13:43.122833
TXN_f61feea75605,1,SUCCESS,,2026-07-26 20:31:53.122833
TXN_5730f42e5dcf,1,SUCCESS,,2026-08-27 06:41:19.122833
TXN_bc6a618dc94b,1,FAILED,NETWORK_TIMEOUT,2026-08-19 10:57:35.122833
TXN_bc6a618dc94b,2,SUCCESS,,2026-08-19 12:27:35.122833
TXN_1a8ff24e4d1a,1,FAILED,INSUFFICIENT_FUNDS,2026-08-24 09:23:49.122833
TXN_1a8ff24e4d1a,2,SUCCESS,,2026-08-24 09:28:49.122833
TXN_a613c4ea2ee1,1,SUCCESS,,2026-06-13 08:47:54.122833
TXN_9ce5da9e3585,1,SUCCESS,,2026-08-13 00:00:27.122833
TXN_ffc3d58a1946,1,FAILED,CUSTOMER_CANCELLED,2026-08-09 05:10:27.122833
TXN_f71366f321f2,1,SUCCESS,,2026-07-17 09:02:54.122833
TXN_41c5c11dc69f,1,SUCCESS,,2026-06-28 07:13:24.122833
TXN_5e6554e366e8,1,SUCCESS,,2026-07-26 17:24:55.122833
TXN_f6c6bed82f5b,1,FAILED,NETWORK_TIMEOUT,2026-07-07 17:57:13.122833
TXN_f6c6bed82f5b,2,SUCCESS,,2026-07-07 19:00:13.122833
TXN_012c6512ab4d,1,SUCCESS,,2026-08-07 05:08:27.122833
TXN_269df2b2527d,1,FAILED,BANK_DECLINED,2026-08-04 22:07:02.122833
TXN_269df2b2527d,2,SUCCESS,,2026-08-04 23:26:02.122833
TXN_018e8f3ae9a2,1,SUCCESS,,2026-06-13 09:57:14.122833
TXN_7fcea0f503a3,1,FAILED,LIMIT_EXCEEDED,2026-06-30 07:32:55.122833
TXN_70dd277d23a7,1,SUCCESS,,2026-08-07 19:56:27.122833
TXN_6b37a7b4d109,1,SUCCESS,,2026-07-15 03:53:01.122833
TXN_b317c4d80703,1,SUCCESS,,2026-07-01 02:11:56.122833
TXN_b8dbbb97325f,1,SUCCESS,,2026-06-05 13:54:46.122833
TXN_f25364805f5f,1,SUCCESS,,2026-06-19 01:49:53.122833
TXN_8f1c59057a27,1,FAILED,NETWORK_TIMEOUT,2026-08-05 04:45:10.122833
TXN_8f1c59057a27,2,SUCCESS,,2026-08-05 06:45:10.122833
TXN_2a0392c863f4,1,SUCCESS,,2026-06-26 13:46:18.122833
TXN_747efc69e055,1,SUCCESS,,2026-06-05 19:43:35.122833
TXN_56cfe031a706,1,SUCCESS,,2026-08-11 10:11:27.122833
TXN_06e2a5d8a706,1,SUCCESS,,2026-07-04 17:42:24.122833
TXN_29c10370fb1f,1,SUCCESS,,2026-08-18 02:09:47.122833
TXN_a45c5750c309,1,SUCCESS,,2026-07-15 08:54:03.122833
TXN_958d4778ec29,1,SUCCESS,,2026-07-06 03:03:58.122833
TXN_980338e50794,1,SUCCESS,,2026-07-07 11:58:39.122833
TXN_f7a18a7ad55f,1,SUCCESS,,2026-08-21 03:49:11.122833
TXN_6698e872a799,1,FAILED,CUSTOMER_CANCELLED,2026-08-01 18:00:00.122833
TXN_7b3c4f023cdc,1,SUCCESS,,2026-08-03 21:50:12.122833
TXN_75d21cae3874,1,SUCCESS,,2026-07-03 17:10:49.122833
TXN_173e6494ca0a,1,SUCCESS,,2026-07-21 08:53:59.122833
TXN_539066e3b6d7,1,SUCCESS,,2026-08-19 15:35:57.122833
TXN_7ecbcf746552,1,SUCCESS,,2026-07-22 13:13:08.122833
TXN_1d35d5d38105,1,FAILED,CARD_EXPIRED,2026-06-08 12:19:14.122833
TXN_0a445b5d554d,1,SUCCESS,,2026-06-15 11:54:56.122833
TXN_4e90d41dc019,1,FAILED,INSUFFICIENT_FUNDS,2026-06-15 22:50:00.122833
TXN_488f67b930d7,1,SUCCESS,,2026-07-30 16:18:43.122833
TXN_5b46d3677ebf,1,SUCCESS,,2026-06-28 14:22:59.122833
TXN_53e421db65c6,1,SUCCESS,,2026-07-30 02:44:24.122833
TXN_d5dd385ae168,1,SUCCESS,,2026-06-17 06:05:55.122833
TXN_acad6ff91013,1,SUCCESS,,2026-06-05 12:27:52.122833
TXN_36fda285804b,1,SUCCESS,,2026-06-22 23:54:37.122833
TXN_17f5aa4b3d03,1,FAILED,UPI_TIMEOUT,2026-08-10 16:43:27.122833
TXN_17f5aa4b3d03,2,SUCCESS,,2026-08-10 17:48:27.122833
TXN_b36f77872220,1,SUCCESS,,2026-06-06 22:42:52.122833
TXN_c9913568e2f2,1,SUCCESS,,2026-06-04 04:17:38.122833
TXN_2eef72eab874,1,SUCCESS,,2026-06-13 17:26:07.122833
TXN_1cbd1140f317,1,SUCCESS,,2026-08-06 19:00:37.122833
TXN_bdce6947d263,1,FAILED,INSUFFICIENT_FUNDS,2026-07-10 02:21:17.122833
TXN_bdce6947d263,2,SUCCESS,,2026-07-10 04:12:17.122833
TXN_cf5ca1460e1c,1,SUCCESS,,2026-07-08 18:45:06.122833
TXN_4017f006622f,1,SUCCESS,,2026-06-25 10:29:40.122833
TXN_70ab68b039dc,1,SUCCESS,,2026-08-03 20:21:36.122833
TXN_03fde85e01fd,1,SUCCESS,,2026-06-29 10:20:18.122833
TXN_0bb7667143e9,1,SUCCESS,,2026-06-16 00:31:00.122833
TXN_53eae7256f26,1,FAILED,INSUFFICIENT_FUNDS,2026-07-03 07:36:43.122833
TXN_53eae7256f26,2,SUCCESS,,2026-07-03 07:57:43.122833
TXN_7a5283a9a392,1,SUCCESS,,2026-08-12 19:09:34.122833
TXN_5e222c8b757e,1,SUCCESS,,2026-08-30 12:47:52.122833
TXN_c93a7d9fdc0b,1,SUCCESS,,2026-08-13 15:48:11.122833
TXN_faa2d4a312ff,1,SUCCESS,,2026-08-29 06:21:57.122833
TXN_8facb95243e9,1,SUCCESS,,2026-07-10 10:58:36.122833
TXN_f8438df243ba,1,SUCCESS,,2026-07-10 18:05:30.122833
TXN_c4f073581813,1,FAILED,UPI_TIMEOUT,2026-08-09 22:59:21.122833
TXN_c4f073581813,2,SUCCESS,,2026-08-09 23:26:21.122833
TXN_fd5fa7e65e8e,1,FAILED,CUSTOMER_CANCELLED,2026-06-02 18:03:34.122833
TXN_095866025df4,1,SUCCESS,,2026-08-21 00:18:52.122833
TXN_279c23abe9d5,1,FAILED,LIMIT_EXCEEDED,2026-06-06 16:07:59.122833
TXN_279c23abe9d5,2,SUCCESS,,2026-06-06 16:37:59.122833
TXN_cb0c154ddfd0,1,SUCCESS,,2026-07-14 08:05:46.122833
TXN_70158ee4bb10,1,SUCCESS,,2026-07-24 11:21:51.122833
TXN_5d91ae69c69d,1,FAILED,INSUFFICIENT_FUNDS,2026-07-31 12:37:18.122833
TXN_5d91ae69c69d,2,SUCCESS,,2026-07-31 14:02:18.122833
TXN_b527d69af910,1,SUCCESS,,2026-07-26 18:40:08.122833
TXN_d5063369a993,1,FAILED,UPI_TIMEOUT,2026-07-23 23:20:49.122833
TXN_d5063369a993,2,SUCCESS,,2026-07-23 23:23:49.122833
TXN_1331100ceaad,1,SUCCESS,,2026-06-09 15:38:47.122833
TXN_1d661f1328dc,1,SUCCESS,,2026-07-07 20:15:56.122833
TXN_c8c077556365,1,SUCCESS,,2026-06-04 20:49:45.122833
TXN_2d6335176b78,1,SUCCESS,,2026-06-15 11:34:50.122833
TXN_c740ae1c2320,1,FAILED,CARD_EXPIRED,2026-08-24 01:18:27.122833
TXN_0756a4a753c2,1,SUCCESS,,2026-07-09 12:09:22.122833
TXN_4147db34021d,1,SUCCESS,,2026-08-15 11:44:43.122833
TXN_68af4c668eea,1,SUCCESS,,2026-06-09 16:05:36.122833
TXN_7b9c9b01bcda,1,FAILED,INSUFFICIENT_FUNDS,2026-07-17 07:34:19.122833
TXN_7b9c9b01bcda,2,SUCCESS,,2026-07-17 08:09:19.122833
TXN_dcf0c015e2af,1,SUCCESS,,2026-06-15 23:51:27.122833
TXN_ac60a2ae9c44,1,SUCCESS,,2026-06-11 23:23:37.122833
TXN_f2454f071b13,1,SUCCESS,,2026-06-29 19:34:58.122833
TXN_5571d8d6ba99,1,SUCCESS,,2026-07-14 21:43:05.122833
TXN_20251a307b71,1,FAILED,UPI_TIMEOUT,2026-07-05 01:15:51.122833
TXN_20251a307b71,2,SUCCESS,,2026-07-05 02:05:51.122833
TXN_c16575f65b2a,1,SUCCESS,,2026-08-27 04:44:17.122833
TXN_d7f54f47388a,1,SUCCESS,,2026-06-28 11:07:26.122833
TXN_05fd95fc6ace,1,FAILED,NETWORK_TIMEOUT,2026-07-01 02:36:54.122833
TXN_05fd95fc6ace,2,SUCCESS,,2026-07-01 04:35:54.122833
TXN_aad9dafc7ffc,1,SUCCESS,,2026-08-17 06:44:12.122833
TXN_8596c51c622d,1,SUCCESS,,2026-08-23 14:20:30.122833
TXN_861a4ee27ee6,1,SUCCESS,,2026-06-04 08:27:06.122833
TXN_d2ec00ed127f,1,SUCCESS,,2026-08-31 10:33:53.122833
TXN_90b266abb7a0,1,SUCCESS,,2026-07-17 04:44:48.122833
TXN_87921d77018c,1,SUCCESS,,2026-06-19 20:15:42.122833
TXN_87a39413a3e7,1,SUCCESS,,2026-08-27 13:40:47.122833
TXN_1786afe2ac17,1,SUCCESS,,2026-08-04 21:31:03.122833
TXN_7daf6af96b53,1,SUCCESS,,2026-06-28 00:26:37.122833
TXN_0f1834c65a22,1,SUCCESS,,2026-06-09 15:16:26.122833
TXN_bef9c85eaded,1,SUCCESS,,2026-06-03 04:55:16.122833
TXN_e6ce471089dd,1,SUCCESS,,2026-08-03 21:07:20.122833
TXN_332edc0386fd,1,SUCCESS,,2026-07-08 16:43:30.122833
TXN_484944ee8b9c,1,SUCCESS,,2026-08-20 20:26:19.122833
TXN_a7334b5c1eb1,1,SUCCESS,,2026-08-27 01:10:27.122833
TXN_204eb8f11983,1,SUCCESS,,2026-06-07 18:25:23.122833
TXN_5d3642c0e16b,1,FAILED,NETWORK_TIMEOUT,2026-06-09 11:31:38.122833
TXN_0db7e1c1fc5b,1,SUCCESS,,2026-07-19 13:51:22.122833
TXN_de78ab65a97d,1,SUCCESS,,2026-08-26 18:31:14.122833
TXN_ac087586d77b,1,SUCCESS,,2026-08-09 11:26:54.122833
TXN_b6947fd8ea2b,1,SUCCESS,,2026-07-23 06:29:12.122833
TXN_1412a266df76,1,SUCCESS,,2026-07-06 01:22:22.122833
TXN_f5ee6a3793da,1,SUCCESS,,2026-07-12 17:42:07.122833
TXN_7645933f181f,1,SUCCESS,,2026-07-22 13:38:01.122833
TXN_be993eed1cdf,1,SUCCESS,,2026-08-20 07:59:03.122833
TXN_2a5dbd1545c9,1,SUCCESS,,2026-06-06 01:08:10.122833
TXN_b5aedd619885,1,SUCCESS,,2026-08-06 01:34:06.122833
TXN_2b95632af9e3,1,SUCCESS,,2026-08-28 05:48:42.122833
TXN_4aac010e7de2,1,SUCCESS,,2026-07-07 13:05:34.122833
TXN_e27045498035,1,SUCCESS,,2026-07-05 08:33:08.122833
TXN_50475aa043a3,1,SUCCESS,,2026-08-25 07:04:23.122833
TXN_5063fb4db1a2,1,SUCCESS,,2026-07-16 01:49:30.122833
TXN_0040a55c537b,1,FAILED,CARD_EXPIRED,2026-08-28 02:32:07.122833
TXN_0040a55c537b,2,SUCCESS,,2026-08-28 03:43:07.122833
TXN_fec3bc02575c,1,SUCCESS,,2026-06-19 18:31:02.122833
TXN_6b432ce62b62,1,FAILED,UPI_TIMEOUT,2026-08-24 02:33:53.122833
TXN_6bde29a949bc,1,FAILED,UPI_TIMEOUT,2026-07-05 00:37:25.122833
TXN_6bde29a949bc,2,SUCCESS,,2026-07-05 02:32:25.122833
TXN_e4f13f90d0ab,1,FAILED,INSUFFICIENT_FUNDS,2026-06-07 11:09:18.122833
TXN_76b0fbc92a57,1,SUCCESS,,2026-07-07 23:03:49.122833
TXN_162a2330ef88,1,SUCCESS,,2026-08-21 15:56:34.122833
TXN_db7416dd5b72,1,FAILED,UPI_TIMEOUT,2026-06-13 00:01:09.122833
TXN_db7416dd5b72,2,SUCCESS,,2026-06-13 00:03:09.122833
TXN_6d8fa29b57df,1,SUCCESS,,2026-08-06 06:26:57.122833
TXN_71f73023b874,1,SUCCESS,,2026-06-12 07:39:15.122833
TXN_de6876cf11ef,1,FAILED,BANK_DECLINED,2026-08-08 06:26:26.122833
TXN_76824e32e628,1,SUCCESS,,2026-08-07 19:29:12.122833
TXN_5f10479bf3d2,1,SUCCESS,,2026-06-04 21:48:23.122833
TXN_750d18a2c2b7,1,SUCCESS,,2026-08-20 23:26:49.122833
TXN_304c8f3341cd,1,SUCCESS,,2026-06-19 19:05:57.122833
TXN_6bd03783730b,1,SUCCESS,,2026-07-15 02:22:00.122833
TXN_a567d567f29a,1,SUCCESS,,2026-08-26 06:05:32.122833
TXN_c2ae94f14746,1,SUCCESS,,2026-08-30 19:43:36.122833
TXN_6a9019a25e59,1,SUCCESS,,2026-06-20 09:00:06.122833
TXN_9844fd69188c,1,FAILED,BANK_DECLINED,2026-08-08 05:46:39.122833
TXN_58460a2fac10,1,SUCCESS,,2026-06-05 16:54:29.122833
TXN_a28dbb0b5445,1,SUCCESS,,2026-08-15 20:54:32.122833
TXN_5dde5443df2e,1,SUCCESS,,2026-07-26 01:41:33.122833
TXN_b1c7f7880a73,1,FAILED,UPI_TIMEOUT,2026-07-08 03:34:24.122833
TXN_b1c7f7880a73,2,SUCCESS,,2026-07-08 04:20:24.122833
TXN_8ccdbca5d034,1,SUCCESS,,2026-06-07 06:32:58.122833
TXN_5cbceebfe431,1,SUCCESS,,2026-06-23 14:13:16.122833
TXN_52a63cd2de93,1,FAILED,CARD_EXPIRED,2026-08-28 17:08:15.122833
TXN_52a63cd2de93,2,SUCCESS,,2026-08-28 18:04:15.122833
TXN_0639acb3fbbc,1,FAILED,CARD_EXPIRED,2026-08-26 20:55:17.122833
TXN_0bc8e36f702b,1,SUCCESS,,2026-06-08 20:26:58.122833
TXN_2dfc82d1c024,1,FAILED,INSUFFICIENT_FUNDS,2026-06-24 02:13:14.122833
TXN_a64f63c259b8,1,SUCCESS,,2026-07-25 13:20:23.122833
TXN_3e4b36c65e7a,1,SUCCESS,,2026-08-08 04:55:05.122833
TXN_d4ce8d17c803,1,FAILED,BANK_DECLINED,2026-06-05 19:51:38.122833
TXN_d4ce8d17c803,2,SUCCESS,,2026-06-05 21:09:38.122833
TXN_ef997d2ddee8,1,SUCCESS,,2026-06-03 20:46:09.122833
TXN_f2cc08a855a3,1,SUCCESS,,2026-06-08 07:21:17.122833
TXN_7d0151f729d3,1,SUCCESS,,2026-06-06 21:05:56.122833
TXN_b0455f0a70ac,1,SUCCESS,,2026-06-28 12:39:00.122833
TXN_eae8597906c0,1,FAILED,INSUFFICIENT_FUNDS,2026-08-05 21:25:52.122833
TXN_9fb86486c342,1,SUCCESS,,2026-07-09 00:06:17.122833
TXN_cc5ef85a3509,1,SUCCESS,,2026-07-09 04:47:04.122833
TXN_dbd92371fb63,1,FAILED,CUSTOMER_CANCELLED,2026-06-23 18:15:46.122833
TXN_8305b0932fed,1,SUCCESS,,2026-06-23 05:33:51.122833
TXN_1fe705acee48,1,SUCCESS,,2026-06-20 10:17:18.122833
TXN_5ba8c85b2d1f,1,SUCCESS,,2026-06-08 12:51:02.122833
TXN_3dcc1ba2a227,1,SUCCESS,,2026-06-23 20:17:15.122833
TXN_132c8d21c728,1,FAILED,BANK_DECLINED,2026-06-04 01:51:39.122833
TXN_628b46dce9e9,1,SUCCESS,,2026-08-23 01:12:50.122833
TXN_d65b83cbe638,1,SUCCESS,,2026-07-26 13:26:22.122833
TXN_361d35ed05aa,1,SUCCESS,,2026-08-27 15:49:22.122833
TXN_877f1a7d5190,1,SUCCESS,,2026-08-18 17:51:58.122833
TXN_2f3d362cd8b6,1,SUCCESS,,2026-07-05 01:50:00.122833
TXN_497edae6ef15,1,SUCCESS,,2026-07-26 15:03:55.122833
TXN_a191cefcfcb9,1,SUCCESS,,2026-08-25 03:56:59.122833
TXN_1bf4ae2ff425,1,FAILED,UPI_TIMEOUT,2026-07-02 20:38:35.122833
TXN_1bf4ae2ff425,2,SUCCESS,,2026-07-02 21:53:35.122833
TXN_1122f4719793,1,FAILED,NETWORK_TIMEOUT,2026-07-13 06:53:33.122833
TXN_1122f4719793,2,SUCCESS,,2026-07-13 08:42:33.122833
TXN_5ac2b05a28bc,1,SUCCESS,,2026-06-16 08:00:09.122833
TXN_08005db4fab1,1,SUCCESS,,2026-07-17 10:46:17.122833
TXN_a300d0cc285c,1,FAILED,LIMIT_EXCEEDED,2026-06-02 16:55:18.122833
TXN_7b1b051f9e4c,1,SUCCESS,,2026-06-24 12:10:00.122833
TXN_869775c6f35f,1,SUCCESS,,2026-08-09 14:28:15.122833
TXN_28a859cccdc3,1,SUCCESS,,2026-08-05 16:51:58.122833
TXN_a9d3c2c1711f,1,FAILED,BANK_DECLINED,2026-07-23 07:18:16.122833
TXN_a9d3c2c1711f,2,SUCCESS,,2026-07-23 08:09:16.122833
TXN_1c02aa279478,1,SUCCESS,,2026-07-27 12:10:34.122833
TXN_5ac0e3d24652,1,SUCCESS,,2026-06-23 03:02:46.122833
TXN_3afe54fd98cf,1,SUCCESS,,2026-07-29 17:45:54.122833
TXN_3697511377ed,1,SUCCESS,,2026-06-18 20:37:11.122833
TXN_0181f5a75a24,1,SUCCESS,,2026-08-10 10:03:27.122833
TXN_c0cd3c6dabf1,1,FAILED,AUTHENTICATION_FAILED,2026-07-19 01:56:00.122833
TXN_c0cd3c6dabf1,2,SUCCESS,,2026-07-19 03:56:00.122833
TXN_a90314acf6f4,1,SUCCESS,,2026-06-09 02:52:45.122833
TXN_e0052b182c28,1,SUCCESS,,2026-08-29 19:35:26.122833
TXN_58e571d81bfa,1,SUCCESS,,2026-07-04 19:16:44.122833
TXN_3758465ee73e,1,SUCCESS,,2026-07-22 11:52:13.122833
TXN_05a36e27b8ed,1,SUCCESS,,2026-06-07 20:08:02.122833
TXN_b49e7bfe0720,1,SUCCESS,,2026-08-02 07:21:15.122833
TXN_f41a5d835bed,1,SUCCESS,,2026-06-08 08:12:59.122833
TXN_e4226c133d7a,1,SUCCESS,,2026-08-05 04:14:16.122833
TXN_1242f91f1d88,1,FAILED,BANK_DECLINED,2026-08-14 04:48:04.122833
TXN_a2a49df56a8f,1,FAILED,BANK_DECLINED,2026-07-28 15:30:41.122833
TXN_a2a49df56a8f,2,SUCCESS,,2026-07-28 15:34:41.122833
TXN_0c72381c93a0,1,SUCCESS,,2026-08-13 00:42:53.122833
TXN_a03d2c0fd3e7,1,SUCCESS,,2026-06-07 12:31:19.122833
TXN_90b159ddb9c2,1,SUCCESS,,2026-06-15 06:38:55.122833
TXN_2e9fa4d74b20,1,SUCCESS,,2026-08-09 02:53:12.122833
TXN_4cce58b2231a,1,SUCCESS,,2026-08-28 20:02:50.122833
TXN_936875ab33bb,1,SUCCESS,,2026-08-27 15:40:37.122833
TXN_a92c1dfad8a2,1,SUCCESS,,2026-08-21 16:28:15.122833
TXN_16d962c6da6c,1,SUCCESS,,2026-07-16 23:03:39.122833
TXN_bca0c0a31b1a,1,FAILED,AUTHENTICATION_FAILED,2026-07-24 18:17:32.122833
TXN_bb4a090573c4,1,SUCCESS,,2026-06-18 07:37:01.122833
TXN_628df47704ae,1,SUCCESS,,2026-08-13 16:02:26.122833
TXN_4082024f5a37,1,SUCCESS,,2026-08-25 03:42:34.122833
TXN_373b72cacce4,1,FAILED,BANK_DECLINED,2026-06-14 04:25:39.122833
TXN_68ddb4652201,1,SUCCESS,,2026-07-25 03:28:50.122833
TXN_bd07e42ab256,1,FAILED,INSUFFICIENT_FUNDS,2026-06-17 05:50:15.122833
TXN_bd07e42ab256,2,SUCCESS,,2026-06-17 06:36:15.122833
TXN_ded6c5107371,1,SUCCESS,,2026-07-13 08:34:06.122833
TXN_e91a015b22e4,1,SUCCESS,,2026-08-27 12:05:37.122833
TXN_92e989e9c2e3,1,FAILED,INSUFFICIENT_FUNDS,2026-07-17 07:25:05.122833
TXN_92e989e9c2e3,2,SUCCESS,,2026-07-17 09:16:05.122833
TXN_d700eeb99f0a,1,FAILED,AUTHENTICATION_FAILED,2026-08-09 14:28:33.122833
TXN_6e06f301a872,1,SUCCESS,,2026-07-07 18:00:15.122833
TXN_310ff7b003a2,1,SUCCESS,,2026-07-01 18:35:15.122833
TXN_df8a121a93ed,1,FAILED,CUSTOMER_CANCELLED,2026-08-08 02:11:56.122833
TXN_f5338c1bafbc,1,SUCCESS,,2026-07-13 01:39:15.122833
TXN_cb139f93f452,1,SUCCESS,,2026-07-16 15:21:54.122833
TXN_ae1fee6c052d,1,SUCCESS,,2026-08-27 05:43:23.122833
TXN_f15a15eefc08,1,FAILED,BANK_DECLINED,2026-06-23 14:42:41.122833
TXN_d651152675b4,1,FAILED,NETWORK_TIMEOUT,2026-07-05 22:49:49.122833
TXN_d651152675b4,2,SUCCESS,,2026-07-05 23:59:49.122833
TXN_77320d30b099,1,SUCCESS,,2026-06-17 06:55:56.122833
TXN_ed58ec13cddf,1,SUCCESS,,2026-07-24 10:12:39.122833
TXN_7960c6e98e37,1,SUCCESS,,2026-08-01 13:42:29.122833
TXN_156ebbf81b27,1,SUCCESS,,2026-06-25 21:50:35.122833
TXN_86cd5000058a,1,SUCCESS,,2026-07-30 22:17:43.122833
TXN_15eeec9004d8,1,SUCCESS,,2026-07-05 11:54:30.122833
TXN_51166f02d832,1,SUCCESS,,2026-07-17 08:24:59.122833
TXN_b08657eec242,1,SUCCESS,,2026-07-08 00:06:30.122833
TXN_fad979a24e4c,1,FAILED,UPI_TIMEOUT,2026-08-20 18:00:12.122833
TXN_35b1c75328b9,1,SUCCESS,,2026-08-22 14:46:59.122833
TXN_0560ee7d3f7b,1,SUCCESS,,2026-07-08 21:31:35.122833
TXN_5da2e2b46338,1,SUCCESS,,2026-07-10 12:04:21.122833
TXN_a65fee297c09,1,SUCCESS,,2026-08-18 21:19:58.122833
TXN_5ed272e483c9,1,SUCCESS,,2026-08-11 16:09:14.122833
TXN_19c524631df8,1,FAILED,BANK_DECLINED,2026-07-07 14:22:24.122833
TXN_477e0ba55bf3,1,FAILED,CARD_EXPIRED,2026-07-10 18:11:06.122833
TXN_477e0ba55bf3,2,SUCCESS,,2026-07-10 19:05:06.122833
TXN_f7506c716073,1,SUCCESS,,2026-08-19 22:33:44.122833
TXN_129795d4f92d,1,SUCCESS,,2026-06-19 18:59:54.122833
TXN_6e7909d2afa2,1,FAILED,UPI_TIMEOUT,2026-07-28 04:49:15.122833
TXN_6e7909d2afa2,2,SUCCESS,,2026-07-28 06:45:15.122833
TXN_80c9d9200ce4,1,SUCCESS,,2026-07-21 22:11:48.122833
TXN_5abab64205b7,1,SUCCESS,,2026-06-16 10:38:09.122833
TXN_fdd117882449,1,SUCCESS,,2026-07-01 22:16:42.122833
TXN_080c37e09756,1,SUCCESS,,2026-06-03 21:55:47.122833
TXN_39edc6b7c30d,1,FAILED,NETWORK_TIMEOUT,2026-08-17 00:43:07.122833
TXN_8f2f0278d44d,1,FAILED,BANK_DECLINED,2026-06-14 11:54:11.122833
TXN_3f5b6f2b9b5b,1,SUCCESS,,2026-08-04 18:31:27.122833
TXN_794530a758e6,1,SUCCESS,,2026-07-12 22:26:51.122833
TXN_83fbc191a5ac,1,SUCCESS,,2026-06-23 07:50:05.122833
TXN_2fcb45d69d38,1,SUCCESS,,2026-08-05 11:06:57.122833
TXN_cde2756e53e5,1,SUCCESS,,2026-08-29 08:03:40.122833
TXN_506e846af1ed,1,SUCCESS,,2026-07-20 17:23:18.122833
TXN_885ec62ad4dd,1,SUCCESS,,2026-06-14 06:33:40.122833
TXN_783e234fb4fc,1,SUCCESS,,2026-06-29 20:47:44.122833
TXN_45b8c5a05e85,1,FAILED,LIMIT_EXCEEDED,2026-06-29 17:19:15.122833
TXN_a5ffb435b344,1,FAILED,NETWORK_TIMEOUT,2026-08-19 00:41:55.122833
TXN_c051b5033030,1,SUCCESS,,2026-07-20 22:55:03.122833
TXN_c291d1d3c6ca,1,SUCCESS,,2026-08-26 00:53:51.122833
TXN_959032cd0772,1,SUCCESS,,2026-07-12 11:52:57.122833
TXN_e843acbaf959,1,FAILED,LIMIT_EXCEEDED,2026-08-29 11:01:17.122833
TXN_1f21935f7338,1,SUCCESS,,2026-08-07 19:28:00.122833
TXN_32cf9f797dfb,1,FAILED,BANK_DECLINED,2026-06-29 15:41:00.122833
TXN_32cf9f797dfb,2,SUCCESS,,2026-06-29 16:45:00.122833
TXN_6d54207c069c,1,FAILED,INSUFFICIENT_FUNDS,2026-08-09 14:06:09.122833
TXN_6d54207c069c,2,SUCCESS,,2026-08-09 15:34:09.122833
TXN_47556b7e5f43,1,SUCCESS,,2026-06-08 16:53:23.122833
TXN_e63e3d7fea8a,1,SUCCESS,,2026-08-05 12:16:50.122833
TXN_fa4e16958f72,1,SUCCESS,,2026-08-24 17:46:10.122833
TXN_b9d3f65b5d89,1,SUCCESS,,2026-07-03 15:31:34.122833
TXN_08d916ae7c33,1,SUCCESS,,2026-06-05 04:02:37.122833
TXN_608ab9bc8a6c,1,FAILED,NETWORK_TIMEOUT,2026-08-16 06:49:20.122833
TXN_a55f3e3f5768,1,SUCCESS,,2026-08-08 23:47:58.122833
TXN_cfac4b1a7d54,1,SUCCESS,,2026-06-14 09:46:01.122833
TXN_c43fd0f89f71,1,SUCCESS,,2026-07-22 21:37:09.122833
TXN_24b077a072cf,1,SUCCESS,,2026-08-04 05:01:59.122833
TXN_d00248618d81,1,SUCCESS,,2026-07-05 23:52:17.122833
TXN_d903679065f1,1,FAILED,UPI_TIMEOUT,2026-08-07 21:36:11.122833
TXN_d903679065f1,2,SUCCESS,,2026-08-07 22:10:11.122833
TXN_7255d15580e5,1,SUCCESS,,2026-08-08 21:41:45.122833
TXN_671ad484f861,1,SUCCESS,,2026-08-28 08:39:13.122833
TXN_743c581469c2,1,SUCCESS,,2026-08-24 09:40:55.122833
TXN_872853046736,1,SUCCESS,,2026-08-17 12:13:39.122833
TXN_cad4658d113a,1,FAILED,LIMIT_EXCEEDED,2026-07-21 20:24:11.122833
TXN_ecd20e7b42c5,1,SUCCESS,,2026-07-26 02:49:00.122833
TXN_9f564611c930,1,FAILED,UPI_TIMEOUT,2026-07-20 22:24:08.122833
TXN_9f564611c930,2,SUCCESS,,2026-07-20 22:31:08.122833
TXN_f387ad547770,1,SUCCESS,,2026-08-22 03:51:25.122833
TXN_0694f1f1736c,1,SUCCESS,,2026-06-14 16:53:35.122833
TXN_ba85ec4b4732,1,SUCCESS,,2026-06-24 04:16:16.122833
TXN_379b0f8aa304,1,SUCCESS,,2026-08-10 03:39:59.122833
TXN_6a353a1bab99,1,SUCCESS,,2026-07-14 19:23:11.122833
TXN_23b2622df865,1,SUCCESS,,2026-08-17 06:23:00.122833
TXN_eb82efe7ea15,1,FAILED,INSUFFICIENT_FUNDS,2026-06-15 07:40:23.122833
TXN_d2aa5b6b9e96,1,SUCCESS,,2026-06-17 10:20:09.122833
TXN_c6bb0055b019,1,SUCCESS,,2026-08-03 05:25:01.122833
TXN_c7252d194b12,1,FAILED,INSUFFICIENT_FUNDS,2026-07-06 04:51:01.122833
TXN_c7252d194b12,2,SUCCESS,,2026-07-06 06:32:01.122833
TXN_6f076b8582c8,1,SUCCESS,,2026-08-11 05:55:22.122833
TXN_9e9c18d278d6,1,SUCCESS,,2026-06-19 22:37:18.122833
TXN_e4e9a4c5ad40,1,SUCCESS,,2026-08-21 07:33:23.122833
TXN_462eeba9ce61,1,SUCCESS,,2026-08-05 07:09:52.122833
TXN_65520808c17a,1,SUCCESS,,2026-08-18 08:01:37.122833
TXN_deb25a1eb00a,1,FAILED,NETWORK_TIMEOUT,2026-06-13 17:43:44.122833
TXN_deb25a1eb00a,2,SUCCESS,,2026-06-13 18:58:44.122833
TXN_c3ab54647c90,1,FAILED,CARD_EXPIRED,2026-06-29 08:58:40.122833
TXN_d9ff502aeb6f,1,FAILED,INSUFFICIENT_FUNDS,2026-06-24 20:14:30.122833
TXN_e1164d1f0171,1,FAILED,BANK_DECLINED,2026-07-27 03:11:05.122833
TXN_e1164d1f0171,2,SUCCESS,,2026-07-27 04:04:05.122833
TXN_1a66f618f3ec,1,SUCCESS,,2026-08-16 19:42:21.122833
TXN_6543e1582aad,1,FAILED,UPI_TIMEOUT,2026-08-06 01:31:38.122833
TXN_6543e1582aad,2,SUCCESS,,2026-08-06 02:47:38.122833
TXN_3fb959c760af,1,SUCCESS,,2026-07-08 01:45:00.122833
TXN_cbb86faa5018,1,SUCCESS,,2026-06-06 23:17:56.122833
TXN_6c9266ee0bb1,1,FAILED,INSUFFICIENT_FUNDS,2026-08-02 09:32:16.122833
TXN_6539d40b0547,1,SUCCESS,,2026-06-28 14:04:36.122833
TXN_ea9e5d57c232,1,SUCCESS,,2026-07-04 15:12:00.122833
TXN_5200b9de5423,1,SUCCESS,,2026-07-28 13:04:57.122833
TXN_925aab5cce96,1,SUCCESS,,2026-07-16 08:56:34.122833
TXN_142a3901ebc0,1,FAILED,LIMIT_EXCEEDED,2026-08-19 14:29:16.122833
TXN_9479fbb399ed,1,SUCCESS,,2026-06-17 23:13:13.122833
TXN_42aede69ee90,1,FAILED,CUSTOMER_CANCELLED,2026-06-11 22:16:47.122833
TXN_92bf4a49bfb0,1,SUCCESS,,2026-06-22 04:33:31.122833
TXN_2085bd566ffd,1,SUCCESS,,2026-07-11 18:39:58.122833
TXN_60b672a166d4,1,SUCCESS,,2026-07-27 14:09:36.122833
TXN_1d21f94c8731,1,SUCCESS,,2026-07-20 05:25:40.122833
TXN_4764651a5776,1,FAILED,INSUFFICIENT_FUNDS,2026-06-15 09:36:04.122833
TXN_4764651a5776,2,SUCCESS,,2026-06-15 09:41:04.122833
TXN_109020a7b877,1,SUCCESS,,2026-07-05 12:34:08.122833
TXN_de24c391bb61,1,SUCCESS,,2026-08-04 14:03:28.122833
TXN_509d480b55a4,1,SUCCESS,,2026-08-02 20:37:12.122833
TXN_1b17f28f016c,1,SUCCESS,,2026-06-22 07:25:28.122833
TXN_ec0c51ab8e21,1,FAILED,INSUFFICIENT_FUNDS,2026-07-02 13:50:35.122833
TXN_ec0c51ab8e21,2,SUCCESS,,2026-07-02 15:33:35.122833
TXN_7f439d0f7678,1,SUCCESS,,2026-08-03 10:31:44.122833
TXN_6c3b963eddcf,1,SUCCESS,,2026-06-14 08:26:05.122833
TXN_2742f7ed3a2d,1,FAILED,NETWORK_TIMEOUT,2026-07-19 19:30:08.122833
TXN_2742f7ed3a2d,2,SUCCESS,,2026-07-19 20:59:08.122833
TXN_de6e58c4a938,1,SUCCESS,,2026-07-16 21:08:33.122833
TXN_d2e1a5116992,1,FAILED,INSUFFICIENT_FUNDS,2026-06-02 17:08:20.122833
TXN_d2e1a5116992,2,SUCCESS,,2026-06-02 18:51:20.122833
TXN_9fcb8bcbdfac,1,SUCCESS,,2026-07-02 14:49:20.122833
TXN_17eef18f7a56,1,SUCCESS,,2026-07-28 04:08:37.122833
TXN_d1274e3c1b0b,1,SUCCESS,,2026-07-13 08:32:43.122833
TXN_26ada67bcca3,1,SUCCESS,,2026-06-05 21:03:55.122833
TXN_e4d7fe14f6d2,1,SUCCESS,,2026-07-06 20:55:19.122833
TXN_d851636e7672,1,FAILED,AUTHENTICATION_FAILED,2026-08-13 08:37:37.122833
TXN_262da536a92a,1,SUCCESS,,2026-07-17 16:30:08.122833
TXN_c10eb1d90b18,1,SUCCESS,,2026-07-07 08:46:58.122833
TXN_17993ccf82ad,1,SUCCESS,,2026-06-07 09:48:49.122833
TXN_6b689687070d,1,FAILED,BANK_DECLINED,2026-07-08 07:52:58.122833
TXN_6b689687070d,2,SUCCESS,,2026-07-08 08:46:58.122833
TXN_33a1297eaacb,1,SUCCESS,,2026-08-07 01:52:47.122833
TXN_775c8a0ce15c,1,SUCCESS,,2026-08-01 05:16:42.122833
TXN_58c45a801405,1,SUCCESS,,2026-08-15 17:20:01.122833
TXN_7fb890a13b40,1,SUCCESS,,2026-08-05 10:21:19.122833
TXN_426d506f6862,1,SUCCESS,,2026-08-26 12:28:04.122833
TXN_20f170df63fa,1,SUCCESS,,2026-08-10 10:32:23.122833
TXN_2d9e46e8f45f,1,SUCCESS,,2026-06-14 09:02:34.122833
TXN_b3e7ce666684,1,SUCCESS,,2026-06-26 03:19:58.122833
TXN_28a73deeceb7,1,SUCCESS,,2026-07-16 09:00:55.122833
TXN_23c6ed6cf0b7,1,SUCCESS,,2026-06-28 05:03:00.122833
TXN_d89f953c0849,1,SUCCESS,,2026-07-27 02:25:18.122833
TXN_05232dc7807a,1,FAILED,AUTHENTICATION_FAILED,2026-07-13 09:20:04.122833
TXN_c25abdcc2c01,1,SUCCESS,,2026-07-28 11:39:19.122833
TXN_016628323e1a,1,FAILED,LIMIT_EXCEEDED,2026-07-29 04:00:25.122833
TXN_e9bf36391db0,1,SUCCESS,,2026-06-03 08:57:01.122833
TXN_dc86901c0d76,1,FAILED,INSUFFICIENT_FUNDS,2026-08-08 17:08:42.122833
TXN_dc86901c0d76,2,SUCCESS,,2026-08-08 19:07:42.122833
TXN_47479cd587f6,1,SUCCESS,,2026-07-04 07:55:07.122833
TXN_5be2fc03431f,1,SUCCESS,,2026-08-02 19:03:49.122833
TXN_a4d9bf0eed31,1,SUCCESS,,2026-06-15 09:44:28.122833
TXN_0b0430d1bbc2,1,SUCCESS,,2026-07-01 21:32:33.122833
TXN_802ceba10b33,1,FAILED,BANK_DECLINED,2026-06-17 00:07:08.122833
TXN_802ceba10b33,2,SUCCESS,,2026-06-17 00:27:08.122833
TXN_dc10e2165071,1,SUCCESS,,2026-06-16 07:55:56.122833
TXN_25782690b13b,1,SUCCESS,,2026-06-22 09:48:45.122833
TXN_11e29f4d0aa3,1,SUCCESS,,2026-07-23 22:28:35.122833
TXN_365503cb9506,1,SUCCESS,,2026-08-02 13:43:16.122833
TXN_b6ebb419a461,1,SUCCESS,,2026-08-19 20:51:50.122833
TXN_531a8591bbe0,1,SUCCESS,,2026-06-27 22:45:06.122833
TXN_217f8944bcd4,1,SUCCESS,,2026-07-04 08:55:35.122833
TXN_6f1a9ea036bf,1,FAILED,CARD_EXPIRED,2026-07-26 01:39:31.122833
TXN_84b3d4b8e7dc,1,SUCCESS,,2026-06-21 02:14:49.122833
TXN_73b65dedeef9,1,SUCCESS,,2026-06-05 20:23:29.122833
TXN_cce8ff4fe554,1,SUCCESS,,2026-06-28 08:08:47.122833
TXN_5d2145a9b338,1,SUCCESS,,2026-08-05 23:55:56.122833
TXN_2972edcb56de,1,FAILED,NETWORK_TIMEOUT,2026-08-07 02:45:21.122833
TXN_2972edcb56de,2,SUCCESS,,2026-08-07 02:50:21.122833
TXN_79da8e5b9a45,1,FAILED,UPI_TIMEOUT,2026-06-05 18:29:24.122833
TXN_79da8e5b9a45,2,SUCCESS,,2026-06-05 19:04:24.122833
TXN_cc2ee039fa19,1,SUCCESS,,2026-08-10 14:32:43.122833
TXN_37c38ad78e96,1,SUCCESS,,2026-08-14 17:35:43.122833
TXN_a78176de7cdc,1,SUCCESS,,2026-06-11 07:18:44.122833
TXN_27f0171320f8,1,FAILED,NETWORK_TIMEOUT,2026-06-08 20:27:14.122833
TXN_27f0171320f8,2,SUCCESS,,2026-06-08 20:46:14.122833
TXN_588fc5040d5b,1,SUCCESS,,2026-08-23 07:08:15.122833
TXN_fcae2b6c79d0,1,SUCCESS,,2026-06-07 03:43:24.122833
TXN_b1903015804b,1,SUCCESS,,2026-07-13 13:59:08.122833
TXN_df41b5aca84d,1,FAILED,LIMIT_EXCEEDED,2026-08-26 06:35:58.122833
TXN_9460eac0f3ba,1,SUCCESS,,2026-07-23 02:47:02.122833
TXN_8d0294b51c1e,1,SUCCESS,,2026-06-04 04:12:38.122833
TXN_98045a5642ef,1,FAILED,BANK_DECLINED,2026-06-22 10:40:38.122833
TXN_98045a5642ef,2,SUCCESS,,2026-06-22 12:11:38.122833
TXN_5745140cb266,1,FAILED,NETWORK_TIMEOUT,2026-07-12 05:45:10.122833
TXN_5745140cb266,2,SUCCESS,,2026-07-12 06:14:10.122833
TXN_a3b201f6f7b4,1,SUCCESS,,2026-08-29 01:37:20.122833
TXN_d10dc448e40c,1,SUCCESS,,2026-07-15 01:54:21.122833
TXN_172e398aed54,1,SUCCESS,,2026-07-06 07:48:12.122833
TXN_234b9a8906dd,1,SUCCESS,,2026-06-19 10:47:26.122833
TXN_0e61e6d8a699,1,SUCCESS,,2026-08-29 23:21:59.122833
TXN_43115b4df0f3,1,SUCCESS,,2026-06-19 03:57:18.122833
TXN_5ca85ac886e7,1,SUCCESS,,2026-06-07 03:06:21.122833
TXN_d7c98b2f6f05,1,SUCCESS,,2026-08-20 04:38:06.122833
TXN_7dced1500927,1,FAILED,UPI_TIMEOUT,2026-07-16 16:46:17.122833
TXN_7dced1500927,2,SUCCESS,,2026-07-16 17:59:17.122833
TXN_74f241383dae,1,SUCCESS,,2026-07-01 00:20:41.122833
TXN_a962f5ac72a1,1,SUCCESS,,2026-07-12 18:05:33.122833
TXN_fc7201aa185a,1,SUCCESS,,2026-08-12 10:33:58.122833
TXN_3b705ddef1be,1,SUCCESS,,2026-08-03 08:29:50.122833
TXN_73dd17ccdf72,1,SUCCESS,,2026-08-02 00:25:31.122833
TXN_128e1ef3c536,1,SUCCESS,,2026-06-07 10:58:52.122833
TXN_e412f584eed3,1,SUCCESS,,2026-06-17 13:24:41.122833
TXN_189b63b2e07a,1,SUCCESS,,2026-08-26 06:45:39.122833
TXN_b74230754a38,1,SUCCESS,,2026-08-19 12:42:30.122833
TXN_ddd369c84c9c,1,SUCCESS,,2026-08-15 05:12:50.122833
TXN_ce6ca6a914a3,1,SUCCESS,,2026-08-13 09:31:08.122833
TXN_0fbfe6c3937a,1,SUCCESS,,2026-07-16 10:07:54.122833
TXN_55efda7c9af3,1,FAILED,INSUFFICIENT_FUNDS,2026-06-15 05:15:54.122833
TXN_5feb09692485,1,SUCCESS,,2026-07-22 10:56:10.122833
TXN_49f1dfdef1d6,1,FAILED,BANK_DECLINED,2026-07-12 23:32:55.122833
TXN_49f1dfdef1d6,2,SUCCESS,,2026-07-13 01:10:55.122833
TXN_817dd37d8c52,1,SUCCESS,,2026-07-16 17:13:38.122833
TXN_cb94f4e0ef54,1,SUCCESS,,2026-06-06 02:22:33.122833
TXN_c9bd36b477cb,1,SUCCESS,,2026-06-12 15:41:52.122833
TXN_17f466d96303,1,SUCCESS,,2026-06-19 21:36:26.122833
TXN_9e449325d96a,1,SUCCESS,,2026-07-20 13:26:56.122833
TXN_91651114471f,1,FAILED,CARD_EXPIRED,2026-08-14 06:21:08.122833
TXN_e3c12ba2eb7e,1,SUCCESS,,2026-06-04 16:22:46.122833
TXN_08e7f12fda38,1,SUCCESS,,2026-06-19 16:49:05.122833
TXN_7011dd3b0fdb,1,SUCCESS,,2026-08-26 22:44:47.122833
TXN_cf41f9c72f40,1,SUCCESS,,2026-08-13 10:46:40.122833
TXN_fb9f62332cdd,1,SUCCESS,,2026-06-30 17:52:23.122833
TXN_e6baf1f87b6a,1,SUCCESS,,2026-07-02 04:26:40.122833
TXN_52aae99fa26e,1,SUCCESS,,2026-08-31 03:49:32.122833
TXN_e700297f8bbd,1,SUCCESS,,2026-06-03 14:25:20.122833
TXN_c24025af28e5,1,SUCCESS,,2026-08-08 01:01:36.122833
TXN_d6edbaa0ed5f,1,FAILED,NETWORK_TIMEOUT,2026-08-18 02:35:27.122833
TXN_d6edbaa0ed5f,2,SUCCESS,,2026-08-18 03:29:27.122833
TXN_60da9065a9f1,1,SUCCESS,,2026-07-11 04:02:59.122833
TXN_7adf33e6cfd4,1,SUCCESS,,2026-08-13 13:12:30.122833
TXN_f2855ab78c2f,1,SUCCESS,,2026-07-18 15:14:59.122833
TXN_726ad90e8af4,1,FAILED,INSUFFICIENT_FUNDS,2026-06-17 12:18:15.122833
TXN_726ad90e8af4,2,SUCCESS,,2026-06-17 14:10:15.122833
TXN_d332be442d2a,1,SUCCESS,,2026-06-10 17:26:04.122833
TXN_b47c1f617f6f,1,SUCCESS,,2026-07-28 04:51:47.122833
TXN_55920d6668d2,1,SUCCESS,,2026-06-09 12:35:21.122833
TXN_5a3e7fba2582,1,FAILED,BANK_DECLINED,2026-06-23 19:11:42.122833
TXN_5a3e7fba2582,2,SUCCESS,,2026-06-23 19:45:42.122833
TXN_59a730d206be,1,SUCCESS,,2026-08-09 16:07:09.122833
TXN_89e31d66d52f,1,SUCCESS,,2026-08-11 12:33:21.122833
TXN_76f49696b8eb,1,FAILED,CARD_EXPIRED,2026-08-11 18:25:26.122833
TXN_102f2be24c65,1,SUCCESS,,2026-07-09 04:47:57.122833
TXN_d7204f6fc808,1,SUCCESS,,2026-08-04 08:22:10.122833
TXN_ad5a076308a4,1,FAILED,INSUFFICIENT_FUNDS,2026-06-12 23:37:15.122833
TXN_ad5a076308a4,2,SUCCESS,,2026-06-13 01:10:15.122833
TXN_eb56e22a9f83,1,SUCCESS,,2026-06-29 01:35:42.122833
TXN_bc9747c76bab,1,SUCCESS,,2026-06-08 20:02:12.122833
TXN_df741361013e,1,FAILED,CARD_EXPIRED,2026-08-22 01:41:30.122833
TXN_8f546bbcb2b4,1,FAILED,BANK_DECLINED,2026-08-05 22:40:31.122833
TXN_8f546bbcb2b4,2,SUCCESS,,2026-08-05 23:09:31.122833
TXN_0502fa649430,1,FAILED,INSUFFICIENT_FUNDS,2026-08-26 00:58:58.122833
TXN_0502fa649430,2,SUCCESS,,2026-08-26 01:56:58.122833
TXN_274b902445fa,1,SUCCESS,,2026-07-01 12:38:54.122833
TXN_dea469009c6b,1,SUCCESS,,2026-07-04 07:40:10.122833
TXN_33cecd609356,1,SUCCESS,,2026-08-14 10:10:11.122833
TXN_ce79593596f7,1,SUCCESS,,2026-06-19 20:20:44.122833
TXN_6731a5cc626f,1,SUCCESS,,2026-08-03 13:40:01.122833
TXN_3b890cbbbc8f,1,SUCCESS,,2026-08-16 22:25:55.122833
TXN_95da79ce6dd2,1,SUCCESS,,2026-08-14 07:30:29.122833
TXN_82d5f7da63d2,1,SUCCESS,,2026-06-15 03:39:29.122833
TXN_8e19e6db3630,1,SUCCESS,,2026-08-11 00:06:25.122833
TXN_7f4469018eac,1,FAILED,NETWORK_TIMEOUT,2026-06-20 08:50:10.122833
TXN_55fda5f59f97,1,FAILED,CARD_EXPIRED,2026-07-31 23:48:31.122833
TXN_b75d814bf93c,1,SUCCESS,,2026-08-12 17:46:12.122833
TXN_169c57f46011,1,FAILED,BANK_DECLINED,2026-08-25 15:55:14.122833
TXN_d8fe3142a6d5,1,SUCCESS,,2026-08-21 17:38:41.122833
TXN_43a21ff1e0e5,1,SUCCESS,,2026-06-29 13:25:04.122833
TXN_e5783662ecd9,1,SUCCESS,,2026-08-09 09:32:33.122833
TXN_52d59363a3a8,1,SUCCESS,,2026-08-26 13:41:23.122833
TXN_f5c458bc3038,1,FAILED,CARD_EXPIRED,2026-06-18 22:02:46.122833
TXN_c6ef062a505c,1,SUCCESS,,2026-08-14 05:19:16.122833
TXN_156312d8db2d,1,SUCCESS,,2026-08-26 08:31:40.122833
TXN_d5f661598890,1,FAILED,CARD_EXPIRED,2026-06-28 19:51:58.122833
TXN_84a351629d17,1,SUCCESS,,2026-06-02 18:49:03.122833
TXN_af18aa5650f7,1,SUCCESS,,2026-08-23 09:25:06.122833
TXN_fde862305a1a,1,SUCCESS,,2026-06-08 15:52:42.122833
TXN_463fa12400fc,1,SUCCESS,,2026-08-21 11:14:35.122833
TXN_831b2864c397,1,SUCCESS,,2026-06-19 19:31:40.122833
TXN_df5be9f8baa7,1,SUCCESS,,2026-07-31 18:24:06.122833
TXN_985d7308576c,1,FAILED,INSUFFICIENT_FUNDS,2026-06-23 10:09:46.122833
TXN_64826ff04555,1,FAILED,INSUFFICIENT_FUNDS,2026-07-05 05:49:11.122833
TXN_35cad57005e1,1,FAILED,LIMIT_EXCEEDED,2026-06-19 18:52:54.122833
TXN_8e8a56184741,1,FAILED,CARD_EXPIRED,2026-08-17 00:50:22.122833
TXN_822bd05faec1,1,SUCCESS,,2026-07-21 17:03:38.122833
TXN_b727a02dc45c,1,FAILED,CARD_EXPIRED,2026-06-17 09:22:35.122833
TXN_0142ee87f6bf,1,SUCCESS,,2026-07-06 12:21:25.122833
TXN_db1119ab60e4,1,SUCCESS,,2026-07-23 21:31:15.122833
TXN_214202e923ea,1,SUCCESS,,2026-06-04 12:28:00.122833
TXN_e37c91333f2e,1,SUCCESS,,2026-08-04 18:28:18.122833
TXN_d5c6db392b2f,1,SUCCESS,,2026-06-18 19:36:54.122833
TXN_75aceb7ea663,1,FAILED,AUTHENTICATION_FAILED,2026-08-24 17:41:23.122833
TXN_baee267fb46f,1,SUCCESS,,2026-06-14 23:18:40.122833
TXN_74797717bde9,1,SUCCESS,,2026-08-30 17:58:28.122833
TXN_15e5b4e126ce,1,SUCCESS,,2026-07-28 20:49:36.122833
TXN_0b1b5753ff2b,1,FAILED,CUSTOMER_CANCELLED,2026-07-06 13:47:31.122833
TXN_10682b4e504a,1,SUCCESS,,2026-08-21 09:33:02.122833
TXN_fb799bcce67d,1,SUCCESS,,2026-08-21 09:42:21.122833
TXN_9948a323702f,1,SUCCESS,,2026-07-28 09:37:13.122833
TXN_7b246cd9e3e2,1,FAILED,CARD_EXPIRED,2026-08-01 11:28:45.122833
TXN_d3ad64652e64,1,SUCCESS,,2026-07-04 06:20:59.122833
TXN_04fc1d859b62,1,SUCCESS,,2026-06-03 11:24:42.122833
TXN_a2fc0f910794,1,SUCCESS,,2026-08-25 06:09:43.122833
TXN_650c69eed41e,1,SUCCESS,,2026-08-15 20:33:10.122833
TXN_b634bbf98651,1,SUCCESS,,2026-06-08 17:00:00.122833
TXN_4bee0cfee7c3,1,SUCCESS,,2026-07-27 04:56:07.122833
TXN_80eee00a7207,1,SUCCESS,,2026-08-07 14:13:01.122833
TXN_a7105f244ab3,1,SUCCESS,,2026-06-30 04:39:38.122833
TXN_5326e4a8089b,1,SUCCESS,,2026-08-19 11:07:11.122833
TXN_d17d95a1421b,1,FAILED,BANK_DECLINED,2026-06-30 15:43:33.122833
TXN_21beeaa5beb2,1,SUCCESS,,2026-07-11 07:19:42.122833
TXN_0737b71c05dc,1,FAILED,NETWORK_TIMEOUT,2026-07-01 01:01:40.122833
TXN_0737b71c05dc,2,SUCCESS,,2026-07-01 01:16:40.122833
TXN_ae3cd61dd468,1,SUCCESS,,2026-06-03 13:22:41.122833
TXN_4c693189179f,1,FAILED,AUTHENTICATION_FAILED,2026-08-26 15:12:57.122833
TXN_e18e459b43bc,1,SUCCESS,,2026-06-18 12:34:26.122833
TXN_1ff6c73a5a41,1,SUCCESS,,2026-06-30 17:49:45.122833
TXN_b9ca53c55f3b,1,SUCCESS,,2026-06-19 23:47:40.122833
TXN_1992126676a5,1,SUCCESS,,2026-08-16 08:59:47.122833
TXN_8bb5e125a7cc,1,SUCCESS,,2026-06-21 00:59:21.122833
TXN_fd702b24627c,1,SUCCESS,,2026-08-06 08:01:18.122833
TXN_08d5ec35fe9b,1,FAILED,BANK_DECLINED,2026-07-18 14:13:41.122833
TXN_7e062b430e61,1,SUCCESS,,2026-07-06 08:24:29.122833
TXN_b0777332d457,1,FAILED,LIMIT_EXCEEDED,2026-08-18 03:14:36.122833
TXN_97c454ca59e9,1,SUCCESS,,2026-08-07 14:04:49.122833
TXN_3e1fb072c01c,1,SUCCESS,,2026-07-30 02:13:47.122833
TXN_cf5cec053b2b,1,SUCCESS,,2026-06-04 06:38:50.122833
TXN_e142a12db698,1,SUCCESS,,2026-07-26 18:30:05.122833
TXN_2bb83aac585e,1,SUCCESS,,2026-08-06 03:50:55.122833
TXN_44cced331840,1,SUCCESS,,2026-06-07 15:02:08.122833
TXN_722bf1742608,1,SUCCESS,,2026-08-05 01:25:39.122833
TXN_773d255c3db5,1,SUCCESS,,2026-08-19 14:59:43.122833
TXN_36aa771f0c6a,1,FAILED,INSUFFICIENT_FUNDS,2026-07-08 18:01:45.122833
TXN_36aa771f0c6a,2,SUCCESS,,2026-07-08 19:17:45.122833
TXN_3c5859cc30e5,1,SUCCESS,,2026-07-02 00:26:36.122833
TXN_68018c1a613c,1,FAILED,INSUFFICIENT_FUNDS,2026-07-10 19:02:26.122833
TXN_68018c1a613c,2,SUCCESS,,2026-07-10 19:08:26.122833
TXN_89dd446518fe,1,SUCCESS,,2026-08-29 05:04:42.122833
TXN_331503709348,1,SUCCESS,,2026-06-06 08:21:15.122833
TXN_4c703a3605ce,1,SUCCESS,,2026-08-29 23:11:38.122833
TXN_85a5ea3fcbb9,1,SUCCESS,,2026-07-03 05:21:41.122833
TXN_f81400b6c441,1,SUCCESS,,2026-06-14 17:21:57.122833
TXN_b770f2ab31fc,1,SUCCESS,,2026-08-04 11:11:13.122833
TXN_c4137fcae2f0,1,SUCCESS,,2026-07-02 10:25:58.122833
TXN_dc63415ee029,1,SUCCESS,,2026-08-17 20:38:10.122833
TXN_226fa0c192fc,1,FAILED,LIMIT_EXCEEDED,2026-06-19 04:10:36.122833
TXN_146de3d16815,1,SUCCESS,,2026-07-02 22:38:07.122833
TXN_639d1384e5af,1,SUCCESS,,2026-07-04 22:21:01.122833
TXN_df0f495f1cb7,1,SUCCESS,,2026-06-08 01:41:06.122833
TXN_243ce406b53d,1,SUCCESS,,2026-06-11 11:21:10.122833
TXN_853d34ddb5e0,1,FAILED,AUTHENTICATION_FAILED,2026-06-25 14:12:54.122833
TXN_853d34ddb5e0,2,SUCCESS,,2026-06-25 14:50:54.122833
TXN_1584e613d2a5,1,SUCCESS,,2026-07-20 14:59:27.122833
TXN_198973129ae8,1,SUCCESS,,2026-08-12 14:53:53.122833
TXN_06b924eaf5d5,1,SUCCESS,,2026-07-03 18:52:56.122833
TXN_dbbea59e7986,1,SUCCESS,,2026-06-19 03:13:06.122833
TXN_adb5e6cf0281,1,SUCCESS,,2026-06-12 10:39:04.122833
TXN_10dc51173fe9,1,SUCCESS,,2026-08-01 07:17:48.122833
TXN_727c703383dd,1,SUCCESS,,2026-07-23 23:14:26.122833
TXN_6e9ac46735e4,1,SUCCESS,,2026-06-27 16:18:31.122833
TXN_42d71aa19f05,1,SUCCESS,,2026-08-03 14:28:37.122833
TXN_71c604bf7707,1,SUCCESS,,2026-08-12 15:34:57.122833
TXN_77fc82374808,1,SUCCESS,,2026-06-14 03:50:49.122833
TXN_c7f54642bfa2,1,SUCCESS,,2026-07-17 04:59:22.122833
TXN_846a497eea39,1,SUCCESS,,2026-06-06 03:45:30.122833
TXN_1b391ab51c9a,1,SUCCESS,,2026-06-21 13:17:48.122833
TXN_a5fdbffb21bf,1,FAILED,INSUFFICIENT_FUNDS,2026-08-08 10:24:30.122833
TXN_96ba16d5a0d1,1,FAILED,UPI_TIMEOUT,2026-06-20 06:58:03.122833
TXN_96ba16d5a0d1,2,SUCCESS,,2026-06-20 07:11:03.122833
TXN_e65410f1dd15,1,SUCCESS,,2026-08-27 23:20:23.122833
TXN_ae4478a8e40a,1,FAILED,NETWORK_TIMEOUT,2026-07-19 04:39:25.122833
TXN_ae4478a8e40a,2,SUCCESS,,2026-07-19 04:47:25.122833
TXN_7489ce8c5007,1,FAILED,CUSTOMER_CANCELLED,2026-07-14 19:30:37.122833
TXN_7489ce8c5007,2,SUCCESS,,2026-07-14 21:00:37.122833
TXN_4845f03e7cf3,1,SUCCESS,,2026-07-15 19:41:12.122833
TXN_3ab88849d2a1,1,SUCCESS,,2026-08-31 13:27:27.122833
TXN_1a91151b8894,1,SUCCESS,,2026-06-07 10:52:44.122833
TXN_2a31ffbf2437,1,SUCCESS,,2026-08-08 03:49:59.122833
TXN_bec78496f80c,1,SUCCESS,,2026-06-11 02:32:22.122833
TXN_4b44a30b8709,1,FAILED,INSUFFICIENT_FUNDS,2026-07-30 02:57:58.122833
TXN_4b44a30b8709,2,SUCCESS,,2026-07-30 03:45:58.122833
TXN_7846ffde8a91,1,SUCCESS,,2026-06-24 09:27:00.122833
TXN_ee486f12b819,1,FAILED,BANK_DECLINED,2026-06-27 13:06:27.122833
TXN_ee486f12b819,2,SUCCESS,,2026-06-27 13:32:27.122833
TXN_ca730c4d294c,1,SUCCESS,,2026-06-07 17:04:02.122833
TXN_30f20401f3d4,1,SUCCESS,,2026-06-06 04:25:14.122833
TXN_3ef092322b02,1,FAILED,BANK_DECLINED,2026-06-24 17:21:07.122833
TXN_3ef092322b02,2,SUCCESS,,2026-06-24 19:04:07.122833
TXN_ad9c1e56b217,1,SUCCESS,,2026-08-10 10:09:07.122833
TXN_23abc568f00f,1,SUCCESS,,2026-07-12 08:47:56.122833
TXN_f5cb757c6fc8,1,FAILED,LIMIT_EXCEEDED,2026-07-01 05:19:10.122833
TXN_25bdac4a99f1,1,SUCCESS,,2026-07-01 11:41:06.122833
TXN_fd464ee51f48,1,FAILED,INSUFFICIENT_FUNDS,2026-08-11 21:51:58.122833
TXN_fd464ee51f48,2,SUCCESS,,2026-08-11 22:36:58.122833
TXN_3020b1ec3ea8,1,SUCCESS,,2026-08-21 14:09:23.122833
TXN_98cf09353c15,1,SUCCESS,,2026-07-06 10:29:50.122833
TXN_4ac0acc6f682,1,SUCCESS,,2026-08-23 09:44:05.122833
TXN_86958ef9febf,1,FAILED,BANK_DECLINED,2026-07-29 06:44:00.122833
TXN_7c61915e0ba1,1,SUCCESS,,2026-08-23 17:03:16.122833
TXN_81774beff5bb,1,SUCCESS,,2026-07-25 01:41:58.122833
TXN_3df4fc737671,1,SUCCESS,,2026-07-17 11:11:14.122833
TXN_2258c8908692,1,SUCCESS,,2026-08-30 12:34:33.122833
TXN_c19c1538155a,1,SUCCESS,,2026-08-18 18:23:40.122833
TXN_5187479f8138,1,SUCCESS,,2026-07-23 09:12:41.122833
TXN_8bc043d183d9,1,SUCCESS,,2026-08-12 02:20:44.122833
TXN_721c4ebcdeb5,1,SUCCESS,,2026-08-14 14:37:04.122833
TXN_9a517f6f6763,1,SUCCESS,,2026-06-26 11:01:51.122833
TXN_8ca3ab35a46e,1,SUCCESS,,2026-06-29 07:23:57.122833
TXN_d0bb21bc7142,1,FAILED,BANK_DECLINED,2026-08-13 05:46:10.122833
TXN_d0bb21bc7142,2,SUCCESS,,2026-08-13 06:56:10.122833
TXN_191404c53275,1,SUCCESS,,2026-07-28 05:13:19.122833
TXN_9071f5212819,1,SUCCESS,,2026-07-28 15:05:13.122833
TXN_5c72eaaf399e,1,SUCCESS,,2026-08-31 08:51:57.122833
TXN_d65f70cb0e4b,1,SUCCESS,,2026-06-11 06:45:08.122833
TXN_c233d9acf4d1,1,SUCCESS,,2026-08-14 11:59:26.122833
TXN_269597c85910,1,SUCCESS,,2026-08-16 05:48:13.122833
TXN_b641fab7642a,1,SUCCESS,,2026-06-04 12:54:37.122833
TXN_f16fac78bd67,1,SUCCESS,,2026-06-10 08:21:33.122833
TXN_c03802506922,1,SUCCESS,,2026-07-18 15:35:18.122833
TXN_b29a2ed155ee,1,FAILED,CUSTOMER_CANCELLED,2026-06-26 05:24:34.122833
TXN_fb225df5a4f1,1,SUCCESS,,2026-07-04 10:52:12.122833
TXN_94b3b91b04b9,1,SUCCESS,,2026-06-14 13:00:53.122833
TXN_b70eaa053107,1,SUCCESS,,2026-06-23 04:46:26.122833
TXN_3ff7644802f3,1,FAILED,BANK_DECLINED,2026-08-09 06:51:54.122833
TXN_3ff7644802f3,2,SUCCESS,,2026-08-09 08:37:54.122833
TXN_733639e12a8c,1,FAILED,CUSTOMER_CANCELLED,2026-06-16 04:15:51.122833
TXN_13fcc3a4daa0,1,SUCCESS,,2026-08-11 13:32:29.122833
TXN_af04b240c5ba,1,SUCCESS,,2026-08-19 02:57:21.122833
TXN_88d99134453c,1,SUCCESS,,2026-07-03 20:06:47.122833
TXN_19455c10ec85,1,FAILED,BANK_DECLINED,2026-06-11 08:53:23.122833
TXN_19455c10ec85,2,SUCCESS,,2026-06-11 09:04:23.122833
TXN_a1709a6efd45,1,SUCCESS,,2026-06-10 22:38:18.122833
TXN_231df4aef4d8,1,SUCCESS,,2026-07-29 09:00:29.122833
TXN_6d6303b4dc36,1,SUCCESS,,2026-06-12 10:19:20.122833
TXN_8e26b7f60d26,1,FAILED,CUSTOMER_CANCELLED,2026-06-06 17:36:01.122833
TXN_e459f43ec1f9,1,SUCCESS,,2026-07-19 19:11:50.122833
TXN_0de38f186fa9,1,SUCCESS,,2026-07-13 13:17:10.122833
TXN_36054e4c2a70,1,FAILED,NETWORK_TIMEOUT,2026-08-30 08:24:05.122833
TXN_36054e4c2a70,2,SUCCESS,,2026-08-30 10:18:05.122833
TXN_8f3564a52fab,1,SUCCESS,,2026-06-27 11:52:39.122833
TXN_38c263199756,1,SUCCESS,,2026-08-28 07:54:27.122833
TXN_0b0f870a56e4,1,SUCCESS,,2026-08-03 05:06:13.122833
TXN_243ee7cb774e,1,SUCCESS,,2026-08-30 19:53:50.122833
TXN_351514e5516d,1,SUCCESS,,2026-06-14 16:19:49.122833
TXN_5f0e70cf8514,1,SUCCESS,,2026-07-20 05:06:51.122833
TXN_30ce84dced34,1,SUCCESS,,2026-06-22 20:16:34.122833
TXN_688efe516f2b,1,SUCCESS,,2026-06-28 03:53:29.122833
TXN_407eac67ebe6,1,SUCCESS,,2026-08-14 21:35:26.122833
TXN_18c1f34c212e,1,FAILED,AUTHENTICATION_FAILED,2026-07-28 11:00:52.122833
TXN_91fb89487cf1,1,FAILED,INSUFFICIENT_FUNDS,2026-06-27 20:30:22.122833
TXN_931a0a96e360,1,SUCCESS,,2026-08-02 10:40:21.122833
TXN_928313da0685,1,SUCCESS,,2026-07-21 16:37:45.122833
TXN_34b7604ea028,1,SUCCESS,,2026-07-16 17:03:52.122833
TXN_69b257dd1dc0,1,SUCCESS,,2026-06-13 11:04:39.122833
TXN_a85ce4eac6a2,1,SUCCESS,,2026-07-24 19:09:03.122833
TXN_f82019228221,1,SUCCESS,,2026-07-16 15:07:33.122833
TXN_91c95c71b661,1,FAILED,NETWORK_TIMEOUT,2026-08-19 20:35:00.122833
TXN_91c95c71b661,2,SUCCESS,,2026-08-19 21:01:00.122833
TXN_84a19d95c3a1,1,FAILED,CARD_EXPIRED,2026-08-15 03:36:18.122833
TXN_d76bd8c55354,1,SUCCESS,,2026-08-15 22:29:50.122833
TXN_b48fac3c770f,1,SUCCESS,,2026-07-21 12:28:57.122833
TXN_466f656d776e,1,SUCCESS,,2026-07-25 20:10:30.122833
TXN_7250baee190b,1,FAILED,AUTHENTICATION_FAILED,2026-06-24 04:41:54.122833
TXN_fe83a5f7775c,1,SUCCESS,,2026-07-16 05:47:32.122833
TXN_926ec75f7558,1,FAILED,BANK_DECLINED,2026-07-31 08:13:00.122833
TXN_926ec75f7558,2,SUCCESS,,2026-07-31 09:19:00.122833
TXN_03c5e16d6199,1,FAILED,CARD_EXPIRED,2026-06-21 08:05:25.122833
TXN_35c0763d69d4,1,SUCCESS,,2026-06-20 16:27:04.122833
TXN_b591fcc26030,1,SUCCESS,,2026-06-06 10:27:04.122833
TXN_34013bedb50d,1,SUCCESS,,2026-08-28 10:33:28.122833
TXN_3ba0280e749c,1,SUCCESS,,2026-07-17 10:29:44.122833
TXN_0eefda8aca57,1,SUCCESS,,2026-06-08 02:14:43.122833
TXN_3ea847bd5bf1,1,SUCCESS,,2026-06-29 00:25:48.122833
TXN_8c0cc55577bc,1,FAILED,AUTHENTICATION_FAILED,2026-08-23 04:08:46.122833
TXN_40aba46a1554,1,SUCCESS,,2026-08-01 10:02:29.122833
TXN_889abf7df023,1,SUCCESS,,2026-08-14 11:30:45.122833
TXN_1aa88b74f69b,1,FAILED,BANK_DECLINED,2026-08-12 23:55:16.122833
TXN_1aa88b74f69b,2,SUCCESS,,2026-08-13 00:43:16.122833
TXN_73f1d2c127e5,1,FAILED,BANK_DECLINED,2026-08-25 15:14:33.122833
TXN_73f1d2c127e5,2,SUCCESS,,2026-08-25 17:03:33.122833
TXN_4a96e4f421bc,1,SUCCESS,,2026-06-10 04:25:03.122833
TXN_6a2b4bb956ea,1,FAILED,INSUFFICIENT_FUNDS,2026-06-30 17:12:39.122833
TXN_d89164cc9646,1,SUCCESS,,2026-06-23 08:59:08.122833
TXN_5dc91eda76ed,1,SUCCESS,,2026-06-07 14:38:33.122833
TXN_3d927a718f3c,1,SUCCESS,,2026-08-08 08:27:15.122833
TXN_cdf04baca025,1,FAILED,NETWORK_TIMEOUT,2026-07-11 08:55:56.122833
TXN_83751c25cae7,1,SUCCESS,,2026-08-17 05:39:00.122833
TXN_33cc5a2f503a,1,SUCCESS,,2026-07-10 13:16:58.122833
TXN_ade36c90b699,1,SUCCESS,,2026-07-07 14:08:11.122833
TXN_d65173efda38,1,SUCCESS,,2026-07-05 12:12:30.122833
TXN_4e3abfa2c24c,1,FAILED,AUTHENTICATION_FAILED,2026-07-20 15:38:30.122833
TXN_50a540163dab,1,FAILED,NETWORK_TIMEOUT,2026-06-05 02:56:30.122833
TXN_50a540163dab,2,SUCCESS,,2026-06-05 03:51:30.122833
TXN_cd35816aa80c,1,SUCCESS,,2026-08-14 16:07:54.122833
TXN_69997fa54aed,1,FAILED,BANK_DECLINED,2026-06-13 04:43:08.122833
TXN_69997fa54aed,2,SUCCESS,,2026-06-13 05:12:08.122833
TXN_4d13b0db50db,1,FAILED,INSUFFICIENT_FUNDS,2026-07-22 01:09:26.122833
TXN_ffec6f0930ab,1,SUCCESS,,2026-06-20 14:55:56.122833
TXN_d51c484914a0,1,SUCCESS,,2026-08-16 16:41:23.122833
TXN_80d92ae2186f,1,SUCCESS,,2026-06-13 08:55:07.122833
TXN_f390c741e21a,1,FAILED,BANK_DECLINED,2026-07-18 14:46:25.122833
TXN_f390c741e21a,2,SUCCESS,,2026-07-18 16:44:25.122833
TXN_ededc6e2ec28,1,SUCCESS,,2026-06-07 19:42:46.122833
TXN_5f5346894ce5,1,SUCCESS,,2026-07-01 01:25:13.122833
TXN_7d729f329c32,1,SUCCESS,,2026-06-16 14:25:57.122833
TXN_a8abe9a2e91e,1,FAILED,INSUFFICIENT_FUNDS,2026-06-23 10:35:27.122833
TXN_0bc98b41c2f2,1,SUCCESS,,2026-08-30 07:49:06.122833
TXN_7b0002375b4e,1,FAILED,NETWORK_TIMEOUT,2026-08-13 15:08:06.122833
TXN_7b0002375b4e,2,SUCCESS,,2026-08-13 15:17:06.122833
TXN_dd8d0fa60b5a,1,SUCCESS,,2026-07-09 02:06:23.122833
TXN_2fe572d1d56b,1,SUCCESS,,2026-08-02 07:54:30.122833
TXN_f574b3057bbc,1,SUCCESS,,2026-07-12 07:20:46.122833
TXN_a07f5ddcc928,1,SUCCESS,,2026-07-26 16:42:52.122833
TXN_180df766f9fa,1,SUCCESS,,2026-08-21 21:47:24.122833
TXN_5b2895c2b485,1,SUCCESS,,2026-06-06 04:42:36.122833
TXN_7f56239ff57a,1,SUCCESS,,2026-07-24 17:43:17.122833
TXN_7e43b64ad16b,1,SUCCESS,,2026-07-25 01:48:13.122833
TXN_b1bc10855ff5,1,SUCCESS,,2026-07-31 11:57:44.122833
TXN_0238b5bd3b38,1,SUCCESS,,2026-07-14 03:35:00.122833
TXN_4b9738d5d806,1,SUCCESS,,2026-06-14 22:04:01.122833
TXN_c936dbade127,1,SUCCESS,,2026-07-21 03:54:53.122833
TXN_eae1f4facaa9,1,FAILED,NETWORK_TIMEOUT,2026-08-14 08:07:50.122833
TXN_eae1f4facaa9,2,SUCCESS,,2026-08-14 08:20:50.122833
TXN_6fce2c9ed941,1,SUCCESS,,2026-07-27 09:52:24.122833
TXN_658f14e57ff2,1,SUCCESS,,2026-06-15 06:45:12.122833
TXN_e83c7bdfcc6a,1,SUCCESS,,2026-08-13 03:38:44.122833
TXN_1aa0f7c784a2,1,FAILED,BANK_DECLINED,2026-07-10 18:12:35.122833
TXN_74394a730ebc,1,SUCCESS,,2026-08-17 20:31:59.122833
TXN_b657a9ee5fd0,1,SUCCESS,,2026-07-15 00:45:22.122833
TXN_1288458afe9c,1,SUCCESS,,2026-06-13 23:37:11.122833
TXN_463a0c4f9ca7,1,SUCCESS,,2026-07-14 12:17:00.122833
TXN_08cd7e1db69e,1,SUCCESS,,2026-06-18 18:20:13.122833
TXN_2630cb52fe8c,1,SUCCESS,,2026-06-17 00:07:31.122833
TXN_7119414bd183,1,SUCCESS,,2026-08-15 12:28:04.122833
TXN_936afe28c750,1,FAILED,INSUFFICIENT_FUNDS,2026-07-09 04:36:47.122833
TXN_f2a7ac4a13c0,1,SUCCESS,,2026-07-16 14:56:58.122833
TXN_96f0b7271aa1,1,FAILED,CARD_EXPIRED,2026-07-23 04:35:51.122833
TXN_96f0b7271aa1,2,SUCCESS,,2026-07-23 05:48:51.122833
TXN_85fa7df647d3,1,SUCCESS,,2026-06-27 01:51:10.122833
TXN_fba96809a604,1,FAILED,NETWORK_TIMEOUT,2026-07-09 22:16:30.122833
TXN_fba96809a604,2,SUCCESS,,2026-07-09 23:12:30.122833
TXN_b280887390da,1,SUCCESS,,2026-06-16 01:56:26.122833
TXN_3d70d3b4c363,1,SUCCESS,,2026-08-06 23:09:37.122833
TXN_fcaafce66688,1,SUCCESS,,2026-08-11 03:36:23.122833
TXN_3c43666bd93f,1,SUCCESS,,2026-07-05 07:15:18.122833
TXN_6ddd2c7c5707,1,SUCCESS,,2026-07-13 21:17:10.122833
TXN_a90989f7c643,1,SUCCESS,,2026-06-04 20:05:34.122833
TXN_271ca48bb159,1,SUCCESS,,2026-06-29 12:35:25.122833
TXN_0760b9fbceea,1,SUCCESS,,2026-08-11 19:06:21.122833
TXN_538ac7e73a9b,1,SUCCESS,,2026-07-23 09:57:18.122833
TXN_8586cbfc6f31,1,SUCCESS,,2026-08-04 07:05:55.122833
TXN_48077a95e862,1,FAILED,NETWORK_TIMEOUT,2026-08-19 17:48:53.122833
TXN_48077a95e862,2,SUCCESS,,2026-08-19 18:15:53.122833
TXN_a89ff3bf112b,1,SUCCESS,,2026-08-19 17:57:50.122833
TXN_4d4a584c81e5,1,SUCCESS,,2026-08-15 15:26:33.122833
TXN_305c6f1a6c4b,1,FAILED,BANK_DECLINED,2026-07-09 00:19:19.122833
TXN_305c6f1a6c4b,2,SUCCESS,,2026-07-09 00:29:19.122833
TXN_1fab3c4afd8a,1,SUCCESS,,2026-08-28 01:32:42.122833
TXN_058ad56da217,1,SUCCESS,,2026-08-11 03:01:52.122833
TXN_14f1d5a34469,1,SUCCESS,,2026-08-11 14:27:28.122833
TXN_91f4916c962e,1,SUCCESS,,2026-08-08 11:11:41.122833
TXN_044774d7bde6,1,SUCCESS,,2026-07-15 23:20:25.122833
TXN_8c58c0a5e986,1,SUCCESS,,2026-08-28 01:48:22.122833
TXN_45c159061cee,1,SUCCESS,,2026-07-20 20:10:50.122833
TXN_73b07c58ec65,1,SUCCESS,,2026-08-18 06:25:33.122833
TXN_45acd9188cd8,1,SUCCESS,,2026-06-18 02:39:16.122833
TXN_708ad0227de9,1,SUCCESS,,2026-06-03 09:59:15.122833
TXN_d60982b61d49,1,FAILED,UPI_TIMEOUT,2026-06-16 03:23:53.122833
TXN_d60982b61d49,2,SUCCESS,,2026-06-16 03:59:53.122833
TXN_424bec5824af,1,SUCCESS,,2026-07-13 05:56:35.122833
TXN_3d39897e2316,1,SUCCESS,,2026-07-06 04:29:25.122833
TXN_d437def5a62c,1,FAILED,UPI_TIMEOUT,2026-06-13 16:59:16.122833
TXN_71f1522fef08,1,SUCCESS,,2026-06-07 23:24:45.122833
TXN_e5dd46229b3d,1,SUCCESS,,2026-07-27 02:53:19.122833
TXN_cfc794a2719f,1,SUCCESS,,2026-08-11 20:01:24.122833
TXN_60af221fc2c1,1,SUCCESS,,2026-07-27 17:25:50.122833
TXN_6c482ff1e3d4,1,SUCCESS,,2026-06-11 07:04:51.122833
TXN_37cf45d0f276,1,FAILED,AUTHENTICATION_FAILED,2026-08-11 01:12:17.122833
TXN_5b147fccc7eb,1,SUCCESS,,2026-06-24 09:13:38.122833
TXN_e13ea6434aca,1,SUCCESS,,2026-07-02 21:30:33.122833
TXN_84891911ad12,1,FAILED,CARD_EXPIRED,2026-06-19 20:26:45.122833
TXN_84891911ad12,2,SUCCESS,,2026-06-19 20:43:45.122833
TXN_c1ff580a8418,1,SUCCESS,,2026-08-24 07:58:19.122833
TXN_a949340806ae,1,SUCCESS,,2026-08-01 23:49:16.122833
TXN_316465b0ba74,1,SUCCESS,,2026-08-13 18:53:44.122833
TXN_8aa0abb0cc53,1,SUCCESS,,2026-07-20 08:23:02.122833
TXN_eb6622fbd4d5,1,SUCCESS,,2026-06-10 15:56:29.122833
TXN_f35420bdce99,1,SUCCESS,,2026-08-15 01:58:54.122833
TXN_311e95c066a3,1,SUCCESS,,2026-06-20 09:25:17.122833
TXN_c5d15e8a5636,1,SUCCESS,,2026-08-09 21:51:13.122833
TXN_8c3151485d14,1,SUCCESS,,2026-06-17 10:02:53.122833
TXN_6c130e907dc2,1,SUCCESS,,2026-08-26 23:19:52.122833
TXN_4a85d636f86e,1,SUCCESS,,2026-07-22 04:14:04.122833
TXN_263237b2ce13,1,SUCCESS,,2026-07-17 22:44:36.122833
TXN_551244ae6890,1,SUCCESS,,2026-06-22 18:19:32.122833
TXN_fcc637d2cf6d,1,SUCCESS,,2026-08-19 21:07:29.122833
TXN_348c00f50ce1,1,SUCCESS,,2026-06-16 17:34:39.122833
TXN_3ac7ac7c2552,1,FAILED,AUTHENTICATION_FAILED,2026-07-02 11:07:24.122833
TXN_e1bbe4ccc9a5,1,SUCCESS,,2026-07-25 18:33:37.122833
TXN_c00f41a5cc00,1,FAILED,INSUFFICIENT_FUNDS,2026-07-14 14:55:00.122833
TXN_a6cae4f49338,1,SUCCESS,,2026-07-07 06:02:31.122833
TXN_36d5398983b4,1,SUCCESS,,2026-08-05 16:06:03.122833
TXN_5b4f71103c40,1,SUCCESS,,2026-08-16 00:14:27.122833
TXN_a895db6e3c8a,1,SUCCESS,,2026-07-25 16:16:21.122833
TXN_c651cbae0e5a,1,FAILED,AUTHENTICATION_FAILED,2026-08-24 19:43:34.122833
TXN_906f115cd834,1,SUCCESS,,2026-07-29 13:36:47.122833
TXN_1427d991db36,1,SUCCESS,,2026-08-11 21:26:36.122833
TXN_4a07e165e2f4,1,FAILED,NETWORK_TIMEOUT,2026-07-24 17:17:36.122833
TXN_4a07e165e2f4,2,SUCCESS,,2026-07-24 19:15:36.122833
TXN_9dce092fa7c9,1,FAILED,INSUFFICIENT_FUNDS,2026-07-06 07:40:16.122833
TXN_5411e5104dde,1,SUCCESS,,2026-06-11 10:39:42.122833
TXN_cef07b67655d,1,SUCCESS,,2026-08-14 09:24:47.122833
TXN_fb4ad3d1cca9,1,SUCCESS,,2026-06-14 02:24:19.122833
TXN_6ee39c942792,1,SUCCESS,,2026-07-13 18:05:09.122833
TXN_8f8de8474b34,1,FAILED,INSUFFICIENT_FUNDS,2026-08-10 21:00:36.122833
TXN_8f8de8474b34,2,SUCCESS,,2026-08-10 22:07:36.122833
TXN_368caec259a4,1,SUCCESS,,2026-06-22 06:32:24.122833
TXN_6269885b2509,1,SUCCESS,,2026-07-15 23:18:07.122833
TXN_d5a749ef6261,1,SUCCESS,,2026-06-10 09:12:07.122833
TXN_9d6353a2e71e,1,FAILED,UPI_TIMEOUT,2026-07-01 12:19:18.122833
TXN_9d6353a2e71e,2,SUCCESS,,2026-07-01 13:19:18.122833
TXN_5f3857dbb2a3,1,FAILED,BANK_DECLINED,2026-08-14 10:29:11.122833
TXN_5f3857dbb2a3,2,SUCCESS,,2026-08-14 11:15:11.122833
TXN_b928e329f11f,1,SUCCESS,,2026-08-15 13:47:04.122833
TXN_77545b28b77e,1,FAILED,NETWORK_TIMEOUT,2026-08-27 11:41:34.122833
TXN_637c4fd8d581,1,SUCCESS,,2026-08-07 23:36:04.122833
TXN_8cd13201227d,1,SUCCESS,,2026-07-21 20:31:18.122833
TXN_9cfef090a13f,1,SUCCESS,,2026-07-17 21:45:35.122833
TXN_88b0a495c4f0,1,SUCCESS,,2026-08-02 15:18:36.122833
TXN_f2fc6df17df6,1,SUCCESS,,2026-07-05 09:15:21.122833
TXN_e9126d0f839e,1,SUCCESS,,2026-07-26 18:51:33.122833
TXN_fc5e67183f90,1,FAILED,BANK_DECLINED,2026-06-02 22:26:03.122833
TXN_fc5e67183f90,2,SUCCESS,,2026-06-02 22:55:03.122833
TXN_6b0f984817b3,1,SUCCESS,,2026-08-11 00:34:21.122833
TXN_20adeb4f0e8c,1,SUCCESS,,2026-06-05 06:25:18.122833
TXN_51e516658fb0,1,SUCCESS,,2026-08-22 15:33:55.122833
TXN_9febf40e86f3,1,SUCCESS,,2026-08-03 03:05:36.122833
TXN_ff053a468694,1,SUCCESS,,2026-07-24 14:06:33.122833
TXN_2d004716e9ca,1,SUCCESS,,2026-08-26 20:58:03.122833
TXN_aa6b3f4fc4e6,1,SUCCESS,,2026-06-20 06:35:52.122833
TXN_2120a41e5327,1,SUCCESS,,2026-07-25 21:43:22.122833
TXN_85258044b3ad,1,SUCCESS,,2026-06-05 15:42:48.122833
TXN_f278ccba616b,1,SUCCESS,,2026-06-21 10:46:40.122833
TXN_99b4b3927047,1,SUCCESS,,2026-06-18 08:28:46.122833
TXN_68db7dcf75df,1,SUCCESS,,2026-07-31 02:12:34.122833
TXN_8b694226576e,1,FAILED,INSUFFICIENT_FUNDS,2026-06-27 19:14:01.122833
TXN_3197f4f7f60e,1,SUCCESS,,2026-08-07 20:05:59.122833
TXN_63dfa874e61d,1,SUCCESS,,2026-06-26 11:22:17.122833
TXN_f80709bd3010,1,SUCCESS,,2026-08-14 06:39:14.122833
TXN_de8c8b05c54c,1,SUCCESS,,2026-08-13 00:54:09.122833
TXN_8eed4d66f0e3,1,SUCCESS,,2026-07-10 07:23:28.122833
TXN_c157411e943d,1,SUCCESS,,2026-07-07 22:29:47.122833
TXN_dfa14d520af8,1,SUCCESS,,2026-08-16 01:14:24.122833
TXN_31df6695c246,1,SUCCESS,,2026-08-09 20:02:43.122833
TXN_703e02111e80,1,SUCCESS,,2026-07-28 16:56:23.122833
TXN_9924a60b4f76,1,FAILED,LIMIT_EXCEEDED,2026-06-23 23:54:43.122833
TXN_3a6e686872ab,1,SUCCESS,,2026-07-30 22:04:00.122833
TXN_a2fb57516057,1,SUCCESS,,2026-06-07 03:32:05.122833
TXN_380ba7132db1,1,SUCCESS,,2026-08-11 11:22:33.122833
TXN_2fb05774c955,1,SUCCESS,,2026-08-09 09:29:19.122833
TXN_4391ba11d30c,1,SUCCESS,,2026-08-25 20:20:09.122833
TXN_fc46edb30d93,1,SUCCESS,,2026-06-11 09:44:47.122833
TXN_fce0c6c9d34d,1,FAILED,CARD_EXPIRED,2026-08-30 03:40:27.122833
TXN_155b4a504625,1,SUCCESS,,2026-07-21 16:24:54.122833
TXN_5a0dc580fc42,1,SUCCESS,,2026-07-03 16:09:08.122833
TXN_228d97c359bb,1,FAILED,BANK_DECLINED,2026-06-15 21:10:06.122833
TXN_228d97c359bb,2,SUCCESS,,2026-06-15 22:41:06.122833
TXN_1b6b0419b18d,1,SUCCESS,,2026-07-04 14:11:31.122833
TXN_a354763c0037,1,SUCCESS,,2026-07-20 22:12:27.122833
TXN_965759fbda52,1,SUCCESS,,2026-08-24 12:31:11.122833
TXN_04d3421f5f5e,1,SUCCESS,,2026-07-17 10:34:33.122833
TXN_047d8893e87e,1,SUCCESS,,2026-08-17 23:40:00.122833
TXN_62d509ad8457,1,SUCCESS,,2026-08-16 12:33:37.122833
TXN_de437067c444,1,FAILED,BANK_DECLINED,2026-07-07 08:48:19.122833
TXN_de437067c444,2,SUCCESS,,2026-07-07 10:12:19.122833
TXN_352407be6ce0,1,SUCCESS,,2026-08-21 21:12:17.122833
TXN_595eb512f0e9,1,SUCCESS,,2026-08-14 20:56:24.122833
TXN_8e409bc0007f,1,SUCCESS,,2026-07-19 07:32:08.122833
TXN_7a0160f75a90,1,SUCCESS,,2026-07-02 09:29:00.122833
TXN_eefc3245e6ad,1,SUCCESS,,2026-07-01 09:16:32.122833
TXN_9dd75304a3b2,1,SUCCESS,,2026-08-10 02:42:47.122833
TXN_fa26f12d12c1,1,SUCCESS,,2026-06-19 08:55:14.122833
TXN_96f1958550ef,1,SUCCESS,,2026-07-11 17:01:07.122833
TXN_884021de2173,1,SUCCESS,,2026-08-22 13:30:19.122833
TXN_46ea13264775,1,SUCCESS,,2026-06-15 19:30:59.122833
TXN_ee9e06946fe1,1,SUCCESS,,2026-06-16 13:28:56.122833
TXN_7fbcd003e051,1,SUCCESS,,2026-07-05 10:33:40.122833
TXN_2517d3825b08,1,FAILED,BANK_DECLINED,2026-07-13 03:22:15.122833
TXN_ea3cf5dade46,1,SUCCESS,,2026-07-14 11:13:14.122833
TXN_dcb5674c817d,1,SUCCESS,,2026-08-28 14:00:41.122833
TXN_a4b90160783c,1,SUCCESS,,2026-07-10 19:00:59.122833
TXN_edb989024110,1,SUCCESS,,2026-08-17 08:17:50.122833
TXN_3ead406560f5,1,SUCCESS,,2026-08-08 07:53:58.122833
TXN_92cfc3876f01,1,FAILED,NETWORK_TIMEOUT,2026-06-22 00:25:58.122833
TXN_92cfc3876f01,2,SUCCESS,,2026-06-22 00:40:58.122833
TXN_fc788f060dae,1,FAILED,AUTHENTICATION_FAILED,2026-07-30 11:34:03.122833
TXN_fc788f060dae,2,SUCCESS,,2026-07-30 12:26:03.122833
TXN_c805e1ccc315,1,SUCCESS,,2026-07-03 02:40:05.122833
TXN_c20386b6cf40,1,SUCCESS,,2026-06-08 04:59:08.122833
TXN_c555427ddeb9,1,SUCCESS,,2026-08-10 14:22:08.122833
TXN_1c451aeaa022,1,SUCCESS,,2026-07-29 13:28:00.122833
TXN_14d8894c0666,1,SUCCESS,,2026-06-27 19:26:39.122833
TXN_ca8161509d06,1,FAILED,CUSTOMER_CANCELLED,2026-08-14 09:00:38.122833
TXN_37c8dc96eca7,1,SUCCESS,,2026-08-10 03:51:07.122833
TXN_4a1aa7a15d4e,1,SUCCESS,,2026-06-12 22:20:02.122833
TXN_591eb5498fed,1,SUCCESS,,2026-08-27 17:14:28.122833
TXN_cb72a432b44e,1,FAILED,AUTHENTICATION_FAILED,2026-07-13 15:52:23.122833
TXN_a2ae5f69ad46,1,SUCCESS,,2026-07-08 17:04:06.122833
TXN_469a34191702,1,FAILED,BANK_DECLINED,2026-07-26 08:01:03.122833
TXN_469a34191702,2,SUCCESS,,2026-07-26 09:34:03.122833
TXN_4cf37277dcc4,1,SUCCESS,,2026-07-28 18:33:54.122833
TXN_587396d0cb07,1,SUCCESS,,2026-06-05 11:18:34.122833
TXN_05a3ecf64d4e,1,SUCCESS,,2026-08-18 18:10:52.122833
TXN_96636f91c0ed,1,SUCCESS,,2026-06-20 12:00:44.122833
TXN_76d216c6b217,1,FAILED,BANK_DECLINED,2026-07-13 14:24:06.122833
TXN_76d216c6b217,2,SUCCESS,,2026-07-13 14:42:06.122833
TXN_2432ca36de0f,1,SUCCESS,,2026-08-31 01:49:39.122833
TXN_9356ea4ee19c,1,SUCCESS,,2026-07-15 20:48:01.122833
TXN_76fdc09356af,1,SUCCESS,,2026-06-05 19:01:22.122833
TXN_1050450455a4,1,SUCCESS,,2026-06-20 10:02:36.122833
TXN_041b38d622b5,1,SUCCESS,,2026-08-25 09:21:35.122833
TXN_b16e301d346b,1,SUCCESS,,2026-07-14 15:52:00.122833
TXN_0631745d5068,1,SUCCESS,,2026-07-27 05:50:03.122833
TXN_f42528fd22db,1,SUCCESS,,2026-06-08 12:11:30.122833
TXN_3c762d8abe57,1,FAILED,NETWORK_TIMEOUT,2026-07-04 03:47:09.122833
TXN_3c762d8abe57,2,SUCCESS,,2026-07-04 05:43:09.122833
TXN_980593ee313c,1,SUCCESS,,2026-06-14 22:48:36.122833
TXN_88700d5ed70e,1,SUCCESS,,2026-07-25 02:47:43.122833
TXN_2dbbd89529a4,1,SUCCESS,,2026-06-24 04:08:54.122833
TXN_027614c40538,1,SUCCESS,,2026-08-20 22:21:19.122833
TXN_85843048b828,1,FAILED,CARD_EXPIRED,2026-07-16 12:54:42.122833
TXN_b4ae0195611b,1,SUCCESS,,2026-07-26 06:51:57.122833
TXN_0d76eefc97bf,1,SUCCESS,,2026-06-28 07:20:06.122833
TXN_badf58084d6e,1,SUCCESS,,2026-08-11 18:34:41.122833
TXN_c7278da57fa1,1,SUCCESS,,2026-07-13 05:59:48.122833
TXN_4bbf6450b188,1,SUCCESS,,2026-06-19 01:40:08.122833
TXN_9a2e2905ea79,1,SUCCESS,,2026-07-27 11:00:51.122833
TXN_88b80a682a7e,1,SUCCESS,,2026-06-20 16:10:26.122833
TXN_abc6099f9adf,1,SUCCESS,,2026-08-27 05:50:44.122833
TXN_8dd77d355451,1,SUCCESS,,2026-07-28 04:12:19.122833
TXN_eea80c7f5374,1,SUCCESS,,2026-07-06 10:25:08.122833
TXN_dac2f178e6cd,1,FAILED,UPI_TIMEOUT,2026-06-26 08:30:25.122833
TXN_dac2f178e6cd,2,SUCCESS,,2026-06-26 08:32:25.122833
TXN_b599554b7f82,1,SUCCESS,,2026-08-19 18:59:27.122833
TXN_abc692fe4fd8,1,SUCCESS,,2026-08-27 11:56:58.122833
TXN_2ce2d48f576d,1,FAILED,BANK_DECLINED,2026-08-07 21:45:16.122833
TXN_2ce2d48f576d,2,SUCCESS,,2026-08-07 23:39:16.122833
TXN_1d2408cf344f,1,SUCCESS,,2026-08-20 13:09:48.122833
TXN_6cdac9d9ea1c,1,SUCCESS,,2026-08-02 03:52:52.122833
TXN_eff445cf5ccf,1,FAILED,INSUFFICIENT_FUNDS,2026-07-01 04:42:00.122833
TXN_8b9d0fd55dad,1,FAILED,INSUFFICIENT_FUNDS,2026-06-15 10:33:32.122833
TXN_8b9d0fd55dad,2,SUCCESS,,2026-06-15 10:40:32.122833
TXN_0aa754031a82,1,SUCCESS,,2026-08-13 11:39:57.122833
TXN_65e9bb7b9c47,1,SUCCESS,,2026-08-14 16:11:10.122833
TXN_730fe57f0802,1,SUCCESS,,2026-08-17 08:04:22.122833
TXN_4e02b40c0f76,1,SUCCESS,,2026-07-30 23:07:50.122833
TXN_f4fd7de7c387,1,SUCCESS,,2026-07-20 19:05:26.122833
TXN_175d756e93d0,1,SUCCESS,,2026-07-08 16:28:38.122833
TXN_a66bc330c351,1,SUCCESS,,2026-07-30 09:30:30.122833
TXN_3c34e398f31c,1,SUCCESS,,2026-08-29 03:26:52.122833
TXN_460488262a0a,1,SUCCESS,,2026-06-15 10:58:12.122833
TXN_185f87d090d5,1,FAILED,UPI_TIMEOUT,2026-07-19 08:36:54.122833
TXN_185f87d090d5,2,SUCCESS,,2026-07-19 10:31:54.122833
TXN_e54ddb79f6d9,1,SUCCESS,,2026-08-24 14:35:28.122833
TXN_b622b09cdde9,1,SUCCESS,,2026-08-02 17:20:05.122833
TXN_d08039100af8,1,SUCCESS,,2026-08-09 16:19:28.122833
TXN_2fd9025ca9ad,1,SUCCESS,,2026-06-05 03:59:49.122833
TXN_9efeabc309e2,1,FAILED,BANK_DECLINED,2026-08-29 05:04:33.122833
TXN_06d01fb9cfa6,1,SUCCESS,,2026-06-18 17:40:28.122833
TXN_553211714142,1,SUCCESS,,2026-07-07 00:42:09.122833
TXN_953d4b31faa8,1,FAILED,INSUFFICIENT_FUNDS,2026-06-12 08:14:16.122833
TXN_953d4b31faa8,2,SUCCESS,,2026-06-12 08:20:16.122833
TXN_b635bb885da5,1,SUCCESS,,2026-07-22 20:03:06.122833
TXN_6351ae4594b2,1,SUCCESS,,2026-06-16 03:47:25.122833
TXN_50cde9967fa4,1,SUCCESS,,2026-08-13 13:36:00.122833
TXN_46f558d3ba87,1,FAILED,NETWORK_TIMEOUT,2026-07-25 12:54:13.122833
TXN_46f558d3ba87,2,SUCCESS,,2026-07-25 13:14:13.122833
TXN_ea1f9fe5b504,1,SUCCESS,,2026-07-03 19:07:55.122833
TXN_a32235b996fc,1,SUCCESS,,2026-08-13 01:15:40.122833
TXN_100aa36ae83c,1,SUCCESS,,2026-07-20 10:17:41.122833
TXN_a53fa79f7040,1,SUCCESS,,2026-06-21 20:22:38.122833
TXN_270a9541dbba,1,SUCCESS,,2026-07-29 20:09:25.122833
TXN_142ea88a0567,1,FAILED,INSUFFICIENT_FUNDS,2026-06-08 03:33:24.122833
TXN_49f049b642d9,1,SUCCESS,,2026-07-14 16:00:21.122833
TXN_964b7f72ab42,1,SUCCESS,,2026-08-17 20:58:08.122833
TXN_752f981d739a,1,SUCCESS,,2026-07-25 04:07:05.122833
TXN_a14bf9749314,1,FAILED,LIMIT_EXCEEDED,2026-08-18 15:54:02.122833
TXN_a329cd51fd7d,1,SUCCESS,,2026-07-21 21:53:36.122833
TXN_721426b4d302,1,SUCCESS,,2026-07-07 18:50:50.122833
TXN_692fdf7b907a,1,SUCCESS,,2026-08-13 03:57:51.122833
TXN_4e169989fb2d,1,FAILED,NETWORK_TIMEOUT,2026-06-18 00:55:02.122833
TXN_4e169989fb2d,2,SUCCESS,,2026-06-18 02:15:02.122833
TXN_fc4e3d5f70ba,1,SUCCESS,,2026-07-24 09:00:20.122833
TXN_c785977c9b3a,1,SUCCESS,,2026-07-11 23:47:44.122833
TXN_d40fa2a5ae90,1,FAILED,AUTHENTICATION_FAILED,2026-07-26 05:42:52.122833
TXN_cff1f6e682cc,1,SUCCESS,,2026-08-04 07:55:52.122833
TXN_c88a59a753e9,1,SUCCESS,,2026-06-26 10:50:58.122833
TXN_9872e49913a7,1,SUCCESS,,2026-07-30 06:32:07.122833
TXN_759fe2c10a2a,1,FAILED,BANK_DECLINED,2026-07-10 21:25:39.122833
TXN_c894de90f818,1,FAILED,AUTHENTICATION_FAILED,2026-07-11 06:56:29.122833
TXN_bb06c3692f65,1,SUCCESS,,2026-07-28 23:31:22.122833
TXN_ce1d52694c5a,1,FAILED,INSUFFICIENT_FUNDS,2026-08-04 10:01:15.122833
TXN_ce1d52694c5a,2,SUCCESS,,2026-08-04 11:45:15.122833
TXN_d68bcf4acda2,1,SUCCESS,,2026-08-13 04:27:13.122833
TXN_1fa75dfc7a4a,1,FAILED,AUTHENTICATION_FAILED,2026-07-24 21:43:39.122833
TXN_7e9732177402,1,SUCCESS,,2026-06-11 16:34:33.122833
TXN_32421d9b577d,1,SUCCESS,,2026-08-09 01:25:51.122833
TXN_ef60d1587355,1,FAILED,BANK_DECLINED,2026-07-17 09:30:46.122833
TXN_fc4a761b8229,1,FAILED,BANK_DECLINED,2026-06-13 08:46:26.122833
TXN_fc4a761b8229,2,SUCCESS,,2026-06-13 09:32:26.122833
TXN_ef21af5214db,1,SUCCESS,,2026-07-18 14:52:06.122833
TXN_8265abac7f80,1,SUCCESS,,2026-08-10 09:46:56.122833
TXN_0ed8db6429f2,1,SUCCESS,,2026-07-04 04:59:05.122833
TXN_26de1abe69a4,1,SUCCESS,,2026-07-15 18:34:27.122833
TXN_310cfe03b883,1,SUCCESS,,2026-06-13 09:46:07.122833
TXN_ae0b0f3bad0c,1,SUCCESS,,2026-06-13 17:33:22.122833
TXN_5e70473e3da4,1,SUCCESS,,2026-08-10 18:43:46.122833
TXN_096c72466e13,1,SUCCESS,,2026-08-11 01:24:18.122833
TXN_bb344e6a9997,1,SUCCESS,,2026-06-13 21:22:23.122833
TXN_38e3888a1b60,1,SUCCESS,,2026-08-05 12:45:47.122833
TXN_e8a81de61b41,1,SUCCESS,,2026-08-28 10:13:28.122833
TXN_1dbb4fbfd8f2,1,SUCCESS,,2026-08-18 07:17:21.122833
TXN_b57473411efb,1,FAILED,INSUFFICIENT_FUNDS,2026-08-21 02:16:56.122833
TXN_af1974fcec40,1,SUCCESS,,2026-08-24 22:27:37.122833
TXN_0b198938836e,1,FAILED,BANK_DECLINED,2026-08-22 18:08:15.122833
TXN_0b198938836e,2,SUCCESS,,2026-08-22 18:55:15.122833
TXN_ad6632a8b6a3,1,SUCCESS,,2026-07-01 16:54:07.122833
TXN_9837c7a489b2,1,SUCCESS,,2026-06-23 21:07:14.122833
TXN_d8e2abccf007,1,SUCCESS,,2026-06-18 22:20:30.122833
TXN_d22d60f7bbf0,1,SUCCESS,,2026-07-21 05:44:24.122833
TXN_d071ac6785ad,1,SUCCESS,,2026-06-18 16:01:33.122833
TXN_20438d554344,1,SUCCESS,,2026-06-24 11:34:19.122833
TXN_ca927aab38ae,1,SUCCESS,,2026-06-06 14:58:45.122833
TXN_382c6811cbc9,1,SUCCESS,,2026-08-12 20:34:26.122833
TXN_f32f201abbb5,1,SUCCESS,,2026-07-30 10:15:36.122833
TXN_7b50c6abdfe1,1,SUCCESS,,2026-07-19 08:49:39.122833
TXN_e876e14a503c,1,SUCCESS,,2026-06-29 15:22:47.122833
TXN_626395ddef84,1,SUCCESS,,2026-07-29 01:28:36.122833
TXN_bbaad62c0c98,1,SUCCESS,,2026-07-14 02:08:29.122833
TXN_3a714b6b8c71,1,FAILED,INSUFFICIENT_FUNDS,2026-08-13 03:47:25.122833
TXN_2650221fc0ef,1,SUCCESS,,2026-06-28 00:41:31.122833
TXN_617e6033c709,1,SUCCESS,,2026-06-10 14:15:51.122833
TXN_9b41a172ba1d,1,SUCCESS,,2026-08-26 21:20:55.122833
TXN_56c3423dd272,1,FAILED,LIMIT_EXCEEDED,2026-08-07 13:34:00.122833
TXN_5d3f9f70cc6a,1,SUCCESS,,2026-07-08 07:16:04.122833
TXN_a3f53e0b609d,1,SUCCESS,,2026-08-20 20:53:33.122833
TXN_3c3bef718a15,1,SUCCESS,,2026-06-17 01:54:56.122833
TXN_1fc68964b9be,1,FAILED,CUSTOMER_CANCELLED,2026-06-03 16:12:47.122833
TXN_236bf9762b48,1,SUCCESS,,2026-08-04 16:32:11.122833
TXN_f49b5ba5f746,1,FAILED,UPI_TIMEOUT,2026-07-07 21:00:37.122833
TXN_f49b5ba5f746,2,SUCCESS,,2026-07-07 22:43:37.122833
TXN_c263e6890759,1,SUCCESS,,2026-06-24 17:23:43.122833
TXN_5102c8ed7747,1,SUCCESS,,2026-07-22 00:52:39.122833
TXN_7603146d2511,1,SUCCESS,,2026-08-06 05:57:31.122833
TXN_085dfe503ec2,1,SUCCESS,,2026-07-25 19:16:56.122833
TXN_4cae469610c3,1,FAILED,NETWORK_TIMEOUT,2026-08-27 19:12:40.122833
TXN_4cae469610c3,2,SUCCESS,,2026-08-27 20:26:40.122833
TXN_24bd4f62c944,1,SUCCESS,,2026-08-01 05:48:25.122833
TXN_717040dee25d,1,FAILED,NETWORK_TIMEOUT,2026-07-14 10:27:10.122833
TXN_717040dee25d,2,SUCCESS,,2026-07-14 11:00:10.122833
TXN_5179c10932ed,1,SUCCESS,,2026-08-20 01:55:44.122833
TXN_fb6ae9651606,1,FAILED,UPI_TIMEOUT,2026-07-12 20:42:32.122833
TXN_fb6ae9651606,2,SUCCESS,,2026-07-12 22:38:32.122833
TXN_4c0132e9008f,1,SUCCESS,,2026-08-08 22:34:07.122833
TXN_a5a73f97ea7f,1,SUCCESS,,2026-06-04 22:27:10.122833
TXN_9a1a5cf4008d,1,SUCCESS,,2026-08-23 22:43:19.122833
TXN_b6fe7b98ced5,1,SUCCESS,,2026-06-16 02:15:20.122833
TXN_9d8cdbdc5351,1,SUCCESS,,2026-08-24 18:01:56.122833
TXN_8317d88b42b5,1,SUCCESS,,2026-08-25 12:22:22.122833
TXN_b891dcf4bce5,1,FAILED,UPI_TIMEOUT,2026-06-22 14:13:22.122833
TXN_b891dcf4bce5,2,SUCCESS,,2026-06-22 14:33:22.122833
TXN_b2ae1a30056f,1,SUCCESS,,2026-07-28 16:55:25.122833
TXN_38f594d22a99,1,SUCCESS,,2026-06-21 04:57:35.122833
TXN_e6008899482b,1,SUCCESS,,2026-08-23 02:05:17.122833
TXN_db9e3a9f8d4b,1,FAILED,AUTHENTICATION_FAILED,2026-06-18 02:34:54.122833
TXN_05178f52300c,1,SUCCESS,,2026-08-27 09:13:49.122833
TXN_628796b02cae,1,SUCCESS,,2026-07-17 00:30:46.122833
TXN_0df36233e5c4,1,SUCCESS,,2026-07-31 21:30:21.122833
TXN_319e7bfd700c,1,SUCCESS,,2026-06-22 14:57:16.122833
TXN_360c80400eed,1,SUCCESS,,2026-06-25 08:35:49.122833
TXN_80c9fe57e6bd,1,SUCCESS,,2026-07-01 23:12:36.122833
TXN_133c094c1e0e,1,SUCCESS,,2026-06-30 00:07:03.122833
TXN_1259d980c185,1,FAILED,BANK_DECLINED,2026-06-05 04:46:33.122833
TXN_1259d980c185,2,SUCCESS,,2026-06-05 06:02:33.122833
TXN_386dfaa03cf8,1,SUCCESS,,2026-08-21 03:59:55.122833
TXN_0f8a729cab9f,1,SUCCESS,,2026-07-24 02:31:25.122833
TXN_aae21efa8472,1,FAILED,CARD_EXPIRED,2026-08-13 16:30:47.122833
TXN_dbb9eb5d1078,1,SUCCESS,,2026-08-09 07:21:56.122833
TXN_c886c94a7e67,1,SUCCESS,,2026-06-09 21:55:50.122833
TXN_0864ef18b363,1,SUCCESS,,2026-08-25 02:23:07.122833
TXN_12980f1e0c5f,1,SUCCESS,,2026-06-28 22:01:31.122833
TXN_ae55cff0f798,1,SUCCESS,,2026-07-23 20:00:14.122833
TXN_7f597982a9c8,1,SUCCESS,,2026-06-12 14:16:11.122833
TXN_13450942d03b,1,FAILED,LIMIT_EXCEEDED,2026-08-31 00:28:08.122833
TXN_f00ed3428646,1,SUCCESS,,2026-06-11 15:25:42.122833
TXN_1b4675662c34,1,SUCCESS,,2026-06-13 17:01:25.122833
TXN_9f3cf754c456,1,SUCCESS,,2026-08-02 20:15:37.122833
TXN_9e28d213ca1c,1,SUCCESS,,2026-07-22 10:09:17.122833
TXN_71c0e52f78c4,1,SUCCESS,,2026-07-16 16:52:15.122833
TXN_e45e3895b158,1,SUCCESS,,2026-07-26 00:34:53.122833
TXN_e416be8723f2,1,SUCCESS,,2026-08-23 09:24:33.122833
TXN_8a6579f22355,1,FAILED,CUSTOMER_CANCELLED,2026-07-17 00:45:03.122833
TXN_2b556db97222,1,FAILED,BANK_DECLINED,2026-07-27 10:47:11.122833
TXN_848c3066fac2,1,SUCCESS,,2026-06-09 21:44:16.122833
TXN_8ab95c7e0798,1,SUCCESS,,2026-06-13 12:07:12.122833
TXN_ebf74cbf0197,1,FAILED,INSUFFICIENT_FUNDS,2026-06-19 05:57:59.122833
TXN_ebf74cbf0197,2,SUCCESS,,2026-06-19 06:27:59.122833
TXN_fa0c435ece3c,1,SUCCESS,,2026-06-05 19:28:42.122833
TXN_df3bc0db599e,1,SUCCESS,,2026-07-16 21:35:46.122833
TXN_da944b75bd38,1,SUCCESS,,2026-06-21 11:51:29.122833
TXN_d80ddefb9477,1,FAILED,INSUFFICIENT_FUNDS,2026-07-04 06:08:52.122833
TXN_7e55e34757e9,1,SUCCESS,,2026-06-27 04:05:16.122833
TXN_8c13134b7dda,1,SUCCESS,,2026-08-28 23:29:38.122833
TXN_b4acc8c4cb4c,1,SUCCESS,,2026-08-20 06:58:53.122833
TXN_ea618f98c8a7,1,SUCCESS,,2026-08-26 17:42:07.122833
TXN_8e1046cb58af,1,SUCCESS,,2026-08-31 12:10:45.122833
TXN_fd4f83de9a4c,1,SUCCESS,,2026-06-20 07:56:45.122833
TXN_c577ae622f1b,1,FAILED,NETWORK_TIMEOUT,2026-06-08 07:22:32.122833
TXN_c577ae622f1b,2,SUCCESS,,2026-06-08 08:38:32.122833
TXN_4112eefec0f0,1,SUCCESS,,2026-06-15 09:37:07.122833
TXN_faed35256d83,1,SUCCESS,,2026-08-23 14:06:10.122833
TXN_82460c59285c,1,SUCCESS,,2026-06-24 04:22:29.122833
TXN_d8230e82a76e,1,SUCCESS,,2026-08-09 13:16:43.122833
TXN_e3d6ceac5817,1,SUCCESS,,2026-08-07 14:06:35.122833
TXN_ab507f064f60,1,SUCCESS,,2026-06-29 00:07:03.122833
TXN_2a21c2f61f21,1,SUCCESS,,2026-07-06 19:13:56.122833
TXN_85796e2ab83a,1,FAILED,BANK_DECLINED,2026-07-22 20:51:28.122833
TXN_5c32f13a4104,1,SUCCESS,,2026-06-21 18:46:20.122833
TXN_4be323cd4806,1,SUCCESS,,2026-08-19 22:20:18.122833
TXN_e71b9a2eb194,1,SUCCESS,,2026-06-30 03:26:33.122833
TXN_1423b20876fa,1,SUCCESS,,2026-08-20 21:10:21.122833
TXN_d57b9ce9a26d,1,SUCCESS,,2026-06-15 16:40:39.122833
TXN_b2f0a3e25757,1,SUCCESS,,2026-07-10 04:01:38.122833
TXN_7c30574548a8,1,SUCCESS,,2026-06-03 16:10:55.122833
TXN_e35d5def809c,1,SUCCESS,,2026-07-29 05:48:04.122833
TXN_a73d6bb4a280,1,SUCCESS,,2026-07-29 21:11:03.122833
TXN_e5db5ccc2361,1,FAILED,AUTHENTICATION_FAILED,2026-07-29 16:28:31.122833
TXN_2a30ca21640b,1,SUCCESS,,2026-06-26 16:07:34.122833
TXN_1914efbba69b,1,SUCCESS,,2026-07-26 13:53:13.122833
TXN_0010b5da04d5,1,SUCCESS,,2026-07-08 17:34:52.122833
TXN_94c81e26eeed,1,SUCCESS,,2026-06-27 08:06:28.122833
TXN_0d222dcc8846,1,SUCCESS,,2026-08-28 12:21:42.122833
TXN_d2b7ab85b0f9,1,SUCCESS,,2026-07-23 20:24:53.122833
TXN_215ab1ec7e7d,1,SUCCESS,,2026-06-14 20:05:36.122833
TXN_843e1b7c76db,1,SUCCESS,,2026-07-01 11:34:07.122833
TXN_964679b86da2,1,FAILED,UPI_TIMEOUT,2026-06-16 20:25:11.122833
TXN_964679b86da2,2,SUCCESS,,2026-06-16 22:24:11.122833
TXN_c0e544eeaa28,1,FAILED,INSUFFICIENT_FUNDS,2026-08-13 13:27:55.122833
TXN_262f6c44f0f7,1,SUCCESS,,2026-08-12 13:55:33.122833
TXN_25eee3656e0c,1,SUCCESS,,2026-06-22 10:00:39.122833
TXN_0a775488cba5,1,SUCCESS,,2026-08-23 12:08:01.122833
TXN_f4f20b7bb4b8,1,SUCCESS,,2026-07-14 19:28:21.122833
TXN_3ad4fb22db1c,1,SUCCESS,,2026-08-13 16:00:32.122833
TXN_51ef0d0c61c5,1,SUCCESS,,2026-07-04 14:10:14.122833
TXN_e10e51fb82b7,1,SUCCESS,,2026-06-20 07:58:24.122833
TXN_7448b8da472a,1,FAILED,INSUFFICIENT_FUNDS,2026-07-14 00:28:32.122833
TXN_5ad04c5883cb,1,FAILED,AUTHENTICATION_FAILED,2026-07-26 20:13:42.122833
TXN_fd418a6a8297,1,SUCCESS,,2026-08-21 22:04:30.122833
TXN_23b203da7d0c,1,FAILED,LIMIT_EXCEEDED,2026-08-04 14:43:33.122833
TXN_97465cea5c1b,1,SUCCESS,,2026-06-10 20:50:13.122833
TXN_8a5b7d96f6bb,1,SUCCESS,,2026-07-16 03:36:30.122833
TXN_6c638baf33ea,1,SUCCESS,,2026-07-28 02:55:14.122833
TXN_1eb4057228e9,1,FAILED,LIMIT_EXCEEDED,2026-08-30 11:17:21.122833
TXN_1eb4057228e9,2,SUCCESS,,2026-08-30 12:15:21.122833
TXN_c76efe717136,1,FAILED,LIMIT_EXCEEDED,2026-07-02 15:49:54.122833
TXN_f435898a6b7d,1,FAILED,LIMIT_EXCEEDED,2026-08-10 14:41:53.122833
TXN_6293946ff7d6,1,SUCCESS,,2026-07-19 09:52:59.122833
TXN_287bd52769ea,1,SUCCESS,,2026-06-07 15:08:12.122833
TXN_3a8d30a1d967,1,SUCCESS,,2026-07-20 18:53:42.122833
TXN_26f371c0ef2e,1,SUCCESS,,2026-08-15 03:37:45.122833
TXN_82f511a303f2,1,SUCCESS,,2026-08-09 01:51:17.122833
TXN_7614afa6accf,1,SUCCESS,,2026-08-11 17:17:26.122833
TXN_f72bf989822d,1,SUCCESS,,2026-07-17 05:21:40.122833
TXN_62364b6c41c3,1,FAILED,BANK_DECLINED,2026-08-24 07:09:56.122833
TXN_62364b6c41c3,2,SUCCESS,,2026-08-24 08:08:56.122833
TXN_1ef0bbe81149,1,SUCCESS,,2026-07-31 17:16:59.122833
TXN_3762d8cd7a30,1,SUCCESS,,2026-08-14 09:30:27.122833
TXN_d7c7e37d4a43,1,SUCCESS,,2026-07-03 04:51:53.122833
TXN_28cef97e3431,1,SUCCESS,,2026-08-22 20:34:40.122833
TXN_647b84912200,1,SUCCESS,,2026-06-09 12:29:17.122833
TXN_d41cc84673f5,1,SUCCESS,,2026-07-26 17:06:53.122833
TXN_83a9e8b7754b,1,SUCCESS,,2026-06-25 19:01:26.122833
TXN_29c626582ab5,1,FAILED,CARD_EXPIRED,2026-06-10 05:10:58.122833
TXN_80e5b6aa7f03,1,SUCCESS,,2026-07-31 08:09:36.122833
TXN_fc10072f6872,1,SUCCESS,,2026-07-06 00:40:21.122833
TXN_55b4242edf14,1,SUCCESS,,2026-07-03 18:15:28.122833
TXN_c5f6a4063e8e,1,SUCCESS,,2026-07-10 16:43:27.122833
TXN_74229a5c82f0,1,FAILED,AUTHENTICATION_FAILED,2026-06-07 03:37:43.122833
TXN_9103a80c6dc6,1,FAILED,LIMIT_EXCEEDED,2026-06-03 16:42:50.122833
TXN_04c3d36ce18d,1,FAILED,UPI_TIMEOUT,2026-07-02 20:10:16.122833
TXN_04c3d36ce18d,2,SUCCESS,,2026-07-02 21:34:16.122833
TXN_4141532390f5,1,SUCCESS,,2026-08-15 11:56:53.122833
TXN_e21eb28f311f,1,SUCCESS,,2026-06-19 21:37:35.122833
TXN_4df7bc0cb319,1,SUCCESS,,2026-07-09 17:55:53.122833
TXN_7f0e42c25c34,1,SUCCESS,,2026-06-06 11:21:05.122833
TXN_e46b6e57f5ae,1,SUCCESS,,2026-07-11 08:53:41.122833
TXN_05e298439629,1,FAILED,INSUFFICIENT_FUNDS,2026-06-04 15:23:44.122833
TXN_05e298439629,2,SUCCESS,,2026-06-04 16:29:44.122833
TXN_75b4bd2a0d87,1,SUCCESS,,2026-07-03 19:58:14.122833
TXN_a92242001e15,1,SUCCESS,,2026-06-30 00:36:05.122833
TXN_19014e1aa065,1,SUCCESS,,2026-08-11 17:37:12.122833
TXN_e80f136962d0,1,FAILED,CARD_EXPIRED,2026-06-21 00:48:07.122833
TXN_9ef1d55794dc,1,FAILED,CUSTOMER_CANCELLED,2026-07-21 10:45:36.122833
TXN_ed708a249768,1,SUCCESS,,2026-07-19 22:02:49.122833
TXN_8ec798c16987,1,SUCCESS,,2026-06-06 17:32:13.122833
TXN_c06349036af5,1,SUCCESS,,2026-07-30 19:15:59.122833
TXN_047ce72d95cf,1,FAILED,INSUFFICIENT_FUNDS,2026-08-02 16:30:37.122833
TXN_bd2f3d127f3f,1,SUCCESS,,2026-06-21 23:40:52.122833
TXN_39d2b3bd8d78,1,SUCCESS,,2026-06-12 07:59:14.122833
TXN_deb0795ec681,1,FAILED,AUTHENTICATION_FAILED,2026-06-07 03:59:20.122833
TXN_e537cfd27282,1,FAILED,LIMIT_EXCEEDED,2026-06-14 04:21:54.122833
TXN_e537cfd27282,2,SUCCESS,,2026-06-14 04:24:54.122833
TXN_baec815c966f,1,FAILED,LIMIT_EXCEEDED,2026-08-19 03:31:05.122833
TXN_55035ac528d5,1,SUCCESS,,2026-06-24 12:43:38.122833
TXN_c5f8c8e53368,1,SUCCESS,,2026-06-29 01:39:16.122833
TXN_c13957d0c2fb,1,SUCCESS,,2026-08-18 07:06:12.122833
TXN_547a3ebbbbb8,1,SUCCESS,,2026-08-30 18:42:13.122833
TXN_4438d4372d54,1,SUCCESS,,2026-06-30 16:25:31.122833
TXN_a2e397dba5fc,1,SUCCESS,,2026-08-12 09:30:41.122833
TXN_f02b6ec33a07,1,SUCCESS,,2026-08-19 15:36:09.122833
TXN_7b6aa39beb5a,1,SUCCESS,,2026-06-26 16:42:21.122833
TXN_fa406275ce35,1,SUCCESS,,2026-07-07 20:55:11.122833
TXN_672e6ca3e1da,1,SUCCESS,,2026-08-13 10:22:14.122833
TXN_2c77f4eff0a3,1,SUCCESS,,2026-08-29 16:19:52.122833
TXN_dea74852c6f4,1,FAILED,AUTHENTICATION_FAILED,2026-06-07 07:11:18.122833
TXN_a24710279f38,1,FAILED,NETWORK_TIMEOUT,2026-07-11 01:38:22.122833
TXN_a24710279f38,2,SUCCESS,,2026-07-11 02:39:22.122833
TXN_9b15c2e214e2,1,FAILED,CARD_EXPIRED,2026-06-15 03:34:32.122833
TXN_5c3c6267d60d,1,SUCCESS,,2026-07-14 05:51:18.122833
TXN_a96e456c1a49,1,FAILED,CUSTOMER_CANCELLED,2026-06-03 15:52:39.122833
TXN_efe522763eb5,1,SUCCESS,,2026-06-08 07:09:03.122833
TXN_6209b7df70c3,1,SUCCESS,,2026-06-15 17:31:59.122833
TXN_2c4339a339a0,1,SUCCESS,,2026-08-16 02:31:08.122833
TXN_0e26f6c8b7e0,1,SUCCESS,,2026-07-30 14:32:15.122833
TXN_78c3d3b31cd0,1,SUCCESS,,2026-07-10 16:46:37.122833
TXN_2a34d0b3a14e,1,SUCCESS,,2026-06-15 12:23:20.122833
TXN_e108f9816404,1,SUCCESS,,2026-07-01 06:24:25.122833
TXN_5186406248a0,1,SUCCESS,,2026-07-29 22:24:46.122833
TXN_6ed04e38bba3,1,SUCCESS,,2026-07-31 08:03:30.122833
TXN_222626caac8a,1,SUCCESS,,2026-06-11 09:23:30.122833
TXN_49e8a44ba25e,1,SUCCESS,,2026-07-25 19:21:11.122833
TXN_32e499fd0f51,1,SUCCESS,,2026-06-30 02:43:10.122833
TXN_7094f8d9433e,1,SUCCESS,,2026-07-12 00:44:59.122833
TXN_1b7fbc03b0e4,1,SUCCESS,,2026-06-17 02:30:38.122833
TXN_2240756eb68c,1,SUCCESS,,2026-07-12 03:40:42.122833
TXN_ae45def54b0a,1,SUCCESS,,2026-08-20 07:48:20.122833
TXN_d71b113e2332,1,SUCCESS,,2026-07-16 01:27:11.122833
TXN_8b801bb771f1,1,SUCCESS,,2026-08-29 03:42:19.122833
TXN_86c0ae072ad3,1,SUCCESS,,2026-07-08 03:08:32.122833
TXN_ba0ce0c46b13,1,SUCCESS,,2026-08-07 16:57:56.122833
TXN_9cdacd89ecb4,1,SUCCESS,,2026-06-11 08:28:01.122833
TXN_716fdec0354a,1,SUCCESS,,2026-07-06 06:36:33.122833
TXN_5899f2b93e95,1,SUCCESS,,2026-06-27 10:05:45.122833
TXN_bb9312e8a519,1,SUCCESS,,2026-07-15 13:05:10.122833
TXN_113d1e9db633,1,SUCCESS,,2026-08-12 15:52:07.122833
TXN_3daa3cefe667,1,FAILED,INSUFFICIENT_FUNDS,2026-08-09 00:25:33.122833
TXN_3daa3cefe667,2,SUCCESS,,2026-08-09 02:25:33.122833
TXN_4194877c23dc,1,FAILED,NETWORK_TIMEOUT,2026-08-11 18:20:08.122833
TXN_d1b986e260e0,1,SUCCESS,,2026-07-23 13:02:03.122833
TXN_53fb8a1071ac,1,SUCCESS,,2026-07-01 18:13:03.122833
TXN_9c2dfbb7726d,1,SUCCESS,,2026-07-10 07:16:12.122833
TXN_2127e15e0e54,1,FAILED,CARD_EXPIRED,2026-08-10 20:54:02.122833
TXN_a62aa52b8cfe,1,SUCCESS,,2026-07-11 01:05:01.122833
TXN_93f4d35f3fbc,1,SUCCESS,,2026-08-16 13:14:51.122833
TXN_4d77b34339d2,1,SUCCESS,,2026-08-23 21:20:03.122833
TXN_88d7d226d2a9,1,SUCCESS,,2026-08-24 15:54:51.122833
TXN_f2d3c3172380,1,SUCCESS,,2026-06-05 01:51:42.122833
TXN_b5ab165cbd6d,1,FAILED,UPI_TIMEOUT,2026-08-24 03:43:40.122833
TXN_b5ab165cbd6d,2,SUCCESS,,2026-08-24 04:37:40.122833
TXN_a0b4be098438,1,SUCCESS,,2026-06-23 05:59:41.122833
TXN_57bcb76247fb,1,FAILED,NETWORK_TIMEOUT,2026-06-30 16:00:24.122833
TXN_57bcb76247fb,2,SUCCESS,,2026-06-30 17:59:24.122833
TXN_1d10136de22b,1,SUCCESS,,2026-07-03 21:03:07.122833
TXN_1e91ef392510,1,SUCCESS,,2026-07-09 02:39:10.122833
TXN_f929cc2ae440,1,SUCCESS,,2026-07-15 05:59:55.122833
TXN_daa19f710b10,1,SUCCESS,,2026-06-24 07:56:11.122833
TXN_c7b46434928e,1,FAILED,BANK_DECLINED,2026-06-15 20:48:25.122833
TXN_c7b46434928e,2,SUCCESS,,2026-06-15 21:14:25.122833
TXN_86019e6399b4,1,FAILED,BANK_DECLINED,2026-08-08 11:14:41.122833
TXN_86019e6399b4,2,SUCCESS,,2026-08-08 11:33:41.122833
TXN_b4ef94cc0427,1,SUCCESS,,2026-08-15 11:57:43.122833
TXN_1c9d24b5f21c,1,SUCCESS,,2026-07-01 10:14:38.122833
TXN_68db1da2c58f,1,SUCCESS,,2026-08-27 22:57:07.122833
TXN_cd1632467c7e,1,SUCCESS,,2026-08-25 07:00:41.122833
TXN_74726792cc86,1,SUCCESS,,2026-08-28 15:49:30.122833
TXN_61f21a6014dc,1,FAILED,NETWORK_TIMEOUT,2026-07-27 18:49:07.122833
TXN_61f21a6014dc,2,SUCCESS,,2026-07-27 19:42:07.122833
TXN_7fdfa4ee0a1c,1,SUCCESS,,2026-06-14 16:02:40.122833
TXN_a87d122698ce,1,SUCCESS,,2026-06-26 11:14:53.122833
TXN_2281e3ea7e83,1,SUCCESS,,2026-08-02 07:41:29.122833
TXN_57a832464f7a,1,SUCCESS,,2026-07-17 23:34:39.122833
TXN_28bfc2c5b969,1,FAILED,AUTHENTICATION_FAILED,2026-07-21 17:58:15.122833
TXN_937105521481,1,FAILED,BANK_DECLINED,2026-08-12 11:39:06.122833
TXN_937105521481,2,SUCCESS,,2026-08-12 12:52:06.122833
TXN_e88b2f8fa578,1,SUCCESS,,2026-07-26 19:47:28.122833
TXN_96e96c4e5b98,1,SUCCESS,,2026-08-01 05:56:00.122833
TXN_19f95f397a44,1,SUCCESS,,2026-08-02 18:46:39.122833
TXN_c0ff5ec2ce4f,1,FAILED,CUSTOMER_CANCELLED,2026-08-18 09:43:38.122833
TXN_42b20bbb4114,1,FAILED,INSUFFICIENT_FUNDS,2026-06-28 20:05:22.122833
TXN_3f0f81de8b28,1,SUCCESS,,2026-07-21 18:13:17.122833
TXN_7261cb6aa31f,1,SUCCESS,,2026-08-31 12:06:35.122833
TXN_7d4b1f40fa11,1,SUCCESS,,2026-08-23 10:09:37.122833
TXN_4c8d2add052b,1,FAILED,BANK_DECLINED,2026-08-05 21:46:29.122833
TXN_0a9d85de21a0,1,FAILED,BANK_DECLINED,2026-08-27 07:59:34.122833
TXN_b595e290ba5a,1,SUCCESS,,2026-06-30 01:09:38.122833
TXN_55b954bf6683,1,SUCCESS,,2026-07-29 12:18:17.122833
TXN_18e4c3191b96,1,SUCCESS,,2026-08-09 11:06:45.122833
TXN_4a5a3dd73a81,1,SUCCESS,,2026-08-10 08:16:53.122833
TXN_f3a71f0c9aac,1,SUCCESS,,2026-07-30 17:32:05.122833
TXN_2edf322e86d5,1,FAILED,CARD_EXPIRED,2026-08-01 19:35:02.122833
TXN_45feb185f554,1,FAILED,UPI_TIMEOUT,2026-07-30 13:58:38.122833
TXN_45feb185f554,2,SUCCESS,,2026-07-30 15:25:38.122833
TXN_55641deaef1d,1,SUCCESS,,2026-08-16 20:25:34.122833
TXN_c042b097c0bf,1,FAILED,CARD_EXPIRED,2026-06-24 04:40:05.122833
TXN_21858e91b38b,1,SUCCESS,,2026-06-12 09:20:56.122833
TXN_55b52e702c31,1,SUCCESS,,2026-08-19 19:30:21.122833
TXN_33733f6e1576,1,SUCCESS,,2026-08-01 09:33:26.122833
TXN_0ba49a958650,1,FAILED,UPI_TIMEOUT,2026-06-02 23:52:50.122833
TXN_0ba49a958650,2,SUCCESS,,2026-06-03 00:02:50.122833
TXN_faf14eb4ac3b,1,SUCCESS,,2026-08-09 11:10:48.122833
TXN_67d73aa366fb,1,SUCCESS,,2026-08-20 21:13:41.122833
TXN_2c4f32164a54,1,FAILED,INSUFFICIENT_FUNDS,2026-07-01 17:48:51.122833
TXN_abaaf708e02e,1,SUCCESS,,2026-07-11 05:03:12.122833
TXN_5576df6e2066,1,SUCCESS,,2026-08-23 20:35:17.122833
TXN_3f4a4d205696,1,SUCCESS,,2026-06-22 12:07:05.122833
TXN_990f77f8a6ec,1,SUCCESS,,2026-07-04 14:55:08.122833
TXN_fa9c7a723384,1,SUCCESS,,2026-07-23 07:04:39.122833
TXN_a90dec4b9384,1,FAILED,NETWORK_TIMEOUT,2026-08-09 08:36:28.122833
TXN_f3c9f8d54428,1,SUCCESS,,2026-07-17 23:48:31.122833
TXN_d75fcebe5556,1,FAILED,INSUFFICIENT_FUNDS,2026-07-10 14:25:40.122833
TXN_a09294c6bea1,1,SUCCESS,,2026-07-15 16:32:48.122833
TXN_b687b058e374,1,SUCCESS,,2026-08-27 09:17:17.122833
TXN_b4f6332c8ae8,1,SUCCESS,,2026-08-24 21:50:10.122833
TXN_88ef0d9c7a8b,1,SUCCESS,,2026-06-07 12:29:35.122833
TXN_5bd1224261d6,1,SUCCESS,,2026-06-10 17:20:21.122833
TXN_39b120158184,1,FAILED,UPI_TIMEOUT,2026-07-07 04:40:14.122833
TXN_39b120158184,2,SUCCESS,,2026-07-07 05:44:14.122833
TXN_4fd654dd784a,1,SUCCESS,,2026-06-29 13:38:46.122833
TXN_58d2f0d4b866,1,SUCCESS,,2026-07-03 21:46:58.122833
TXN_b44efd51f6c6,1,SUCCESS,,2026-06-12 07:05:34.122833
TXN_acd0abae12b9,1,SUCCESS,,2026-06-03 03:41:43.122833
TXN_e74b28aaf836,1,SUCCESS,,2026-08-17 23:57:59.122833
TXN_9d7e57b7dc99,1,SUCCESS,,2026-08-07 22:33:13.122833
TXN_b70aeec5a752,1,SUCCESS,,2026-07-04 03:53:36.122833
TXN_ef62b85e86c3,1,FAILED,BANK_DECLINED,2026-06-27 20:14:12.122833
TXN_466e42a47a51,1,FAILED,NETWORK_TIMEOUT,2026-06-03 01:52:18.122833
TXN_ab16ec822bd6,1,SUCCESS,,2026-07-12 01:39:43.122833
TXN_a1c72741485c,1,SUCCESS,,2026-08-22 19:32:41.122833
TXN_b7c2aebfa7b1,1,SUCCESS,,2026-07-16 13:04:53.122833
TXN_69949f36e840,1,SUCCESS,,2026-07-01 13:27:06.122833
TXN_3eafb2ad213c,1,FAILED,AUTHENTICATION_FAILED,2026-08-04 00:38:05.122833
TXN_7392ecf83d49,1,SUCCESS,,2026-08-12 14:28:06.122833
TXN_50272585d99c,1,SUCCESS,,2026-07-31 16:46:10.122833
TXN_e75121c50dfa,1,SUCCESS,,2026-08-06 10:51:20.122833
TXN_25f5869bc600,1,SUCCESS,,2026-08-21 13:39:38.122833
TXN_a80c6273ad8d,1,FAILED,LIMIT_EXCEEDED,2026-08-26 19:24:49.122833
TXN_a80c6273ad8d,2,SUCCESS,,2026-08-26 19:56:49.122833
TXN_0083902b82d7,1,SUCCESS,,2026-07-26 12:09:52.122833
TXN_394634541492,1,SUCCESS,,2026-07-23 17:29:38.122833
TXN_eb45fc19b651,1,FAILED,BANK_DECLINED,2026-07-06 23:05:55.122833
TXN_0406c2df4c5a,1,SUCCESS,,2026-07-22 01:26:40.122833
TXN_77cbcdf6a7b3,1,SUCCESS,,2026-08-03 15:42:41.122833
TXN_51c743620e6c,1,FAILED,BANK_DECLINED,2026-07-29 08:17:49.122833
TXN_51c743620e6c,2,SUCCESS,,2026-07-29 10:10:49.122833
TXN_cb7661883f22,1,SUCCESS,,2026-07-14 13:27:19.122833
TXN_2f595a3386ef,1,SUCCESS,,2026-08-04 18:32:38.122833
TXN_28e544267590,1,SUCCESS,,2026-07-06 22:43:06.122833
TXN_389458a0965a,1,SUCCESS,,2026-07-23 03:24:52.122833
TXN_5405fc790b01,1,SUCCESS,,2026-08-23 13:55:19.122833
TXN_f5da71f06a3f,1,SUCCESS,,2026-07-15 07:40:55.122833
TXN_26f094dca07c,1,SUCCESS,,2026-07-07 19:13:25.122833
TXN_d9570869a8e4,1,FAILED,BANK_DECLINED,2026-06-09 01:46:20.122833
TXN_104a5c0915d0,1,FAILED,INSUFFICIENT_FUNDS,2026-07-23 08:17:57.122833
TXN_104a5c0915d0,2,SUCCESS,,2026-07-23 10:16:57.122833
TXN_8ce88115b658,1,SUCCESS,,2026-06-15 03:16:27.122833
TXN_d74846eb4ca3,1,SUCCESS,,2026-08-09 04:56:03.122833
TXN_f6329728f854,1,SUCCESS,,2026-06-18 01:15:57.122833
TXN_eb91c348fdd7,1,SUCCESS,,2026-06-05 14:53:53.122833
TXN_6d8ecfbe6d1e,1,SUCCESS,,2026-08-02 01:23:07.122833
TXN_406a5fc10204,1,SUCCESS,,2026-07-01 00:01:19.122833
TXN_f8d36ffae8e9,1,SUCCESS,,2026-06-21 06:51:06.122833
TXN_964fe915371c,1,SUCCESS,,2026-06-23 08:10:25.122833
TXN_0c0001b2756f,1,SUCCESS,,2026-06-11 13:22:32.122833
TXN_0d0254d53b35,1,FAILED,UPI_TIMEOUT,2026-07-18 02:36:21.122833
TXN_0d0254d53b35,2,SUCCESS,,2026-07-18 03:40:21.122833
TXN_5ffcf8edcade,1,SUCCESS,,2026-08-21 12:51:34.122833
TXN_063a2b766e45,1,FAILED,AUTHENTICATION_FAILED,2026-07-25 21:04:00.122833
TXN_7cd60f0687a7,1,SUCCESS,,2026-06-25 11:16:28.122833
TXN_088b16dd63bc,1,SUCCESS,,2026-06-14 03:45:52.122833
TXN_7f5495fcd4a3,1,SUCCESS,,2026-08-27 10:00:32.122833
TXN_c3aac820e34b,1,FAILED,INSUFFICIENT_FUNDS,2026-06-06 02:02:41.122833
TXN_f1e87f5546d4,1,SUCCESS,,2026-08-21 14:14:32.122833
TXN_0d20953a58c8,1,SUCCESS,,2026-07-16 02:19:45.122833
TXN_b451d0b43681,1,SUCCESS,,2026-07-15 23:05:01.122833
TXN_65fb0310e07f,1,SUCCESS,,2026-07-13 10:42:42.122833
TXN_e1df375f6a34,1,SUCCESS,,2026-08-21 01:42:30.122833
TXN_b96d32ac9511,1,SUCCESS,,2026-08-23 10:40:50.122833
TXN_ec9902b1f37d,1,SUCCESS,,2026-07-29 05:17:07.122833
TXN_0cebf9c9d16e,1,FAILED,CARD_EXPIRED,2026-07-01 23:14:26.122833
TXN_673f1de704fc,1,SUCCESS,,2026-07-10 12:32:38.122833
TXN_0f1f0e9d83b7,1,SUCCESS,,2026-07-26 01:06:31.122833
TXN_ab02be33f1af,1,FAILED,INSUFFICIENT_FUNDS,2026-06-04 05:43:51.122833
TXN_dac238bbe28d,1,SUCCESS,,2026-07-11 08:26:50.122833
TXN_3951bfe580a7,1,SUCCESS,,2026-07-31 02:35:16.122833
TXN_0ec120fa007d,1,FAILED,NETWORK_TIMEOUT,2026-08-26 21:24:14.122833
TXN_0ec120fa007d,2,SUCCESS,,2026-08-26 22:05:14.122833
TXN_eddb8d7c9de2,1,SUCCESS,,2026-08-18 05:07:41.122833
TXN_2126d51bc4f9,1,FAILED,NETWORK_TIMEOUT,2026-07-22 04:29:00.122833
TXN_2126d51bc4f9,2,SUCCESS,,2026-07-22 06:11:00.122833
TXN_819bc2390f49,1,FAILED,CUSTOMER_CANCELLED,2026-06-03 06:46:32.122833
TXN_819bc2390f49,2,SUCCESS,,2026-06-03 07:14:32.122833
TXN_6ba7be3fed7b,1,SUCCESS,,2026-06-06 03:45:38.122833
TXN_92c1417e9d00,1,SUCCESS,,2026-07-19 07:17:13.122833
TXN_d1a3ff8c4bd1,1,SUCCESS,,2026-07-31 12:04:02.122833
TXN_191293945832,1,SUCCESS,,2026-08-05 22:41:33.122833
TXN_1096284895a3,1,SUCCESS,,2026-08-31 01:11:47.122833
TXN_8cb408ae6c87,1,SUCCESS,,2026-07-04 10:26:08.122833
TXN_cc5d66dc78cb,1,SUCCESS,,2026-08-25 14:02:01.122833
TXN_853b527178cf,1,SUCCESS,,2026-07-15 21:49:56.122833
TXN_4f20cd43b59f,1,SUCCESS,,2026-08-15 23:08:21.122833
TXN_b08da47e2f94,1,SUCCESS,,2026-06-12 07:43:52.122833
TXN_e46ded787f0e,1,SUCCESS,,2026-07-15 07:35:18.122833
TXN_d3649db62694,1,SUCCESS,,2026-07-23 13:13:54.122833
TXN_0c24c208e053,1,FAILED,INSUFFICIENT_FUNDS,2026-07-22 18:04:45.122833
TXN_c28278eacf10,1,FAILED,LIMIT_EXCEEDED,2026-07-08 07:02:18.122833
TXN_c28278eacf10,2,SUCCESS,,2026-07-08 08:28:18.122833
TXN_1a72c6047899,1,SUCCESS,,2026-07-02 19:53:37.122833
TXN_bff226f46b9b,1,SUCCESS,,2026-08-30 21:31:43.122833
TXN_0fccb584dfb9,1,SUCCESS,,2026-08-18 14:50:17.122833
TXN_9df5e704b5a0,1,SUCCESS,,2026-06-13 15:36:35.122833
TXN_99596ed80048,1,SUCCESS,,2026-07-31 00:31:18.122833
TXN_30f3ca2a552e,1,SUCCESS,,2026-08-01 14:11:59.122833
TXN_20d05289153e,1,SUCCESS,,2026-08-03 14:53:55.122833
TXN_d277e6622c75,1,FAILED,NETWORK_TIMEOUT,2026-07-13 23:50:10.122833
TXN_d277e6622c75,2,SUCCESS,,2026-07-14 01:27:10.122833
TXN_c6e2f3b06382,1,SUCCESS,,2026-08-20 06:16:47.122833
TXN_9c81b7436209,1,SUCCESS,,2026-08-12 01:12:12.122833
TXN_85d271e1f9de,1,FAILED,LIMIT_EXCEEDED,2026-07-14 13:00:45.122833
TXN_25a893df2f86,1,SUCCESS,,2026-08-15 05:31:26.122833
TXN_0f8af3b4a3c9,1,SUCCESS,,2026-07-29 03:12:13.122833
TXN_be531786cb49,1,SUCCESS,,2026-07-30 23:46:29.122833
TXN_5fd57c301798,1,SUCCESS,,2026-06-12 17:46:31.122833
TXN_35f74ae78d21,1,SUCCESS,,2026-08-10 14:20:48.122833
TXN_c9903adc1e53,1,SUCCESS,,2026-07-08 08:32:23.122833
TXN_a184df28bcab,1,SUCCESS,,2026-06-24 14:28:19.122833
TXN_8a140721a633,1,SUCCESS,,2026-07-08 19:09:51.122833
TXN_a08ea280874a,1,SUCCESS,,2026-06-26 14:56:21.122833
TXN_5b847a703d34,1,SUCCESS,,2026-08-29 23:42:30.122833
TXN_6bca12d57385,1,SUCCESS,,2026-08-10 10:29:55.122833
TXN_43595b54ec6c,1,SUCCESS,,2026-08-02 23:28:22.122833
TXN_2f20c38cdf6c,1,SUCCESS,,2026-07-19 21:17:16.122833
TXN_f9314740b6b3,1,SUCCESS,,2026-07-13 19:58:31.122833
TXN_ff07c6f96c50,1,SUCCESS,,2026-08-28 17:49:50.122833
TXN_b5291795b533,1,FAILED,AUTHENTICATION_FAILED,2026-07-26 04:10:42.122833
TXN_a1f315463928,1,SUCCESS,,2026-06-24 17:28:19.122833
TXN_da85a33f2a44,1,SUCCESS,,2026-07-10 03:13:02.122833
TXN_38b2ed5c2a0b,1,SUCCESS,,2026-06-22 08:18:39.122833
TXN_903f9c90acb3,1,SUCCESS,,2026-06-15 01:42:06.122833
TXN_53797421236e,1,SUCCESS,,2026-06-30 14:53:15.122833
TXN_aeac1bdafba6,1,FAILED,INSUFFICIENT_FUNDS,2026-08-20 10:14:48.122833
TXN_556e9d06828b,1,SUCCESS,,2026-06-05 11:16:05.122833
TXN_2de9bd452c5d,1,SUCCESS,,2026-06-13 22:00:15.122833
TXN_a2f98f2246c8,1,SUCCESS,,2026-06-14 13:14:30.122833
TXN_a5a6fad25775,1,SUCCESS,,2026-06-10 04:01:24.122833
TXN_11eb612bf6e1,1,SUCCESS,,2026-06-29 13:53:00.122833
TXN_599f6c601cd8,1,FAILED,BANK_DECLINED,2026-06-15 13:46:02.122833
TXN_599f6c601cd8,2,SUCCESS,,2026-06-15 13:53:02.122833
TXN_0131512aab50,1,SUCCESS,,2026-07-25 10:29:03.122833
TXN_91f36f7b4fb6,1,FAILED,BANK_DECLINED,2026-07-13 16:54:14.122833
TXN_e05762dda2e0,1,SUCCESS,,2026-08-13 11:33:01.122833
TXN_b54fe52a17b3,1,SUCCESS,,2026-07-04 09:15:25.122833
TXN_a10af27a80df,1,SUCCESS,,2026-06-29 05:38:29.122833
TXN_ab74f5a36838,1,SUCCESS,,2026-06-08 16:23:22.122833
TXN_dc7afceb6e15,1,SUCCESS,,2026-08-27 04:49:58.122833
TXN_8463b02cd8b0,1,FAILED,NETWORK_TIMEOUT,2026-06-13 06:47:06.122833
TXN_8463b02cd8b0,2,SUCCESS,,2026-06-13 08:45:06.122833
TXN_5f1a993d22e9,1,SUCCESS,,2026-06-23 18:46:23.122833
TXN_3a5bcdb955cc,1,FAILED,UPI_TIMEOUT,2026-08-29 10:13:33.122833
TXN_3a5bcdb955cc,2,SUCCESS,,2026-08-29 11:35:33.122833
TXN_f8cffa299531,1,SUCCESS,,2026-07-29 04:01:57.122833
TXN_798212061859,1,FAILED,UPI_TIMEOUT,2026-07-09 01:38:38.122833
TXN_798212061859,2,SUCCESS,,2026-07-09 03:08:38.122833
TXN_bf36a0e57092,1,SUCCESS,,2026-06-06 23:10:42.122833
TXN_74a2f74b2e9b,1,SUCCESS,,2026-07-03 23:53:10.122833
TXN_15ab9a02c265,1,SUCCESS,,2026-06-08 18:26:14.122833
TXN_04b20e005187,1,FAILED,INSUFFICIENT_FUNDS,2026-08-17 06:42:08.122833
TXN_5a80eb8b1fc6,1,FAILED,INSUFFICIENT_FUNDS,2026-07-19 07:26:05.122833
TXN_5a80eb8b1fc6,2,SUCCESS,,2026-07-19 09:10:05.122833
TXN_4ea85a400bd5,1,SUCCESS,,2026-06-02 16:12:50.122833
TXN_9e42f425cc16,1,SUCCESS,,2026-06-27 03:10:38.122833
TXN_b0c66aa7a452,1,SUCCESS,,2026-06-10 17:22:52.122833
TXN_5b35e47db87a,1,FAILED,LIMIT_EXCEEDED,2026-06-17 01:07:59.122833
TXN_760501e0e449,1,SUCCESS,,2026-07-17 01:33:18.122833
TXN_5709def292b2,1,SUCCESS,,2026-06-08 18:23:41.122833
TXN_da370ea6f075,1,SUCCESS,,2026-07-03 21:12:59.122833
TXN_2f04621fb758,1,SUCCESS,,2026-06-11 19:10:05.122833
TXN_686003f54c53,1,SUCCESS,,2026-07-21 08:13:20.122833
TXN_ac2636ec78b7,1,SUCCESS,,2026-06-26 05:04:56.122833
TXN_8c3199f874e3,1,SUCCESS,,2026-06-08 21:38:45.122833
TXN_79769d272996,1,SUCCESS,,2026-08-02 21:25:02.122833
TXN_3cd4ffe7fdad,1,SUCCESS,,2026-06-10 03:13:25.122833
TXN_8d64e11c8cf9,1,SUCCESS,,2026-08-02 20:22:45.122833
TXN_a89e39621415,1,SUCCESS,,2026-08-23 01:15:31.122833
TXN_0d39d5bd49c2,1,SUCCESS,,2026-06-16 11:05:04.122833
TXN_955fc92a45ea,1,FAILED,INSUFFICIENT_FUNDS,2026-08-31 08:36:01.122833
TXN_9ac0c8aafeea,1,FAILED,INSUFFICIENT_FUNDS,2026-08-10 05:09:43.122833
TXN_35c531fb5fc4,1,SUCCESS,,2026-06-21 13:18:05.122833
TXN_1f478c5f6a5e,1,FAILED,UPI_TIMEOUT,2026-08-04 10:03:30.122833
TXN_1f478c5f6a5e,2,SUCCESS,,2026-08-04 10:47:30.122833
TXN_866ff76bbf79,1,SUCCESS,,2026-07-04 07:01:37.122833
TXN_0cfacdc101f5,1,SUCCESS,,2026-06-11 21:40:57.122833
TXN_3a8544afd46a,1,SUCCESS,,2026-06-06 03:48:28.122833
TXN_cd26cb695726,1,SUCCESS,,2026-07-27 14:08:55.122833
TXN_f8c1ff34870c,1,FAILED,LIMIT_EXCEEDED,2026-08-28 06:49:28.122833
TXN_f8c1ff34870c,2,SUCCESS,,2026-08-28 08:39:28.122833
TXN_962546f5e264,1,FAILED,CUSTOMER_CANCELLED,2026-06-15 18:31:48.122833
TXN_ed469f337803,1,SUCCESS,,2026-06-25 03:12:49.122833
TXN_3bde9d1e28b6,1,SUCCESS,,2026-06-07 04:19:44.122833
TXN_e73b43661bb2,1,SUCCESS,,2026-08-13 08:43:58.122833
TXN_48a52917bbbf,1,SUCCESS,,2026-06-27 10:56:54.122833
TXN_744c36d691a5,1,SUCCESS,,2026-06-24 17:14:06.122833
TXN_e8a14f55a07b,1,SUCCESS,,2026-08-18 22:35:37.122833
TXN_4e4db568f370,1,SUCCESS,,2026-08-22 10:00:22.122833
TXN_01965d7fa2ab,1,SUCCESS,,2026-07-02 03:23:12.122833
TXN_a290f7da746f,1,SUCCESS,,2026-07-31 18:23:50.122833
TXN_5f1914588574,1,SUCCESS,,2026-07-22 07:24:30.122833
TXN_9ddca1388a08,1,SUCCESS,,2026-08-12 10:38:53.122833
TXN_cf80ea441ad0,1,SUCCESS,,2026-08-03 09:53:02.122833
TXN_b4334db1a783,1,SUCCESS,,2026-06-29 11:11:14.122833
TXN_a64ca3d71130,1,SUCCESS,,2026-08-01 23:20:04.122833
TXN_0848e7a14b7e,1,SUCCESS,,2026-07-05 02:03:31.122833
TXN_d3146f3273d0,1,SUCCESS,,2026-07-08 14:41:08.122833
TXN_d18549b0ecc2,1,SUCCESS,,2026-08-15 18:41:06.122833
TXN_908e41a2a40f,1,SUCCESS,,2026-08-26 07:03:29.122833
TXN_ffb2403a0022,1,SUCCESS,,2026-07-01 17:45:22.122833
TXN_ca58965cca64,1,SUCCESS,,2026-06-26 19:04:28.122833
TXN_b9d64d012fc7,1,SUCCESS,,2026-08-26 20:37:07.122833
TXN_fafd75811acd,1,SUCCESS,,2026-07-14 18:21:44.122833
TXN_0a7f1cad35f9,1,FAILED,AUTHENTICATION_FAILED,2026-07-28 23:10:05.122833
TXN_0a7f1cad35f9,2,SUCCESS,,2026-07-28 23:22:05.122833
TXN_f4e27d495555,1,SUCCESS,,2026-08-27 02:32:07.122833
TXN_56b58e8ad35c,1,SUCCESS,,2026-06-17 13:26:03.122833
TXN_2da3eb37634b,1,FAILED,INSUFFICIENT_FUNDS,2026-07-20 13:07:41.122833
TXN_54e0e67f47cf,1,SUCCESS,,2026-06-10 12:57:49.122833
TXN_9f03703945d5,1,SUCCESS,,2026-06-21 16:16:46.122833
TXN_7ac42bcb593b,1,SUCCESS,,2026-06-23 05:31:53.122833
TXN_581580aaa523,1,SUCCESS,,2026-08-14 07:51:15.122833
TXN_925b9864d0f3,1,FAILED,NETWORK_TIMEOUT,2026-07-10 18:48:42.122833
TXN_925b9864d0f3,2,SUCCESS,,2026-07-10 20:28:42.122833
TXN_424fde8ae610,1,SUCCESS,,2026-08-03 15:08:44.122833
TXN_aa5e8cd318f5,1,SUCCESS,,2026-08-18 00:58:17.122833
TXN_d79b678e17b6,1,SUCCESS,,2026-08-07 00:27:27.122833
TXN_1049edc4a0ec,1,FAILED,NETWORK_TIMEOUT,2026-08-05 06:26:23.122833
TXN_1049edc4a0ec,2,SUCCESS,,2026-08-05 08:18:23.122833
TXN_0c296c72b39a,1,SUCCESS,,2026-07-20 20:41:53.122833
TXN_025dc186744e,1,SUCCESS,,2026-08-08 16:49:19.122833
TXN_9cb8fb806975,1,FAILED,UPI_TIMEOUT,2026-06-29 04:31:38.122833
TXN_9cb8fb806975,2,SUCCESS,,2026-06-29 05:07:38.122833
TXN_8dee5dcbaa70,1,FAILED,UPI_TIMEOUT,2026-08-29 08:27:18.122833
TXN_8dee5dcbaa70,2,SUCCESS,,2026-08-29 08:46:18.122833
TXN_9ef9150db6c2,1,SUCCESS,,2026-06-29 07:23:26.122833
TXN_128c9e9e5ffd,1,SUCCESS,,2026-07-11 06:18:44.122833
TXN_9743682c29e1,1,FAILED,BANK_DECLINED,2026-07-11 03:07:00.122833
TXN_9a768cf0bf6c,1,SUCCESS,,2026-07-28 17:33:28.122833
TXN_033235d0594e,1,FAILED,NETWORK_TIMEOUT,2026-07-01 09:20:51.122833
TXN_033235d0594e,2,SUCCESS,,2026-07-01 09:55:51.122833
TXN_4d3d9c7da9cb,1,SUCCESS,,2026-07-30 15:27:04.122833
TXN_4b32612ed64e,1,SUCCESS,,2026-08-02 19:47:26.122833
TXN_e4f8835a8e6b,1,SUCCESS,,2026-06-28 01:29:06.122833
TXN_0bd717e17e5b,1,FAILED,AUTHENTICATION_FAILED,2026-06-20 05:20:30.122833
TXN_24ead6fa7b1b,1,SUCCESS,,2026-07-27 15:56:10.122833
TXN_4df997c0202e,1,SUCCESS,,2026-06-05 01:57:30.122833
TXN_fcf16501cb93,1,SUCCESS,,2026-06-24 00:34:17.122833
TXN_a5b63acc718e,1,SUCCESS,,2026-06-19 02:02:47.122833
TXN_0a6954637d87,1,FAILED,UPI_TIMEOUT,2026-08-16 22:44:25.122833
TXN_e98a28845597,1,FAILED,BANK_DECLINED,2026-06-05 21:19:40.122833
TXN_e98a28845597,2,SUCCESS,,2026-06-05 22:45:40.122833
TXN_2e8fb7665171,1,SUCCESS,,2026-06-28 23:55:49.122833
TXN_84e50e8af2d0,1,SUCCESS,,2026-08-05 08:47:59.122833
TXN_9ae620245e97,1,SUCCESS,,2026-06-29 22:11:00.122833
TXN_ece93cbf063e,1,SUCCESS,,2026-06-11 04:50:35.122833
TXN_aedfdb5fb1de,1,FAILED,INSUFFICIENT_FUNDS,2026-07-30 21:37:13.122833
TXN_aedfdb5fb1de,2,SUCCESS,,2026-07-30 22:22:13.122833
TXN_606f2dcd4a79,1,SUCCESS,,2026-06-11 10:44:18.122833
TXN_42695863c842,1,SUCCESS,,2026-08-10 13:39:49.122833
TXN_8cfba7413c9a,1,SUCCESS,,2026-08-23 23:19:42.122833
TXN_234df5f53e5e,1,SUCCESS,,2026-06-17 05:06:24.122833
TXN_13ebbe91dede,1,SUCCESS,,2026-08-31 11:42:14.122833
TXN_8872480c154e,1,FAILED,NETWORK_TIMEOUT,2026-06-09 14:57:39.122833
TXN_8872480c154e,2,SUCCESS,,2026-06-09 15:24:39.122833
TXN_b6fba53a892a,1,FAILED,LIMIT_EXCEEDED,2026-06-14 10:37:51.122833
TXN_efdef80e9845,1,FAILED,BANK_DECLINED,2026-07-04 13:17:07.122833
TXN_efdef80e9845,2,SUCCESS,,2026-07-04 14:24:07.122833
TXN_aa0f46f9b147,1,FAILED,CARD_EXPIRED,2026-06-22 22:36:16.122833
TXN_1cfd407e903a,1,SUCCESS,,2026-07-27 12:00:54.122833
TXN_18902feccb0f,1,SUCCESS,,2026-06-12 06:39:27.122833
TXN_7252c0417187,1,SUCCESS,,2026-08-18 00:41:02.122833
TXN_f965e3c84f0d,1,SUCCESS,,2026-06-13 20:40:42.122833
TXN_71ce4eb88122,1,SUCCESS,,2026-08-07 19:10:44.122833
TXN_0c35bc8743b8,1,FAILED,CARD_EXPIRED,2026-07-02 01:27:58.122833
TXN_49dfe2d0eebd,1,SUCCESS,,2026-07-26 13:06:44.122833
TXN_dd3d4007d16c,1,FAILED,NETWORK_TIMEOUT,2026-08-23 04:35:54.122833
TXN_dd3d4007d16c,2,SUCCESS,,2026-08-23 06:25:54.122833
TXN_6291230b0354,1,SUCCESS,,2026-08-29 19:38:48.122833
TXN_1cc5b5d0eeba,1,SUCCESS,,2026-06-23 06:59:09.122833
TXN_1e0f1241c910,1,SUCCESS,,2026-07-09 13:08:38.122833
TXN_1ecbf0b30234,1,SUCCESS,,2026-07-26 09:31:45.122833
TXN_bd59137da6eb,1,SUCCESS,,2026-07-01 21:17:46.122833
TXN_6310ad121092,1,FAILED,UPI_TIMEOUT,2026-08-17 13:37:21.122833
TXN_6310ad121092,2,SUCCESS,,2026-08-17 15:16:21.122833
TXN_0431e18148b6,1,SUCCESS,,2026-06-14 03:35:09.122833
TXN_3d62a943880d,1,SUCCESS,,2026-06-10 14:22:24.122833
TXN_af3761961bb8,1,FAILED,CARD_EXPIRED,2026-08-06 00:20:14.122833
TXN_82ca4035b4ee,1,SUCCESS,,2026-07-25 18:59:18.122833
TXN_d99d050c6dc3,1,SUCCESS,,2026-06-19 15:18:36.122833
TXN_dfeb8ee0700f,1,SUCCESS,,2026-06-02 19:03:49.122833
TXN_2a2d23197ec7,1,SUCCESS,,2026-08-10 07:09:40.122833
TXN_510e37ef2d86,1,FAILED,LIMIT_EXCEEDED,2026-07-23 03:26:32.122833
TXN_575e9133889e,1,SUCCESS,,2026-06-30 00:13:59.122833
TXN_f5029ef59625,1,FAILED,INSUFFICIENT_FUNDS,2026-06-05 13:43:38.122833
TXN_f5029ef59625,2,SUCCESS,,2026-06-05 14:31:38.122833
TXN_ad95d36bee36,1,FAILED,INSUFFICIENT_FUNDS,2026-07-05 16:19:49.122833
TXN_2293ce0861a0,1,FAILED,INSUFFICIENT_FUNDS,2026-06-22 19:31:21.122833
TXN_2293ce0861a0,2,SUCCESS,,2026-06-22 19:56:21.122833
TXN_dd76fe70c8ce,1,SUCCESS,,2026-08-24 07:03:27.122833
TXN_ae8687e3c9d0,1,SUCCESS,,2026-06-17 18:00:58.122833
TXN_5d2dc0c0403b,1,SUCCESS,,2026-07-08 05:26:22.122833
TXN_217e46cd8ddb,1,SUCCESS,,2026-08-06 00:03:05.122833
TXN_3ecc891403ee,1,SUCCESS,,2026-06-13 09:33:11.122833
TXN_aee930e35c03,1,SUCCESS,,2026-08-04 12:58:16.122833
TXN_f40d64553be7,1,SUCCESS,,2026-08-18 01:15:49.122833
TXN_806543535dd6,1,SUCCESS,,2026-06-02 22:21:29.122833
TXN_5fcca52d8646,1,SUCCESS,,2026-07-30 19:18:45.122833
TXN_5e34d820152f,1,FAILED,BANK_DECLINED,2026-07-19 18:30:14.122833
TXN_5e34d820152f,2,SUCCESS,,2026-07-19 19:42:14.122833
TXN_f4fa62e9a285,1,SUCCESS,,2026-06-21 06:09:45.122833
TXN_b74945259734,1,SUCCESS,,2026-06-18 06:18:32.122833
TXN_ba55cc0d8ddd,1,SUCCESS,,2026-07-26 14:05:36.122833
TXN_310c9ed017ca,1,SUCCESS,,2026-08-25 17:03:20.122833
TXN_ce2ea6efbe45,1,SUCCESS,,2026-07-30 09:58:11.122833
TXN_dcfc286894bc,1,FAILED,NETWORK_TIMEOUT,2026-08-14 13:02:32.122833
TXN_dcfc286894bc,2,SUCCESS,,2026-08-14 14:46:32.122833
TXN_214ee71a8fd1,1,SUCCESS,,2026-07-08 19:34:39.122833
TXN_41e36d74e965,1,SUCCESS,,2026-07-06 07:00:05.122833
TXN_9b6da20fd72a,1,FAILED,UPI_TIMEOUT,2026-06-21 10:58:35.122833
TXN_9b6da20fd72a,2,SUCCESS,,2026-06-21 12:22:35.122833
TXN_2333a4a960bb,1,FAILED,UPI_TIMEOUT,2026-06-18 14:13:05.122833
TXN_2333a4a960bb,2,SUCCESS,,2026-06-18 15:46:05.122833
TXN_201c09aaf80c,1,SUCCESS,,2026-08-18 10:47:59.122833
TXN_f120d2f5589e,1,SUCCESS,,2026-07-07 11:47:26.122833
TXN_e63e62a2e7f5,1,SUCCESS,,2026-07-23 11:49:04.122833
TXN_31c69cb1827c,1,SUCCESS,,2026-06-04 21:39:31.122833
TXN_201ed8379859,1,SUCCESS,,2026-07-04 13:59:18.122833
TXN_e497a08f7714,1,SUCCESS,,2026-08-17 23:22:35.122833
TXN_d32e59999351,1,SUCCESS,,2026-06-28 02:21:11.122833
TXN_8ee369a09b46,1,SUCCESS,,2026-08-12 17:49:42.122833
TXN_8c9fc2608d5f,1,SUCCESS,,2026-08-03 21:18:23.122833
TXN_20688a3cc913,1,SUCCESS,,2026-07-10 00:42:18.122833
TXN_e9cea03b1668,1,SUCCESS,,2026-08-03 23:26:27.122833
TXN_ba8b92f42d91,1,SUCCESS,,2026-07-26 19:19:26.122833
TXN_a1a932e4d87e,1,SUCCESS,,2026-08-21 14:12:29.122833
TXN_5dee1dacc844,1,SUCCESS,,2026-08-30 16:47:21.122833
TXN_12ebd6dc2f3c,1,SUCCESS,,2026-06-03 22:22:59.122833
TXN_727f0398d12e,1,SUCCESS,,2026-08-30 10:23:28.122833
TXN_9cb4a4858a82,1,SUCCESS,,2026-08-16 04:17:51.122833
TXN_d7f7ade72f1d,1,FAILED,CUSTOMER_CANCELLED,2026-06-02 15:54:32.122833
TXN_465e9a9bb8ed,1,SUCCESS,,2026-06-07 08:10:03.122833
TXN_c4cb315fa4e5,1,SUCCESS,,2026-08-19 08:50:10.122833
TXN_182b23743f5c,1,SUCCESS,,2026-07-10 07:39:08.122833
TXN_210e55c7be72,1,FAILED,BANK_DECLINED,2026-07-08 15:27:02.122833
TXN_210e55c7be72,2,SUCCESS,,2026-07-08 16:00:02.122833
TXN_a6bb28dc60e5,1,SUCCESS,,2026-07-15 17:19:51.122833
TXN_e45a639e0d48,1,SUCCESS,,2026-06-09 07:24:27.122833
TXN_d8fa43135b97,1,SUCCESS,,2026-06-23 22:53:24.122833
TXN_f20b2bcb5e23,1,SUCCESS,,2026-07-11 06:51:47.122833
TXN_8e2917c22fb9,1,SUCCESS,,2026-07-01 07:32:15.122833
TXN_0ffb2413ea8a,1,SUCCESS,,2026-07-03 23:15:44.122833
TXN_b9008f3d972a,1,SUCCESS,,2026-06-20 11:32:54.122833
TXN_1a13cac32d44,1,SUCCESS,,2026-07-01 20:52:03.122833
TXN_9f8549034c7d,1,FAILED,UPI_TIMEOUT,2026-08-10 11:28:30.122833
TXN_9f8549034c7d,2,SUCCESS,,2026-08-10 13:02:30.122833
TXN_1b2cd81909e1,1,SUCCESS,,2026-08-26 08:50:53.122833
TXN_dc215c09f123,1,SUCCESS,,2026-07-17 02:49:50.122833
TXN_92149cc4fd40,1,SUCCESS,,2026-06-19 12:05:13.122833
TXN_4a3616f1734b,1,SUCCESS,,2026-06-29 13:06:14.122833
TXN_21e5f78b6a2a,1,SUCCESS,,2026-06-24 02:47:03.122833
TXN_fb489e0c45c5,1,SUCCESS,,2026-06-30 20:42:56.122833
TXN_772e648853a3,1,SUCCESS,,2026-08-03 17:45:23.122833
TXN_d75e849cd1ee,1,SUCCESS,,2026-06-07 01:45:45.122833
TXN_609c6383b49b,1,SUCCESS,,2026-07-10 16:30:47.122833
TXN_f1993762c914,1,SUCCESS,,2026-07-15 13:44:54.122833
TXN_344ebb6f62f2,1,SUCCESS,,2026-06-16 01:52:21.122833
TXN_44e6e7c6a0e6,1,SUCCESS,,2026-07-25 04:19:25.122833
TXN_e5b9f523f222,1,SUCCESS,,2026-06-25 23:19:29.122833
TXN_cde5a1f8f956,1,SUCCESS,,2026-07-18 16:49:11.122833
TXN_0dccb238e4a9,1,SUCCESS,,2026-08-21 03:43:14.122833
TXN_f6afa5a870e9,1,SUCCESS,,2026-07-29 12:42:16.122833
TXN_875114724484,1,SUCCESS,,2026-06-03 08:03:01.122833
TXN_83d21edc69a9,1,SUCCESS,,2026-06-07 07:57:28.122833
TXN_acf4f139839c,1,SUCCESS,,2026-08-01 16:43:40.122833
TXN_ef56986782b3,1,SUCCESS,,2026-06-02 19:10:07.122833
TXN_a5e38d094e79,1,FAILED,CARD_EXPIRED,2026-07-05 18:19:51.122833
TXN_e259652ff62d,1,SUCCESS,,2026-07-09 03:50:35.122833
TXN_0f787687d5cd,1,SUCCESS,,2026-07-22 12:21:27.122833
TXN_7377d4eaeebe,1,SUCCESS,,2026-08-12 04:37:00.122833
TXN_6aad2b004ac9,1,FAILED,NETWORK_TIMEOUT,2026-06-24 15:05:25.122833
TXN_6aad2b004ac9,2,SUCCESS,,2026-06-24 16:10:25.122833
TXN_ecfadc13ba0f,1,FAILED,AUTHENTICATION_FAILED,2026-06-15 20:56:13.122833
TXN_ecfadc13ba0f,2,SUCCESS,,2026-06-15 22:53:13.122833
TXN_09752f5077e4,1,SUCCESS,,2026-07-18 02:34:07.122833
TXN_242163cff37b,1,SUCCESS,,2026-07-04 18:48:36.122833
TXN_57d92fc71ae5,1,SUCCESS,,2026-07-15 16:48:53.122833
TXN_11a942b0f055,1,SUCCESS,,2026-06-21 14:38:20.122833
TXN_3e8a380e2ef6,1,SUCCESS,,2026-08-06 15:45:51.122833
TXN_06b86ae238a1,1,SUCCESS,,2026-07-14 03:42:10.122833
TXN_df87a620812c,1,FAILED,INSUFFICIENT_FUNDS,2026-08-28 14:58:00.122833
TXN_8d671be3c2d6,1,SUCCESS,,2026-06-18 03:28:25.122833
TXN_2400c84f86e3,1,SUCCESS,,2026-07-25 17:59:32.122833
TXN_4994e230d91e,1,SUCCESS,,2026-06-08 09:52:53.122833
TXN_57ebe29072ab,1,SUCCESS,,2026-07-19 01:15:29.122833
TXN_250a1d6f42b2,1,SUCCESS,,2026-08-02 16:30:21.122833
TXN_c0ff3b0e3544,1,SUCCESS,,2026-06-15 18:03:49.122833
TXN_be70a6bd08bb,1,FAILED,CARD_EXPIRED,2026-07-29 11:18:59.122833
TXN_be70a6bd08bb,2,SUCCESS,,2026-07-29 13:04:59.122833
TXN_88d100dd2882,1,SUCCESS,,2026-07-22 18:38:05.122833
TXN_5a6667474dcd,1,SUCCESS,,2026-08-30 02:34:52.122833
TXN_cd475757089b,1,SUCCESS,,2026-07-02 20:22:23.122833
TXN_ed3680626102,1,SUCCESS,,2026-07-16 15:13:35.122833
TXN_e9463bf7a5fd,1,SUCCESS,,2026-07-27 09:58:35.122833
TXN_3638533d6c13,1,SUCCESS,,2026-06-09 16:48:56.122833
TXN_e67e22bdee52,1,SUCCESS,,2026-08-02 09:54:37.122833
TXN_b96b0e38b576,1,SUCCESS,,2026-07-19 01:55:40.122833
TXN_463308612618,1,SUCCESS,,2026-08-05 14:12:15.122833
TXN_fe55c94422db,1,SUCCESS,,2026-07-27 22:51:05.122833
TXN_0544191f133a,1,SUCCESS,,2026-06-16 03:19:57.122833
TXN_c3aaf0ee6e10,1,SUCCESS,,2026-08-20 16:20:44.122833
TXN_69aac27a121a,1,SUCCESS,,2026-07-01 00:43:28.122833
TXN_2ad27b107941,1,SUCCESS,,2026-08-26 05:07:02.122833
TXN_519f467efb92,1,SUCCESS,,2026-06-29 17:59:46.122833
TXN_cd330c5da9b3,1,SUCCESS,,2026-07-20 01:50:17.122833
TXN_26fa9330f815,1,SUCCESS,,2026-08-01 04:08:41.122833
TXN_f3278eb316ad,1,FAILED,INSUFFICIENT_FUNDS,2026-07-01 02:16:52.122833
TXN_5344e6e2c8ac,1,FAILED,INSUFFICIENT_FUNDS,2026-06-30 13:24:16.122833
TXN_dc811c0d3cdf,1,SUCCESS,,2026-08-02 07:49:31.122833
TXN_8033f8cb7893,1,SUCCESS,,2026-07-27 16:41:42.122833
TXN_92a4a320097d,1,SUCCESS,,2026-06-16 11:33:58.122833
TXN_64922bf47626,1,SUCCESS,,2026-08-14 11:36:29.122833
TXN_01aa3e9c5ea2,1,SUCCESS,,2026-06-25 01:36:03.122833
TXN_170724944cde,1,SUCCESS,,2026-08-17 02:21:54.122833
TXN_989aca7bc663,1,SUCCESS,,2026-06-09 16:20:55.122833
TXN_55b9a1807c0a,1,FAILED,LIMIT_EXCEEDED,2026-07-08 15:26:07.122833
TXN_55b9a1807c0a,2,SUCCESS,,2026-07-08 16:47:07.122833
TXN_372150f18781,1,SUCCESS,,2026-08-28 07:09:28.122833
TXN_16d332774fab,1,SUCCESS,,2026-08-06 11:13:15.122833
TXN_5d573e144119,1,FAILED,UPI_TIMEOUT,2026-08-11 19:10:08.122833
TXN_5d573e144119,2,SUCCESS,,2026-08-11 19:27:08.122833
TXN_ae4c584dbe91,1,SUCCESS,,2026-08-25 11:40:29.122833
TXN_a5c6aa5ca88a,1,SUCCESS,,2026-06-22 08:48:52.122833
TXN_53e76bc5a467,1,SUCCESS,,2026-07-16 13:25:36.122833
TXN_8b57b9577f2b,1,FAILED,INSUFFICIENT_FUNDS,2026-08-16 18:18:52.122833
TXN_8b57b9577f2b,2,SUCCESS,,2026-08-16 19:44:52.122833
TXN_a8bae13269e0,1,FAILED,BANK_DECLINED,2026-08-08 22:08:23.122833
TXN_a8bae13269e0,2,SUCCESS,,2026-08-08 22:20:23.122833
TXN_e9d9a4920d08,1,FAILED,INSUFFICIENT_FUNDS,2026-06-08 19:34:06.122833
TXN_5f485dc08c94,1,FAILED,AUTHENTICATION_FAILED,2026-07-15 19:54:43.122833
TXN_10865214318e,1,SUCCESS,,2026-06-16 06:02:39.122833
TXN_56d5c59e6d92,1,SUCCESS,,2026-06-22 01:28:23.122833
TXN_facf56c19d8d,1,SUCCESS,,2026-06-05 05:26:04.122833
TXN_72f2fd0ff7aa,1,FAILED,LIMIT_EXCEEDED,2026-08-07 05:18:01.122833
TXN_9b43e05d586e,1,FAILED,INSUFFICIENT_FUNDS,2026-08-20 22:21:41.122833
TXN_9b7188a5eaa3,1,SUCCESS,,2026-08-14 16:22:17.122833
TXN_04396ac55bfb,1,FAILED,BANK_DECLINED,2026-06-04 19:49:15.122833
TXN_8853875001fb,1,SUCCESS,,2026-07-25 01:15:20.122833
TXN_bd99f048ad99,1,SUCCESS,,2026-08-09 07:13:08.122833
TXN_314c368a192e,1,FAILED,INSUFFICIENT_FUNDS,2026-06-27 04:21:03.122833
TXN_314c368a192e,2,SUCCESS,,2026-06-27 05:42:03.122833
TXN_9e7e4e019870,1,SUCCESS,,2026-06-15 12:27:55.122833
TXN_4d03a1321a80,1,FAILED,INSUFFICIENT_FUNDS,2026-07-27 18:30:17.122833
TXN_4d03a1321a80,2,SUCCESS,,2026-07-27 20:30:17.122833
TXN_35017c3e0984,1,SUCCESS,,2026-06-27 23:49:21.122833
TXN_8db6c9bdc0b5,1,FAILED,BANK_DECLINED,2026-06-23 11:41:53.122833
TXN_8db6c9bdc0b5,2,SUCCESS,,2026-06-23 12:13:53.122833
TXN_640b733ba9e6,1,SUCCESS,,2026-06-10 02:49:31.122833
TXN_ccfc8ac429d3,1,SUCCESS,,2026-07-06 02:13:40.122833
TXN_44c9c3694b07,1,FAILED,UPI_TIMEOUT,2026-08-03 22:59:23.122833
TXN_44c9c3694b07,2,SUCCESS,,2026-08-04 00:36:23.122833
TXN_0dca3bec5d48,1,FAILED,CUSTOMER_CANCELLED,2026-08-12 20:07:20.122833
TXN_029e8ca5786a,1,FAILED,CARD_EXPIRED,2026-06-30 08:25:23.122833
TXN_9a59ead6d3bb,1,SUCCESS,,2026-06-26 02:14:34.122833
TXN_200f3d7d7413,1,SUCCESS,,2026-06-09 23:06:10.122833
TXN_6e3619435e34,1,SUCCESS,,2026-08-05 03:31:49.122833
TXN_7ebbe6c21054,1,SUCCESS,,2026-07-17 01:46:18.122833
TXN_e0a834fe49cb,1,SUCCESS,,2026-08-03 15:43:10.122833
TXN_c44a182cd978,1,SUCCESS,,2026-07-09 15:10:06.122833
TXN_87fe668538c3,1,FAILED,BANK_DECLINED,2026-07-25 21:25:44.122833
TXN_87fe668538c3,2,SUCCESS,,2026-07-25 22:01:44.122833
TXN_a1bc5b57145c,1,SUCCESS,,2026-06-17 14:59:58.122833
TXN_f7d926cbf854,1,SUCCESS,,2026-08-28 17:35:34.122833
TXN_db7eca3e0839,1,FAILED,AUTHENTICATION_FAILED,2026-07-19 13:32:38.122833
TXN_8c41a1c4d2c5,1,SUCCESS,,2026-07-10 09:24:41.122833
TXN_80eeb984d1fa,1,SUCCESS,,2026-06-10 20:51:57.122833
TXN_c65637715640,1,SUCCESS,,2026-07-07 04:28:56.122833
TXN_0e49eae9cf6d,1,SUCCESS,,2026-06-18 02:47:55.122833
TXN_6c590a505fe3,1,SUCCESS,,2026-08-25 13:34:55.122833
TXN_d0045f2c5042,1,SUCCESS,,2026-06-21 00:08:40.122833
TXN_41835e6cc06a,1,SUCCESS,,2026-07-13 13:39:14.122833
TXN_971aa242547b,1,SUCCESS,,2026-07-08 00:17:04.122833
TXN_3280e0862b6e,1,FAILED,LIMIT_EXCEEDED,2026-08-16 09:40:31.122833
TXN_4fe9477d98ce,1,SUCCESS,,2026-08-05 15:00:48.122833
TXN_1d21b3d736e5,1,FAILED,BANK_DECLINED,2026-07-05 03:19:24.122833
TXN_48080d92c179,1,FAILED,AUTHENTICATION_FAILED,2026-07-13 21:26:15.122833
TXN_ae09ea530ed6,1,SUCCESS,,2026-08-20 16:57:23.122833
TXN_8790a28c3b86,1,SUCCESS,,2026-07-05 16:53:16.122833
TXN_801665ba7a3f,1,SUCCESS,,2026-08-14 19:11:42.122833
TXN_3ed01e609e96,1,SUCCESS,,2026-06-27 08:39:56.122833
TXN_28d28558a135,1,SUCCESS,,2026-06-08 13:02:27.122833
TXN_3d88f49474e4,1,SUCCESS,,2026-07-14 00:06:35.122833
TXN_e34b7e4449d3,1,SUCCESS,,2026-08-21 00:52:21.122833
TXN_8c4069b872bd,1,SUCCESS,,2026-08-31 07:06:33.122833
TXN_3da1ed5f7f1e,1,SUCCESS,,2026-07-16 22:30:22.122833
TXN_e4b841e8445a,1,FAILED,INSUFFICIENT_FUNDS,2026-07-19 13:39:15.122833
TXN_e4b841e8445a,2,SUCCESS,,2026-07-19 15:05:15.122833
TXN_7119174d8ab6,1,FAILED,CUSTOMER_CANCELLED,2026-06-14 08:00:48.122833
TXN_34def3ff9fbf,1,FAILED,NETWORK_TIMEOUT,2026-08-08 21:51:25.122833
TXN_34def3ff9fbf,2,SUCCESS,,2026-08-08 23:45:25.122833
TXN_e8e20af472b0,1,SUCCESS,,2026-06-02 16:55:12.122833
TXN_59eaf3a4f772,1,SUCCESS,,2026-06-16 19:33:50.122833
TXN_dfed9ad9989b,1,SUCCESS,,2026-06-16 06:28:52.122833
TXN_44569cc1ca63,1,SUCCESS,,2026-06-07 15:08:06.122833
TXN_4ba97e2254d8,1,FAILED,INSUFFICIENT_FUNDS,2026-08-05 21:26:16.122833
TXN_4ba97e2254d8,2,SUCCESS,,2026-08-05 22:37:16.122833
TXN_7f40519e8af3,1,SUCCESS,,2026-08-29 07:11:07.122833
TXN_20a8d316868e,1,SUCCESS,,2026-07-18 16:34:53.122833
TXN_6b34bf01061a,1,FAILED,UPI_TIMEOUT,2026-08-16 12:58:37.122833
TXN_6b34bf01061a,2,SUCCESS,,2026-08-16 14:12:37.122833
TXN_9095955272f1,1,SUCCESS,,2026-07-31 13:22:22.122833
TXN_7e88a4fd82af,1,FAILED,BANK_DECLINED,2026-06-21 12:12:53.122833
TXN_2140b2212708,1,SUCCESS,,2026-07-08 04:42:38.122833
TXN_ef4993e20632,1,SUCCESS,,2026-08-07 01:58:48.122833
TXN_9add768bb64d,1,SUCCESS,,2026-08-02 04:43:23.122833
TXN_7a5c0a478b9a,1,SUCCESS,,2026-07-28 20:35:37.122833
TXN_f344537160c9,1,SUCCESS,,2026-06-03 21:19:17.122833
TXN_5b5dfa9337b4,1,FAILED,INSUFFICIENT_FUNDS,2026-06-26 05:10:13.122833
TXN_5b5dfa9337b4,2,SUCCESS,,2026-06-26 05:12:13.122833
TXN_b0ec76ef6aaa,1,FAILED,UPI_TIMEOUT,2026-07-29 13:34:37.122833
TXN_b0ec76ef6aaa,2,SUCCESS,,2026-07-29 14:33:37.122833
TXN_2e32f4de5129,1,SUCCESS,,2026-08-09 18:22:26.122833
TXN_70817105c58e,1,SUCCESS,,2026-07-13 06:50:34.122833
TXN_b0ce7808e9e4,1,FAILED,LIMIT_EXCEEDED,2026-07-27 00:28:57.122833
TXN_c436d329c1e0,1,SUCCESS,,2026-08-29 22:12:03.122833
TXN_9dec091f7b29,1,FAILED,CARD_EXPIRED,2026-06-24 00:31:58.122833
TXN_222e77835b27,1,SUCCESS,,2026-07-20 08:47:59.122833
TXN_29f58aac6e40,1,SUCCESS,,2026-07-11 17:14:08.122833
TXN_64e046a84fbf,1,FAILED,NETWORK_TIMEOUT,2026-08-28 14:46:13.122833
TXN_64e046a84fbf,2,SUCCESS,,2026-08-28 15:07:13.122833
TXN_04ae21370c89,1,SUCCESS,,2026-08-24 10:08:50.122833
TXN_1b6352668592,1,SUCCESS,,2026-08-26 16:58:56.122833
TXN_791225712095,1,SUCCESS,,2026-06-16 01:34:48.122833
TXN_07df5cd8c4d6,1,SUCCESS,,2026-06-16 09:13:06.122833
TXN_a03147ef3af3,1,FAILED,AUTHENTICATION_FAILED,2026-08-29 03:20:31.122833
TXN_3d2b28bcb53c,1,SUCCESS,,2026-06-02 20:27:18.122833
TXN_e0f61f4ea4e3,1,FAILED,INSUFFICIENT_FUNDS,2026-08-05 11:13:02.122833
TXN_f51522ed04bf,1,SUCCESS,,2026-07-02 03:11:18.122833
TXN_99a23b79f928,1,SUCCESS,,2026-07-29 19:21:58.122833
TXN_8f37e588296e,1,FAILED,LIMIT_EXCEEDED,2026-07-20 16:58:49.122833
TXN_c5a2b6dd0be4,1,FAILED,CUSTOMER_CANCELLED,2026-06-08 03:13:51.122833
TXN_f13a0ffc487b,1,SUCCESS,,2026-07-03 16:38:37.122833
TXN_515a7f058a5c,1,SUCCESS,,2026-07-30 16:26:28.122833
TXN_284e1900bca2,1,FAILED,INSUFFICIENT_FUNDS,2026-06-11 06:42:11.122833
TXN_284e1900bca2,2,SUCCESS,,2026-06-11 06:57:11.122833
TXN_190448f2f28c,1,SUCCESS,,2026-07-23 16:47:13.122833
TXN_3f9dff33fa54,1,FAILED,BANK_DECLINED,2026-07-23 04:28:42.122833
TXN_fbbf00dfa1a6,1,SUCCESS,,2026-06-06 22:53:03.122833
TXN_085de06b0ca2,1,FAILED,NETWORK_TIMEOUT,2026-08-09 11:12:00.122833
TXN_b6e2a44b44d8,1,SUCCESS,,2026-08-14 23:58:05.122833
TXN_1fe077387fee,1,SUCCESS,,2026-06-07 09:24:09.122833
TXN_51046c93ed6b,1,FAILED,LIMIT_EXCEEDED,2026-07-13 19:58:54.122833
TXN_51046c93ed6b,2,SUCCESS,,2026-07-13 21:41:54.122833
TXN_460e2c07aff7,1,SUCCESS,,2026-08-30 13:14:31.122833
TXN_08550c1bfb6c,1,FAILED,CARD_EXPIRED,2026-06-15 21:50:36.122833
TXN_08550c1bfb6c,2,SUCCESS,,2026-06-15 23:27:36.122833
TXN_d673e76da9c4,1,SUCCESS,,2026-07-02 00:38:18.122833
TXN_a4190547a7f9,1,SUCCESS,,2026-08-23 19:33:41.122833
TXN_c924033014cb,1,SUCCESS,,2026-08-22 00:13:51.122833
TXN_20c77c37d6a0,1,SUCCESS,,2026-07-25 20:24:57.122833
TXN_469c99b1ece4,1,FAILED,BANK_DECLINED,2026-08-25 07:00:43.122833
TXN_469c99b1ece4,2,SUCCESS,,2026-08-25 08:06:43.122833
TXN_291de184c3c2,1,FAILED,UPI_TIMEOUT,2026-08-01 16:07:08.122833
TXN_291de184c3c2,2,SUCCESS,,2026-08-01 16:10:08.122833
TXN_a36f13ab484f,1,SUCCESS,,2026-06-14 17:09:04.122833
TXN_1b233705c4fd,1,SUCCESS,,2026-07-18 15:43:43.122833
TXN_cc35a97b7730,1,SUCCESS,,2026-08-15 03:23:36.122833
TXN_a2108c6c0ecc,1,SUCCESS,,2026-08-08 14:21:56.122833
TXN_df77b26cabf3,1,SUCCESS,,2026-08-05 12:05:11.122833
TXN_409dcdb7143c,1,SUCCESS,,2026-07-14 14:01:41.122833
TXN_d31439367a62,1,SUCCESS,,2026-06-11 02:54:38.122833
TXN_f43ff9a96fc5,1,SUCCESS,,2026-06-18 06:36:19.122833
TXN_1505ad58c9ed,1,SUCCESS,,2026-07-13 20:57:09.122833
TXN_33f83abb77ce,1,FAILED,CUSTOMER_CANCELLED,2026-06-03 16:26:47.122833
TXN_0d2fec87015f,1,SUCCESS,,2026-06-10 21:53:09.122833
TXN_b6cbfe5eb399,1,FAILED,CARD_EXPIRED,2026-07-26 00:38:58.122833
TXN_db54fd34c95f,1,SUCCESS,,2026-07-31 17:53:40.122833
TXN_51b830d1b279,1,FAILED,NETWORK_TIMEOUT,2026-07-27 12:18:34.122833
TXN_51b830d1b279,2,SUCCESS,,2026-07-27 13:03:34.122833
TXN_1030487ac1d8,1,SUCCESS,,2026-07-19 05:28:48.122833
TXN_226b2db58ade,1,SUCCESS,,2026-07-09 12:15:10.122833
TXN_1cecc64eab13,1,SUCCESS,,2026-07-08 11:01:48.122833
TXN_3fd8abfaf925,1,SUCCESS,,2026-08-30 18:31:20.122833
TXN_6ff2f5cf399a,1,FAILED,CARD_EXPIRED,2026-06-13 05:11:34.122833
TXN_7940860d68cc,1,SUCCESS,,2026-07-29 04:10:58.122833
TXN_ea6627b07860,1,SUCCESS,,2026-08-25 09:14:08.122833
TXN_feac5817823a,1,SUCCESS,,2026-07-24 08:03:27.122833
TXN_15474fe50b19,1,SUCCESS,,2026-07-23 15:03:35.122833
TXN_a3237892673f,1,SUCCESS,,2026-06-03 00:31:50.122833
TXN_808b2d728866,1,FAILED,NETWORK_TIMEOUT,2026-08-03 14:24:12.122833
TXN_808b2d728866,2,SUCCESS,,2026-08-03 15:21:12.122833
TXN_98539b4f301a,1,SUCCESS,,2026-07-06 12:56:49.122833
TXN_0107b67a1df3,1,FAILED,INSUFFICIENT_FUNDS,2026-06-04 05:11:09.122833
TXN_0107b67a1df3,2,SUCCESS,,2026-06-04 05:56:09.122833
TXN_9453114a56a9,1,FAILED,BANK_DECLINED,2026-08-12 13:55:10.122833
TXN_d19521f46d88,1,FAILED,CUSTOMER_CANCELLED,2026-07-21 20:10:11.122833
TXN_9d531e1f9829,1,SUCCESS,,2026-07-28 02:20:14.122833
TXN_de1305301618,1,FAILED,INSUFFICIENT_FUNDS,2026-07-06 01:24:35.122833
TXN_c3f1a87aab59,1,SUCCESS,,2026-07-12 05:14:48.122833
TXN_4cf8ab045b31,1,SUCCESS,,2026-07-09 22:10:44.122833
TXN_7a0be008f75d,1,FAILED,BANK_DECLINED,2026-08-03 15:11:58.122833
TXN_e0d6075b25c4,1,FAILED,NETWORK_TIMEOUT,2026-08-29 10:27:54.122833
TXN_e0d6075b25c4,2,SUCCESS,,2026-08-29 11:47:54.122833
TXN_5af4744222d1,1,SUCCESS,,2026-08-19 17:59:16.122833
TXN_aec85a0c29fc,1,SUCCESS,,2026-08-03 06:09:11.122833
TXN_80a34e43393e,1,SUCCESS,,2026-08-27 10:32:09.122833
TXN_3380dddbd6d1,1,FAILED,CARD_EXPIRED,2026-07-02 05:14:32.122833
TXN_3380dddbd6d1,2,SUCCESS,,2026-07-02 07:14:32.122833
TXN_b3aa57313523,1,SUCCESS,,2026-08-07 10:53:36.122833
TXN_a33280bd9f35,1,FAILED,INSUFFICIENT_FUNDS,2026-07-25 07:03:51.122833
TXN_03cfc2dc4339,1,SUCCESS,,2026-06-27 04:15:06.122833
TXN_fb3fa3f6d023,1,SUCCESS,,2026-06-29 20:24:49.122833
TXN_3edb1169d5cf,1,SUCCESS,,2026-08-05 22:28:28.122833
TXN_1843b60375e3,1,FAILED,AUTHENTICATION_FAILED,2026-08-06 06:51:22.122833
TXN_6452b685a770,1,SUCCESS,,2026-07-27 02:54:16.122833
TXN_8689aade0dea,1,SUCCESS,,2026-08-05 04:25:30.122833
TXN_614dcc4f105f,1,SUCCESS,,2026-08-22 09:21:23.122833
TXN_3509b9a3746a,1,SUCCESS,,2026-07-22 20:25:32.122833
TXN_a854a1c1f7b5,1,SUCCESS,,2026-07-18 11:58:50.122833
TXN_3b1679997e99,1,SUCCESS,,2026-06-30 19:48:33.122833
TXN_7b4359a23d4a,1,SUCCESS,,2026-07-27 01:14:46.122833
TXN_36d09467802a,1,SUCCESS,,2026-08-26 04:33:54.122833
TXN_08d4ee09254b,1,SUCCESS,,2026-08-25 17:30:14.122833
TXN_2e04e931703e,1,SUCCESS,,2026-07-03 13:59:06.122833
TXN_14456c7db1cf,1,SUCCESS,,2026-06-19 13:50:15.122833
TXN_fa8815493cce,1,SUCCESS,,2026-06-07 13:31:18.122833
TXN_489dc3446989,1,SUCCESS,,2026-08-15 05:46:05.122833
TXN_6deb9014c919,1,SUCCESS,,2026-08-30 09:43:10.122833
TXN_cb92d1d2402f,1,SUCCESS,,2026-07-03 03:44:38.122833
TXN_b8250348cfa1,1,SUCCESS,,2026-08-08 03:59:13.122833
TXN_999c977ad01b,1,SUCCESS,,2026-06-15 23:14:45.122833
TXN_f0a2cc8b5f8c,1,SUCCESS,,2026-08-07 06:55:11.122833
TXN_d363f1c900d9,1,SUCCESS,,2026-06-04 20:19:50.122833
TXN_796635903f3f,1,FAILED,UPI_TIMEOUT,2026-07-05 22:35:09.122833
TXN_796635903f3f,2,SUCCESS,,2026-07-06 00:25:09.122833
TXN_931e5d943b51,1,SUCCESS,,2026-06-28 07:26:51.122833
TXN_fe9709f2d0e2,1,FAILED,CARD_EXPIRED,2026-08-14 11:22:55.122833
TXN_5c3fd34ebf2c,1,SUCCESS,,2026-06-10 05:40:39.122833
TXN_a7116734233d,1,FAILED,INSUFFICIENT_FUNDS,2026-06-25 19:16:35.122833
TXN_6b6d7b63641b,1,SUCCESS,,2026-07-11 13:00:25.122833
TXN_7487fc2f8af6,1,SUCCESS,,2026-07-26 03:07:41.122833
TXN_02d918f0930a,1,SUCCESS,,2026-07-05 23:49:01.122833
TXN_5da352bf2c44,1,SUCCESS,,2026-07-23 21:55:41.122833
TXN_b40313fdca79,1,FAILED,NETWORK_TIMEOUT,2026-07-05 19:47:55.122833
TXN_b40313fdca79,2,SUCCESS,,2026-07-05 21:24:55.122833
TXN_7964f3d639ea,1,FAILED,BANK_DECLINED,2026-08-19 02:16:25.122833
TXN_f6779fb4d91b,1,SUCCESS,,2026-07-04 01:45:23.122833
TXN_b16a6484196d,1,SUCCESS,,2026-07-05 23:59:22.122833
TXN_b549e95e46d9,1,SUCCESS,,2026-07-16 15:41:29.122833
TXN_deebc9d605b8,1,SUCCESS,,2026-06-20 16:53:15.122833
TXN_2fd4538f706f,1,SUCCESS,,2026-07-15 12:54:34.122833
TXN_3be00d78a5a9,1,SUCCESS,,2026-08-06 10:27:11.122833
TXN_3bdf24792dae,1,SUCCESS,,2026-08-11 16:32:43.122833
TXN_3ec52340fe1b,1,FAILED,INSUFFICIENT_FUNDS,2026-08-27 07:50:03.122833
TXN_fc8f90e1c80a,1,SUCCESS,,2026-07-23 15:22:44.122833
TXN_0b2abb7d938e,1,SUCCESS,,2026-06-18 02:41:16.122833
TXN_091ed1af5c43,1,SUCCESS,,2026-06-25 07:43:14.122833
TXN_5fc90c810899,1,FAILED,BANK_DECLINED,2026-08-31 04:59:14.122833
TXN_5fc90c810899,2,SUCCESS,,2026-08-31 06:59:14.122833
TXN_f9ad68673475,1,FAILED,INSUFFICIENT_FUNDS,2026-07-20 13:38:07.122833
TXN_2b4de6ef5c0f,1,SUCCESS,,2026-08-11 14:39:28.122833
TXN_8b3badc5af00,1,FAILED,LIMIT_EXCEEDED,2026-08-30 09:01:24.122833
TXN_3ffe5d07009d,1,FAILED,BANK_DECLINED,2026-08-19 15:25:19.122833
TXN_3ffe5d07009d,2,SUCCESS,,2026-08-19 17:17:19.122833
TXN_029df4cbc63a,1,SUCCESS,,2026-08-17 11:43:43.122833
TXN_ff8d7af03fe6,1,FAILED,NETWORK_TIMEOUT,2026-06-06 08:01:32.122833
TXN_ff8d7af03fe6,2,SUCCESS,,2026-06-06 08:42:32.122833
TXN_c4a12d275f99,1,FAILED,INSUFFICIENT_FUNDS,2026-06-30 22:11:48.122833
TXN_c4a12d275f99,2,SUCCESS,,2026-06-30 23:35:48.122833
TXN_04877be8afe3,1,FAILED,BANK_DECLINED,2026-07-11 12:09:05.122833
TXN_04877be8afe3,2,SUCCESS,,2026-07-11 13:40:05.122833
TXN_4afd3582adee,1,SUCCESS,,2026-06-19 15:47:06.122833
TXN_bc4269ab8820,1,SUCCESS,,2026-07-18 08:45:40.122833
TXN_7b3bb1894f77,1,FAILED,INSUFFICIENT_FUNDS,2026-07-31 11:19:44.122833
TXN_7b3bb1894f77,2,SUCCESS,,2026-07-31 11:56:44.122833
TXN_f49226ff9a37,1,SUCCESS,,2026-06-04 22:56:52.122833
TXN_609a437f5eca,1,SUCCESS,,2026-07-23 05:10:07.122833
TXN_80b795d98898,1,SUCCESS,,2026-08-27 07:44:46.122833
TXN_35421331bb43,1,FAILED,AUTHENTICATION_FAILED,2026-08-08 04:06:20.122833
TXN_26c1cad916eb,1,SUCCESS,,2026-07-19 13:20:14.122833
TXN_7b26ce2b459d,1,SUCCESS,,2026-06-16 21:04:47.122833
TXN_6877acabe68f,1,SUCCESS,,2026-07-31 08:00:57.122833
TXN_3fa8c6f14072,1,SUCCESS,,2026-08-29 22:07:26.122833
TXN_bad5c6a7c64b,1,SUCCESS,,2026-06-16 07:30:42.122833
TXN_ac3f261156ed,1,SUCCESS,,2026-07-20 02:13:03.122833
TXN_d4eb7b4434ca,1,SUCCESS,,2026-07-25 23:49:45.122833
TXN_301cd7dd50d7,1,SUCCESS,,2026-07-15 13:49:20.122833
TXN_a9eb67750c49,1,FAILED,UPI_TIMEOUT,2026-08-16 15:17:47.122833
TXN_a9eb67750c49,2,SUCCESS,,2026-08-16 17:15:47.122833
TXN_22b3514cf02d,1,SUCCESS,,2026-07-19 21:54:42.122833
TXN_076c1337449e,1,FAILED,CARD_EXPIRED,2026-08-13 11:49:12.122833
TXN_04f67604392c,1,FAILED,INSUFFICIENT_FUNDS,2026-06-08 01:58:19.122833
TXN_06d7f6580a9c,1,SUCCESS,,2026-06-03 04:03:44.122833
TXN_5deada69fa40,1,FAILED,LIMIT_EXCEEDED,2026-06-26 07:00:33.122833
TXN_7f351e094b99,1,FAILED,BANK_DECLINED,2026-08-13 21:49:07.122833
TXN_7a652df54615,1,FAILED,AUTHENTICATION_FAILED,2026-07-30 07:31:21.122833
TXN_43fe3250c76d,1,SUCCESS,,2026-06-25 16:20:18.122833
TXN_b72ce5604bce,1,SUCCESS,,2026-08-18 04:07:12.122833
TXN_6632d7709e3c,1,FAILED,CARD_EXPIRED,2026-07-06 09:13:48.122833
TXN_b183f8a1f0f9,1,SUCCESS,,2026-06-25 21:49:24.122833
TXN_dfa409b55254,1,SUCCESS,,2026-08-27 21:06:22.122833
TXN_34215a2be71f,1,SUCCESS,,2026-06-09 13:22:12.122833
TXN_bd0a73a65327,1,FAILED,BANK_DECLINED,2026-06-29 20:42:59.122833
TXN_bd0a73a65327,2,SUCCESS,,2026-06-29 21:43:59.122833
TXN_05671526b865,1,SUCCESS,,2026-06-02 21:10:24.122833
TXN_903c92706ae7,1,SUCCESS,,2026-08-18 21:23:55.122833
TXN_fe8f8cf14051,1,SUCCESS,,2026-08-08 02:51:34.122833
TXN_c3f80cc46087,1,SUCCESS,,2026-06-14 09:36:59.122833
TXN_2887e8076212,1,SUCCESS,,2026-06-25 15:55:02.122833
TXN_1a36eccbfbdf,1,SUCCESS,,2026-08-09 16:46:38.122833
TXN_0412b5df79e1,1,SUCCESS,,2026-07-17 19:53:21.122833
TXN_371f4a786978,1,SUCCESS,,2026-07-14 04:38:02.122833
TXN_f93986e43a5c,1,SUCCESS,,2026-06-10 10:37:29.122833
TXN_9041dcbf5674,1,SUCCESS,,2026-08-30 06:33:56.122833
TXN_343f9148215d,1,SUCCESS,,2026-07-08 01:18:17.122833
TXN_9b52e308d0b8,1,FAILED,NETWORK_TIMEOUT,2026-08-22 22:55:45.122833
TXN_9b52e308d0b8,2,SUCCESS,,2026-08-22 23:25:45.122833
TXN_a69953d08178,1,SUCCESS,,2026-07-23 23:13:30.122833
TXN_b3595a1dd5b0,1,SUCCESS,,2026-08-14 18:05:18.122833
TXN_bc6b5d569821,1,SUCCESS,,2026-06-27 19:08:26.122833
TXN_3f46a4eabf04,1,SUCCESS,,2026-07-10 23:46:42.122833
TXN_1aeb5ace648d,1,SUCCESS,,2026-07-16 15:08:30.122833
TXN_b15308301c88,1,SUCCESS,,2026-08-08 01:01:41.122833
TXN_c3738ca4e358,1,SUCCESS,,2026-07-12 22:01:21.122833
TXN_ae9ed161b5c5,1,SUCCESS,,2026-07-11 12:16:40.122833
TXN_3438d147e6e9,1,SUCCESS,,2026-08-31 06:39:50.122833
TXN_74f5764289df,1,SUCCESS,,2026-07-07 21:16:46.122833
TXN_d20aeb793dcf,1,FAILED,CARD_EXPIRED,2026-07-18 23:46:59.122833
TXN_146130a0dd2a,1,FAILED,AUTHENTICATION_FAILED,2026-06-16 04:05:55.122833
TXN_773c2ed4c028,1,SUCCESS,,2026-08-06 09:05:33.122833
TXN_359a4e992fee,1,SUCCESS,,2026-08-27 14:18:11.122833
TXN_062f92cbeb3f,1,SUCCESS,,2026-06-02 16:20:30.122833
TXN_c1b6004eaa78,1,FAILED,CARD_EXPIRED,2026-07-12 23:56:18.122833
TXN_c1b6004eaa78,2,SUCCESS,,2026-07-13 01:49:18.122833
TXN_5e5d0f3d06b3,1,SUCCESS,,2026-06-12 12:39:43.122833
TXN_f9d3a89fdefd,1,SUCCESS,,2026-07-11 02:56:02.122833
TXN_fcb78fb7a950,1,SUCCESS,,2026-06-28 00:42:36.122833
TXN_1632667e1f81,1,FAILED,UPI_TIMEOUT,2026-07-24 21:30:18.122833
TXN_554cfa017fc6,1,FAILED,CARD_EXPIRED,2026-06-04 17:16:22.122833
TXN_16a30428bc2b,1,SUCCESS,,2026-06-02 21:19:54.122833
TXN_625a08c334f1,1,SUCCESS,,2026-08-30 23:21:52.122833
TXN_b8d14f00ce11,1,SUCCESS,,2026-08-15 22:07:38.122833
TXN_3e269437d798,1,SUCCESS,,2026-08-17 06:38:53.122833
TXN_d86ce2aebf59,1,SUCCESS,,2026-08-04 02:38:30.122833
TXN_174874c7b2d5,1,FAILED,INSUFFICIENT_FUNDS,2026-06-24 06:07:07.122833
TXN_161b27af6bc9,1,FAILED,INSUFFICIENT_FUNDS,2026-08-13 17:16:35.122833
TXN_161b27af6bc9,2,SUCCESS,,2026-08-13 18:14:35.122833
TXN_06c2341f0863,1,SUCCESS,,2026-07-16 10:48:53.122833
TXN_334fc36273ec,1,FAILED,NETWORK_TIMEOUT,2026-07-22 22:46:33.122833
TXN_334fc36273ec,2,SUCCESS,,2026-07-22 23:00:33.122833
TXN_2a833f05356e,1,SUCCESS,,2026-07-29 05:45:34.122833
TXN_79ed751ddbf7,1,SUCCESS,,2026-07-05 02:11:33.122833
TXN_8af355190f08,1,SUCCESS,,2026-07-23 03:32:35.122833
TXN_40a4d7190f4b,1,SUCCESS,,2026-07-29 01:40:23.122833
TXN_c35978df11f5,1,FAILED,CUSTOMER_CANCELLED,2026-08-25 21:31:51.122833
TXN_26850e33f2a3,1,SUCCESS,,2026-08-24 11:33:13.122833
TXN_334ec8369afd,1,SUCCESS,,2026-08-13 05:29:31.122833
TXN_7908ac432ed4,1,SUCCESS,,2026-07-14 14:33:19.122833
TXN_4d85ea90eec2,1,SUCCESS,,2026-07-03 00:36:00.122833
TXN_107c2b62343b,1,SUCCESS,,2026-08-22 02:17:08.122833
TXN_215c48481b71,1,SUCCESS,,2026-08-22 10:56:11.122833
TXN_88c539ebf2f1,1,SUCCESS,,2026-06-12 15:12:03.122833
TXN_7b09b0add1f0,1,FAILED,UPI_TIMEOUT,2026-08-30 07:48:12.122833
TXN_7b09b0add1f0,2,SUCCESS,,2026-08-30 09:37:12.122833
TXN_c764ab3dbae9,1,SUCCESS,,2026-07-23 14:59:53.122833
TXN_dd2d73dd998e,1,SUCCESS,,2026-06-07 19:08:59.122833
TXN_7619c864942c,1,FAILED,NETWORK_TIMEOUT,2026-06-13 15:36:16.122833
TXN_7619c864942c,2,SUCCESS,,2026-06-13 16:34:16.122833
TXN_7843faadeb3e,1,SUCCESS,,2026-07-13 23:03:33.122833
TXN_8aed32916a64,1,SUCCESS,,2026-06-19 06:32:57.122833
TXN_98d25bba73bc,1,SUCCESS,,2026-07-13 12:44:40.122833
TXN_74d120082431,1,SUCCESS,,2026-08-01 04:54:09.122833
TXN_fc60a692a67d,1,SUCCESS,,2026-07-02 17:49:03.122833
TXN_219181d9db07,1,SUCCESS,,2026-06-18 10:58:46.122833
TXN_dd00fe6c9a05,1,SUCCESS,,2026-07-21 11:39:22.122833
TXN_2e424c5e8fb5,1,SUCCESS,,2026-08-07 15:04:18.122833
TXN_6ace21add3a3,1,SUCCESS,,2026-06-17 11:13:36.122833
TXN_782fa70dc74e,1,SUCCESS,,2026-08-02 23:18:19.122833
TXN_d293d41e0608,1,SUCCESS,,2026-06-12 20:59:34.122833
TXN_7f6f2892db51,1,SUCCESS,,2026-08-13 10:08:45.122833
TXN_2cc9ae77afc6,1,SUCCESS,,2026-08-13 08:29:07.122833
TXN_2de790039feb,1,SUCCESS,,2026-08-25 20:07:37.122833
TXN_8dcadbe97660,1,SUCCESS,,2026-06-20 06:54:53.122833
TXN_719aee7c2f98,1,SUCCESS,,2026-07-25 05:18:58.122833
TXN_0bf6f7878699,1,SUCCESS,,2026-06-12 01:56:50.122833
TXN_fc7938e678c6,1,SUCCESS,,2026-06-25 07:03:05.122833
TXN_cd6ea30f4503,1,FAILED,LIMIT_EXCEEDED,2026-06-26 03:06:28.122833
TXN_cd6ea30f4503,2,SUCCESS,,2026-06-26 03:19:28.122833
TXN_ce524fbc1312,1,SUCCESS,,2026-07-23 05:07:12.122833
TXN_9d75555ca5d4,1,SUCCESS,,2026-08-04 18:24:03.122833
TXN_c6d30b1abb6f,1,SUCCESS,,2026-07-24 20:52:46.122833
TXN_566b065d55c9,1,FAILED,BANK_DECLINED,2026-07-27 04:51:34.122833
TXN_566b065d55c9,2,SUCCESS,,2026-07-27 06:49:34.122833
TXN_d68c33e3b488,1,FAILED,UPI_TIMEOUT,2026-06-13 01:07:00.122833
TXN_d68c33e3b488,2,SUCCESS,,2026-06-13 02:13:00.122833
TXN_f540cc55bf36,1,FAILED,BANK_DECLINED,2026-08-04 18:57:22.122833
TXN_94741e7a8ab6,1,FAILED,UPI_TIMEOUT,2026-06-08 20:21:43.122833
TXN_94741e7a8ab6,2,SUCCESS,,2026-06-08 21:00:43.122833
TXN_df245cad926f,1,FAILED,NETWORK_TIMEOUT,2026-06-21 06:00:44.122833
TXN_df245cad926f,2,SUCCESS,,2026-06-21 06:38:44.122833
TXN_72ab7c36a875,1,SUCCESS,,2026-06-14 08:22:14.122833
TXN_08b0ee741518,1,FAILED,LIMIT_EXCEEDED,2026-08-10 04:16:22.122833
TXN_c5b650a38b06,1,SUCCESS,,2026-06-19 04:12:30.122833
TXN_fb8ff8e6b021,1,FAILED,BANK_DECLINED,2026-07-23 14:11:38.122833
TXN_fb8ff8e6b021,2,SUCCESS,,2026-07-23 15:42:38.122833
TXN_f27f2a002bc0,1,SUCCESS,,2026-07-12 13:54:57.122833
TXN_2b901a617bda,1,SUCCESS,,2026-07-02 22:56:29.122833
TXN_9e2a09c1c680,1,SUCCESS,,2026-08-04 14:12:35.122833
TXN_485be910a06e,1,SUCCESS,,2026-08-26 07:42:19.122833
TXN_0d69be3d8e71,1,SUCCESS,,2026-06-17 20:59:52.122833
TXN_d52d9d847639,1,FAILED,BANK_DECLINED,2026-06-03 07:25:41.122833
TXN_4822467c775f,1,SUCCESS,,2026-08-28 10:34:26.122833
TXN_9188093bd5a8,1,FAILED,INSUFFICIENT_FUNDS,2026-08-05 10:08:52.122833
TXN_e4b040fb07ec,1,SUCCESS,,2026-08-01 02:01:57.122833
TXN_1832063b7de0,1,SUCCESS,,2026-06-21 06:42:07.122833
TXN_d6caf60414fe,1,SUCCESS,,2026-07-17 23:37:15.122833
TXN_d01930fb9271,1,FAILED,LIMIT_EXCEEDED,2026-08-23 00:50:31.122833
TXN_7976e9468865,1,SUCCESS,,2026-07-21 23:25:14.122833
TXN_0142a902d1d2,1,SUCCESS,,2026-08-29 03:45:09.122833
TXN_92cd34dfb544,1,SUCCESS,,2026-07-09 19:35:25.122833
TXN_8cae313de971,1,SUCCESS,,2026-06-19 15:08:33.122833
TXN_cfb00fd1a9ab,1,SUCCESS,,2026-08-10 15:24:21.122833
TXN_93278dfccfca,1,SUCCESS,,2026-07-30 20:20:44.122833
TXN_b6d3bf70e0d0,1,SUCCESS,,2026-07-24 18:16:12.122833
TXN_0b8dc7a5e05d,1,FAILED,BANK_DECLINED,2026-08-02 06:58:56.122833
TXN_0b8dc7a5e05d,2,SUCCESS,,2026-08-02 08:25:56.122833
TXN_d3301947210c,1,FAILED,CARD_EXPIRED,2026-06-04 04:12:45.122833
TXN_e2a0a5d139f8,1,SUCCESS,,2026-06-14 21:52:07.122833
TXN_6d712689a3ec,1,SUCCESS,,2026-07-09 08:26:32.122833
TXN_6b440b20f9f7,1,SUCCESS,,2026-07-12 09:59:37.122833
TXN_49bc7c9bb545,1,SUCCESS,,2026-07-31 06:58:13.122833
TXN_0e1318ff41e1,1,SUCCESS,,2026-06-12 13:16:16.122833
TXN_a8ba212f3056,1,FAILED,CUSTOMER_CANCELLED,2026-06-27 07:09:50.122833
TXN_a8ba212f3056,2,SUCCESS,,2026-06-27 07:49:50.122833
TXN_0bf6253b66d3,1,SUCCESS,,2026-08-20 10:18:40.122833
TXN_639a5ff9d0ec,1,SUCCESS,,2026-07-09 20:29:41.122833
TXN_90c0a0f79622,1,FAILED,CARD_EXPIRED,2026-06-04 14:53:13.122833
TXN_775262ff65fb,1,SUCCESS,,2026-07-28 16:18:41.122833
TXN_1b640e9e73eb,1,SUCCESS,,2026-08-03 02:45:48.122833
TXN_48a58e459231,1,SUCCESS,,2026-07-31 16:55:18.122833
TXN_336127bc0812,1,SUCCESS,,2026-08-25 15:25:33.122833
TXN_6327a8a879de,1,SUCCESS,,2026-08-26 10:03:26.122833
TXN_800d60c3ee39,1,SUCCESS,,2026-06-11 22:21:17.122833
TXN_8447c64fcd2d,1,SUCCESS,,2026-07-17 01:21:53.122833
TXN_944569eff380,1,SUCCESS,,2026-08-15 14:00:17.122833
TXN_bf98cfeda593,1,SUCCESS,,2026-07-21 23:37:31.122833
TXN_d76c0642f0b5,1,FAILED,BANK_DECLINED,2026-08-13 09:41:31.122833
TXN_ab30ee99fc0a,1,FAILED,BANK_DECLINED,2026-07-14 16:48:54.122833
TXN_6e968f8570bd,1,SUCCESS,,2026-07-16 23:13:02.122833
TXN_1a243097161d,1,SUCCESS,,2026-06-04 18:12:31.122833
TXN_6ef65d217a72,1,SUCCESS,,2026-06-10 20:26:14.122833
TXN_e9a8fb7e4db0,1,FAILED,INSUFFICIENT_FUNDS,2026-06-05 03:41:14.122833
TXN_e9a8fb7e4db0,2,SUCCESS,,2026-06-05 05:31:14.122833
TXN_5e781d3e153f,1,SUCCESS,,2026-07-16 02:21:08.122833
TXN_eee9a6ee2d63,1,SUCCESS,,2026-07-14 13:18:45.122833
TXN_b7fab8c22a71,1,SUCCESS,,2026-08-12 06:39:39.122833
TXN_73e9ba259226,1,SUCCESS,,2026-07-20 07:23:51.122833
TXN_cd695fbe10f6,1,SUCCESS,,2026-06-20 03:25:51.122833
TXN_2ed85c7352d9,1,SUCCESS,,2026-07-31 21:23:24.122833
TXN_388f770dcb7a,1,SUCCESS,,2026-06-04 09:48:51.122833
TXN_94649923daa2,1,FAILED,LIMIT_EXCEEDED,2026-08-04 06:59:06.122833
TXN_a33579907476,1,SUCCESS,,2026-08-18 09:29:59.122833
TXN_783fdc442141,1,SUCCESS,,2026-08-21 16:20:38.122833
TXN_c7630b6f00a1,1,SUCCESS,,2026-07-14 19:08:03.122833
TXN_e8d5154744fb,1,SUCCESS,,2026-08-28 22:22:18.122833
TXN_ea2c6adb1ad7,1,SUCCESS,,2026-08-23 14:09:22.122833
TXN_82890b0eb7d9,1,SUCCESS,,2026-07-24 22:07:58.122833
TXN_760a00704954,1,SUCCESS,,2026-06-19 08:09:17.122833
TXN_b31012538df3,1,SUCCESS,,2026-08-02 16:28:19.122833
TXN_d778e7bd4433,1,SUCCESS,,2026-07-28 05:28:55.122833
TXN_97497437b413,1,FAILED,UPI_TIMEOUT,2026-08-06 18:18:41.122833
TXN_97497437b413,2,SUCCESS,,2026-08-06 18:29:41.122833
TXN_8b0ce7cb5649,1,SUCCESS,,2026-08-11 12:17:49.122833
TXN_c443b32689ce,1,FAILED,AUTHENTICATION_FAILED,2026-07-15 05:56:58.122833
TXN_f2d30a71fa84,1,SUCCESS,,2026-08-04 13:31:51.122833
TXN_d9798a55b850,1,SUCCESS,,2026-08-25 01:30:16.122833
TXN_03f84b7bd065,1,SUCCESS,,2026-07-17 05:27:54.122833
TXN_260e2490657e,1,SUCCESS,,2026-07-10 04:49:07.122833
TXN_0fbddd0e3436,1,SUCCESS,,2026-07-13 14:46:21.122833
TXN_389d01c6db12,1,SUCCESS,,2026-07-30 09:07:34.122833
TXN_5c1dfa09a628,1,FAILED,BANK_DECLINED,2026-08-13 07:46:33.122833
TXN_82c710bd1ffb,1,FAILED,CUSTOMER_CANCELLED,2026-06-17 05:08:47.122833
TXN_781ee6f779bf,1,FAILED,CARD_EXPIRED,2026-07-18 21:20:14.122833
TXN_6d58552ad6d6,1,SUCCESS,,2026-08-22 23:30:31.122833
TXN_6d72d6a6b4ef,1,SUCCESS,,2026-07-17 08:32:07.122833
TXN_3ff770216f4f,1,SUCCESS,,2026-07-10 06:45:34.122833
TXN_b4b6334ceaab,1,SUCCESS,,2026-06-06 14:13:41.122833
TXN_91095750f7bb,1,SUCCESS,,2026-07-20 00:23:02.122833
TXN_f743bdc53fca,1,SUCCESS,,2026-08-01 03:24:02.122833
TXN_ec7917118994,1,FAILED,UPI_TIMEOUT,2026-08-23 02:06:02.122833
TXN_ec7917118994,2,SUCCESS,,2026-08-23 03:31:02.122833
TXN_07032ff6261d,1,SUCCESS,,2026-07-15 21:54:41.122833
TXN_274894485e8b,1,SUCCESS,,2026-08-14 17:32:06.122833
TXN_5ba5b1b4c54e,1,FAILED,INSUFFICIENT_FUNDS,2026-07-18 17:56:24.122833
TXN_5ba5b1b4c54e,2,SUCCESS,,2026-07-18 19:09:24.122833
TXN_76ad6f179bcd,1,SUCCESS,,2026-07-13 11:56:57.122833
TXN_36d03e21f3ef,1,SUCCESS,,2026-06-21 23:44:56.122833
TXN_27550a414a87,1,SUCCESS,,2026-08-04 21:01:50.122833
TXN_f97d2c673031,1,SUCCESS,,2026-08-04 01:28:41.122833
TXN_e0fbb422a14c,1,SUCCESS,,2026-08-18 21:53:54.122833
TXN_97b53ed7e422,1,SUCCESS,,2026-06-26 02:39:26.122833
TXN_46f01417e19b,1,SUCCESS,,2026-08-19 07:38:31.122833
TXN_d85ed998b073,1,SUCCESS,,2026-06-20 02:28:43.122833
TXN_9be8f33d8d7d,1,SUCCESS,,2026-07-14 07:57:29.122833
TXN_cec29095bddb,1,FAILED,BANK_DECLINED,2026-08-15 15:33:54.122833
TXN_9987e29378c7,1,SUCCESS,,2026-08-24 15:44:51.122833
TXN_0a93ddfb895c,1,SUCCESS,,2026-06-26 10:27:20.122833
TXN_ca1e23ca9d20,1,FAILED,AUTHENTICATION_FAILED,2026-08-21 15:31:24.122833
TXN_ca1e23ca9d20,2,SUCCESS,,2026-08-21 16:25:24.122833
TXN_51b19237c639,1,FAILED,AUTHENTICATION_FAILED,2026-07-21 07:47:35.122833
TXN_4458ac6b7037,1,SUCCESS,,2026-06-11 00:32:19.122833
TXN_52a480897d14,1,SUCCESS,,2026-08-14 07:22:18.122833
TXN_4a03a0ee504c,1,FAILED,INSUFFICIENT_FUNDS,2026-06-10 00:37:28.122833
TXN_4a03a0ee504c,2,SUCCESS,,2026-06-10 00:40:28.122833
TXN_5ffcccc2c584,1,SUCCESS,,2026-07-22 04:26:39.122833
TXN_fef7332e9ead,1,SUCCESS,,2026-06-02 14:30:15.122833
TXN_71102330a770,1,SUCCESS,,2026-08-06 18:24:29.122833
TXN_a396bff64a54,1,SUCCESS,,2026-08-10 08:31:11.122833
TXN_0f09b07a19ba,1,FAILED,BANK_DECLINED,2026-07-11 20:01:24.122833
TXN_a4b7dbbb5f3f,1,FAILED,INSUFFICIENT_FUNDS,2026-08-03 22:06:32.122833
TXN_7d4e0f218220,1,SUCCESS,,2026-08-08 18:02:19.122833
TXN_c0fc0b979980,1,SUCCESS,,2026-07-20 19:00:46.122833
TXN_0cd835531f31,1,SUCCESS,,2026-08-22 23:27:22.122833
TXN_2656e59b5fe2,1,SUCCESS,,2026-08-30 09:35:50.122833
TXN_e708becaced1,1,FAILED,CARD_EXPIRED,2026-08-26 14:49:30.122833
TXN_ea6969c58743,1,SUCCESS,,2026-07-02 10:57:27.122833
TXN_5968e2f7f0f2,1,SUCCESS,,2026-06-27 04:40:02.122833
TXN_644e8212a761,1,SUCCESS,,2026-07-16 19:04:27.122833
TXN_0e61ac2afa61,1,SUCCESS,,2026-07-04 09:03:44.122833
TXN_a0ba788c0f7f,1,SUCCESS,,2026-08-26 10:22:34.122833
TXN_ee56d2442881,1,SUCCESS,,2026-07-19 06:49:42.122833
TXN_b2edbe493ebc,1,SUCCESS,,2026-08-30 12:16:44.122833
TXN_b8bc03a2745c,1,SUCCESS,,2026-07-02 16:56:08.122833
TXN_04f14594b10b,1,SUCCESS,,2026-06-22 09:13:22.122833
TXN_3ba45288872c,1,FAILED,INSUFFICIENT_FUNDS,2026-08-07 01:38:05.122833
TXN_3ba45288872c,2,SUCCESS,,2026-08-07 03:21:05.122833
TXN_dc8fe261e86a,1,SUCCESS,,2026-06-28 13:46:05.122833
TXN_2f38b7f96ae1,1,SUCCESS,,2026-08-20 16:47:15.122833
TXN_bfd7672ace19,1,SUCCESS,,2026-08-16 22:09:24.122833
TXN_1eab345cfe17,1,FAILED,LIMIT_EXCEEDED,2026-07-26 00:50:12.122833
TXN_29d6b3f73bb4,1,FAILED,NETWORK_TIMEOUT,2026-06-08 05:14:54.122833
TXN_29d6b3f73bb4,2,SUCCESS,,2026-06-08 07:06:54.122833
TXN_9b068b1fa5d7,1,FAILED,NETWORK_TIMEOUT,2026-08-18 15:42:38.122833
TXN_9b068b1fa5d7,2,SUCCESS,,2026-08-18 15:47:38.122833
TXN_e863d2339297,1,FAILED,UPI_TIMEOUT,2026-07-09 00:25:47.122833
TXN_e863d2339297,2,SUCCESS,,2026-07-09 02:00:47.122833
TXN_98073769996f,1,FAILED,CARD_EXPIRED,2026-07-09 04:20:54.122833
TXN_355113e8569b,1,SUCCESS,,2026-06-22 13:17:37.122833
TXN_ad9e10d118b0,1,SUCCESS,,2026-08-15 14:25:48.122833
TXN_06f96bcb2800,1,SUCCESS,,2026-08-12 16:50:22.122833
TXN_e9e804da5f6e,1,SUCCESS,,2026-08-25 16:38:14.122833
TXN_ba8da82c1d07,1,FAILED,UPI_TIMEOUT,2026-07-02 20:48:38.122833
TXN_ba8da82c1d07,2,SUCCESS,,2026-07-02 22:02:38.122833
TXN_ce2afa42bce6,1,SUCCESS,,2026-07-28 08:25:30.122833
TXN_1ccd8149f2fb,1,SUCCESS,,2026-08-23 04:40:37.122833
TXN_c0e2442ce143,1,FAILED,UPI_TIMEOUT,2026-07-03 02:57:27.122833
TXN_c0e2442ce143,2,SUCCESS,,2026-07-03 04:06:27.122833
TXN_267ef208028d,1,SUCCESS,,2026-07-01 07:26:56.122833
TXN_cbe2d4985f78,1,SUCCESS,,2026-08-27 07:05:49.122833
TXN_a5f2ceed84e7,1,SUCCESS,,2026-07-03 17:42:52.122833
TXN_3baa025595f1,1,SUCCESS,,2026-06-03 14:16:43.122833
TXN_80362e992037,1,SUCCESS,,2026-08-28 08:50:39.122833
TXN_d0afacc4603a,1,SUCCESS,,2026-08-01 04:52:54.122833
TXN_604378fa6f17,1,SUCCESS,,2026-07-12 02:13:27.122833
TXN_54f8570c5d7d,1,SUCCESS,,2026-07-04 04:55:09.122833
TXN_c28477bca6b8,1,SUCCESS,,2026-06-20 10:33:40.122833
TXN_f3a5c63756e4,1,SUCCESS,,2026-08-24 20:55:12.122833
TXN_43ff0fba0d76,1,FAILED,INSUFFICIENT_FUNDS,2026-07-02 09:13:40.122833
TXN_a724ca7eda95,1,SUCCESS,,2026-06-04 19:44:37.122833
TXN_43614c057cd1,1,SUCCESS,,2026-08-03 19:20:32.122833
TXN_409cc67cc9c2,1,FAILED,UPI_TIMEOUT,2026-08-12 03:43:19.122833
TXN_409cc67cc9c2,2,SUCCESS,,2026-08-12 05:39:19.122833
TXN_9d56b172870c,1,SUCCESS,,2026-08-19 06:38:37.122833
TXN_305f2723eb61,1,SUCCESS,,2026-08-31 09:53:58.122833
TXN_053347cc3664,1,SUCCESS,,2026-07-07 03:31:52.122833
TXN_cccd7e951148,1,SUCCESS,,2026-08-22 17:35:21.122833
TXN_578c3c5e93b9,1,SUCCESS,,2026-07-23 23:12:22.122833
TXN_dcba0bb2e8cb,1,FAILED,NETWORK_TIMEOUT,2026-06-10 23:34:31.122833
TXN_dcba0bb2e8cb,2,SUCCESS,,2026-06-10 23:51:31.122833
TXN_cc43eacd32fe,1,SUCCESS,,2026-08-05 21:03:00.122833
TXN_93acdd744ba4,1,SUCCESS,,2026-07-06 17:52:24.122833
TXN_c96bf63de3cd,1,SUCCESS,,2026-06-07 08:54:26.122833
TXN_c23133438858,1,SUCCESS,,2026-08-05 18:37:31.122833
TXN_9ec4c1ce5e2f,1,SUCCESS,,2026-07-20 11:56:37.122833
TXN_d0bd4e2684d6,1,FAILED,UPI_TIMEOUT,2026-06-14 10:52:13.122833
TXN_d0bd4e2684d6,2,SUCCESS,,2026-06-14 12:37:13.122833
TXN_2cd23e20d9f3,1,SUCCESS,,2026-08-29 01:46:16.122833
TXN_fd3ca71b243c,1,SUCCESS,,2026-08-27 11:35:41.122833
TXN_b05e45c76710,1,SUCCESS,,2026-08-30 07:02:17.122833
TXN_2758f91df506,1,SUCCESS,,2026-06-06 20:42:02.122833
TXN_57dbaeac9ca0,1,SUCCESS,,2026-06-28 01:12:44.122833
TXN_09a50b09e60f,1,SUCCESS,,2026-06-28 04:20:27.122833
TXN_ccd4e27421fe,1,SUCCESS,,2026-07-05 17:06:16.122833
TXN_e84dac9d2187,1,SUCCESS,,2026-08-03 05:00:24.122833
TXN_7cd5c8e17b9e,1,SUCCESS,,2026-07-10 16:07:23.122833
TXN_7a8fe488b824,1,SUCCESS,,2026-07-04 13:31:25.122833
TXN_c0917dbb34e7,1,SUCCESS,,2026-07-22 13:59:24.122833
TXN_b3c486c9b38e,1,FAILED,INSUFFICIENT_FUNDS,2026-08-12 06:44:23.122833
TXN_b3c486c9b38e,2,SUCCESS,,2026-08-12 07:11:23.122833
TXN_790b1444d029,1,FAILED,BANK_DECLINED,2026-08-02 03:05:09.122833
TXN_790b1444d029,2,SUCCESS,,2026-08-02 04:59:09.122833
TXN_15045b463745,1,SUCCESS,,2026-07-13 01:19:25.122833
TXN_6d640f7f5d80,1,FAILED,NETWORK_TIMEOUT,2026-06-04 20:01:43.122833
TXN_6d640f7f5d80,2,SUCCESS,,2026-06-04 21:11:43.122833
TXN_d7758b4f6fd8,1,FAILED,INSUFFICIENT_FUNDS,2026-07-26 13:58:04.122833
TXN_4b9b2efddb1a,1,SUCCESS,,2026-06-29 12:02:27.122833
TXN_8a238fe10d3a,1,SUCCESS,,2026-08-01 08:20:51.122833
TXN_a8490fbc531c,1,SUCCESS,,2026-08-15 09:07:30.122833
TXN_34fdba7dd78e,1,SUCCESS,,2026-08-19 00:59:53.122833
TXN_4f06ee5a69b3,1,SUCCESS,,2026-08-11 08:01:38.122833
TXN_bb9afedf6aa2,1,FAILED,BANK_DECLINED,2026-06-27 19:18:45.122833
TXN_bb9afedf6aa2,2,SUCCESS,,2026-06-27 20:46:45.122833
TXN_b20ad03d71f4,1,FAILED,BANK_DECLINED,2026-06-25 06:07:45.122833
TXN_b20ad03d71f4,2,SUCCESS,,2026-06-25 06:43:45.122833
TXN_5eaf65bb80e9,1,SUCCESS,,2026-08-27 07:12:58.122833
TXN_2e966824743e,1,FAILED,NETWORK_TIMEOUT,2026-06-08 01:32:33.122833
TXN_2e966824743e,2,SUCCESS,,2026-06-08 02:03:33.122833
TXN_f22a463c92af,1,SUCCESS,,2026-08-12 11:44:46.122833
TXN_64b6905aabf7,1,SUCCESS,,2026-08-15 07:17:14.122833
TXN_b221eecc4090,1,SUCCESS,,2026-08-22 15:23:14.122833
TXN_30fd576b48b2,1,SUCCESS,,2026-08-28 02:21:22.122833
TXN_2d995863ec20,1,SUCCESS,,2026-08-06 00:32:51.122833
TXN_c8af81f78966,1,SUCCESS,,2026-08-11 04:52:20.122833
TXN_5b2382e7516b,1,SUCCESS,,2026-06-23 19:07:09.122833
TXN_dbf796488957,1,SUCCESS,,2026-07-22 12:37:44.122833
TXN_15df418524f5,1,SUCCESS,,2026-07-19 16:23:59.122833
TXN_b973feacb596,1,SUCCESS,,2026-07-11 08:37:23.122833
TXN_df373cd7fb1e,1,FAILED,BANK_DECLINED,2026-08-12 20:51:45.122833
TXN_df373cd7fb1e,2,SUCCESS,,2026-08-12 21:54:45.122833
TXN_3ce1af68e689,1,FAILED,BANK_DECLINED,2026-06-16 19:52:21.122833
TXN_3ce1af68e689,2,SUCCESS,,2026-06-16 20:07:21.122833
TXN_6455d727fd37,1,SUCCESS,,2026-07-03 21:33:29.122833
TXN_bc8d3120c083,1,SUCCESS,,2026-08-02 14:53:42.122833
TXN_ccbfac361365,1,SUCCESS,,2026-07-24 18:42:42.122833
TXN_e337ae44e7ae,1,SUCCESS,,2026-06-08 20:21:27.122833
TXN_c96fdca48e0c,1,SUCCESS,,2026-08-27 17:58:34.122833
TXN_cca1aa0c8130,1,SUCCESS,,2026-08-23 01:26:50.122833
TXN_97512b5b084a,1,SUCCESS,,2026-07-13 19:17:24.122833
TXN_59d8cd8987f1,1,SUCCESS,,2026-08-18 00:30:41.122833
TXN_6c7b43a62a0b,1,FAILED,INSUFFICIENT_FUNDS,2026-07-02 18:18:09.122833
TXN_0b4459f759d8,1,SUCCESS,,2026-07-14 00:48:21.122833
TXN_9b82a904324a,1,SUCCESS,,2026-07-27 12:35:54.122833
TXN_7aa879c1fc84,1,SUCCESS,,2026-06-08 12:33:52.122833
TXN_0421c0d2d017,1,SUCCESS,,2026-06-10 22:26:11.122833
TXN_f7c39cfea1d3,1,SUCCESS,,2026-06-17 16:05:08.122833
TXN_236739118f18,1,SUCCESS,,2026-08-15 07:43:08.122833
TXN_cb674d33a901,1,SUCCESS,,2026-07-30 20:56:15.122833
TXN_120f58f12c5f,1,FAILED,INSUFFICIENT_FUNDS,2026-08-02 14:42:41.122833
TXN_120f58f12c5f,2,SUCCESS,,2026-08-02 15:19:41.122833
TXN_ec68ff81da62,1,SUCCESS,,2026-06-10 15:19:55.122833
TXN_6612673dcbe1,1,SUCCESS,,2026-06-03 09:15:16.122833
TXN_a0cfc1edbf6f,1,SUCCESS,,2026-06-09 14:06:44.122833
TXN_2851779117ff,1,SUCCESS,,2026-06-26 02:17:26.122833
TXN_1cffdbd178ec,1,SUCCESS,,2026-07-19 18:45:28.122833
TXN_b5308b353903,1,SUCCESS,,2026-08-27 02:39:49.122833
TXN_86eaac6cae3c,1,SUCCESS,,2026-06-06 13:40:31.122833
TXN_bcd83f0c3d3f,1,SUCCESS,,2026-08-21 16:02:39.122833
TXN_12223f13789b,1,FAILED,INSUFFICIENT_FUNDS,2026-06-07 06:23:38.122833
TXN_a3cec960832f,1,SUCCESS,,2026-08-24 08:59:15.122833
TXN_7621dc8be945,1,SUCCESS,,2026-08-08 16:13:03.122833
TXN_c8ba2dfddbd4,1,SUCCESS,,2026-07-15 18:00:08.122833
TXN_0ec471a00f21,1,SUCCESS,,2026-07-07 23:32:59.122833
TXN_0714c280d972,1,SUCCESS,,2026-07-03 18:18:27.122833
TXN_71a04cd0ce62,1,SUCCESS,,2026-06-23 17:11:42.122833
TXN_fbdc815bb81c,1,SUCCESS,,2026-07-05 15:03:04.122833
TXN_df0debf91b63,1,FAILED,CARD_EXPIRED,2026-07-10 02:27:22.122833
TXN_94aee29d4f6e,1,FAILED,CUSTOMER_CANCELLED,2026-07-11 04:59:28.122833
TXN_a4280bbcc0e5,1,SUCCESS,,2026-06-02 20:15:16.122833
TXN_07ea24ada293,1,SUCCESS,,2026-08-22 04:43:18.122833
TXN_44476e990d63,1,SUCCESS,,2026-07-27 21:26:16.122833
TXN_75d4641d690f,1,SUCCESS,,2026-07-08 23:20:57.122833
TXN_e769546d9f9a,1,SUCCESS,,2026-07-01 14:56:04.122833
TXN_5b76ef10e96b,1,SUCCESS,,2026-06-22 14:23:58.122833
TXN_e20f42425985,1,FAILED,CARD_EXPIRED,2026-06-19 20:46:08.122833
TXN_8d35260d6bdd,1,SUCCESS,,2026-07-05 06:06:11.122833
TXN_d8e9a4c12986,1,SUCCESS,,2026-07-06 15:06:01.122833
TXN_d3ef22d32814,1,SUCCESS,,2026-06-04 10:02:12.122833
TXN_f7c37c0178e2,1,SUCCESS,,2026-08-18 16:01:58.122833
TXN_59a18b54fe03,1,SUCCESS,,2026-07-24 17:46:00.122833
TXN_eb9b408baa76,1,SUCCESS,,2026-08-19 08:08:17.122833
TXN_a566dd131014,1,SUCCESS,,2026-06-28 09:19:51.122833
TXN_2f57c3518908,1,FAILED,BANK_DECLINED,2026-08-08 23:20:49.122833
TXN_2f57c3518908,2,SUCCESS,,2026-08-09 01:18:49.122833
TXN_7d1c51fb7f73,1,SUCCESS,,2026-07-30 05:53:04.122833
TXN_3581c12f2770,1,SUCCESS,,2026-06-13 06:11:36.122833
TXN_108bc5898fd8,1,SUCCESS,,2026-08-24 23:31:58.122833
TXN_295ef66edaac,1,SUCCESS,,2026-08-05 23:45:41.122833
TXN_3fe4d2851a6e,1,FAILED,INSUFFICIENT_FUNDS,2026-07-19 13:35:57.122833
TXN_3fe4d2851a6e,2,SUCCESS,,2026-07-19 14:09:57.122833
TXN_b411e323e430,1,SUCCESS,,2026-07-05 07:05:14.122833
TXN_ac9fcbc58feb,1,SUCCESS,,2026-08-12 14:15:05.122833
TXN_a506995dd735,1,FAILED,UPI_TIMEOUT,2026-08-26 14:30:43.122833
TXN_a506995dd735,2,SUCCESS,,2026-08-26 14:38:43.122833
TXN_a3406a18e843,1,FAILED,CARD_EXPIRED,2026-06-17 07:43:54.122833
TXN_06dcec8c1e70,1,SUCCESS,,2026-07-06 12:48:03.122833
TXN_81d9c5ba6b27,1,SUCCESS,,2026-08-17 21:18:35.122833
TXN_ba93a954fbf4,1,SUCCESS,,2026-08-22 11:04:45.122833
TXN_614cf9299761,1,SUCCESS,,2026-07-11 16:08:44.122833
TXN_7af2753e28da,1,FAILED,BANK_DECLINED,2026-08-02 13:52:24.122833
TXN_7af2753e28da,2,SUCCESS,,2026-08-02 15:37:24.122833
TXN_d96584f223ee,1,SUCCESS,,2026-06-23 07:38:03.122833
TXN_e4c6dd8e022d,1,SUCCESS,,2026-07-15 17:03:07.122833
TXN_a6d788557a3e,1,FAILED,UPI_TIMEOUT,2026-08-19 22:29:36.122833
TXN_a6d788557a3e,2,SUCCESS,,2026-08-19 23:08:36.122833
TXN_39eacc571ed9,1,FAILED,UPI_TIMEOUT,2026-06-27 07:21:31.122833
TXN_39eacc571ed9,2,SUCCESS,,2026-06-27 08:11:31.122833
TXN_492995969b6c,1,SUCCESS,,2026-08-20 04:18:15.122833
TXN_8a7a0bd2aab7,1,SUCCESS,,2026-07-26 13:52:15.122833
TXN_021dcc7f41a0,1,SUCCESS,,2026-07-22 21:51:42.122833
TXN_c30f9229e90c,1,FAILED,BANK_DECLINED,2026-08-16 00:37:59.122833
TXN_c30f9229e90c,2,SUCCESS,,2026-08-16 02:18:59.122833
TXN_259aa3a6e363,1,SUCCESS,,2026-08-21 15:55:41.122833
TXN_c18ca2f687a2,1,FAILED,INSUFFICIENT_FUNDS,2026-08-07 09:45:49.122833
TXN_c18ca2f687a2,2,SUCCESS,,2026-08-07 10:25:49.122833
TXN_c535f99fbb3d,1,SUCCESS,,2026-08-14 09:18:11.122833
TXN_a3d60b8daeca,1,SUCCESS,,2026-06-28 18:50:07.122833
TXN_a74564eca279,1,SUCCESS,,2026-06-19 21:21:47.122833
TXN_8c325ba245b6,1,FAILED,BANK_DECLINED,2026-08-29 08:31:25.122833
TXN_8c325ba245b6,2,SUCCESS,,2026-08-29 08:49:25.122833
TXN_a79ed97f3282,1,SUCCESS,,2026-08-20 06:47:07.122833
TXN_06ad5947e9e6,1,SUCCESS,,2026-07-13 18:52:12.122833
TXN_d564424ea809,1,SUCCESS,,2026-08-18 08:33:55.122833
TXN_7a884c70e51e,1,FAILED,LIMIT_EXCEEDED,2026-08-18 20:12:32.122833
TXN_7a884c70e51e,2,SUCCESS,,2026-08-18 20:31:32.122833
TXN_277d60e557ac,1,SUCCESS,,2026-06-08 05:01:55.122833
TXN_99c0199a9521,1,SUCCESS,,2026-08-17 05:46:37.122833
TXN_940604ddbdbd,1,SUCCESS,,2026-08-14 17:38:16.122833
TXN_dbb6af715cda,1,SUCCESS,,2026-07-31 04:51:25.122833
TXN_c93e5ba2e834,1,SUCCESS,,2026-07-02 16:08:54.122833
TXN_89785302d7a8,1,SUCCESS,,2026-08-31 04:50:25.122833
TXN_0145efb1a7a2,1,SUCCESS,,2026-07-12 19:09:45.122833
TXN_b6d6fb37e493,1,SUCCESS,,2026-06-28 14:55:12.122833
TXN_7e012b22e85a,1,SUCCESS,,2026-06-03 16:00:20.122833
TXN_d9af66dea248,1,FAILED,BANK_DECLINED,2026-08-19 17:12:05.122833
TXN_d9af66dea248,2,SUCCESS,,2026-08-19 18:58:05.122833
TXN_dc6d70ecb278,1,FAILED,NETWORK_TIMEOUT,2026-08-20 14:33:39.122833
TXN_dc6d70ecb278,2,SUCCESS,,2026-08-20 15:31:39.122833
TXN_d6ff0a4e2c20,1,FAILED,NETWORK_TIMEOUT,2026-06-20 05:13:53.122833
TXN_d6ff0a4e2c20,2,SUCCESS,,2026-06-20 06:49:53.122833
TXN_bd64e777007c,1,SUCCESS,,2026-07-18 07:35:03.122833
TXN_996e582d50ad,1,SUCCESS,,2026-06-16 08:03:40.122833
TXN_3937f7c1c07f,1,SUCCESS,,2026-07-29 05:29:29.122833
TXN_4997bbabee70,1,SUCCESS,,2026-08-18 22:57:32.122833
TXN_7bc239de5739,1,SUCCESS,,2026-07-03 21:18:40.122833
TXN_8e547c38a214,1,SUCCESS,,2026-07-29 10:52:01.122833
TXN_27972775eef3,1,SUCCESS,,2026-08-23 10:28:06.122833
TXN_2c5052085e5d,1,SUCCESS,,2026-07-16 10:26:50.122833
TXN_843c92d66770,1,SUCCESS,,2026-08-09 13:38:16.122833
TXN_17cc37c9f3b1,1,SUCCESS,,2026-06-30 09:44:55.122833
TXN_d0b660c05baa,1,SUCCESS,,2026-07-24 06:46:05.122833
TXN_fce6dfd85622,1,SUCCESS,,2026-06-23 08:37:22.122833
TXN_011b81f4aead,1,SUCCESS,,2026-08-08 07:32:20.122833
TXN_bfb98b9b8e3f,1,SUCCESS,,2026-08-04 01:45:15.122833
TXN_100f5bdc7e72,1,SUCCESS,,2026-07-14 05:37:59.122833
TXN_3dbd1792047a,1,SUCCESS,,2026-08-25 06:51:58.122833
TXN_284370214774,1,SUCCESS,,2026-06-18 16:44:09.122833
TXN_9c6b2ccdd9aa,1,FAILED,NETWORK_TIMEOUT,2026-06-21 20:29:54.122833
TXN_a8d9829bf532,1,SUCCESS,,2026-06-13 09:41:38.122833
TXN_9ca7e076f7d9,1,SUCCESS,,2026-06-03 16:58:13.122833
TXN_1a41a89b2005,1,SUCCESS,,2026-08-30 22:25:58.122833
TXN_1dcc83dff213,1,FAILED,CARD_EXPIRED,2026-06-03 14:59:16.122833
TXN_1dcc83dff213,2,SUCCESS,,2026-06-03 16:14:16.122833
TXN_95415386bbd9,1,FAILED,LIMIT_EXCEEDED,2026-07-25 08:43:31.122833
TXN_8a3cffde0d35,1,SUCCESS,,2026-07-08 19:55:44.122833
TXN_83bc0bbed56b,1,FAILED,CARD_EXPIRED,2026-08-03 09:32:14.122833
TXN_83bc0bbed56b,2,SUCCESS,,2026-08-03 11:15:14.122833
TXN_c884515b6d81,1,FAILED,BANK_DECLINED,2026-06-29 23:19:48.122833
TXN_17ce97605002,1,SUCCESS,,2026-08-05 08:45:04.122833
TXN_483aa55b3d13,1,SUCCESS,,2026-06-06 22:33:38.122833
TXN_bd49f9a82819,1,FAILED,CARD_EXPIRED,2026-08-05 03:05:25.122833
TXN_a2fa7560fe11,1,SUCCESS,,2026-07-01 13:56:41.122833
TXN_5980b05d5b89,1,SUCCESS,,2026-08-11 07:14:56.122833
TXN_d62a3628aa4c,1,SUCCESS,,2026-07-10 03:54:56.122833
TXN_e8df49b152d5,1,SUCCESS,,2026-07-27 09:53:03.122833
TXN_7c6aaabe38f2,1,SUCCESS,,2026-07-01 13:36:43.122833
TXN_41fbf90d4438,1,SUCCESS,,2026-07-30 11:34:18.122833
TXN_4b03a1ab3d7e,1,SUCCESS,,2026-08-25 10:10:38.122833
TXN_9a3d42011502,1,FAILED,CARD_EXPIRED,2026-06-16 09:43:05.122833
TXN_9a3d42011502,2,SUCCESS,,2026-06-16 10:00:05.122833
TXN_d96c2a93088b,1,SUCCESS,,2026-06-19 14:29:50.122833
TXN_9ff99d8e1ff5,1,FAILED,LIMIT_EXCEEDED,2026-06-26 18:30:09.122833
TXN_0175287b3b78,1,SUCCESS,,2026-06-19 06:51:22.122833
TXN_3a649b688968,1,SUCCESS,,2026-07-28 01:47:32.122833
TXN_8a253526d19c,1,FAILED,INSUFFICIENT_FUNDS,2026-07-16 19:44:46.122833
TXN_1d1b9f4238ba,1,SUCCESS,,2026-06-25 02:44:33.122833
TXN_6456133fa91c,1,SUCCESS,,2026-08-21 22:42:36.122833
TXN_bbf7b7a150d3,1,FAILED,UPI_TIMEOUT,2026-06-03 00:17:42.122833
TXN_4b39c3e6be98,1,FAILED,CARD_EXPIRED,2026-08-24 05:59:52.122833
TXN_37cd3485ac33,1,SUCCESS,,2026-07-28 07:40:20.122833
TXN_a8c6e6e7df5e,1,FAILED,UPI_TIMEOUT,2026-08-26 15:46:59.122833
TXN_a8c6e6e7df5e,2,SUCCESS,,2026-08-26 17:25:59.122833
TXN_d07292ae95a7,1,FAILED,CARD_EXPIRED,2026-06-17 05:09:09.122833
TXN_d131c7c756f3,1,FAILED,BANK_DECLINED,2026-07-08 07:02:08.122833
TXN_d131c7c756f3,2,SUCCESS,,2026-07-08 08:07:08.122833
TXN_6a995bdea3d7,1,SUCCESS,,2026-07-28 17:38:30.122833
TXN_a8fccca753c2,1,SUCCESS,,2026-07-16 15:47:08.122833
TXN_803bcbfae946,1,FAILED,CUSTOMER_CANCELLED,2026-08-09 11:45:21.122833
TXN_2a8fcfb1998d,1,SUCCESS,,2026-08-29 17:07:13.122833
TXN_be49c5d63e40,1,SUCCESS,,2026-08-29 22:59:44.122833
TXN_7a643a6d5488,1,SUCCESS,,2026-06-27 04:45:34.122833
TXN_2845c96f734e,1,SUCCESS,,2026-07-29 22:33:16.122833
TXN_808a0fc76a42,1,FAILED,LIMIT_EXCEEDED,2026-06-13 19:02:27.122833
TXN_b265f02f5927,1,SUCCESS,,2026-07-17 17:23:59.122833
TXN_a9070314563e,1,SUCCESS,,2026-06-29 18:22:54.122833
TXN_74839fa003f9,1,SUCCESS,,2026-07-29 14:27:31.122833
TXN_239077d9d215,1,SUCCESS,,2026-08-23 10:08:04.122833
TXN_39bc4dc45000,1,SUCCESS,,2026-06-24 16:49:11.122833
TXN_292aa05ddf32,1,SUCCESS,,2026-08-22 01:24:56.122833
TXN_40e755e10115,1,SUCCESS,,2026-08-28 14:30:54.122833
TXN_03989807a764,1,SUCCESS,,2026-07-01 22:31:45.122833
TXN_5335de4e1939,1,FAILED,BANK_DECLINED,2026-07-02 01:30:08.122833
TXN_5335de4e1939,2,SUCCESS,,2026-07-02 03:03:08.122833
TXN_a83860de965e,1,SUCCESS,,2026-08-23 12:19:18.122833
TXN_09fd8063a2d0,1,SUCCESS,,2026-08-24 18:01:40.122833
TXN_f883aa16971c,1,SUCCESS,,2026-07-30 07:18:14.122833
TXN_5353c067440a,1,FAILED,NETWORK_TIMEOUT,2026-08-11 07:42:12.122833
TXN_5353c067440a,2,SUCCESS,,2026-08-11 07:51:12.122833
TXN_5cc8119e8532,1,FAILED,CARD_EXPIRED,2026-06-12 19:27:58.122833
TXN_421e08bf3c17,1,FAILED,INSUFFICIENT_FUNDS,2026-07-10 16:16:04.122833
TXN_d853b6ab24a6,1,SUCCESS,,2026-07-06 16:28:17.122833
TXN_841f5dd3d7f9,1,SUCCESS,,2026-06-17 07:51:10.122833
TXN_1467ea0c8170,1,SUCCESS,,2026-07-05 09:37:12.122833
TXN_d499d91f9fb9,1,SUCCESS,,2026-07-28 21:47:34.122833
TXN_f56febd233d5,1,SUCCESS,,2026-07-23 21:41:00.122833
TXN_de15bda3f1b4,1,FAILED,INSUFFICIENT_FUNDS,2026-07-09 09:23:47.122833
TXN_de15bda3f1b4,2,SUCCESS,,2026-07-09 10:48:47.122833
TXN_aed91d999362,1,SUCCESS,,2026-08-11 07:01:36.122833
TXN_1b1c31c2884f,1,SUCCESS,,2026-08-17 12:03:44.122833
TXN_d28ce88d0def,1,FAILED,INSUFFICIENT_FUNDS,2026-08-27 08:15:28.122833
TXN_d28ce88d0def,2,SUCCESS,,2026-08-27 08:57:28.122833
TXN_a3c422d59de0,1,SUCCESS,,2026-06-06 13:37:21.122833
TXN_9b84c41a0f99,1,FAILED,LIMIT_EXCEEDED,2026-06-16 14:38:35.122833
TXN_dc8ae9fe68fe,1,FAILED,UPI_TIMEOUT,2026-08-20 00:54:04.122833
TXN_dc8ae9fe68fe,2,SUCCESS,,2026-08-20 01:45:04.122833
TXN_8d012b2779d7,1,SUCCESS,,2026-06-07 22:55:47.122833
TXN_857e6f71e9c0,1,SUCCESS,,2026-06-15 05:19:29.122833
TXN_1743bb680ebb,1,SUCCESS,,2026-07-12 02:25:57.122833
TXN_4eb26ca1126e,1,SUCCESS,,2026-06-22 04:23:51.122833
TXN_71c1545a11ab,1,FAILED,CUSTOMER_CANCELLED,2026-06-07 15:16:02.122833
TXN_0b6ce05ec459,1,FAILED,NETWORK_TIMEOUT,2026-06-27 02:06:21.122833
TXN_0b6ce05ec459,2,SUCCESS,,2026-06-27 02:35:21.122833
TXN_a539a9cd1df9,1,SUCCESS,,2026-08-27 23:16:33.122833
TXN_43b86a5aa03c,1,SUCCESS,,2026-06-27 16:55:23.122833
TXN_3e7215b19ce3,1,SUCCESS,,2026-07-05 23:27:11.122833
TXN_942b77b7f698,1,FAILED,UPI_TIMEOUT,2026-07-03 23:17:09.122833
TXN_942b77b7f698,2,SUCCESS,,2026-07-03 23:57:09.122833
TXN_9facea692d67,1,SUCCESS,,2026-07-05 23:05:28.122833
TXN_0aafa9727549,1,SUCCESS,,2026-08-25 05:46:20.122833
TXN_f36caaa671c8,1,SUCCESS,,2026-07-05 06:04:28.122833
TXN_58b556cdf972,1,SUCCESS,,2026-06-12 22:50:22.122833
TXN_5f6f9640f9b6,1,FAILED,CUSTOMER_CANCELLED,2026-08-17 15:35:32.122833
TXN_681b2397e838,1,FAILED,AUTHENTICATION_FAILED,2026-08-29 10:02:08.122833
TXN_15107bba02b6,1,FAILED,LIMIT_EXCEEDED,2026-07-12 10:11:35.122833
TXN_15107bba02b6,2,SUCCESS,,2026-07-12 11:24:35.122833
TXN_7c823a6ece41,1,FAILED,UPI_TIMEOUT,2026-08-19 08:09:52.122833
TXN_7c823a6ece41,2,SUCCESS,,2026-08-19 08:34:52.122833
TXN_4503fbbb369c,1,SUCCESS,,2026-07-26 01:28:07.122833
TXN_c6ab189219b3,1,SUCCESS,,2026-08-07 11:55:59.122833
TXN_3e373c6eab91,1,SUCCESS,,2026-06-18 23:39:34.122833
TXN_4c15fcb73a68,1,SUCCESS,,2026-08-29 04:05:38.122833
TXN_32aa38286ec3,1,SUCCESS,,2026-07-26 23:41:05.122833
TXN_61f35dc645fe,1,SUCCESS,,2026-08-16 21:50:37.122833
TXN_af1cc135cc02,1,SUCCESS,,2026-07-23 12:29:59.122833
TXN_d972d30c4ad2,1,SUCCESS,,2026-06-22 07:20:55.122833
TXN_a3b53f100d4f,1,FAILED,INSUFFICIENT_FUNDS,2026-08-19 19:28:08.122833
TXN_de71803a830b,1,SUCCESS,,2026-08-20 23:07:27.122833
TXN_a1964bba8a1d,1,SUCCESS,,2026-07-01 18:23:13.122833
TXN_b4f50b0a9cd1,1,SUCCESS,,2026-07-25 05:05:16.122833
TXN_5e358e08a133,1,SUCCESS,,2026-06-10 05:28:17.122833
TXN_18b6be8605d7,1,SUCCESS,,2026-08-08 02:00:19.122833
TXN_c8995e4e44c5,1,SUCCESS,,2026-08-12 12:50:18.122833
TXN_09ff1b23f8be,1,FAILED,AUTHENTICATION_FAILED,2026-07-07 15:12:41.122833
TXN_aeb772b649af,1,FAILED,UPI_TIMEOUT,2026-07-24 00:57:06.122833
TXN_aeb772b649af,2,SUCCESS,,2026-07-24 02:07:06.122833
TXN_aed427b6fc4c,1,SUCCESS,,2026-06-07 23:48:50.122833
TXN_20a67f0ca595,1,SUCCESS,,2026-07-03 14:56:31.122833
TXN_29679f3ec9ff,1,SUCCESS,,2026-07-11 23:50:22.122833
TXN_f96ea04feb76,1,SUCCESS,,2026-08-21 17:18:19.122833
TXN_28dfe2dfa379,1,SUCCESS,,2026-07-24 11:57:55.122833
TXN_ac70a6eb458d,1,FAILED,NETWORK_TIMEOUT,2026-06-22 04:16:26.122833
TXN_ac70a6eb458d,2,SUCCESS,,2026-06-22 05:15:26.122833
TXN_369c65ceb0dc,1,SUCCESS,,2026-06-16 08:41:11.122833
TXN_f81bd9fcee5e,1,FAILED,INSUFFICIENT_FUNDS,2026-08-10 06:18:05.122833
TXN_f81bd9fcee5e,2,SUCCESS,,2026-08-10 06:46:05.122833
TXN_f1250fd2775c,1,FAILED,CARD_EXPIRED,2026-07-05 04:18:23.122833
TXN_5362c421b0d3,1,SUCCESS,,2026-07-19 17:29:26.122833
TXN_2d9e2e898d59,1,FAILED,CARD_EXPIRED,2026-08-09 22:05:32.122833
TXN_901382dd3ad7,1,SUCCESS,,2026-06-06 21:33:20.122833
TXN_41f1e6665d5a,1,FAILED,BANK_DECLINED,2026-08-06 13:58:07.122833
TXN_842a3f05008f,1,SUCCESS,,2026-06-15 06:54:28.122833
TXN_b02cc397b361,1,FAILED,CUSTOMER_CANCELLED,2026-08-11 14:06:53.122833
TXN_3f6a5f4c3494,1,SUCCESS,,2026-07-16 06:51:18.122833
TXN_6c52e5638fcb,1,SUCCESS,,2026-08-14 19:11:51.122833
TXN_d60b432f9be8,1,SUCCESS,,2026-07-05 23:10:34.122833
TXN_65f39f46ff96,1,SUCCESS,,2026-08-20 07:05:33.122833
TXN_98153e10bc88,1,FAILED,INSUFFICIENT_FUNDS,2026-08-04 07:28:39.122833
TXN_3449bdea34e1,1,SUCCESS,,2026-08-29 08:55:31.122833
TXN_162b98fb2589,1,SUCCESS,,2026-08-09 04:08:29.122833
TXN_0702d3058693,1,FAILED,CARD_EXPIRED,2026-07-01 15:08:50.122833
TXN_71abf133e070,1,SUCCESS,,2026-06-17 23:34:59.122833
TXN_794c98dce222,1,SUCCESS,,2026-06-25 16:19:35.122833
TXN_3ff5a05c69a0,1,SUCCESS,,2026-08-12 05:50:08.122833
TXN_5661be79642f,1,SUCCESS,,2026-08-18 05:48:31.122833
TXN_9e57f15d6efd,1,SUCCESS,,2026-06-21 04:03:16.122833
TXN_6be1b874d1c2,1,SUCCESS,,2026-08-02 01:12:41.122833
TXN_1e203b365e26,1,SUCCESS,,2026-07-07 17:39:36.122833
TXN_e345273d6b8c,1,FAILED,UPI_TIMEOUT,2026-08-24 06:17:34.122833
TXN_e345273d6b8c,2,SUCCESS,,2026-08-24 06:19:34.122833
TXN_e0d942001fb4,1,SUCCESS,,2026-06-06 18:35:12.122833
TXN_3fd01b580474,1,SUCCESS,,2026-06-28 20:00:04.122833
TXN_37eeb12400ab,1,SUCCESS,,2026-07-01 01:07:51.122833
TXN_553c4a6763e4,1,SUCCESS,,2026-06-05 13:36:02.122833
TXN_852cd33b0123,1,SUCCESS,,2026-07-13 06:35:22.122833
TXN_df0736de5607,1,SUCCESS,,2026-06-30 13:24:56.122833
TXN_d2705fad93cf,1,SUCCESS,,2026-08-22 12:04:10.122833
TXN_8e606eb11490,1,SUCCESS,,2026-06-24 00:55:17.122833
TXN_1c24fd24af85,1,SUCCESS,,2026-08-11 07:02:07.122833
TXN_2504eab7030c,1,SUCCESS,,2026-08-30 04:20:34.122833
TXN_e3bb5a37c56f,1,SUCCESS,,2026-08-10 14:31:09.122833
TXN_b2acb743ab93,1,FAILED,AUTHENTICATION_FAILED,2026-07-02 18:26:21.122833
TXN_a122b6bf3050,1,SUCCESS,,2026-07-13 11:36:30.122833
TXN_0b2ae756e33a,1,FAILED,INSUFFICIENT_FUNDS,2026-06-08 23:37:56.122833
TXN_aa32c9167df6,1,FAILED,NETWORK_TIMEOUT,2026-06-23 17:00:28.122833
TXN_aa32c9167df6,2,SUCCESS,,2026-06-23 17:34:28.122833
TXN_0c04389b72ce,1,FAILED,NETWORK_TIMEOUT,2026-07-16 03:09:16.122833
TXN_0c04389b72ce,2,SUCCESS,,2026-07-16 05:04:16.122833
TXN_5b972a007946,1,SUCCESS,,2026-06-26 03:05:51.122833
TXN_fd36d29f841d,1,SUCCESS,,2026-08-01 10:48:47.122833
TXN_b4719047bf19,1,SUCCESS,,2026-08-19 00:05:33.122833
TXN_aff485461ea1,1,SUCCESS,,2026-06-04 12:41:10.122833
TXN_2707adc83880,1,SUCCESS,,2026-08-13 14:46:35.122833
TXN_5d13e2553ee2,1,SUCCESS,,2026-06-03 15:03:33.122833
TXN_982d82ac1403,1,SUCCESS,,2026-07-28 09:23:41.122833
TXN_b5a7d9ac04a9,1,SUCCESS,,2026-08-23 09:21:41.122833
TXN_c9d13b3df038,1,SUCCESS,,2026-07-01 19:59:33.122833
TXN_e94b466494e9,1,FAILED,BANK_DECLINED,2026-08-10 02:40:59.122833
TXN_e94b466494e9,2,SUCCESS,,2026-08-10 03:48:59.122833
TXN_fbf5fb1199ca,1,SUCCESS,,2026-08-31 00:37:46.122833
TXN_f69a8954535b,1,SUCCESS,,2026-07-20 10:27:38.122833
TXN_51bf44150881,1,SUCCESS,,2026-07-14 15:01:12.122833
TXN_23e4bd5171b3,1,FAILED,NETWORK_TIMEOUT,2026-06-24 09:47:58.122833
TXN_23e4bd5171b3,2,SUCCESS,,2026-06-24 10:16:58.122833
TXN_43e417b4bb76,1,FAILED,LIMIT_EXCEEDED,2026-07-11 11:00:15.122833
TXN_41d72f0bfc15,1,SUCCESS,,2026-08-17 02:56:23.122833
TXN_5ab4c89a30d9,1,SUCCESS,,2026-07-06 06:22:23.122833
TXN_1b5f8f5b687c,1,SUCCESS,,2026-07-16 22:29:28.122833
TXN_2318073d8f05,1,SUCCESS,,2026-08-28 04:43:40.122833
TXN_c5d91669a594,1,SUCCESS,,2026-07-05 15:31:25.122833
TXN_3430f47452ac,1,SUCCESS,,2026-06-20 03:37:56.122833
TXN_a6965c58ca68,1,FAILED,INSUFFICIENT_FUNDS,2026-06-17 09:46:42.122833
TXN_a6965c58ca68,2,SUCCESS,,2026-06-17 11:14:42.122833
TXN_be96c86c0dc1,1,SUCCESS,,2026-07-27 22:41:36.122833
TXN_8d51711e9ea8,1,FAILED,AUTHENTICATION_FAILED,2026-06-07 22:26:30.122833
TXN_9e0429ce9746,1,SUCCESS,,2026-07-11 09:52:32.122833
TXN_ac9806d1002b,1,SUCCESS,,2026-08-21 02:25:54.122833
TXN_93058ddcbf00,1,SUCCESS,,2026-07-04 01:57:34.122833
TXN_812657f375b1,1,FAILED,BANK_DECLINED,2026-08-03 03:48:29.122833
TXN_55b7980e0e05,1,FAILED,BANK_DECLINED,2026-08-21 00:01:21.122833
TXN_55b7980e0e05,2,SUCCESS,,2026-08-21 01:09:21.122833
TXN_65e3c0b303bf,1,FAILED,NETWORK_TIMEOUT,2026-06-09 12:17:15.122833
TXN_65e3c0b303bf,2,SUCCESS,,2026-06-09 13:02:15.122833
TXN_9c7f5b771860,1,SUCCESS,,2026-08-24 16:38:30.122833
TXN_4d537f00d924,1,FAILED,INSUFFICIENT_FUNDS,2026-07-19 19:33:31.122833
TXN_4d537f00d924,2,SUCCESS,,2026-07-19 19:41:31.122833
TXN_ef9f50eccd34,1,SUCCESS,,2026-08-21 10:27:07.122833
TXN_51253a7abf8f,1,SUCCESS,,2026-07-06 12:17:04.122833
TXN_67d24ac65033,1,SUCCESS,,2026-06-27 06:03:38.122833
TXN_7af1fb09b7bc,1,FAILED,CARD_EXPIRED,2026-06-13 06:51:30.122833
TXN_b3557170c582,1,SUCCESS,,2026-07-20 18:32:32.122833
TXN_be06d5591fb0,1,SUCCESS,,2026-06-19 11:03:46.122833
TXN_ea7eed69256e,1,SUCCESS,,2026-07-12 08:45:15.122833
TXN_e9e0843f79e5,1,SUCCESS,,2026-07-12 10:56:21.122833
TXN_0f2e6171ef63,1,SUCCESS,,2026-08-05 09:35:45.122833
TXN_49ded0fe02db,1,FAILED,BANK_DECLINED,2026-06-15 08:36:11.122833
TXN_49ded0fe02db,2,SUCCESS,,2026-06-15 08:39:11.122833
TXN_ac69bfbb8fe9,1,SUCCESS,,2026-07-02 22:55:02.122833
TXN_6d6813d427ef,1,SUCCESS,,2026-08-05 15:10:55.122833
TXN_1c6c2d698a82,1,SUCCESS,,2026-07-30 10:19:17.122833
TXN_3a5c3bffad3f,1,FAILED,LIMIT_EXCEEDED,2026-06-23 13:08:58.122833
TXN_86101282cf24,1,SUCCESS,,2026-06-06 16:18:30.122833
TXN_b3013f8f93ff,1,SUCCESS,,2026-08-30 13:52:22.122833
TXN_33111d76dc55,1,FAILED,BANK_DECLINED,2026-08-12 17:37:54.122833
TXN_919bcb18da4d,1,SUCCESS,,2026-07-21 05:23:54.122833
TXN_e29e6d21d9da,1,FAILED,NETWORK_TIMEOUT,2026-08-19 04:44:56.122833
TXN_e29e6d21d9da,2,SUCCESS,,2026-08-19 05:02:56.122833
TXN_d791d786edca,1,SUCCESS,,2026-07-26 11:17:17.122833
TXN_3bb3654747fc,1,SUCCESS,,2026-07-24 14:32:07.122833
TXN_97b9336c5b18,1,SUCCESS,,2026-07-13 10:07:01.122833
TXN_1d3d36da8917,1,SUCCESS,,2026-08-05 18:13:46.122833
TXN_760eb4e440a0,1,FAILED,UPI_TIMEOUT,2026-07-24 16:02:27.122833
TXN_84fe22c63ebf,1,SUCCESS,,2026-06-03 18:24:00.122833
TXN_329ca6ba24c4,1,SUCCESS,,2026-08-11 21:24:45.122833
TXN_f48c6df90ed3,1,SUCCESS,,2026-07-16 00:56:56.122833
TXN_e33224491b88,1,SUCCESS,,2026-06-30 01:08:42.122833
TXN_00477c235964,1,FAILED,NETWORK_TIMEOUT,2026-08-17 10:23:11.122833
TXN_00477c235964,2,SUCCESS,,2026-08-17 12:16:11.122833
TXN_617e6194cd17,1,SUCCESS,,2026-07-31 04:59:43.122833
TXN_714e53a252dd,1,FAILED,INSUFFICIENT_FUNDS,2026-08-02 15:36:00.122833
TXN_a46ade5861f6,1,SUCCESS,,2026-06-30 04:15:44.122833
TXN_1da36e9a78ab,1,SUCCESS,,2026-06-27 20:42:12.122833
TXN_b596724b2211,1,SUCCESS,,2026-07-09 09:18:28.122833
TXN_1f5834b6d9f4,1,FAILED,NETWORK_TIMEOUT,2026-08-25 21:52:37.122833
TXN_1f5834b6d9f4,2,SUCCESS,,2026-08-25 23:19:37.122833
TXN_7d645a953228,1,SUCCESS,,2026-07-13 20:39:18.122833
TXN_7d4fb2774448,1,FAILED,CARD_EXPIRED,2026-08-18 20:15:33.122833
TXN_43a87916b495,1,SUCCESS,,2026-08-31 12:24:00.122833
TXN_3b61ad5d107d,1,FAILED,UPI_TIMEOUT,2026-07-15 05:03:55.122833
TXN_3b61ad5d107d,2,SUCCESS,,2026-07-15 07:00:55.122833
TXN_0aaa633c31c6,1,SUCCESS,,2026-06-15 16:14:41.122833
TXN_ea92451ef1b5,1,SUCCESS,,2026-08-15 05:36:55.122833
TXN_2256ad4576b0,1,FAILED,AUTHENTICATION_FAILED,2026-07-19 09:45:52.122833
TXN_2256ad4576b0,2,SUCCESS,,2026-07-19 11:24:52.122833
TXN_55b63f603697,1,FAILED,LIMIT_EXCEEDED,2026-07-20 16:05:56.122833
TXN_55b63f603697,2,SUCCESS,,2026-07-20 17:18:56.122833
TXN_101e495d820b,1,FAILED,BANK_DECLINED,2026-08-23 02:53:21.122833
TXN_101e495d820b,2,SUCCESS,,2026-08-23 03:08:21.122833
TXN_f5662345a54d,1,SUCCESS,,2026-06-17 12:30:33.122833
TXN_e10262bc1a3d,1,SUCCESS,,2026-06-16 01:04:59.122833
TXN_06e374ee7423,1,SUCCESS,,2026-06-04 21:45:52.122833
TXN_da2621a520fe,1,SUCCESS,,2026-07-21 20:24:52.122833
TXN_b235d48fe412,1,SUCCESS,,2026-08-30 18:23:52.122833
TXN_fe7cc80f4254,1,FAILED,NETWORK_TIMEOUT,2026-08-02 20:55:41.122833
TXN_fe7cc80f4254,2,SUCCESS,,2026-08-02 22:38:41.122833
TXN_c50aed2cf55d,1,SUCCESS,,2026-07-09 06:01:07.122833
TXN_da05bf21bbb2,1,SUCCESS,,2026-06-26 17:56:56.122833
TXN_f5e8e9042587,1,SUCCESS,,2026-07-28 22:28:32.122833
TXN_9ef77f93ebe3,1,SUCCESS,,2026-08-01 15:29:02.122833
TXN_e4430be1fcb1,1,FAILED,BANK_DECLINED,2026-06-29 14:06:15.122833
TXN_e4430be1fcb1,2,SUCCESS,,2026-06-29 15:38:15.122833
TXN_2f098f0472d3,1,SUCCESS,,2026-07-12 16:12:13.122833
TXN_14a0e0910674,1,SUCCESS,,2026-07-22 07:22:31.122833
TXN_084149db2af9,1,SUCCESS,,2026-07-31 09:35:51.122833
TXN_cf05c50713b7,1,SUCCESS,,2026-08-17 03:12:38.122833
TXN_5d9a9279bfad,1,SUCCESS,,2026-06-26 20:28:05.122833
TXN_e50f88746ddf,1,SUCCESS,,2026-07-08 17:50:26.122833
TXN_10b2c09ad4ae,1,SUCCESS,,2026-06-20 12:10:10.122833
TXN_22ac5458964a,1,SUCCESS,,2026-06-06 19:40:48.122833
TXN_26f4231a88c8,1,FAILED,LIMIT_EXCEEDED,2026-06-18 17:10:36.122833
TXN_43fc8484e482,1,SUCCESS,,2026-06-09 08:11:39.122833
TXN_2c9b7af954f5,1,FAILED,NETWORK_TIMEOUT,2026-08-24 02:32:38.122833
TXN_9210f5ef9e0d,1,SUCCESS,,2026-07-01 03:13:52.122833
TXN_8ee2dbf9ed3e,1,SUCCESS,,2026-07-26 15:58:29.122833
TXN_2178e0f473ce,1,FAILED,CARD_EXPIRED,2026-07-18 14:00:54.122833
TXN_5fcf73bd3da0,1,SUCCESS,,2026-07-01 23:48:51.122833
TXN_c645c2d4f9b7,1,SUCCESS,,2026-08-08 23:41:15.122833
TXN_9b5ea4d4ca64,1,SUCCESS,,2026-06-21 04:20:32.122833
TXN_d3913f73060c,1,SUCCESS,,2026-06-10 01:20:37.122833
TXN_68bd26f3ec22,1,SUCCESS,,2026-08-30 06:44:25.122833
TXN_2bc1e57de39d,1,SUCCESS,,2026-08-02 21:23:48.122833
TXN_07a4626fb967,1,FAILED,CARD_EXPIRED,2026-07-31 06:26:44.122833
TXN_223cbbbd39b7,1,SUCCESS,,2026-06-10 21:03:27.122833
TXN_24563f7ada22,1,FAILED,INSUFFICIENT_FUNDS,2026-08-26 09:26:06.122833
TXN_24563f7ada22,2,SUCCESS,,2026-08-26 11:02:06.122833
TXN_516a9330e684,1,SUCCESS,,2026-08-20 16:28:48.122833
TXN_57f6ebfa08fa,1,SUCCESS,,2026-08-23 20:00:54.122833
TXN_b8d7e172afff,1,SUCCESS,,2026-08-27 20:27:55.122833
TXN_26b560f19560,1,SUCCESS,,2026-08-17 01:03:07.122833
TXN_3aa7e3d30580,1,SUCCESS,,2026-06-10 05:15:51.122833
TXN_602fba153044,1,SUCCESS,,2026-06-13 08:41:50.122833
TXN_db9e957ec449,1,SUCCESS,,2026-07-02 21:29:42.122833
TXN_7b04be2b3005,1,FAILED,NETWORK_TIMEOUT,2026-08-09 22:30:14.122833
TXN_7b04be2b3005,2,SUCCESS,,2026-08-09 22:41:14.122833
TXN_40491653f266,1,SUCCESS,,2026-08-06 12:07:15.122833
TXN_08918c512940,1,SUCCESS,,2026-07-12 19:13:08.122833
TXN_4bfa785368a4,1,SUCCESS,,2026-07-16 14:28:46.122833
TXN_c6abbe03849d,1,SUCCESS,,2026-06-23 05:56:43.122833
TXN_46281225788c,1,SUCCESS,,2026-08-15 16:06:52.122833
TXN_b8a100d6e343,1,SUCCESS,,2026-07-17 00:56:25.122833
TXN_4d96076da14c,1,SUCCESS,,2026-07-16 18:34:38.122833
TXN_ef5113c38738,1,SUCCESS,,2026-06-28 09:04:55.122833
TXN_c2cab07689bc,1,SUCCESS,,2026-07-16 06:25:20.122833
TXN_a82b6f70dfab,1,SUCCESS,,2026-08-10 08:10:06.122833
TXN_db0b82c7bfa4,1,SUCCESS,,2026-06-11 05:39:36.122833
TXN_c613a87129c1,1,SUCCESS,,2026-06-03 00:24:02.122833
TXN_63a1384d2f7a,1,SUCCESS,,2026-07-06 15:18:19.122833
TXN_d4bdb1e5bb37,1,SUCCESS,,2026-07-06 08:31:28.122833
TXN_a4499d6d5eab,1,SUCCESS,,2026-08-22 19:35:16.122833
TXN_30024c963c3f,1,SUCCESS,,2026-08-04 03:00:36.122833
TXN_c0dcf2747dfb,1,SUCCESS,,2026-06-24 12:39:19.122833
TXN_682ad875751b,1,FAILED,CUSTOMER_CANCELLED,2026-06-29 20:54:23.122833
TXN_9d10403bac21,1,SUCCESS,,2026-07-01 18:08:46.122833
TXN_2834c5f1743c,1,FAILED,CUSTOMER_CANCELLED,2026-08-20 20:30:05.122833
TXN_c89430f673bc,1,FAILED,INSUFFICIENT_FUNDS,2026-07-17 23:14:45.122833
TXN_ed5378d5c4fc,1,SUCCESS,,2026-06-05 01:26:30.122833
TXN_276314ac85c2,1,SUCCESS,,2026-06-02 23:31:09.122833
TXN_3b28c48210b8,1,FAILED,AUTHENTICATION_FAILED,2026-08-05 01:55:38.122833
TXN_31ef1349e770,1,SUCCESS,,2026-08-20 03:20:33.122833
TXN_933ef7aa8313,1,SUCCESS,,2026-06-12 14:59:09.122833
TXN_c5694eb857fd,1,FAILED,NETWORK_TIMEOUT,2026-08-09 21:36:06.122833
TXN_c5694eb857fd,2,SUCCESS,,2026-08-09 23:19:06.122833
TXN_51b76facdf84,1,SUCCESS,,2026-08-01 09:57:08.122833
TXN_8e0224642688,1,SUCCESS,,2026-06-10 23:03:52.122833
TXN_abdfe74f8b59,1,SUCCESS,,2026-07-13 15:43:57.122833
TXN_4ff163646014,1,FAILED,BANK_DECLINED,2026-07-22 23:40:56.122833
TXN_8cf9a47ea9d6,1,SUCCESS,,2026-08-31 11:12:37.122833
TXN_e30f4306c3d8,1,FAILED,INSUFFICIENT_FUNDS,2026-07-19 04:57:01.122833
TXN_e0353ee6b2e3,1,SUCCESS,,2026-07-07 13:40:31.122833
TXN_d11f5a0c8102,1,SUCCESS,,2026-07-02 19:19:09.122833
TXN_82d864d8e853,1,SUCCESS,,2026-08-02 10:14:00.122833
TXN_aef5739e44cc,1,SUCCESS,,2026-06-13 10:34:13.122833
TXN_ad851bc4c2b6,1,SUCCESS,,2026-06-25 10:47:19.122833
TXN_92b6d5d4e4bc,1,FAILED,AUTHENTICATION_FAILED,2026-08-15 17:05:46.122833
TXN_64e615053562,1,SUCCESS,,2026-08-11 06:37:35.122833
TXN_a444ce6ce6da,1,SUCCESS,,2026-08-20 09:57:58.122833
TXN_4f7f05662257,1,SUCCESS,,2026-08-05 19:11:53.122833
TXN_90d80110ac67,1,SUCCESS,,2026-08-20 10:37:30.122833
TXN_b496e31a6893,1,SUCCESS,,2026-06-10 04:40:45.122833
TXN_17568a615e22,1,SUCCESS,,2026-08-18 09:36:01.122833
TXN_7b3f706623cd,1,FAILED,NETWORK_TIMEOUT,2026-07-15 08:22:51.122833
TXN_7b3f706623cd,2,SUCCESS,,2026-07-15 08:58:51.122833
TXN_60f8cf36634b,1,SUCCESS,,2026-08-03 20:11:54.122833
TXN_cafe68aa7bbe,1,FAILED,INSUFFICIENT_FUNDS,2026-07-31 14:00:01.122833
TXN_b6d390eb5631,1,SUCCESS,,2026-07-05 12:17:41.122833
TXN_3e91a392bf0c,1,FAILED,UPI_TIMEOUT,2026-06-20 20:23:07.122833
TXN_3e91a392bf0c,2,SUCCESS,,2026-06-20 21:33:07.122833
TXN_c0565a3e5af7,1,SUCCESS,,2026-07-11 11:55:59.122833
TXN_6ece12be2594,1,SUCCESS,,2026-06-04 02:39:29.122833
TXN_87dd8c4da9c4,1,SUCCESS,,2026-07-04 09:51:44.122833
TXN_80472184ffd9,1,SUCCESS,,2026-08-11 05:54:18.122833
TXN_9cccb2fbf0c3,1,SUCCESS,,2026-08-11 22:06:10.122833
TXN_bfd3d5567ec0,1,SUCCESS,,2026-06-17 06:01:23.122833
TXN_0fcc7f61ce50,1,SUCCESS,,2026-06-07 21:57:56.122833
TXN_53d8dc23e2d6,1,SUCCESS,,2026-06-03 06:52:51.122833
TXN_15f6129d4323,1,SUCCESS,,2026-08-06 09:06:19.122833
TXN_60b108179e0e,1,FAILED,BANK_DECLINED,2026-06-09 18:19:48.122833
TXN_b53f1a424101,1,FAILED,INSUFFICIENT_FUNDS,2026-06-27 15:22:08.122833
TXN_00813c276392,1,SUCCESS,,2026-07-22 12:42:02.122833
TXN_5d07f41112fb,1,SUCCESS,,2026-06-07 03:36:00.122833
TXN_32e9aa8eed77,1,SUCCESS,,2026-07-24 03:20:54.122833
TXN_423fb09f2b8e,1,SUCCESS,,2026-08-02 05:32:24.122833
TXN_6e38b7c4a070,1,FAILED,NETWORK_TIMEOUT,2026-08-21 04:54:48.122833
TXN_2cc998c04310,1,SUCCESS,,2026-06-23 18:27:39.122833
TXN_d4126eabd5fc,1,SUCCESS,,2026-07-20 12:58:45.122833
TXN_90e87f5804f7,1,FAILED,BANK_DECLINED,2026-06-26 09:17:02.122833
TXN_5bf7d65cc069,1,SUCCESS,,2026-07-03 09:03:05.122833
TXN_800d61a4d1e7,1,SUCCESS,,2026-08-16 13:29:17.122833
TXN_a7bb52cf7a6a,1,SUCCESS,,2026-07-12 11:16:24.122833
TXN_a06cc3f269da,1,SUCCESS,,2026-08-21 09:38:27.122833
TXN_335e20c3d5c6,1,FAILED,BANK_DECLINED,2026-08-02 12:15:44.122833
TXN_335e20c3d5c6,2,SUCCESS,,2026-08-02 12:42:44.122833
TXN_6e2b92042ec9,1,FAILED,INSUFFICIENT_FUNDS,2026-07-12 17:47:46.122833
TXN_6e2b92042ec9,2,SUCCESS,,2026-07-12 19:47:46.122833
TXN_2ab027f92e78,1,SUCCESS,,2026-06-25 18:39:34.122833
TXN_81e6f0a0d199,1,SUCCESS,,2026-07-29 23:37:21.122833
TXN_819a5af00bd1,1,SUCCESS,,2026-08-22 19:47:12.122833
TXN_7a5ef1586a97,1,FAILED,LIMIT_EXCEEDED,2026-08-10 19:48:53.122833
TXN_7a5ef1586a97,2,SUCCESS,,2026-08-10 20:18:53.122833
TXN_7b9f40cecaca,1,SUCCESS,,2026-06-16 04:22:59.122833
TXN_b5e126f8754e,1,SUCCESS,,2026-08-19 18:14:48.122833
TXN_5ec9aaa819b1,1,SUCCESS,,2026-08-27 19:42:09.122833
TXN_7e676a4124c6,1,SUCCESS,,2026-07-27 17:07:58.122833
TXN_fcef49a87267,1,SUCCESS,,2026-06-20 13:28:01.122833
TXN_abab1bd96b89,1,SUCCESS,,2026-08-07 23:43:13.122833
TXN_148f713be873,1,SUCCESS,,2026-08-02 17:53:26.122833
TXN_b573d676372f,1,SUCCESS,,2026-06-13 13:35:37.122833
TXN_5ec0b0594a27,1,FAILED,NETWORK_TIMEOUT,2026-06-24 00:50:03.122833
TXN_5ec0b0594a27,2,SUCCESS,,2026-06-24 02:48:03.122833
TXN_5e40d5b95aa7,1,SUCCESS,,2026-06-04 23:30:16.122833
TXN_b36c1b68f09d,1,SUCCESS,,2026-07-03 09:38:36.122833
TXN_1675d2fa9adb,1,SUCCESS,,2026-06-08 00:21:22.122833
TXN_8d135d192655,1,SUCCESS,,2026-08-17 07:53:36.122833
TXN_83e81e5a8c8f,1,FAILED,NETWORK_TIMEOUT,2026-08-31 03:27:58.122833
TXN_83e81e5a8c8f,2,SUCCESS,,2026-08-31 03:53:58.122833
TXN_232501b19c66,1,SUCCESS,,2026-08-12 10:46:18.122833
TXN_b01bd709fd01,1,SUCCESS,,2026-06-13 21:11:59.122833
TXN_8612b702bf3e,1,SUCCESS,,2026-08-11 23:22:41.122833
TXN_dfc2d30b2709,1,SUCCESS,,2026-06-09 15:12:33.122833
TXN_8e056848c1dc,1,SUCCESS,,2026-08-05 11:22:07.122833
TXN_718e85ab3f80,1,SUCCESS,,2026-08-11 15:32:38.122833
TXN_7d18ea611e56,1,FAILED,NETWORK_TIMEOUT,2026-08-22 05:45:09.122833
TXN_7d18ea611e56,2,SUCCESS,,2026-08-22 05:52:09.122833
TXN_258977026ea6,1,FAILED,LIMIT_EXCEEDED,2026-06-09 03:31:48.122833
TXN_237e02cee8a8,1,SUCCESS,,2026-07-16 10:17:37.122833
TXN_4fac0c3b6159,1,SUCCESS,,2026-06-23 15:00:45.122833
TXN_0fb892700c43,1,SUCCESS,,2026-08-10 13:54:44.122833
TXN_ea4fa9602419,1,SUCCESS,,2026-07-17 13:16:16.122833
TXN_b1b92738b3bf,1,SUCCESS,,2026-06-30 21:59:24.122833
TXN_47a41095d529,1,SUCCESS,,2026-07-25 07:44:26.122833
TXN_aad57b8be278,1,SUCCESS,,2026-07-21 22:28:17.122833
TXN_db98bf14f105,1,FAILED,AUTHENTICATION_FAILED,2026-08-03 11:49:58.122833
TXN_db98bf14f105,2,SUCCESS,,2026-08-03 11:51:58.122833
TXN_19b9e65fca1b,1,FAILED,LIMIT_EXCEEDED,2026-08-19 05:02:03.122833
TXN_8b617e163479,1,FAILED,CUSTOMER_CANCELLED,2026-07-23 13:09:12.122833
TXN_ef15ca8c8360,1,SUCCESS,,2026-07-14 00:47:08.122833
TXN_fc52bcf9909c,1,FAILED,AUTHENTICATION_FAILED,2026-06-17 02:21:57.122833
TXN_eee7e4a67658,1,SUCCESS,,2026-07-16 05:03:04.122833
TXN_f1496a44cfe5,1,SUCCESS,,2026-06-27 04:47:34.122833
TXN_1a3f6ff56606,1,FAILED,LIMIT_EXCEEDED,2026-07-20 04:16:46.122833
TXN_64caaee361eb,1,SUCCESS,,2026-07-11 00:05:10.122833
TXN_cb22e40886db,1,SUCCESS,,2026-07-06 22:02:18.122833
TXN_9ce5ce6cae0b,1,SUCCESS,,2026-08-27 12:34:06.122833
TXN_b7e300c8cd3c,1,SUCCESS,,2026-07-24 19:27:02.122833
TXN_b5085d38b2c9,1,SUCCESS,,2026-06-22 19:01:09.122833
TXN_ea155c12bfb8,1,SUCCESS,,2026-06-15 16:05:58.122833
TXN_42712b889088,1,SUCCESS,,2026-07-23 22:54:02.122833
TXN_4efdfbc35eda,1,FAILED,BANK_DECLINED,2026-08-07 21:24:38.122833
TXN_4efdfbc35eda,2,SUCCESS,,2026-08-07 21:30:38.122833
TXN_f397c1da57a1,1,SUCCESS,,2026-07-04 17:24:13.122833
TXN_137ac1223a8d,1,SUCCESS,,2026-06-16 08:11:25.122833
TXN_ce11e1a2b0c7,1,SUCCESS,,2026-08-26 04:24:29.122833
TXN_ee2b3feffc41,1,FAILED,UPI_TIMEOUT,2026-08-01 00:55:55.122833
TXN_ee2b3feffc41,2,SUCCESS,,2026-08-01 01:59:55.122833
TXN_3187944979ab,1,SUCCESS,,2026-06-03 11:55:05.122833
TXN_660ae138bcf9,1,SUCCESS,,2026-08-29 22:32:33.122833
TXN_783ec8a389bf,1,SUCCESS,,2026-07-10 13:22:34.122833
TXN_0a5e3018d900,1,SUCCESS,,2026-06-30 12:02:31.122833
TXN_51cdd8a4d0c8,1,FAILED,LIMIT_EXCEEDED,2026-07-04 13:27:04.122833
TXN_dd900411190b,1,SUCCESS,,2026-07-28 22:06:41.122833
TXN_ad42ec9de443,1,FAILED,NETWORK_TIMEOUT,2026-07-29 12:39:21.122833
TXN_a114cc24cb41,1,SUCCESS,,2026-08-21 00:42:50.122833
TXN_991c6a87364f,1,SUCCESS,,2026-07-28 05:53:27.122833
TXN_7b9454c3d570,1,SUCCESS,,2026-06-14 11:02:21.122833
TXN_01684bb47258,1,SUCCESS,,2026-08-09 09:07:39.122833
TXN_d5d55aed2d68,1,SUCCESS,,2026-06-07 06:11:57.122833
TXN_da992ed9ee04,1,SUCCESS,,2026-08-04 12:07:53.122833
TXN_bf93bce77cf8,1,SUCCESS,,2026-08-13 11:05:09.122833
TXN_3c14302ba16a,1,SUCCESS,,2026-07-11 21:07:55.122833
TXN_f7984e1e3c60,1,SUCCESS,,2026-07-30 10:42:46.122833
TXN_50b10efba56a,1,SUCCESS,,2026-08-16 23:15:34.122833
TXN_903b60bab563,1,SUCCESS,,2026-08-22 15:38:44.122833
TXN_b77ba4019f22,1,SUCCESS,,2026-06-19 19:11:48.122833
TXN_7ba9449189c6,1,SUCCESS,,2026-07-24 04:54:21.122833
TXN_0b798a214db8,1,SUCCESS,,2026-08-19 11:57:22.122833
TXN_dedf06dd178b,1,SUCCESS,,2026-08-15 07:30:15.122833
TXN_de5c27382d11,1,SUCCESS,,2026-08-19 04:48:18.122833
TXN_6301872cc0a8,1,SUCCESS,,2026-06-19 21:20:47.122833
TXN_91157f4da8af,1,SUCCESS,,2026-07-04 11:46:15.122833
TXN_2234707c3aa6,1,SUCCESS,,2026-07-30 11:44:41.122833
TXN_5a09e1b14dba,1,FAILED,NETWORK_TIMEOUT,2026-07-27 07:29:12.122833
TXN_5a09e1b14dba,2,SUCCESS,,2026-07-27 08:31:12.122833
TXN_48d478df871d,1,SUCCESS,,2026-08-24 09:02:33.122833
TXN_dab86df4ce4d,1,FAILED,UPI_TIMEOUT,2026-08-19 00:37:48.122833
TXN_fa6d162f5eee,1,SUCCESS,,2026-07-18 00:16:06.122833
TXN_d6ae22d37cdf,1,SUCCESS,,2026-08-16 01:43:50.122833
TXN_db94b21097c5,1,SUCCESS,,2026-07-25 22:46:28.122833
TXN_e6a2ccb0089d,1,SUCCESS,,2026-07-27 23:35:11.122833
TXN_5485e34da868,1,SUCCESS,,2026-08-26 20:42:22.122833
TXN_c223e32f7d1e,1,FAILED,CARD_EXPIRED,2026-08-16 23:56:42.122833
TXN_c223e32f7d1e,2,SUCCESS,,2026-08-17 01:31:42.122833
TXN_743feb65eab7,1,FAILED,AUTHENTICATION_FAILED,2026-06-08 12:00:38.122833
TXN_743feb65eab7,2,SUCCESS,,2026-06-08 13:13:38.122833
TXN_b316d1dd0cc1,1,SUCCESS,,2026-08-07 16:38:51.122833
TXN_47cf0f3a089c,1,FAILED,CUSTOMER_CANCELLED,2026-08-27 19:50:21.122833
TXN_fd1b0f91e889,1,SUCCESS,,2026-08-30 23:42:31.122833
TXN_a47db040c4ef,1,SUCCESS,,2026-08-14 04:38:04.122833
TXN_ee3295edb573,1,SUCCESS,,2026-07-19 02:53:55.122833
TXN_5e4797ae50bd,1,SUCCESS,,2026-06-12 19:20:28.122833
TXN_cb15e8586b5a,1,SUCCESS,,2026-08-30 04:19:48.122833
TXN_83d1962c452b,1,SUCCESS,,2026-07-19 18:14:39.122833
TXN_199352341ee6,1,SUCCESS,,2026-07-22 10:35:22.122833
TXN_701746d24a3a,1,SUCCESS,,2026-07-22 07:38:54.122833
TXN_512b84ea80d3,1,SUCCESS,,2026-08-16 22:26:29.122833
TXN_267febfc6e50,1,SUCCESS,,2026-06-07 13:33:06.122833
TXN_2ddebcd6ee8f,1,SUCCESS,,2026-07-18 06:09:33.122833
TXN_c0234283398e,1,SUCCESS,,2026-08-24 02:12:00.122833
TXN_27a12c3bba8d,1,SUCCESS,,2026-07-02 22:51:08.122833
TXN_5f74fe7a42db,1,SUCCESS,,2026-06-29 12:03:48.122833
TXN_0e50faa5f3ea,1,FAILED,UPI_TIMEOUT,2026-08-29 12:37:40.122833
TXN_0e50faa5f3ea,2,SUCCESS,,2026-08-29 13:45:40.122833
TXN_523bf312e33b,1,SUCCESS,,2026-08-16 11:21:21.122833
TXN_ac093d8cfe8f,1,SUCCESS,,2026-08-22 05:12:28.122833
TXN_71548608dbd8,1,FAILED,BANK_DECLINED,2026-08-19 07:16:25.122833
TXN_5bc24c71852a,1,SUCCESS,,2026-06-22 22:03:51.122833
TXN_a64e5892ad4d,1,FAILED,NETWORK_TIMEOUT,2026-08-10 14:16:20.122833
TXN_a64e5892ad4d,2,SUCCESS,,2026-08-10 15:00:20.122833
TXN_4fd228b9a4dc,1,SUCCESS,,2026-08-09 22:54:11.122833
TXN_8926ec4ba95c,1,FAILED,CARD_EXPIRED,2026-07-16 07:57:53.122833
TXN_ea0d7def5a44,1,SUCCESS,,2026-07-13 01:12:20.122833
TXN_3308e6018c77,1,SUCCESS,,2026-07-23 16:36:38.122833
TXN_50bf38cd5a0f,1,FAILED,UPI_TIMEOUT,2026-06-06 09:06:32.122833
TXN_50bf38cd5a0f,2,SUCCESS,,2026-06-06 10:46:32.122833
TXN_dfb48674c255,1,SUCCESS,,2026-08-04 21:59:43.122833
TXN_9743d6253f5b,1,FAILED,LIMIT_EXCEEDED,2026-07-10 06:18:21.122833
TXN_00bf182e8567,1,SUCCESS,,2026-07-03 07:24:14.122833
TXN_ac75e73591d3,1,SUCCESS,,2026-07-24 12:04:35.122833
TXN_82f680d881c7,1,SUCCESS,,2026-08-11 01:35:33.122833
TXN_4e1dc2781f14,1,FAILED,BANK_DECLINED,2026-07-12 06:56:17.122833
TXN_6eb8b5847cf0,1,SUCCESS,,2026-07-04 22:22:56.122833
TXN_45434f3602c6,1,SUCCESS,,2026-08-15 20:53:44.122833
TXN_a2393835db93,1,SUCCESS,,2026-07-03 04:30:36.122833
TXN_cc34f968dd50,1,FAILED,CARD_EXPIRED,2026-08-10 14:57:49.122833
TXN_45a0f4b68208,1,SUCCESS,,2026-06-28 01:59:29.122833
TXN_c221c770e275,1,SUCCESS,,2026-06-26 10:48:37.122833
TXN_87c4f061ac56,1,SUCCESS,,2026-07-04 14:42:46.122833
TXN_456dc94360e2,1,SUCCESS,,2026-07-08 08:12:12.122833
TXN_0ad1579fddd5,1,SUCCESS,,2026-06-06 03:59:36.122833
TXN_3b1e71499ae2,1,SUCCESS,,2026-07-13 04:36:01.122833
TXN_fa7c173285d0,1,SUCCESS,,2026-07-27 07:38:59.122833
TXN_77f8776ea9fa,1,SUCCESS,,2026-06-13 01:29:43.122833
TXN_99dfc313a562,1,SUCCESS,,2026-08-03 05:42:48.122833
TXN_5b9eba4fb2fd,1,SUCCESS,,2026-08-23 10:05:19.122833
TXN_fe4aa85aeee7,1,SUCCESS,,2026-08-29 13:47:34.122833
TXN_d8ef742f8ada,1,SUCCESS,,2026-08-04 14:53:40.122833
TXN_8375bcdc6ee5,1,SUCCESS,,2026-07-01 08:11:13.122833
TXN_ba36cc11c04a,1,SUCCESS,,2026-06-03 00:32:59.122833
TXN_5d161110f227,1,SUCCESS,,2026-07-28 23:20:09.122833
TXN_b92f8ba8d5c1,1,FAILED,LIMIT_EXCEEDED,2026-07-04 21:54:55.122833
TXN_ad3e1f2a7e17,1,SUCCESS,,2026-07-31 09:46:59.122833
TXN_d4b19f577ab3,1,SUCCESS,,2026-08-04 08:02:26.122833
TXN_8d7bf496d770,1,SUCCESS,,2026-08-11 19:29:03.122833
TXN_0a55021a4acd,1,SUCCESS,,2026-06-05 10:28:46.122833
TXN_c7c065939a1b,1,SUCCESS,,2026-07-27 12:13:37.122833
TXN_24788814e065,1,SUCCESS,,2026-07-13 18:33:48.122833
TXN_55708b95b10e,1,SUCCESS,,2026-06-20 10:33:36.122833
TXN_87ae08683564,1,SUCCESS,,2026-08-07 06:48:16.122833
TXN_4e398584cf81,1,SUCCESS,,2026-07-14 12:13:09.122833
TXN_fcc5a906b220,1,SUCCESS,,2026-06-09 02:48:02.122833
TXN_f16add39d9d5,1,SUCCESS,,2026-06-22 17:11:26.122833
TXN_2c28e3314e32,1,SUCCESS,,2026-07-16 23:28:30.122833
TXN_61fb0fa2cbf2,1,SUCCESS,,2026-07-09 17:24:14.122833
TXN_8170424f40ba,1,SUCCESS,,2026-06-25 16:10:39.122833
TXN_134a1edf908a,1,FAILED,UPI_TIMEOUT,2026-08-24 15:03:04.122833
TXN_134a1edf908a,2,SUCCESS,,2026-08-24 16:43:04.122833
TXN_3114fb67ab42,1,SUCCESS,,2026-08-17 15:20:42.122833
TXN_228f2884855b,1,SUCCESS,,2026-06-24 09:05:40.122833
TXN_1e371c91a915,1,SUCCESS,,2026-06-06 16:31:12.122833
TXN_2a20ac39b55b,1,SUCCESS,,2026-07-22 04:51:58.122833
TXN_2e0839e768d8,1,FAILED,CARD_EXPIRED,2026-07-16 16:19:52.122833
TXN_928dcf7049d1,1,SUCCESS,,2026-07-20 06:28:02.122833
TXN_3a699b95a2e1,1,SUCCESS,,2026-08-28 01:45:45.122833
TXN_78815f2fa410,1,SUCCESS,,2026-06-18 00:20:51.122833
TXN_430257a607d5,1,SUCCESS,,2026-06-05 02:27:52.122833
TXN_7ca9cc2fdf40,1,SUCCESS,,2026-07-26 07:53:41.122833
TXN_a18078228a49,1,SUCCESS,,2026-07-08 02:26:55.122833
TXN_1c9c6a4b90b5,1,FAILED,LIMIT_EXCEEDED,2026-07-20 06:38:23.122833
TXN_f42d9bc4f31b,1,SUCCESS,,2026-08-21 09:34:00.122833
TXN_d6f4ebba91c7,1,SUCCESS,,2026-07-15 07:32:50.122833
TXN_de078bad3648,1,SUCCESS,,2026-06-19 18:32:03.122833
TXN_de092150f85a,1,FAILED,UPI_TIMEOUT,2026-06-26 22:19:28.122833
TXN_de092150f85a,2,SUCCESS,,2026-06-26 23:10:28.122833
TXN_5b00ddf8b668,1,SUCCESS,,2026-07-15 11:10:41.122833
TXN_1adb2acfaf21,1,SUCCESS,,2026-07-03 11:32:44.122833
TXN_196559e058f0,1,SUCCESS,,2026-06-10 23:42:57.122833
TXN_e641e63dd80f,1,SUCCESS,,2026-08-31 01:06:07.122833
TXN_0d07662176ca,1,SUCCESS,,2026-08-18 20:09:59.122833
TXN_98a989ebd4c9,1,SUCCESS,,2026-08-08 07:13:52.122833
TXN_2a2573a72954,1,SUCCESS,,2026-06-14 04:52:52.122833
TXN_d852143bbd1e,1,FAILED,LIMIT_EXCEEDED,2026-06-09 20:02:11.122833
TXN_f4c9218a9afa,1,FAILED,CARD_EXPIRED,2026-08-12 08:12:33.122833
TXN_96172f04707d,1,SUCCESS,,2026-06-09 19:25:40.122833
TXN_82fec4ff65d6,1,FAILED,CARD_EXPIRED,2026-07-18 10:05:16.122833
TXN_7c24bbeace97,1,SUCCESS,,2026-06-16 14:42:48.122833
TXN_d49ff4dc34f7,1,SUCCESS,,2026-08-15 11:33:07.122833
TXN_99e69c68cc47,1,SUCCESS,,2026-06-25 17:27:47.122833
TXN_826d903aefbe,1,SUCCESS,,2026-08-18 11:24:00.122833
TXN_dfd9f9055d21,1,FAILED,CUSTOMER_CANCELLED,2026-07-26 14:47:36.122833
TXN_7f4487977296,1,SUCCESS,,2026-08-09 19:11:41.122833
TXN_6607e6f6b10e,1,SUCCESS,,2026-08-08 02:53:29.122833
TXN_2fae62c92628,1,SUCCESS,,2026-06-06 10:11:44.122833
TXN_ccd793f698e4,1,SUCCESS,,2026-07-18 08:33:47.122833
TXN_d73659401693,1,FAILED,AUTHENTICATION_FAILED,2026-07-25 19:13:53.122833
TXN_857503264f0a,1,SUCCESS,,2026-08-09 12:03:24.122833
TXN_b4fbde0f683a,1,SUCCESS,,2026-06-07 19:30:53.122833
TXN_4d2d285b3dc9,1,FAILED,INSUFFICIENT_FUNDS,2026-08-31 10:07:46.122833
TXN_adc640ceab1f,1,SUCCESS,,2026-07-20 18:58:20.122833
TXN_b0bdae3fc819,1,FAILED,NETWORK_TIMEOUT,2026-07-08 17:42:34.122833
TXN_b0bdae3fc819,2,SUCCESS,,2026-07-08 19:03:34.122833
TXN_34ee7bcd7d4e,1,SUCCESS,,2026-06-18 11:16:58.122833
TXN_385237aa227d,1,SUCCESS,,2026-08-01 13:52:53.122833
TXN_422c8a9bb393,1,SUCCESS,,2026-08-01 19:18:42.122833
TXN_0f0a72011651,1,SUCCESS,,2026-07-18 13:23:56.122833
TXN_bca3348ee7ae,1,FAILED,CARD_EXPIRED,2026-08-25 02:31:57.122833
TXN_b36d210909bf,1,SUCCESS,,2026-07-03 19:01:38.122833
TXN_be23ad8f4601,1,SUCCESS,,2026-06-27 07:10:16.122833
TXN_bb9d412f8a1f,1,SUCCESS,,2026-08-07 10:41:18.122833
TXN_f58f941d192f,1,SUCCESS,,2026-06-18 16:37:18.122833
TXN_9ed26f00e40b,1,FAILED,LIMIT_EXCEEDED,2026-08-17 04:32:30.122833
TXN_9fbd1e909e6f,1,SUCCESS,,2026-08-24 04:50:35.122833
TXN_8e721234df98,1,SUCCESS,,2026-07-17 02:56:50.122833
TXN_3a51bc7d5692,1,SUCCESS,,2026-08-18 05:50:03.122833
TXN_1612727c78c1,1,SUCCESS,,2026-07-31 14:55:56.122833
TXN_ea7cf274f428,1,SUCCESS,,2026-08-16 01:53:22.122833
TXN_f3dd2c2811dc,1,FAILED,LIMIT_EXCEEDED,2026-08-16 01:11:20.122833
TXN_4cf1a19e24ff,1,SUCCESS,,2026-06-07 02:32:46.122833
TXN_ae28f33333e7,1,SUCCESS,,2026-07-22 17:13:26.122833
TXN_938abb45f199,1,SUCCESS,,2026-07-22 15:35:08.122833
TXN_919d435ac2b4,1,SUCCESS,,2026-07-11 12:13:16.122833
TXN_c461ca3aef42,1,SUCCESS,,2026-06-27 09:42:13.122833
TXN_4221620a997b,1,SUCCESS,,2026-07-15 00:01:07.122833
TXN_e3740d3901df,1,SUCCESS,,2026-06-16 17:04:16.122833
TXN_3f3e79d85ef7,1,FAILED,UPI_TIMEOUT,2026-06-11 09:18:46.122833
TXN_3f3e79d85ef7,2,SUCCESS,,2026-06-11 10:45:46.122833
TXN_8022ad5afe24,1,SUCCESS,,2026-08-19 08:05:10.122833
TXN_e25e57d14fe9,1,SUCCESS,,2026-08-07 08:53:11.122833
TXN_d90071d49ff5,1,SUCCESS,,2026-07-03 19:31:49.122833
TXN_376b70f8d316,1,SUCCESS,,2026-08-21 20:50:18.122833
TXN_59fd45478bc9,1,SUCCESS,,2026-08-21 02:09:13.122833
TXN_ad63202ac6e0,1,SUCCESS,,2026-08-08 21:35:28.122833
TXN_b389d3210ebd,1,SUCCESS,,2026-08-27 11:58:51.122833
TXN_3e1a1a157cd9,1,SUCCESS,,2026-07-06 04:59:18.122833
TXN_85be92b7a266,1,SUCCESS,,2026-06-03 10:31:30.122833
TXN_3d3dd7e5e946,1,FAILED,LIMIT_EXCEEDED,2026-08-21 11:14:43.122833
TXN_6a33a43e2fac,1,FAILED,BANK_DECLINED,2026-08-25 12:42:35.122833
TXN_d13cf164a555,1,FAILED,AUTHENTICATION_FAILED,2026-07-18 06:39:48.122833
TXN_d13cf164a555,2,SUCCESS,,2026-07-18 07:39:48.122833
TXN_99470db2af7f,1,SUCCESS,,2026-07-15 23:36:56.122833
TXN_f50c9b98e79c,1,FAILED,BANK_DECLINED,2026-07-16 20:08:46.122833
TXN_f50c9b98e79c,2,SUCCESS,,2026-07-16 20:11:46.122833
TXN_f3deb8a1ec51,1,FAILED,CUSTOMER_CANCELLED,2026-08-07 19:59:22.122833
TXN_a89c0428818b,1,FAILED,INSUFFICIENT_FUNDS,2026-07-14 07:49:29.122833
TXN_80eac5dac078,1,FAILED,CARD_EXPIRED,2026-08-20 02:42:26.122833
TXN_80eac5dac078,2,SUCCESS,,2026-08-20 04:30:26.122833
TXN_67bc53ff8fe9,1,SUCCESS,,2026-07-13 17:56:40.122833
TXN_2670057606be,1,FAILED,UPI_TIMEOUT,2026-07-22 22:29:14.122833
TXN_2670057606be,2,SUCCESS,,2026-07-22 23:45:14.122833
TXN_e3e30ba10ae9,1,SUCCESS,,2026-07-17 08:37:44.122833
TXN_031636518fe6,1,FAILED,INSUFFICIENT_FUNDS,2026-06-27 15:30:26.122833
TXN_031636518fe6,2,SUCCESS,,2026-06-27 15:39:26.122833
TXN_9ca8a1034b90,1,SUCCESS,,2026-06-29 13:18:03.122833
TXN_319874913faf,1,SUCCESS,,2026-08-11 16:50:54.122833
TXN_a9071a94784f,1,SUCCESS,,2026-08-28 01:25:45.122833
TXN_f00da9f32ee8,1,SUCCESS,,2026-06-20 06:26:38.122833
TXN_76c9ba94b45b,1,SUCCESS,,2026-07-29 01:11:14.122833
TXN_8f491fa16937,1,SUCCESS,,2026-06-05 05:46:52.122833
TXN_2a601b7e88bb,1,FAILED,LIMIT_EXCEEDED,2026-06-30 09:35:30.122833
TXN_65e95a2279ea,1,SUCCESS,,2026-08-18 03:17:32.122833
TXN_e25cbc544028,1,SUCCESS,,2026-07-07 13:33:17.122833
TXN_15f8ece6c8f8,1,FAILED,INSUFFICIENT_FUNDS,2026-08-09 16:21:01.122833
TXN_c29ba0e9910c,1,SUCCESS,,2026-06-05 08:07:43.122833
TXN_7e294ece0900,1,FAILED,INSUFFICIENT_FUNDS,2026-08-25 17:11:50.122833
TXN_7e294ece0900,2,SUCCESS,,2026-08-25 18:29:50.122833
TXN_c571048b8d2b,1,SUCCESS,,2026-08-10 04:45:09.122833
TXN_32db746de812,1,SUCCESS,,2026-06-07 17:31:54.122833
TXN_c0987e4b55b0,1,FAILED,INSUFFICIENT_FUNDS,2026-08-11 01:32:17.122833
TXN_ced374eae219,1,SUCCESS,,2026-08-04 13:56:44.122833
TXN_c7ecb25140e8,1,SUCCESS,,2026-07-13 05:14:13.122833
TXN_6f79c018ffff,1,SUCCESS,,2026-08-02 07:59:10.122833
TXN_ef084fd6ae42,1,SUCCESS,,2026-08-23 21:02:00.122833
TXN_7d3d3c2fe440,1,SUCCESS,,2026-08-29 13:53:43.122833
TXN_9b62475136b0,1,SUCCESS,,2026-07-06 06:16:24.122833
TXN_ffdabc69565f,1,SUCCESS,,2026-06-25 02:08:27.122833
TXN_6f8fc79ee3b6,1,SUCCESS,,2026-07-23 08:46:33.122833
TXN_59e5c19c25de,1,SUCCESS,,2026-07-23 07:18:12.122833
TXN_9e7296c9f787,1,FAILED,BANK_DECLINED,2026-07-23 09:46:08.122833
TXN_9e7296c9f787,2,SUCCESS,,2026-07-23 10:29:08.122833
TXN_007c490649cb,1,SUCCESS,,2026-08-22 14:08:51.122833
TXN_9d1f340f0b34,1,FAILED,BANK_DECLINED,2026-07-31 09:47:46.122833
TXN_9d1f340f0b34,2,SUCCESS,,2026-07-31 10:44:46.122833
TXN_11ad719d603c,1,SUCCESS,,2026-08-08 20:25:26.122833
TXN_f40711ab5c80,1,SUCCESS,,2026-07-04 11:26:56.122833
TXN_12a2353a9b6f,1,SUCCESS,,2026-06-18 20:48:43.122833
TXN_d2e10c257005,1,SUCCESS,,2026-06-11 10:48:29.122833
TXN_3efc6729fec8,1,SUCCESS,,2026-06-18 01:39:31.122833
TXN_bed65df55d5c,1,SUCCESS,,2026-07-23 08:56:11.122833
TXN_a784efeb78c5,1,SUCCESS,,2026-07-19 06:04:52.122833
TXN_51d8bbd4d70e,1,SUCCESS,,2026-08-06 00:12:14.122833
TXN_b771b45beb05,1,SUCCESS,,2026-08-13 07:50:57.122833
TXN_e3e8229fb40b,1,SUCCESS,,2026-07-21 17:00:30.122833
TXN_1664b5826266,1,FAILED,CUSTOMER_CANCELLED,2026-07-15 02:07:12.122833
TXN_baffb2d54698,1,SUCCESS,,2026-08-06 05:52:47.122833
TXN_aa32683e5d42,1,SUCCESS,,2026-07-06 06:50:13.122833
TXN_067d434a9b43,1,SUCCESS,,2026-08-09 23:20:46.122833
TXN_aed57afac04e,1,SUCCESS,,2026-06-21 07:48:09.122833
TXN_7efaad88f9d9,1,SUCCESS,,2026-07-21 02:45:48.122833
TXN_f0894fc1738d,1,SUCCESS,,2026-06-23 06:36:37.122833
TXN_0f1a9370cd4c,1,SUCCESS,,2026-06-08 12:15:42.122833
TXN_1b3600e98572,1,SUCCESS,,2026-08-06 13:41:59.122833
TXN_c7ce391b6e45,1,FAILED,BANK_DECLINED,2026-08-31 04:36:00.122833
TXN_8b77220d3d6d,1,SUCCESS,,2026-06-06 15:40:11.122833
TXN_8106231e52a1,1,FAILED,LIMIT_EXCEEDED,2026-06-30 18:56:16.122833
TXN_9d9a71c49179,1,SUCCESS,,2026-08-08 00:02:40.122833
TXN_1f0e85c087d9,1,FAILED,BANK_DECLINED,2026-08-04 15:12:04.122833
TXN_1f0e85c087d9,2,SUCCESS,,2026-08-04 16:09:04.122833
TXN_7f0bcba02336,1,SUCCESS,,2026-07-24 18:41:01.122833
TXN_e5ae500b023f,1,SUCCESS,,2026-08-03 12:09:16.122833
TXN_17f53985b107,1,SUCCESS,,2026-06-25 04:56:12.122833
TXN_2a54c2d56fbc,1,SUCCESS,,2026-07-09 12:05:37.122833
TXN_76123b8e5781,1,SUCCESS,,2026-08-06 18:22:53.122833
TXN_7f9a5a870029,1,SUCCESS,,2026-08-14 00:55:44.122833
TXN_4f0883747f58,1,FAILED,NETWORK_TIMEOUT,2026-08-08 13:40:37.122833
TXN_4f0883747f58,2,SUCCESS,,2026-08-08 14:15:37.122833
TXN_e32262f39493,1,SUCCESS,,2026-07-17 18:27:50.122833
TXN_226d8a09d3ae,1,SUCCESS,,2026-08-28 02:56:09.122833
TXN_a01ca65cae0f,1,SUCCESS,,2026-07-29 04:06:58.122833
TXN_2fb1871f78bc,1,SUCCESS,,2026-07-13 13:06:13.122833
TXN_3fb8ac524318,1,SUCCESS,,2026-07-30 07:58:33.122833
TXN_b3b6ac61516c,1,FAILED,CARD_EXPIRED,2026-06-07 04:20:42.122833
TXN_c49b141d8adf,1,SUCCESS,,2026-08-08 23:03:25.122833
TXN_2820e777832e,1,SUCCESS,,2026-08-25 18:57:33.122833
TXN_ab747caddeb2,1,SUCCESS,,2026-07-13 19:03:05.122833
TXN_6de6c37f1cf3,1,SUCCESS,,2026-08-16 20:23:13.122833
TXN_f53c52cd1951,1,SUCCESS,,2026-07-08 03:08:56.122833
TXN_da3defd35eef,1,FAILED,INSUFFICIENT_FUNDS,2026-07-04 06:10:48.122833
TXN_da3defd35eef,2,SUCCESS,,2026-07-04 07:15:48.122833
TXN_c6ba58849a12,1,FAILED,BANK_DECLINED,2026-07-20 06:28:57.122833
TXN_ae60d801a1ab,1,SUCCESS,,2026-08-31 12:06:22.122833
TXN_c20ebc3834a3,1,SUCCESS,,2026-07-17 12:29:13.122833
TXN_a8c5a3757f72,1,FAILED,INSUFFICIENT_FUNDS,2026-07-20 14:57:12.122833
TXN_a8c5a3757f72,2,SUCCESS,,2026-07-20 16:35:12.122833
TXN_f5798785d785,1,SUCCESS,,2026-06-05 01:35:35.122833
TXN_a445f849388c,1,SUCCESS,,2026-08-02 16:29:32.122833
TXN_69c58d75ea24,1,SUCCESS,,2026-06-13 17:42:42.122833
TXN_4e20668c154d,1,SUCCESS,,2026-08-28 17:51:20.122833
TXN_160a04ea5744,1,SUCCESS,,2026-08-08 13:25:58.122833
TXN_55b7877933a6,1,SUCCESS,,2026-06-16 12:32:21.122833
TXN_6a871c3c339c,1,SUCCESS,,2026-08-16 17:04:36.122833
TXN_614667bea2e1,1,SUCCESS,,2026-07-10 21:17:04.122833
TXN_53fa9da3e941,1,SUCCESS,,2026-08-10 12:14:19.122833
TXN_28b956646e02,1,SUCCESS,,2026-07-01 06:41:16.122833
TXN_596dce53e1d2,1,SUCCESS,,2026-06-06 12:24:38.122833
TXN_cee46acbd30a,1,SUCCESS,,2026-08-15 21:01:25.122833
TXN_07c7aac05c44,1,SUCCESS,,2026-08-12 12:54:18.122833
TXN_f310db2e6ae7,1,SUCCESS,,2026-08-21 11:00:30.122833
TXN_e1770d348fdb,1,SUCCESS,,2026-06-11 11:43:10.122833
TXN_c898fa85a322,1,SUCCESS,,2026-06-03 12:45:01.122833
TXN_4a57e8b2cc89,1,SUCCESS,,2026-06-25 06:34:45.122833
TXN_c5ee614de24f,1,SUCCESS,,2026-06-26 22:06:20.122833
TXN_2e35bb217da1,1,SUCCESS,,2026-08-29 02:15:43.122833
TXN_c116bb0bf66d,1,SUCCESS,,2026-07-19 00:38:25.122833
TXN_ff2efa7bd87e,1,SUCCESS,,2026-06-30 00:12:07.122833
TXN_f0ba97df768a,1,SUCCESS,,2026-06-15 19:57:22.122833
TXN_d4447b7f8684,1,SUCCESS,,2026-07-01 23:12:35.122833
TXN_7017c31df8c7,1,SUCCESS,,2026-08-17 11:55:26.122833
TXN_ef0396b4ec4b,1,SUCCESS,,2026-06-25 05:48:52.122833
TXN_ef21c0614a1d,1,SUCCESS,,2026-06-22 05:21:30.122833
TXN_42fcf8ee2c08,1,SUCCESS,,2026-06-19 16:14:34.122833
TXN_75c4f711ff73,1,SUCCESS,,2026-07-20 12:27:48.122833
TXN_731610e15b07,1,SUCCESS,,2026-06-17 05:36:29.122833
TXN_43fc070136c9,1,SUCCESS,,2026-08-10 07:32:25.122833
TXN_43f69b0b7bf2,1,SUCCESS,,2026-06-30 18:06:42.122833
TXN_88b6ee797d83,1,SUCCESS,,2026-07-23 15:12:01.122833
TXN_3bf6252aa2ce,1,SUCCESS,,2026-08-10 16:03:28.122833
TXN_f1d11cbcb0e7,1,FAILED,LIMIT_EXCEEDED,2026-06-17 22:01:35.122833
TXN_695d0a821e74,1,SUCCESS,,2026-08-25 22:57:15.122833
TXN_b9c87f3cd879,1,SUCCESS,,2026-06-21 06:12:27.122833
TXN_bfc8f00b1853,1,SUCCESS,,2026-06-22 16:28:11.122833
TXN_dd418133341b,1,SUCCESS,,2026-08-27 03:14:49.122833
TXN_828aef4a487d,1,SUCCESS,,2026-08-31 11:33:53.122833
TXN_6c21a42f81aa,1,FAILED,BANK_DECLINED,2026-06-10 20:36:23.122833
TXN_6c21a42f81aa,2,SUCCESS,,2026-06-10 21:09:23.122833
TXN_d3519283d5f7,1,SUCCESS,,2026-06-11 13:18:12.122833
TXN_5afbbeb57fd9,1,SUCCESS,,2026-06-30 19:25:25.122833
TXN_085c80786200,1,SUCCESS,,2026-08-11 17:09:32.122833
TXN_7b90de2aa439,1,SUCCESS,,2026-06-29 01:10:28.122833
TXN_33928f7d5652,1,SUCCESS,,2026-07-20 11:21:14.122833
TXN_a42616ee4a11,1,SUCCESS,,2026-07-06 02:08:19.122833
TXN_46e91c16cce7,1,FAILED,AUTHENTICATION_FAILED,2026-06-17 12:02:11.122833
TXN_560d987408a6,1,SUCCESS,,2026-06-09 21:41:25.122833
TXN_02436e2865e8,1,SUCCESS,,2026-06-05 03:10:34.122833
TXN_a1cc2e9797b3,1,SUCCESS,,2026-08-12 06:56:08.122833
TXN_fa77a7ab1c48,1,SUCCESS,,2026-08-16 06:40:04.122833
TXN_ccb51d5969f9,1,SUCCESS,,2026-08-23 19:45:01.122833
TXN_6276276d595a,1,FAILED,UPI_TIMEOUT,2026-08-01 00:32:53.122833
TXN_6276276d595a,2,SUCCESS,,2026-08-01 02:32:53.122833
TXN_48f12f3dbd97,1,FAILED,AUTHENTICATION_FAILED,2026-08-26 00:47:15.122833
TXN_e3c999627eb2,1,SUCCESS,,2026-07-11 16:28:33.122833
TXN_b72bd3f3c05d,1,SUCCESS,,2026-08-08 05:50:11.122833
TXN_c467f5566dfb,1,SUCCESS,,2026-06-23 18:48:27.122833
TXN_265876173f10,1,FAILED,AUTHENTICATION_FAILED,2026-08-07 17:38:45.122833
TXN_265876173f10,2,SUCCESS,,2026-08-07 18:33:45.122833
TXN_45ee65028e54,1,SUCCESS,,2026-07-20 16:54:38.122833
TXN_d8e5ee171fbf,1,SUCCESS,,2026-07-13 11:01:50.122833
TXN_fd6fb07755e1,1,SUCCESS,,2026-08-19 04:21:33.122833
TXN_59880d9bfe77,1,SUCCESS,,2026-07-01 01:27:35.122833
TXN_ab2f588d357b,1,SUCCESS,,2026-06-21 07:22:59.122833
TXN_1806564cbac3,1,SUCCESS,,2026-07-30 19:57:01.122833
TXN_f329a5a4c416,1,SUCCESS,,2026-07-23 12:46:07.122833
TXN_516de4b611be,1,SUCCESS,,2026-06-16 07:47:17.122833
TXN_d57a81a08d48,1,SUCCESS,,2026-07-07 04:04:10.122833
TXN_1a741d0f9133,1,FAILED,INSUFFICIENT_FUNDS,2026-08-28 09:55:15.122833
TXN_1a741d0f9133,2,SUCCESS,,2026-08-28 11:23:15.122833
TXN_0c132d5c67b9,1,SUCCESS,,2026-08-30 20:34:38.122833
TXN_cd45d91041a5,1,SUCCESS,,2026-07-14 04:31:43.122833
TXN_b8c2d4ce4497,1,SUCCESS,,2026-07-20 01:54:30.122833
TXN_d7349aa03da2,1,SUCCESS,,2026-06-16 17:06:06.122833
TXN_50944a7922a9,1,SUCCESS,,2026-06-25 10:51:11.122833
TXN_4642596d5a77,1,FAILED,CUSTOMER_CANCELLED,2026-07-13 11:34:45.122833
TXN_29ca56b80f7f,1,SUCCESS,,2026-08-10 16:46:19.122833
TXN_0dfda198ee1f,1,FAILED,AUTHENTICATION_FAILED,2026-06-15 05:54:52.122833
TXN_6609985d5b07,1,SUCCESS,,2026-08-28 00:49:27.122833
TXN_c57ee41febe6,1,SUCCESS,,2026-06-27 20:33:13.122833
TXN_4670db815184,1,SUCCESS,,2026-08-14 08:21:09.122833
TXN_f1985712a2e3,1,FAILED,INSUFFICIENT_FUNDS,2026-06-19 21:44:48.122833
TXN_f1985712a2e3,2,SUCCESS,,2026-06-19 23:15:48.122833
TXN_479846d218e5,1,SUCCESS,,2026-07-09 10:04:07.122833
TXN_0a902cceb3e8,1,SUCCESS,,2026-06-12 11:59:22.122833
TXN_ea4b8694a98e,1,SUCCESS,,2026-06-09 23:45:21.122833
TXN_ed55e9e0e1d4,1,FAILED,UPI_TIMEOUT,2026-06-04 17:56:37.122833
TXN_ed55e9e0e1d4,2,SUCCESS,,2026-06-04 19:45:37.122833
TXN_11176d8957b9,1,SUCCESS,,2026-07-09 09:41:38.122833
TXN_d519a718eb90,1,SUCCESS,,2026-07-21 05:15:28.122833
TXN_946735b51e31,1,SUCCESS,,2026-07-21 03:03:26.122833
TXN_8036c30d8425,1,SUCCESS,,2026-06-30 18:16:18.122833
TXN_a72976391f83,1,SUCCESS,,2026-06-29 20:41:56.122833
TXN_6cbcb5da2f53,1,SUCCESS,,2026-08-18 02:22:22.122833
TXN_b3ce4e0828a7,1,FAILED,INSUFFICIENT_FUNDS,2026-06-11 14:24:29.122833
TXN_b3ce4e0828a7,2,SUCCESS,,2026-06-11 14:35:29.122833
TXN_2f50612172e3,1,SUCCESS,,2026-07-20 19:23:37.122833
TXN_7c0ade4f418b,1,SUCCESS,,2026-08-19 06:10:40.122833
TXN_f5c0e0781ce0,1,SUCCESS,,2026-06-12 05:00:56.122833
TXN_603314a94670,1,SUCCESS,,2026-08-26 06:56:25.122833
TXN_0bab000f1f8b,1,SUCCESS,,2026-07-08 07:03:08.122833
TXN_378a334afd44,1,FAILED,CUSTOMER_CANCELLED,2026-08-22 22:25:19.122833
TXN_dbb34bc4b49c,1,FAILED,AUTHENTICATION_FAILED,2026-06-21 09:40:07.122833
TXN_dbb34bc4b49c,2,SUCCESS,,2026-06-21 11:31:07.122833
TXN_19c93deb772e,1,SUCCESS,,2026-07-12 01:18:58.122833
TXN_494d79199192,1,SUCCESS,,2026-06-09 08:37:18.122833
TXN_b8ad1b8f4eb5,1,SUCCESS,,2026-06-25 22:52:56.122833
TXN_38bbfc3d31a9,1,FAILED,NETWORK_TIMEOUT,2026-06-20 22:20:45.122833
TXN_38bbfc3d31a9,2,SUCCESS,,2026-06-20 23:54:45.122833
TXN_70d9d5ec224f,1,SUCCESS,,2026-06-04 02:42:19.122833
TXN_4dd03c9068fb,1,SUCCESS,,2026-07-04 16:59:49.122833
TXN_0add71eee1b8,1,SUCCESS,,2026-07-02 04:47:19.122833
TXN_7b88893305d9,1,SUCCESS,,2026-08-01 02:53:25.122833
TXN_1cf5b2624758,1,SUCCESS,,2026-08-22 16:46:14.122833
TXN_cf969a97e83e,1,FAILED,NETWORK_TIMEOUT,2026-08-09 09:12:15.122833
TXN_cf969a97e83e,2,SUCCESS,,2026-08-09 09:29:15.122833
TXN_eac67d41ec21,1,SUCCESS,,2026-06-18 23:07:43.122833
TXN_1fa1cc93ffbd,1,SUCCESS,,2026-08-27 21:52:12.122833
TXN_32aaf89c93d8,1,FAILED,BANK_DECLINED,2026-07-15 23:33:06.122833
TXN_32aaf89c93d8,2,SUCCESS,,2026-07-15 23:38:06.122833
TXN_da997923be14,1,SUCCESS,,2026-08-09 06:45:59.122833
TXN_4dc4a29b8e23,1,SUCCESS,,2026-06-14 00:15:35.122833
TXN_25d0b07d67e8,1,SUCCESS,,2026-07-13 15:00:25.122833
TXN_3e1c117f43fd,1,SUCCESS,,2026-06-11 10:38:04.122833
TXN_76914480e841,1,SUCCESS,,2026-07-15 19:11:14.122833
TXN_56d0c9d8e7f0,1,SUCCESS,,2026-08-07 22:04:31.122833
TXN_d633c606281d,1,SUCCESS,,2026-07-11 22:09:58.122833
TXN_88c20565ebc9,1,SUCCESS,,2026-08-26 10:49:53.122833
TXN_7a80553c1785,1,SUCCESS,,2026-06-29 23:06:12.122833
TXN_4851cb8c7de4,1,SUCCESS,,2026-08-10 02:33:51.122833
TXN_adb072e999d3,1,SUCCESS,,2026-08-10 21:15:00.122833
TXN_fa5dd3b01ff2,1,FAILED,INSUFFICIENT_FUNDS,2026-06-22 05:02:34.122833
TXN_72523767d149,1,SUCCESS,,2026-08-10 19:38:22.122833
TXN_6bc1b4a6c6c1,1,SUCCESS,,2026-06-14 16:55:25.122833
TXN_af0115497564,1,SUCCESS,,2026-07-09 08:00:02.122833
TXN_388d5d013205,1,SUCCESS,,2026-08-21 23:36:06.122833
TXN_b167fa27a2c6,1,SUCCESS,,2026-08-12 08:56:14.122833
TXN_153b55f9d63b,1,SUCCESS,,2026-06-06 05:47:26.122833
TXN_025387c58bcd,1,SUCCESS,,2026-08-11 15:39:29.122833
TXN_3ab5bfd8b486,1,SUCCESS,,2026-07-13 00:55:51.122833
TXN_e6823805d842,1,SUCCESS,,2026-07-09 16:04:50.122833
TXN_254c8654ace6,1,SUCCESS,,2026-08-24 17:35:31.122833
TXN_c0b2af48dd11,1,SUCCESS,,2026-08-19 07:04:09.122833
TXN_9c71663cb691,1,FAILED,CARD_EXPIRED,2026-06-23 06:25:27.122833
TXN_4e1e9368f2e3,1,SUCCESS,,2026-08-24 21:35:59.122833
TXN_7c9b4039021c,1,FAILED,LIMIT_EXCEEDED,2026-07-20 20:33:20.122833
TXN_2c97b071226a,1,SUCCESS,,2026-08-07 02:30:27.122833
TXN_31c4e2e9fdef,1,SUCCESS,,2026-07-18 02:38:44.122833
TXN_6fc3b356d6fd,1,FAILED,BANK_DECLINED,2026-06-26 02:50:57.122833
TXN_6fc3b356d6fd,2,SUCCESS,,2026-06-26 03:40:57.122833
TXN_bc5785959297,1,SUCCESS,,2026-08-12 04:34:09.122833
TXN_044e647331be,1,SUCCESS,,2026-08-14 21:31:46.122833
TXN_f5abba3d8682,1,SUCCESS,,2026-08-01 06:15:52.122833
TXN_2dedf1bcfbd9,1,SUCCESS,,2026-07-25 03:19:06.122833
TXN_139be8f316b7,1,SUCCESS,,2026-06-23 11:22:08.122833
TXN_d0eb60d09da7,1,SUCCESS,,2026-07-12 09:25:28.122833
TXN_704e2922ced8,1,FAILED,UPI_TIMEOUT,2026-06-13 02:59:43.122833
TXN_704e2922ced8,2,SUCCESS,,2026-06-13 03:27:43.122833
TXN_9d272bc2c192,1,SUCCESS,,2026-08-13 22:23:45.122833
TXN_7ac24d4fbe1b,1,SUCCESS,,2026-07-15 23:59:31.122833
TXN_463690207c1e,1,SUCCESS,,2026-07-23 20:03:51.122833
TXN_1330e3f78040,1,SUCCESS,,2026-08-10 01:14:50.122833
TXN_3e8ce0e16d95,1,SUCCESS,,2026-06-18 13:01:41.122833
TXN_d9463dc9d2c7,1,SUCCESS,,2026-06-06 00:12:25.122833
TXN_d7da2cb39ecb,1,SUCCESS,,2026-07-21 14:11:03.122833
TXN_4380dd3727a7,1,SUCCESS,,2026-07-20 08:07:37.122833
TXN_88166ecc9fc0,1,SUCCESS,,2026-06-19 16:28:48.122833
TXN_f652daa125d5,1,SUCCESS,,2026-08-06 23:01:43.122833
TXN_799e4078b79c,1,SUCCESS,,2026-06-15 12:49:01.122833
TXN_896a5fd4ca9f,1,FAILED,INSUFFICIENT_FUNDS,2026-08-16 16:33:00.122833
TXN_896a5fd4ca9f,2,SUCCESS,,2026-08-16 17:48:00.122833
TXN_fba7ea8081bc,1,SUCCESS,,2026-06-28 22:52:49.122833
TXN_8f13cb1dddc7,1,SUCCESS,,2026-06-21 10:01:25.122833
TXN_3629aa2df05d,1,FAILED,UPI_TIMEOUT,2026-06-20 15:32:57.122833
TXN_3629aa2df05d,2,SUCCESS,,2026-06-20 16:17:57.122833
TXN_38962b32ca18,1,SUCCESS,,2026-06-08 06:19:28.122833
TXN_293f71035072,1,SUCCESS,,2026-07-06 03:00:10.122833
TXN_700838b26227,1,SUCCESS,,2026-06-26 01:09:07.122833
TXN_16cb9db07f0d,1,SUCCESS,,2026-08-14 18:06:49.122833
TXN_764848c46712,1,SUCCESS,,2026-07-09 14:23:08.122833
TXN_95c70d0381dd,1,SUCCESS,,2026-08-04 10:40:26.122833
TXN_b0006217fcbf,1,SUCCESS,,2026-06-14 11:02:43.122833
TXN_e5c0d8e34bbe,1,SUCCESS,,2026-07-28 09:38:34.122833
TXN_c6865c21f71f,1,SUCCESS,,2026-08-23 05:01:01.122833
TXN_92909e5a661f,1,FAILED,BANK_DECLINED,2026-07-30 21:34:57.122833
TXN_92909e5a661f,2,SUCCESS,,2026-07-30 21:53:57.122833
TXN_0ce3b0e36dec,1,SUCCESS,,2026-06-23 16:14:34.122833
TXN_678e9ecca55f,1,SUCCESS,,2026-08-09 06:50:48.122833
TXN_36c516b6a3e2,1,SUCCESS,,2026-07-17 18:42:57.122833
TXN_f381fe392f97,1,SUCCESS,,2026-07-20 21:08:24.122833
TXN_7c3bd169591d,1,SUCCESS,,2026-06-12 12:03:30.122833
TXN_551e4cd929b7,1,SUCCESS,,2026-08-09 11:03:42.122833
TXN_356b0d87269f,1,SUCCESS,,2026-07-02 21:49:46.122833
TXN_0536bbfcd40e,1,SUCCESS,,2026-06-22 10:41:01.122833
TXN_45902dc4fb4e,1,SUCCESS,,2026-08-27 16:57:58.122833
TXN_4f2af6540c64,1,SUCCESS,,2026-08-27 17:46:40.122833
TXN_42822ff0ca16,1,SUCCESS,,2026-08-03 05:07:49.122833
TXN_1488162937f4,1,FAILED,BANK_DECLINED,2026-08-28 02:12:01.122833
TXN_1488162937f4,2,SUCCESS,,2026-08-28 03:38:01.122833
TXN_8f4e3da369b9,1,FAILED,UPI_TIMEOUT,2026-07-15 07:22:42.122833
TXN_8f4e3da369b9,2,SUCCESS,,2026-07-15 09:17:42.122833
TXN_bcb46ee37ac4,1,SUCCESS,,2026-07-08 16:27:08.122833
TXN_6950a1a37242,1,SUCCESS,,2026-07-28 01:44:45.122833
TXN_5999f3fd8bce,1,SUCCESS,,2026-08-02 13:19:22.122833
TXN_9fcfe60dc046,1,SUCCESS,,2026-07-01 23:07:42.122833
TXN_4b6917f91ae3,1,SUCCESS,,2026-08-06 05:31:46.122833
TXN_76c4de5d0435,1,SUCCESS,,2026-06-17 20:59:53.122833
TXN_e3275c13c534,1,SUCCESS,,2026-08-02 16:35:52.122833
TXN_efaf4388d5fd,1,SUCCESS,,2026-07-14 05:15:12.122833
TXN_202dbf20f3a1,1,SUCCESS,,2026-06-15 11:46:46.122833
TXN_abdb79e6f07d,1,SUCCESS,,2026-06-06 06:56:55.122833
TXN_e7ca48c11718,1,SUCCESS,,2026-08-30 07:27:08.122833
TXN_ef0c7a7a8fbe,1,SUCCESS,,2026-06-23 02:33:32.122833
TXN_004ec0d22ae8,1,SUCCESS,,2026-07-30 06:09:56.122833
TXN_f5cad11d8818,1,SUCCESS,,2026-07-06 03:18:38.122833
TXN_9a9bd30f584f,1,SUCCESS,,2026-06-05 11:55:41.122833
TXN_b8c74275c004,1,SUCCESS,,2026-08-04 15:27:39.122833
TXN_6eb3e7cdc706,1,FAILED,INSUFFICIENT_FUNDS,2026-08-04 08:11:42.122833
TXN_cae72751e8eb,1,SUCCESS,,2026-06-11 16:30:57.122833
TXN_a696514e81cc,1,SUCCESS,,2026-07-14 04:59:12.122833
TXN_7f0bdd7ad943,1,FAILED,CARD_EXPIRED,2026-06-11 05:48:44.122833
TXN_a56a7374c152,1,SUCCESS,,2026-07-02 17:41:40.122833
TXN_ce8a577c6b37,1,SUCCESS,,2026-07-04 04:15:44.122833
TXN_8beec5486a95,1,FAILED,BANK_DECLINED,2026-07-15 11:45:16.122833
TXN_8beec5486a95,2,SUCCESS,,2026-07-15 13:14:16.122833
TXN_1bc0a205ed16,1,SUCCESS,,2026-07-30 12:28:31.122833
TXN_cd39274572e7,1,SUCCESS,,2026-06-03 07:11:41.122833
TXN_d3df429b213b,1,SUCCESS,,2026-06-30 08:47:06.122833
TXN_f23ffc67216a,1,SUCCESS,,2026-06-21 20:38:18.122833
TXN_e01a3c6ac745,1,SUCCESS,,2026-06-07 19:12:15.122833
TXN_270dacb9435b,1,FAILED,BANK_DECLINED,2026-08-13 02:04:16.122833
TXN_270dacb9435b,2,SUCCESS,,2026-08-13 03:48:16.122833
TXN_cbb3fe3b9a9f,1,SUCCESS,,2026-07-09 02:36:31.122833
TXN_709849116fe4,1,SUCCESS,,2026-07-10 12:20:45.122833
TXN_662b9227be5b,1,SUCCESS,,2026-06-19 02:31:15.122833
TXN_421105462f5a,1,FAILED,BANK_DECLINED,2026-06-28 14:37:15.122833
TXN_421105462f5a,2,SUCCESS,,2026-06-28 15:13:15.122833
TXN_38d2b41ad6e9,1,SUCCESS,,2026-07-10 14:28:44.122833
TXN_e5f18447e76b,1,SUCCESS,,2026-06-03 14:32:37.122833
TXN_2095126b1fbc,1,FAILED,LIMIT_EXCEEDED,2026-06-04 19:44:17.122833
TXN_9a2cc876bb0c,1,SUCCESS,,2026-07-12 17:32:26.122833
TXN_aaab584b4937,1,SUCCESS,,2026-08-27 16:13:05.122833
TXN_db1ba697fa3b,1,SUCCESS,,2026-07-07 07:10:34.122833
TXN_f75f7629fb64,1,SUCCESS,,2026-07-14 10:04:28.122833
TXN_bc52366104f9,1,FAILED,BANK_DECLINED,2026-07-30 19:13:52.122833
TXN_0ab71a6ddd96,1,SUCCESS,,2026-08-05 09:07:44.122833
TXN_66b0b7924fb9,1,SUCCESS,,2026-06-30 07:46:38.122833
TXN_e73efeb6e9fc,1,SUCCESS,,2026-07-13 05:27:47.122833
TXN_0662d3a84c1a,1,FAILED,BANK_DECLINED,2026-08-18 13:39:52.122833
TXN_a4b837b7dc07,1,SUCCESS,,2026-08-16 04:11:56.122833
TXN_a61026341aca,1,SUCCESS,,2026-07-04 05:01:32.122833
TXN_de74c7cc82fb,1,SUCCESS,,2026-07-10 08:46:46.122833
TXN_167aa52ddb3f,1,SUCCESS,,2026-07-15 13:28:09.122833
TXN_027dbd0d601a,1,SUCCESS,,2026-06-11 09:24:36.122833
TXN_70d725e7c5e5,1,FAILED,BANK_DECLINED,2026-07-15 19:25:51.122833
TXN_3fbf71e37746,1,SUCCESS,,2026-08-21 03:43:51.122833
TXN_ed46534fbe1c,1,SUCCESS,,2026-07-10 22:56:51.122833
TXN_648d26c13f5e,1,SUCCESS,,2026-07-22 06:15:19.122833
TXN_40a878a050b2,1,SUCCESS,,2026-06-29 19:47:16.122833
TXN_9465bd063c9a,1,SUCCESS,,2026-06-24 04:20:27.122833
TXN_509520dffddd,1,SUCCESS,,2026-07-11 23:42:54.122833
TXN_da9c447aa825,1,SUCCESS,,2026-08-08 04:55:43.122833
TXN_c6c97b334f58,1,FAILED,BANK_DECLINED,2026-06-08 18:19:30.122833
TXN_c6c97b334f58,2,SUCCESS,,2026-06-08 19:11:30.122833
TXN_a2c96bc5edb1,1,SUCCESS,,2026-07-13 08:07:16.122833
TXN_ce7df89fa334,1,SUCCESS,,2026-07-29 15:07:07.122833
TXN_40f88ec2cb08,1,FAILED,CARD_EXPIRED,2026-06-29 09:58:05.122833
TXN_5dc3b101ff65,1,SUCCESS,,2026-08-13 14:35:55.122833
TXN_daca764108f0,1,SUCCESS,,2026-08-20 11:36:10.122833
TXN_7d5f6f4cd0f9,1,SUCCESS,,2026-08-20 20:07:37.122833
TXN_773122941925,1,SUCCESS,,2026-08-18 04:03:20.122833
TXN_d3f2fccdbeea,1,SUCCESS,,2026-08-03 14:06:57.122833
TXN_cec98dcb4327,1,SUCCESS,,2026-06-14 12:05:51.122833
TXN_93a25c3caa21,1,SUCCESS,,2026-06-15 07:40:06.122833
TXN_77241a79f296,1,SUCCESS,,2026-06-02 17:19:22.122833
TXN_7008b426d292,1,FAILED,CUSTOMER_CANCELLED,2026-06-02 15:07:08.122833
TXN_7f42bb6b4f27,1,FAILED,UPI_TIMEOUT,2026-06-21 08:08:26.122833
TXN_7f42bb6b4f27,2,SUCCESS,,2026-06-21 10:01:26.122833
TXN_039d9eaa7563,1,FAILED,NETWORK_TIMEOUT,2026-06-09 06:10:03.122833
TXN_039d9eaa7563,2,SUCCESS,,2026-06-09 07:30:03.122833
TXN_5ac10410967d,1,FAILED,CARD_EXPIRED,2026-06-11 18:58:40.122833
TXN_5ac10410967d,2,SUCCESS,,2026-06-11 19:38:40.122833
TXN_c72631feb513,1,SUCCESS,,2026-07-09 22:56:11.122833
TXN_9c79389e9ed2,1,SUCCESS,,2026-07-31 14:08:29.122833
TXN_e83602aa64ef,1,FAILED,CARD_EXPIRED,2026-08-02 07:49:15.122833
TXN_d2dee098e853,1,SUCCESS,,2026-06-14 07:52:55.122833
TXN_4d31583d474f,1,SUCCESS,,2026-06-24 05:05:11.122833
TXN_4658aa3aeff7,1,SUCCESS,,2026-07-21 07:19:55.122833
TXN_79b5dbc93f46,1,SUCCESS,,2026-07-24 15:57:34.122833
TXN_0c2ecf745e2b,1,FAILED,NETWORK_TIMEOUT,2026-08-24 04:36:56.122833
TXN_0c2ecf745e2b,2,SUCCESS,,2026-08-24 04:57:56.122833
TXN_3da32a584269,1,FAILED,UPI_TIMEOUT,2026-08-29 16:13:45.122833
TXN_3da32a584269,2,SUCCESS,,2026-08-29 17:25:45.122833
TXN_a290955aafb9,1,FAILED,UPI_TIMEOUT,2026-06-04 06:36:45.122833
TXN_a290955aafb9,2,SUCCESS,,2026-06-04 08:27:45.122833
TXN_4668871ae96e,1,SUCCESS,,2026-06-10 17:28:05.122833
TXN_5befcf827d65,1,SUCCESS,,2026-06-09 19:19:23.122833
TXN_6d09dc42815c,1,SUCCESS,,2026-06-06 16:26:40.122833
TXN_ef5f3e58e234,1,SUCCESS,,2026-06-06 14:42:49.122833
TXN_7b22cfed2ed9,1,FAILED,NETWORK_TIMEOUT,2026-08-26 08:05:39.122833
TXN_7b22cfed2ed9,2,SUCCESS,,2026-08-26 08:36:39.122833
TXN_83baa5886bf9,1,SUCCESS,,2026-07-23 07:03:47.122833
TXN_3abcf2993184,1,SUCCESS,,2026-07-25 02:45:21.122833
TXN_27718b68fbbd,1,SUCCESS,,2026-08-29 11:26:11.122833
TXN_649776213fb7,1,SUCCESS,,2026-08-04 16:11:50.122833
TXN_485839491418,1,FAILED,BANK_DECLINED,2026-06-09 17:28:25.122833
TXN_485839491418,2,SUCCESS,,2026-06-09 18:06:25.122833
TXN_34cf4ec02d43,1,FAILED,UPI_TIMEOUT,2026-06-14 01:02:39.122833
TXN_34cf4ec02d43,2,SUCCESS,,2026-06-14 01:19:39.122833
TXN_e980f31ff23c,1,FAILED,INSUFFICIENT_FUNDS,2026-06-10 13:07:58.122833
TXN_83d196db6902,1,SUCCESS,,2026-08-10 13:50:46.122833
TXN_459125f7e468,1,SUCCESS,,2026-08-31 12:29:09.122833
TXN_66eee0d7e85b,1,SUCCESS,,2026-08-26 12:50:06.122833
TXN_5eeb6a1ce588,1,SUCCESS,,2026-06-08 09:10:02.122833
TXN_8a16fd688c5a,1,SUCCESS,,2026-08-20 19:46:07.122833
TXN_b6242a7decbc,1,SUCCESS,,2026-07-21 14:51:21.122833
TXN_526c1a6a1b34,1,SUCCESS,,2026-08-27 04:20:45.122833
TXN_b9a75756387b,1,SUCCESS,,2026-08-25 02:43:28.122833
TXN_194cf4773c32,1,SUCCESS,,2026-06-18 10:49:42.122833
TXN_089ffc178049,1,SUCCESS,,2026-08-18 13:16:18.122833
TXN_72cb7b5b3e52,1,SUCCESS,,2026-08-16 22:30:55.122833
TXN_59e4957151d1,1,SUCCESS,,2026-06-27 04:17:58.122833
TXN_cffce578f938,1,SUCCESS,,2026-08-26 16:37:27.122833
TXN_98e5c838d23b,1,SUCCESS,,2026-06-27 12:24:45.122833
TXN_82dd71f6e948,1,SUCCESS,,2026-07-13 20:20:30.122833
TXN_141fe8d9bf68,1,SUCCESS,,2026-06-05 11:53:24.122833
TXN_ec576bfe4c34,1,SUCCESS,,2026-07-04 20:57:10.122833
TXN_3e463561c446,1,SUCCESS,,2026-08-08 19:33:57.122833
TXN_b7b658911fd4,1,SUCCESS,,2026-07-26 17:26:17.122833
TXN_9e3e293c01e9,1,SUCCESS,,2026-07-28 02:03:10.122833
TXN_d85c40b3070f,1,SUCCESS,,2026-06-10 04:31:24.122833
TXN_35b5dfd22aed,1,SUCCESS,,2026-08-01 19:45:50.122833
TXN_3891efc55e19,1,SUCCESS,,2026-08-29 17:27:41.122833
TXN_d7260a93d4b0,1,SUCCESS,,2026-07-24 09:52:07.122833
TXN_b0196f59b8f4,1,SUCCESS,,2026-08-26 20:34:21.122833
TXN_9b356be20f54,1,SUCCESS,,2026-08-24 18:34:30.122833
TXN_e45040b777da,1,SUCCESS,,2026-07-11 12:25:21.122833
TXN_0ad3142aacbe,1,SUCCESS,,2026-08-28 00:32:03.122833
TXN_6aeca92282b8,1,SUCCESS,,2026-07-10 05:07:11.122833
TXN_119a5cda9401,1,SUCCESS,,2026-06-14 08:13:16.122833
TXN_6fb5dd588be2,1,SUCCESS,,2026-07-11 08:08:34.122833
TXN_d359fd1f9b37,1,SUCCESS,,2026-06-14 23:24:08.122833
TXN_9d5a9f70224b,1,SUCCESS,,2026-08-30 16:16:12.122833
TXN_fc51e44aaf70,1,SUCCESS,,2026-06-07 01:29:20.122833
TXN_08e82e0f229b,1,SUCCESS,,2026-08-14 00:41:51.122833
TXN_1caf77b5fb76,1,SUCCESS,,2026-08-28 16:10:02.122833
TXN_c4c22fed397d,1,FAILED,BANK_DECLINED,2026-06-11 00:28:35.122833
TXN_c561146f9138,1,SUCCESS,,2026-06-22 07:34:23.122833
TXN_43d5b129f587,1,FAILED,UPI_TIMEOUT,2026-06-02 15:58:01.122833
TXN_700e6ec790c9,1,SUCCESS,,2026-07-02 14:09:12.122833
TXN_c5eff00df433,1,FAILED,INSUFFICIENT_FUNDS,2026-07-07 17:48:19.122833
TXN_4596fc649009,1,SUCCESS,,2026-08-02 08:54:16.122833
TXN_ef2b1f8cd280,1,SUCCESS,,2026-08-16 02:52:02.122833
TXN_6c754896abe7,1,SUCCESS,,2026-08-30 18:43:22.122833
TXN_673a2252a403,1,SUCCESS,,2026-06-24 22:09:12.122833
TXN_471ba2d1dfcd,1,SUCCESS,,2026-08-11 07:01:34.122833
TXN_429c48b8ad73,1,SUCCESS,,2026-08-31 01:16:54.122833
TXN_9a8e18f14fee,1,SUCCESS,,2026-06-24 13:29:50.122833
TXN_d6993cafabda,1,SUCCESS,,2026-08-03 19:14:46.122833
TXN_6465acef7881,1,SUCCESS,,2026-08-31 12:39:19.122833
TXN_ca3c3d81cf0d,1,SUCCESS,,2026-08-07 17:00:32.122833
TXN_efd3d4056a4c,1,SUCCESS,,2026-08-15 14:05:28.122833
TXN_b0440fb8091c,1,SUCCESS,,2026-06-11 23:37:10.122833
TXN_bccf670f78e1,1,SUCCESS,,2026-06-11 14:26:24.122833
TXN_e62cee21c484,1,SUCCESS,,2026-08-29 02:18:57.122833
TXN_c375af0a40fb,1,SUCCESS,,2026-06-06 17:42:38.122833
TXN_5321f57f912c,1,SUCCESS,,2026-06-18 09:18:29.122833
TXN_6d2401d43b59,1,FAILED,INSUFFICIENT_FUNDS,2026-08-14 21:13:26.122833
TXN_6d2401d43b59,2,SUCCESS,,2026-08-14 22:22:26.122833
TXN_502bce732b45,1,FAILED,INSUFFICIENT_FUNDS,2026-07-21 12:37:04.122833
TXN_759227b04c71,1,SUCCESS,,2026-08-25 18:15:08.122833
TXN_8d3cd4af5792,1,SUCCESS,,2026-07-23 08:17:37.122833
TXN_12cd25cba45f,1,SUCCESS,,2026-08-21 14:20:32.122833
TXN_e4d17a293300,1,SUCCESS,,2026-06-15 01:14:08.122833
TXN_1722570816ba,1,SUCCESS,,2026-07-23 16:56:04.122833
TXN_a1f893497c73,1,SUCCESS,,2026-06-07 01:41:52.122833
TXN_c1c590b2dfda,1,SUCCESS,,2026-08-13 01:52:26.122833
TXN_79afe2f0cdf5,1,SUCCESS,,2026-06-28 00:51:32.122833
TXN_221a09658917,1,SUCCESS,,2026-08-10 09:30:07.122833
TXN_6c4d006e46fb,1,FAILED,CARD_EXPIRED,2026-07-01 15:37:00.122833
TXN_6b44666a6e0b,1,FAILED,BANK_DECLINED,2026-08-11 18:58:52.122833
TXN_6b44666a6e0b,2,SUCCESS,,2026-08-11 19:23:52.122833
TXN_784c83bb472d,1,SUCCESS,,2026-06-09 14:43:53.122833
TXN_f8be03f4b8a7,1,SUCCESS,,2026-07-26 12:38:46.122833
TXN_7a0ecfef87ee,1,FAILED,CARD_EXPIRED,2026-06-15 19:52:59.122833
TXN_85dcbb28d3a2,1,SUCCESS,,2026-08-23 06:57:42.122833
TXN_80d5b4c3749f,1,SUCCESS,,2026-06-23 22:41:37.122833
TXN_dd07f0f08831,1,SUCCESS,,2026-06-10 12:33:07.122833
TXN_69d2a5792e1f,1,SUCCESS,,2026-07-09 16:22:32.122833
TXN_7498eab34fbe,1,SUCCESS,,2026-06-22 11:26:50.122833
TXN_2aadc5a7da7a,1,SUCCESS,,2026-06-11 23:39:22.122833
TXN_ad9d20c1c5ff,1,SUCCESS,,2026-08-21 02:02:44.122833
TXN_2a795f3c2feb,1,SUCCESS,,2026-06-18 13:58:29.122833
TXN_6dbe0b547af9,1,FAILED,INSUFFICIENT_FUNDS,2026-06-05 00:58:11.122833
TXN_6dbe0b547af9,2,SUCCESS,,2026-06-05 02:06:11.122833
TXN_028dc0ced0df,1,SUCCESS,,2026-06-24 13:39:02.122833
TXN_2e6ebd32b650,1,SUCCESS,,2026-08-10 16:08:18.122833
TXN_99a3dc870b3a,1,SUCCESS,,2026-08-02 11:08:42.122833
TXN_5ab86355e5e6,1,FAILED,AUTHENTICATION_FAILED,2026-07-22 06:47:40.122833
TXN_bfd7f8a83f2e,1,SUCCESS,,2026-06-13 19:44:26.122833
TXN_f3eaadf64e1c,1,SUCCESS,,2026-06-23 16:49:40.122833
TXN_a3bdc639087c,1,FAILED,BANK_DECLINED,2026-07-20 06:34:50.122833
TXN_a3bdc639087c,2,SUCCESS,,2026-07-20 07:05:50.122833
TXN_5958602ac6d1,1,FAILED,INSUFFICIENT_FUNDS,2026-06-23 09:55:15.122833
TXN_6aed30e1a6ee,1,FAILED,INSUFFICIENT_FUNDS,2026-07-03 19:29:51.122833
TXN_f63081e79186,1,FAILED,INSUFFICIENT_FUNDS,2026-06-30 17:44:08.122833
TXN_f63081e79186,2,SUCCESS,,2026-06-30 19:24:08.122833
TXN_b9670749fff9,1,FAILED,CARD_EXPIRED,2026-08-26 21:08:06.122833
TXN_dd9e3fe630df,1,SUCCESS,,2026-07-26 12:56:58.122833
TXN_4a8fb763a354,1,SUCCESS,,2026-06-27 10:30:40.122833
TXN_8fae4ec7e150,1,SUCCESS,,2026-08-25 01:26:37.122833
TXN_19e71118ed43,1,SUCCESS,,2026-08-06 20:43:40.122833
TXN_4733e639d7d0,1,FAILED,INSUFFICIENT_FUNDS,2026-08-24 14:12:36.122833
TXN_0de884062ff9,1,SUCCESS,,2026-08-18 01:14:29.122833
TXN_f5244787b6e9,1,FAILED,AUTHENTICATION_FAILED,2026-08-24 23:19:16.122833
TXN_9552702e727b,1,FAILED,UPI_TIMEOUT,2026-07-19 06:37:11.122833
TXN_9552702e727b,2,SUCCESS,,2026-07-19 06:59:11.122833
TXN_01dc1deda793,1,SUCCESS,,2026-06-27 23:32:10.122833
TXN_d3f6f6487231,1,SUCCESS,,2026-08-29 14:13:15.122833
TXN_ddfa746408a1,1,SUCCESS,,2026-07-27 22:22:30.122833
TXN_9dcf8d116550,1,SUCCESS,,2026-08-05 16:35:09.122833
TXN_32a2611d5f33,1,SUCCESS,,2026-06-25 02:03:44.122833
TXN_4753981e8535,1,SUCCESS,,2026-06-22 13:24:36.122833
TXN_e9e7e165352e,1,SUCCESS,,2026-08-26 20:54:31.122833
TXN_2ffdcee15ce2,1,SUCCESS,,2026-07-02 15:03:19.122833
TXN_4b16304a5bbf,1,SUCCESS,,2026-06-27 23:26:36.122833
TXN_3bd913a0f9a3,1,SUCCESS,,2026-07-18 00:08:38.122833
TXN_38f1e019e75d,1,SUCCESS,,2026-07-02 09:33:46.122833
TXN_3e7d3b715ce5,1,SUCCESS,,2026-06-27 02:32:47.122833
TXN_67066557ca7c,1,FAILED,BANK_DECLINED,2026-08-12 03:29:31.122833
TXN_67066557ca7c,2,SUCCESS,,2026-08-12 04:54:31.122833
TXN_b6afab917cf8,1,FAILED,INSUFFICIENT_FUNDS,2026-08-19 21:37:25.122833
TXN_b6afab917cf8,2,SUCCESS,,2026-08-19 22:29:25.122833
TXN_e7735050cdc2,1,SUCCESS,,2026-06-09 17:03:11.122833
TXN_79b724d1ecfd,1,FAILED,INSUFFICIENT_FUNDS,2026-06-22 20:22:36.122833
TXN_79b724d1ecfd,2,SUCCESS,,2026-06-22 21:40:36.122833
TXN_f819313e7ef7,1,FAILED,BANK_DECLINED,2026-07-05 06:21:32.122833
TXN_f819313e7ef7,2,SUCCESS,,2026-07-05 06:34:32.122833
TXN_8852d5a9d8bd,1,SUCCESS,,2026-07-23 01:16:33.122833
TXN_f4523cfd70e4,1,SUCCESS,,2026-08-18 03:16:01.122833
TXN_67cc39193929,1,SUCCESS,,2026-06-11 06:26:45.122833
TXN_024d9964cfc5,1,SUCCESS,,2026-06-23 23:08:20.122833
TXN_b35d6d6d61e5,1,SUCCESS,,2026-08-04 22:28:02.122833
TXN_4f96f59c3cc3,1,FAILED,AUTHENTICATION_FAILED,2026-08-24 14:34:41.122833
TXN_f02808332237,1,FAILED,CARD_EXPIRED,2026-08-20 09:05:23.122833
TXN_3188b453e9a6,1,SUCCESS,,2026-06-05 19:37:41.122833
TXN_2ba52009aa17,1,SUCCESS,,2026-07-02 11:56:10.122833
TXN_48b943daa958,1,SUCCESS,,2026-06-21 21:37:29.122833
TXN_b327ab774053,1,SUCCESS,,2026-06-27 23:49:00.122833
TXN_84485903039d,1,SUCCESS,,2026-07-23 12:42:42.122833
TXN_82869785a2a1,1,SUCCESS,,2026-08-21 17:57:44.122833
TXN_1493c62847ec,1,FAILED,INSUFFICIENT_FUNDS,2026-08-19 08:12:18.122833
TXN_898cb4fdeb80,1,SUCCESS,,2026-06-24 08:43:21.122833
TXN_50f4203e292c,1,SUCCESS,,2026-07-28 03:54:38.122833
TXN_8de10b4083bc,1,SUCCESS,,2026-06-06 03:34:36.122833
TXN_709b59785ac7,1,SUCCESS,,2026-08-15 13:11:49.122833
TXN_13922acb455a,1,SUCCESS,,2026-06-19 10:32:05.122833
TXN_6544fe79d911,1,SUCCESS,,2026-07-15 04:55:00.122833
TXN_53116ebcac40,1,SUCCESS,,2026-07-18 03:08:59.122833
TXN_2fc7b6cbbe90,1,SUCCESS,,2026-08-30 10:28:54.122833
TXN_c37480eec09c,1,SUCCESS,,2026-07-17 22:19:56.122833
TXN_a2ebed6d8c45,1,SUCCESS,,2026-08-01 15:45:08.122833
TXN_adaff15ac295,1,SUCCESS,,2026-08-02 07:32:12.122833
TXN_ab127b04ff09,1,FAILED,LIMIT_EXCEEDED,2026-08-20 22:28:36.122833
TXN_ffcc7a2a3897,1,SUCCESS,,2026-07-26 04:12:33.122833
TXN_8f28d08fc814,1,SUCCESS,,2026-08-14 20:04:07.122833
TXN_4254261dbaee,1,SUCCESS,,2026-07-31 08:00:03.122833
TXN_459eb5dcf312,1,SUCCESS,,2026-08-25 06:57:09.122833
TXN_3b0a3cb70551,1,SUCCESS,,2026-08-09 06:10:07.122833
TXN_a3d633640d47,1,SUCCESS,,2026-08-27 09:33:13.122833
TXN_c29a6626ca6e,1,SUCCESS,,2026-07-11 00:12:38.122833
TXN_3d414322798d,1,SUCCESS,,2026-07-30 07:42:55.122833
TXN_95efa442d382,1,SUCCESS,,2026-07-22 21:57:26.122833
TXN_06cf7006fc82,1,FAILED,INSUFFICIENT_FUNDS,2026-08-21 03:23:24.122833
TXN_91dcd1da5304,1,SUCCESS,,2026-07-06 11:17:30.122833
TXN_179f9267dd43,1,SUCCESS,,2026-08-24 11:33:25.122833
TXN_adf4f0a5f981,1,FAILED,NETWORK_TIMEOUT,2026-08-11 04:51:55.122833
TXN_adf4f0a5f981,2,SUCCESS,,2026-08-11 06:41:55.122833
TXN_8f680fd507c9,1,SUCCESS,,2026-07-15 13:53:31.122833
TXN_ba383adf1be9,1,SUCCESS,,2026-06-29 02:15:10.122833
TXN_840694be6659,1,SUCCESS,,2026-08-26 21:24:22.122833
TXN_08427e0cfd25,1,SUCCESS,,2026-06-25 14:40:09.122833
TXN_cb875d626037,1,SUCCESS,,2026-08-16 15:14:27.122833
TXN_8e8bc57bb1be,1,SUCCESS,,2026-06-23 13:28:35.122833
TXN_83b5d79bcf29,1,FAILED,NETWORK_TIMEOUT,2026-06-20 21:34:32.122833
TXN_83b5d79bcf29,2,SUCCESS,,2026-06-20 23:26:32.122833
TXN_4fc2a8849d19,1,SUCCESS,,2026-07-09 11:18:15.122833
TXN_c65f180d41c8,1,SUCCESS,,2026-08-20 09:06:57.122833
TXN_974736e72130,1,SUCCESS,,2026-08-19 13:19:48.122833
TXN_f6151074945a,1,SUCCESS,,2026-06-23 19:19:41.122833
TXN_687af5ce8683,1,SUCCESS,,2026-07-03 02:33:52.122833
TXN_67d1b29eac34,1,SUCCESS,,2026-07-07 15:28:19.122833
TXN_d82a3cc7983f,1,SUCCESS,,2026-07-14 12:43:15.122833
TXN_d793c848faf2,1,SUCCESS,,2026-06-29 21:27:04.122833
TXN_4e811b9deb7e,1,SUCCESS,,2026-08-25 11:05:32.122833
TXN_e1417f6414f3,1,SUCCESS,,2026-08-29 07:30:24.122833
TXN_b97c8ac1501d,1,FAILED,AUTHENTICATION_FAILED,2026-06-28 06:35:33.122833
TXN_450982e38349,1,SUCCESS,,2026-08-15 04:24:48.122833
TXN_b4427af97bf4,1,SUCCESS,,2026-06-04 15:38:37.122833
TXN_7a916b660fe1,1,SUCCESS,,2026-06-13 07:05:27.122833
TXN_fe3fb7d7defe,1,SUCCESS,,2026-07-22 20:48:20.122833
TXN_a73efa890026,1,SUCCESS,,2026-07-18 03:59:20.122833
TXN_3190f23f3a1f,1,FAILED,INSUFFICIENT_FUNDS,2026-07-14 01:37:03.122833
TXN_199a6bfdd197,1,SUCCESS,,2026-08-25 07:27:43.122833
TXN_12a454479b07,1,SUCCESS,,2026-07-29 21:15:44.122833
TXN_4da758305d65,1,SUCCESS,,2026-08-06 12:30:19.122833
TXN_f528190b9b61,1,SUCCESS,,2026-06-20 15:08:44.122833
TXN_25d061b4d9fb,1,FAILED,CARD_EXPIRED,2026-07-18 06:24:32.122833
TXN_22bd1cdc3dc5,1,SUCCESS,,2026-08-03 09:32:16.122833
TXN_f61092ade39d,1,SUCCESS,,2026-06-18 03:00:24.122833
TXN_81e263bf669d,1,SUCCESS,,2026-08-25 08:35:26.122833
TXN_2cec9177f719,1,FAILED,BANK_DECLINED,2026-06-27 05:11:14.122833
TXN_3877c8262e73,1,SUCCESS,,2026-08-06 20:38:18.122833
TXN_a1d283fdaa87,1,SUCCESS,,2026-07-20 23:19:24.122833
TXN_45486ecca49b,1,SUCCESS,,2026-07-21 15:09:23.122833
TXN_2b29d1a723f6,1,FAILED,CARD_EXPIRED,2026-08-02 13:38:14.122833
TXN_8a0a241f9df6,1,SUCCESS,,2026-08-27 15:56:15.122833
TXN_197abc3361fe,1,SUCCESS,,2026-07-16 18:45:05.122833
TXN_c2e0ed8a700a,1,SUCCESS,,2026-07-15 10:49:31.122833
TXN_b14b06af678d,1,SUCCESS,,2026-06-24 17:38:19.122833
TXN_31e94cd65880,1,SUCCESS,,2026-07-14 15:00:01.122833
TXN_39b8111607e4,1,FAILED,UPI_TIMEOUT,2026-06-03 07:13:57.122833
TXN_39b8111607e4,2,SUCCESS,,2026-06-03 08:28:57.122833
TXN_9c7736ae0aad,1,FAILED,AUTHENTICATION_FAILED,2026-06-20 12:45:12.122833
TXN_419926671f9c,1,FAILED,UPI_TIMEOUT,2026-07-26 09:28:01.122833
TXN_419926671f9c,2,SUCCESS,,2026-07-26 10:01:01.122833
TXN_a0965276b9ef,1,SUCCESS,,2026-08-19 14:51:42.122833
TXN_b478999d8130,1,SUCCESS,,2026-07-20 09:51:05.122833
TXN_647cc1247b25,1,SUCCESS,,2026-06-27 22:45:15.122833
TXN_22cb54b821c2,1,FAILED,BANK_DECLINED,2026-07-28 04:28:12.122833
TXN_22cb54b821c2,2,SUCCESS,,2026-07-28 06:01:12.122833
TXN_3b18874e5252,1,SUCCESS,,2026-06-22 00:10:20.122833
TXN_1c7a91b74a8b,1,SUCCESS,,2026-08-27 18:18:26.122833
TXN_45983f36a96a,1,SUCCESS,,2026-06-17 14:24:39.122833
TXN_b13394733d8c,1,FAILED,NETWORK_TIMEOUT,2026-07-07 16:57:39.122833
TXN_b13394733d8c,2,SUCCESS,,2026-07-07 17:01:39.122833
TXN_c3cb2fcba9f6,1,SUCCESS,,2026-07-31 12:53:51.122833
TXN_f4366d6a6419,1,SUCCESS,,2026-06-23 20:32:35.122833
TXN_3d590c53a514,1,FAILED,BANK_DECLINED,2026-07-07 09:04:10.122833
TXN_936374a6627e,1,SUCCESS,,2026-06-26 08:50:55.122833
TXN_8d1125507091,1,SUCCESS,,2026-06-29 07:34:37.122833
TXN_555b2dca59f7,1,SUCCESS,,2026-07-17 13:01:33.122833
TXN_f77c6cb99b05,1,SUCCESS,,2026-07-31 18:02:19.122833
TXN_629233007038,1,FAILED,BANK_DECLINED,2026-06-03 00:34:08.122833
TXN_629233007038,2,SUCCESS,,2026-06-03 02:17:08.122833
TXN_24490b2829cb,1,SUCCESS,,2026-06-16 04:39:42.122833
TXN_faa33e1e8ebe,1,FAILED,BANK_DECLINED,2026-07-22 19:28:43.122833
TXN_faa33e1e8ebe,2,SUCCESS,,2026-07-22 19:38:43.122833
TXN_98576b0ac6b2,1,SUCCESS,,2026-08-17 12:00:09.122833
TXN_245af9435d68,1,SUCCESS,,2026-08-29 21:45:16.122833
TXN_d5430881ec61,1,SUCCESS,,2026-06-23 17:12:37.122833
TXN_dd2a06b7ead3,1,FAILED,CARD_EXPIRED,2026-07-30 20:28:23.122833
TXN_d623c92c7f9f,1,FAILED,LIMIT_EXCEEDED,2026-06-17 04:43:51.122833
TXN_ecdd7cf4eee5,1,SUCCESS,,2026-06-25 13:55:14.122833
TXN_dbb8d307efeb,1,SUCCESS,,2026-06-17 19:46:04.122833
TXN_cae4af03f4c7,1,SUCCESS,,2026-08-26 02:24:12.122833
TXN_17dbe4be92e4,1,SUCCESS,,2026-07-07 01:39:29.122833
TXN_8ee4a9632ae6,1,SUCCESS,,2026-07-08 01:10:42.122833
TXN_7f00a63132e9,1,FAILED,INSUFFICIENT_FUNDS,2026-08-05 19:29:58.122833
TXN_7f00a63132e9,2,SUCCESS,,2026-08-05 20:12:58.122833
TXN_840838ca0315,1,FAILED,INSUFFICIENT_FUNDS,2026-06-26 06:10:35.122833
TXN_840838ca0315,2,SUCCESS,,2026-06-26 06:21:35.122833
TXN_472d85b104b9,1,FAILED,NETWORK_TIMEOUT,2026-08-12 03:44:40.122833
TXN_d334cd535ba5,1,FAILED,BANK_DECLINED,2026-08-13 14:44:49.122833
TXN_d334cd535ba5,2,SUCCESS,,2026-08-13 14:48:49.122833
TXN_09b408ac6af5,1,SUCCESS,,2026-06-04 01:04:04.122833
TXN_2d3f43815f54,1,SUCCESS,,2026-07-29 09:59:16.122833
TXN_e6c52ee218d6,1,SUCCESS,,2026-06-05 13:18:57.122833
TXN_749b9bdfdb7c,1,SUCCESS,,2026-08-10 17:05:04.122833
TXN_7ace6823f5bd,1,FAILED,AUTHENTICATION_FAILED,2026-08-24 04:34:41.122833
TXN_407b0d61ddd0,1,SUCCESS,,2026-07-30 23:34:31.122833
TXN_540f21deaba6,1,SUCCESS,,2026-07-21 22:47:51.122833
TXN_6fcfe1d23652,1,FAILED,CARD_EXPIRED,2026-06-15 14:51:01.122833
TXN_40efee39676f,1,SUCCESS,,2026-07-16 00:00:56.122833
TXN_0520669fb651,1,SUCCESS,,2026-06-28 23:01:38.122833
TXN_959b9b18aea4,1,SUCCESS,,2026-06-14 00:05:39.122833
TXN_25be3d68a5b7,1,SUCCESS,,2026-08-13 02:54:31.122833
TXN_0c2bc28b14ba,1,SUCCESS,,2026-08-01 09:02:16.122833
TXN_ed4e8549dc0c,1,SUCCESS,,2026-08-28 06:31:24.122833
TXN_b4e74151277c,1,SUCCESS,,2026-07-27 20:40:30.122833
TXN_f1c4309c2469,1,FAILED,INSUFFICIENT_FUNDS,2026-08-23 16:24:37.122833
TXN_79360dd9707d,1,SUCCESS,,2026-07-27 07:44:26.122833
TXN_d3b3fd8bd80a,1,SUCCESS,,2026-06-17 13:17:57.122833
TXN_bff902105aef,1,SUCCESS,,2026-06-18 23:35:40.122833
TXN_7a01915053ea,1,SUCCESS,,2026-08-18 10:04:31.122833
TXN_e47b867eb5b1,1,SUCCESS,,2026-07-20 06:03:21.122833
TXN_38c59d42c512,1,SUCCESS,,2026-06-30 01:51:53.122833
TXN_4b57b4505231,1,SUCCESS,,2026-06-29 10:12:07.122833
TXN_9888acd5869e,1,SUCCESS,,2026-06-08 00:34:46.122833
TXN_e502dd26d1ea,1,FAILED,CARD_EXPIRED,2026-08-18 07:54:38.122833
TXN_00d2ef3def9c,1,SUCCESS,,2026-08-31 06:35:00.122833
TXN_c8e3be292eab,1,SUCCESS,,2026-08-06 00:34:33.122833
TXN_9d1aa2cbf016,1,SUCCESS,,2026-07-19 13:21:39.122833
TXN_e401d7d7537a,1,SUCCESS,,2026-06-07 20:07:13.122833
TXN_5d9f2957bcc8,1,SUCCESS,,2026-07-01 20:57:44.122833
TXN_b3af5b775219,1,SUCCESS,,2026-07-13 02:55:09.122833
TXN_eab9692b3f0f,1,FAILED,CARD_EXPIRED,2026-06-11 05:16:14.122833
TXN_eab9692b3f0f,2,SUCCESS,,2026-06-11 06:06:14.122833
TXN_be55d7f96dac,1,SUCCESS,,2026-08-15 23:10:40.122833
TXN_adbb87faee97,1,SUCCESS,,2026-06-25 01:49:49.122833
TXN_25bbbe2aa73e,1,SUCCESS,,2026-08-07 18:43:23.122833
TXN_818f16f317af,1,FAILED,UPI_TIMEOUT,2026-06-06 02:21:35.122833
TXN_798561ea47e7,1,SUCCESS,,2026-07-25 15:23:11.122833
TXN_2a35c20c9e4e,1,SUCCESS,,2026-07-08 09:09:26.122833
TXN_f8c0eb755680,1,SUCCESS,,2026-06-11 14:41:06.122833
TXN_e51e31028942,1,SUCCESS,,2026-07-12 00:10:25.122833
TXN_364a510d4f08,1,SUCCESS,,2026-08-07 09:54:23.122833
TXN_a67e41104df9,1,SUCCESS,,2026-06-26 04:34:52.122833
TXN_1bb97768ee03,1,SUCCESS,,2026-08-06 13:30:24.122833
TXN_0e636f864611,1,FAILED,BANK_DECLINED,2026-06-19 01:28:02.122833
TXN_0e636f864611,2,SUCCESS,,2026-06-19 03:28:02.122833
TXN_155b6762cf94,1,FAILED,INSUFFICIENT_FUNDS,2026-08-01 07:16:28.122833
TXN_155b6762cf94,2,SUCCESS,,2026-08-01 08:30:28.122833
TXN_42765349b26f,1,SUCCESS,,2026-07-23 01:25:50.122833
TXN_2ef70f4e0543,1,SUCCESS,,2026-07-11 20:10:26.122833
TXN_a4357717f089,1,SUCCESS,,2026-08-13 08:42:17.122833
TXN_7c499e35fcad,1,SUCCESS,,2026-06-20 14:49:49.122833
TXN_e745c7d6e587,1,SUCCESS,,2026-07-19 06:33:27.122833
TXN_1eccbf0fa4f2,1,SUCCESS,,2026-08-23 22:52:41.122833
TXN_6219ab5c5c9a,1,SUCCESS,,2026-08-15 20:54:22.122833
TXN_b4881b418ca5,1,FAILED,INSUFFICIENT_FUNDS,2026-06-25 20:42:53.122833
TXN_e1b929e43f8f,1,SUCCESS,,2026-08-07 22:06:05.122833
TXN_f6567e714c36,1,SUCCESS,,2026-06-29 01:37:46.122833
TXN_a094e8525118,1,FAILED,BANK_DECLINED,2026-08-06 01:01:03.122833
TXN_a094e8525118,2,SUCCESS,,2026-08-06 01:50:03.122833
TXN_56592c84d87b,1,SUCCESS,,2026-06-23 16:32:22.122833
TXN_40ca5dc4aa64,1,SUCCESS,,2026-06-11 12:23:38.122833
TXN_3f7f9cf97857,1,SUCCESS,,2026-08-05 01:21:00.122833
TXN_8eaceef553a2,1,SUCCESS,,2026-08-02 10:27:38.122833
TXN_e8f69c252b94,1,FAILED,NETWORK_TIMEOUT,2026-07-27 11:43:01.122833
TXN_e8f69c252b94,2,SUCCESS,,2026-07-27 12:26:01.122833
TXN_ea917bdba70f,1,SUCCESS,,2026-07-10 12:13:56.122833
TXN_8a9f5de27688,1,FAILED,BANK_DECLINED,2026-08-05 19:16:40.122833
TXN_7f190e515265,1,FAILED,BANK_DECLINED,2026-06-26 04:34:47.122833
TXN_45dc7dff3c3e,1,FAILED,AUTHENTICATION_FAILED,2026-06-15 20:12:19.122833
TXN_45dc7dff3c3e,2,SUCCESS,,2026-06-15 21:49:19.122833
TXN_6eab9e9b15cd,1,SUCCESS,,2026-06-24 14:16:45.122833
TXN_d35250eedac3,1,FAILED,LIMIT_EXCEEDED,2026-06-07 18:24:30.122833
TXN_d8382937a7e6,1,SUCCESS,,2026-07-12 18:17:39.122833
TXN_c8e4b7127195,1,SUCCESS,,2026-07-04 07:49:18.122833
TXN_b2dabef42b7e,1,SUCCESS,,2026-07-04 10:19:45.122833
TXN_37eaf6139e47,1,SUCCESS,,2026-08-07 05:02:42.122833
TXN_145cba6f122b,1,FAILED,INSUFFICIENT_FUNDS,2026-08-30 12:55:42.122833
TXN_00f38fb50af0,1,SUCCESS,,2026-07-10 00:20:56.122833
TXN_a97397ecf19f,1,FAILED,CARD_EXPIRED,2026-06-09 02:43:40.122833
TXN_5979ca5f5b1b,1,SUCCESS,,2026-07-19 02:27:47.122833
TXN_cada04646871,1,SUCCESS,,2026-06-28 05:27:14.122833
TXN_c1597868d7df,1,SUCCESS,,2026-06-06 03:13:54.122833
TXN_3086306b4911,1,FAILED,CARD_EXPIRED,2026-06-21 07:48:52.122833
TXN_5f0558aef77a,1,SUCCESS,,2026-06-30 22:23:58.122833
TXN_3921f6f5c318,1,SUCCESS,,2026-06-26 21:02:48.122833
TXN_e8040cf07a38,1,SUCCESS,,2026-06-26 19:52:56.122833
TXN_47e25fc1ad4d,1,FAILED,INSUFFICIENT_FUNDS,2026-07-06 08:20:05.122833
TXN_537c891be60b,1,FAILED,AUTHENTICATION_FAILED,2026-07-08 22:00:07.122833
TXN_4f9f393539be,1,SUCCESS,,2026-07-03 14:51:51.122833
TXN_503697e235b0,1,SUCCESS,,2026-08-30 04:30:23.122833
TXN_28016b6b1ecc,1,SUCCESS,,2026-08-28 21:17:10.122833
TXN_77f5c2a09c04,1,SUCCESS,,2026-08-06 19:20:54.122833
TXN_16cfe544c9ba,1,SUCCESS,,2026-06-22 17:11:33.122833
TXN_0e1f9472830f,1,SUCCESS,,2026-08-19 07:25:58.122833
TXN_4750d7804a4d,1,SUCCESS,,2026-06-06 19:04:09.122833
TXN_8228a091e113,1,FAILED,INSUFFICIENT_FUNDS,2026-06-28 13:09:06.122833
TXN_44bcf060d3f6,1,SUCCESS,,2026-07-28 22:44:43.122833
TXN_0f7c8bdb9ff4,1,FAILED,BANK_DECLINED,2026-07-05 00:03:50.122833
TXN_0f7c8bdb9ff4,2,SUCCESS,,2026-07-05 01:25:50.122833
TXN_27f7e647446b,1,FAILED,UPI_TIMEOUT,2026-08-01 10:43:49.122833
TXN_27f7e647446b,2,SUCCESS,,2026-08-01 12:14:49.122833
TXN_103dac13d0d3,1,SUCCESS,,2026-06-23 12:40:35.122833
TXN_f9ab1a5e0dd8,1,SUCCESS,,2026-07-02 21:38:11.122833
TXN_55d5cb94d916,1,SUCCESS,,2026-08-28 16:10:35.122833
TXN_bb998509cd8a,1,SUCCESS,,2026-06-10 01:20:47.122833
TXN_2d49c80b87a1,1,SUCCESS,,2026-06-13 03:44:07.122833
TXN_98ca8c4f3b9d,1,SUCCESS,,2026-08-21 12:20:27.122833
TXN_fe23eee60d5e,1,FAILED,CUSTOMER_CANCELLED,2026-06-06 20:15:22.122833
TXN_283adfa80a9d,1,SUCCESS,,2026-06-26 18:22:07.122833
TXN_672f819f6a74,1,FAILED,LIMIT_EXCEEDED,2026-07-11 06:06:22.122833
TXN_4b9ed3bcc016,1,SUCCESS,,2026-08-29 09:36:07.122833
TXN_a3d7c81d0fc3,1,SUCCESS,,2026-08-15 15:53:56.122833
TXN_422793e2ee28,1,FAILED,CARD_EXPIRED,2026-07-13 11:20:02.122833
TXN_29c60fd152c2,1,FAILED,NETWORK_TIMEOUT,2026-07-11 22:30:30.122833
TXN_29c60fd152c2,2,SUCCESS,,2026-07-11 23:06:30.122833
TXN_484f25d65241,1,SUCCESS,,2026-08-11 21:27:40.122833
TXN_b32154b8d7d0,1,SUCCESS,,2026-08-29 07:29:12.122833
TXN_1a9d87bb5f64,1,FAILED,BANK_DECLINED,2026-07-25 23:37:45.122833
TXN_41bc5cb1ac06,1,SUCCESS,,2026-06-09 23:29:35.122833
TXN_f27b473e5210,1,SUCCESS,,2026-06-11 11:07:53.122833
TXN_a0370fd10f9a,1,SUCCESS,,2026-08-20 06:15:03.122833
TXN_15a93b3d47e1,1,SUCCESS,,2026-07-28 08:41:46.122833
TXN_be0fde771319,1,SUCCESS,,2026-08-02 17:32:28.122833
TXN_8de10989e73a,1,SUCCESS,,2026-08-09 15:29:37.122833
TXN_7dda5ebf0a22,1,SUCCESS,,2026-07-18 12:43:18.122833
TXN_6ba0823d6913,1,SUCCESS,,2026-06-16 16:53:31.122833
TXN_8abdee2b513b,1,SUCCESS,,2026-06-28 22:47:42.122833
TXN_54bd79f58d36,1,SUCCESS,,2026-08-17 17:29:59.122833
TXN_f90ba3588f9d,1,SUCCESS,,2026-07-28 06:48:10.122833
TXN_4c4f925fe57e,1,SUCCESS,,2026-08-29 13:18:29.122833
TXN_3572bdea3ac5,1,SUCCESS,,2026-08-17 05:42:04.122833
TXN_c0d7780f1b6f,1,FAILED,BANK_DECLINED,2026-07-10 14:16:40.122833
TXN_c0d7780f1b6f,2,SUCCESS,,2026-07-10 15:13:40.122833
TXN_3a35cf71eefa,1,SUCCESS,,2026-06-22 07:34:54.122833
TXN_785c7ef30822,1,SUCCESS,,2026-08-09 13:15:22.122833
TXN_eb4c308c2448,1,FAILED,INSUFFICIENT_FUNDS,2026-07-28 16:21:39.122833
TXN_fe5c77791f68,1,SUCCESS,,2026-06-25 05:57:48.122833
TXN_25d82c45dd03,1,SUCCESS,,2026-06-11 21:48:34.122833
TXN_32bb7d5b5f42,1,SUCCESS,,2026-07-15 09:35:14.122833
TXN_36fef8afb0bd,1,SUCCESS,,2026-08-26 10:31:19.122833
TXN_1457b916f14c,1,FAILED,CARD_EXPIRED,2026-08-25 08:23:16.122833
TXN_4b336f52575a,1,SUCCESS,,2026-07-18 07:10:36.122833
TXN_5d5c1cbad675,1,SUCCESS,,2026-07-09 13:25:07.122833
TXN_ebb0b870be91,1,SUCCESS,,2026-06-06 04:08:18.122833
TXN_1fa86f37eb48,1,SUCCESS,,2026-08-08 12:50:05.122833
TXN_1be6a5f4e688,1,SUCCESS,,2026-06-08 03:39:45.122833
TXN_4d02815b74ce,1,SUCCESS,,2026-06-10 18:00:39.122833
TXN_94d14ee8b430,1,SUCCESS,,2026-08-11 06:12:04.122833
TXN_05d2cce9a3b9,1,SUCCESS,,2026-06-30 12:20:25.122833
TXN_dc1639cb0af8,1,SUCCESS,,2026-08-11 18:20:14.122833
TXN_54e6fc95d98e,1,SUCCESS,,2026-07-01 08:07:49.122833
TXN_95692cc7be9e,1,SUCCESS,,2026-07-05 00:45:18.122833
TXN_241c786141ca,1,FAILED,AUTHENTICATION_FAILED,2026-08-06 01:28:22.122833
TXN_3e36c0901a38,1,SUCCESS,,2026-06-03 05:59:31.122833
TXN_57344321a2e5,1,SUCCESS,,2026-07-24 19:57:35.122833
TXN_b4da141511c4,1,SUCCESS,,2026-06-20 07:07:33.122833
TXN_1fe7f79de116,1,SUCCESS,,2026-06-05 03:06:38.122833
TXN_ca50c2fb74c1,1,SUCCESS,,2026-07-09 18:52:39.122833
TXN_29431135aa75,1,SUCCESS,,2026-07-14 22:34:28.122833
TXN_99d913476ed5,1,SUCCESS,,2026-07-31 11:17:42.122833
TXN_7e092813d56d,1,FAILED,LIMIT_EXCEEDED,2026-07-29 15:39:12.122833
TXN_5d22a1c12744,1,SUCCESS,,2026-08-20 16:28:39.122833
TXN_4d5d63cdd3e0,1,SUCCESS,,2026-06-15 19:06:50.122833
TXN_b2e2ae457e24,1,SUCCESS,,2026-07-06 01:38:02.122833
TXN_c5d3f9b7945d,1,SUCCESS,,2026-07-17 10:30:42.122833
TXN_5f3234298270,1,SUCCESS,,2026-06-10 19:33:34.122833
TXN_304c30631bf5,1,FAILED,AUTHENTICATION_FAILED,2026-07-21 18:38:34.122833
TXN_304c30631bf5,2,SUCCESS,,2026-07-21 19:20:34.122833
TXN_5c4f929583c3,1,FAILED,INSUFFICIENT_FUNDS,2026-07-14 00:53:11.122833
TXN_ed365a6a2f98,1,SUCCESS,,2026-07-02 07:11:01.122833
TXN_b82b31cc4e63,1,SUCCESS,,2026-07-03 11:12:23.122833
TXN_5e459453c191,1,SUCCESS,,2026-08-08 04:30:12.122833
TXN_70729e695d32,1,FAILED,CUSTOMER_CANCELLED,2026-07-06 23:28:48.122833
TXN_584f3497d7f9,1,SUCCESS,,2026-07-08 08:47:13.122833
TXN_883b48098764,1,SUCCESS,,2026-08-13 07:15:29.122833
TXN_d3aa48c70f87,1,SUCCESS,,2026-07-31 19:19:42.122833
TXN_102418576311,1,SUCCESS,,2026-07-13 19:19:30.122833
TXN_b31676bc29c2,1,SUCCESS,,2026-07-12 23:52:02.122833
TXN_ca573b910cb7,1,SUCCESS,,2026-06-15 06:57:32.122833
TXN_abf8ca072300,1,FAILED,LIMIT_EXCEEDED,2026-07-16 05:15:01.122833
TXN_42bf5bbdb607,1,FAILED,CARD_EXPIRED,2026-07-08 21:25:08.122833
TXN_0f34326e0643,1,SUCCESS,,2026-07-04 22:31:34.122833
TXN_9f5061286a2e,1,SUCCESS,,2026-07-10 03:16:28.122833
TXN_f5d5c68da41f,1,SUCCESS,,2026-07-06 15:28:48.122833
TXN_e8c760b4a5b0,1,FAILED,CARD_EXPIRED,2026-06-08 13:51:40.122833
TXN_ab5b4973ea3b,1,FAILED,AUTHENTICATION_FAILED,2026-06-14 13:10:55.122833
TXN_0f21f66d85ae,1,FAILED,AUTHENTICATION_FAILED,2026-07-27 19:17:32.122833
TXN_156ae4da31a7,1,SUCCESS,,2026-06-25 19:13:04.122833
TXN_dbbb4a6b7689,1,SUCCESS,,2026-07-19 01:05:40.122833
TXN_2c68233ac2ab,1,FAILED,INSUFFICIENT_FUNDS,2026-06-15 11:21:21.122833
TXN_2c68233ac2ab,2,SUCCESS,,2026-06-15 12:52:21.122833
TXN_16c023fde76e,1,SUCCESS,,2026-06-25 03:17:47.122833
TXN_8e6b85a10e1d,1,SUCCESS,,2026-06-19 06:22:19.122833
TXN_33fddc42b370,1,FAILED,LIMIT_EXCEEDED,2026-07-20 06:23:01.122833
TXN_33fddc42b370,2,SUCCESS,,2026-07-20 06:27:01.122833
TXN_05653887c954,1,SUCCESS,,2026-06-17 21:42:03.122833
TXN_370939fb65f5,1,SUCCESS,,2026-08-14 00:41:26.122833
TXN_297c01269a8a,1,SUCCESS,,2026-08-19 07:59:57.122833
TXN_705a860ed88e,1,SUCCESS,,2026-07-17 06:27:08.122833
TXN_c80ae14b3c82,1,SUCCESS,,2026-07-27 17:06:13.122833
TXN_f5075c72e96c,1,SUCCESS,,2026-07-08 20:43:59.122833
TXN_a4df99973f88,1,SUCCESS,,2026-07-19 10:20:04.122833
TXN_cc27909059a3,1,SUCCESS,,2026-06-10 06:09:46.122833
TXN_ee399751337a,1,SUCCESS,,2026-07-01 20:22:13.122833
TXN_72b0e252c3ec,1,FAILED,LIMIT_EXCEEDED,2026-07-21 10:13:00.122833
TXN_38fa574c65ad,1,SUCCESS,,2026-07-06 17:55:40.122833
TXN_655afc07a248,1,FAILED,BANK_DECLINED,2026-06-17 22:20:51.122833
TXN_e4f668a3b877,1,SUCCESS,,2026-07-09 13:04:32.122833
TXN_8bdccd1a1844,1,SUCCESS,,2026-07-13 03:41:19.122833
TXN_84e375694e49,1,SUCCESS,,2026-06-12 08:21:36.122833
TXN_8d7bb56b22b7,1,FAILED,NETWORK_TIMEOUT,2026-06-03 01:27:55.122833
TXN_8d7bb56b22b7,2,SUCCESS,,2026-06-03 03:00:55.122833
TXN_20071a40693a,1,SUCCESS,,2026-07-28 04:41:22.122833
TXN_6a81660de773,1,SUCCESS,,2026-08-30 12:29:44.122833
TXN_2662ae7b1960,1,SUCCESS,,2026-06-09 03:33:19.122833
TXN_2888afbf31a0,1,SUCCESS,,2026-07-30 04:09:56.122833
TXN_d85ec2e27e18,1,SUCCESS,,2026-06-17 04:28:52.122833
TXN_6d6f478da495,1,FAILED,AUTHENTICATION_FAILED,2026-08-19 05:47:31.122833
TXN_06997d7b5eb3,1,SUCCESS,,2026-07-31 22:47:12.122833
TXN_c4d80b829a06,1,SUCCESS,,2026-08-15 15:29:35.122833
TXN_6f3c57caeae8,1,FAILED,CUSTOMER_CANCELLED,2026-07-03 18:15:16.122833
TXN_f974733b0664,1,FAILED,NETWORK_TIMEOUT,2026-06-10 03:06:06.122833
TXN_f974733b0664,2,SUCCESS,,2026-06-10 03:42:06.122833
TXN_1c9a4a19da67,1,FAILED,INSUFFICIENT_FUNDS,2026-07-01 16:24:32.122833
TXN_1c9a4a19da67,2,SUCCESS,,2026-07-01 17:32:32.122833
TXN_48ce7c1df2fb,1,SUCCESS,,2026-06-30 09:28:27.122833
TXN_d6077ab87811,1,SUCCESS,,2026-07-01 21:48:52.122833
TXN_ad8ce996f39d,1,FAILED,UPI_TIMEOUT,2026-06-18 09:24:17.122833
TXN_ad8ce996f39d,2,SUCCESS,,2026-06-18 11:11:17.122833
TXN_c32e3a52a667,1,SUCCESS,,2026-07-05 18:32:34.122833
TXN_0aca429e74c0,1,SUCCESS,,2026-06-19 01:36:04.122833
TXN_2a6c950fdba0,1,SUCCESS,,2026-08-22 19:37:44.122833
TXN_4815579af9e3,1,SUCCESS,,2026-06-24 20:08:44.122833
TXN_cc4d6324c2ae,1,SUCCESS,,2026-08-31 11:54:37.122833
TXN_1eaca6e49907,1,FAILED,CARD_EXPIRED,2026-08-11 13:48:57.122833
TXN_50be68e834e7,1,FAILED,NETWORK_TIMEOUT,2026-08-31 12:53:17.122833
TXN_50be68e834e7,2,SUCCESS,,2026-08-31 13:58:17.122833
TXN_48f44d1f8eac,1,SUCCESS,,2026-07-28 17:24:42.122833
TXN_33805252fe64,1,FAILED,NETWORK_TIMEOUT,2026-06-15 13:21:10.122833
TXN_33805252fe64,2,SUCCESS,,2026-06-15 14:06:10.122833
TXN_a130c46a07b8,1,FAILED,BANK_DECLINED,2026-06-19 19:33:10.122833
TXN_b18b16e12b71,1,FAILED,NETWORK_TIMEOUT,2026-07-19 22:33:56.122833
TXN_b18b16e12b71,2,SUCCESS,,2026-07-19 22:46:56.122833
TXN_1d65afa0d3bd,1,SUCCESS,,2026-07-05 08:38:42.122833
TXN_fc46a2dcb1d0,1,SUCCESS,,2026-08-29 16:38:24.122833
TXN_410d399a99c3,1,SUCCESS,,2026-07-14 19:24:24.122833
TXN_0eb6b9f63d9f,1,SUCCESS,,2026-07-05 15:53:23.122833
TXN_27fb7e316e3e,1,FAILED,AUTHENTICATION_FAILED,2026-08-29 10:40:48.122833
TXN_4bf71e1aff6a,1,SUCCESS,,2026-07-15 05:52:45.122833
TXN_d33848e0c50a,1,SUCCESS,,2026-07-25 21:10:16.122833
TXN_0a16b07cc495,1,SUCCESS,,2026-08-19 13:28:33.122833
TXN_83fb9c633d05,1,FAILED,BANK_DECLINED,2026-08-25 08:48:14.122833
TXN_83fb9c633d05,2,SUCCESS,,2026-08-25 08:53:14.122833
TXN_10fa831cc2bf,1,SUCCESS,,2026-07-27 23:33:37.122833
TXN_7cbe1237da13,1,FAILED,LIMIT_EXCEEDED,2026-06-13 07:03:09.122833
TXN_7cbe1237da13,2,SUCCESS,,2026-06-13 07:20:09.122833
TXN_f09b791280c4,1,SUCCESS,,2026-07-07 17:27:34.122833
TXN_68c24cd914a7,1,FAILED,CUSTOMER_CANCELLED,2026-07-28 22:59:57.122833
TXN_93bde86f33cd,1,SUCCESS,,2026-06-03 03:41:49.122833
TXN_b62fdfa988af,1,SUCCESS,,2026-06-13 02:11:31.122833
TXN_e7fb5a59be13,1,SUCCESS,,2026-08-29 04:34:34.122833
TXN_c72ab79a564c,1,SUCCESS,,2026-07-21 10:53:50.122833
TXN_faea12ae88e6,1,SUCCESS,,2026-07-01 11:06:44.122833
TXN_4cd07eb4bc11,1,SUCCESS,,2026-08-19 04:50:42.122833
TXN_d49a173a272c,1,FAILED,CUSTOMER_CANCELLED,2026-07-04 08:12:37.122833
TXN_d49a173a272c,2,SUCCESS,,2026-07-04 09:56:37.122833
TXN_4ef57e491e3d,1,FAILED,CARD_EXPIRED,2026-06-29 02:45:31.122833
TXN_ddb1dc78d0c8,1,SUCCESS,,2026-06-21 04:19:58.122833
TXN_083427444074,1,SUCCESS,,2026-08-28 05:52:41.122833
TXN_d8b989b96bf1,1,SUCCESS,,2026-06-23 17:42:30.122833
TXN_ec727d756cec,1,SUCCESS,,2026-08-27 17:43:01.122833
TXN_11ad2a06d7e4,1,SUCCESS,,2026-06-03 19:11:18.122833
TXN_7a35024c0a16,1,SUCCESS,,2026-08-31 00:46:00.122833
TXN_5d8440fe8ddf,1,FAILED,AUTHENTICATION_FAILED,2026-08-02 17:44:47.122833
TXN_0e81bde9bda5,1,FAILED,AUTHENTICATION_FAILED,2026-07-03 00:01:17.122833
TXN_4e9b08eb6094,1,SUCCESS,,2026-06-18 00:41:20.122833
TXN_124255e9e7b7,1,SUCCESS,,2026-07-18 15:04:02.122833
TXN_530ef38fe7a5,1,SUCCESS,,2026-06-21 19:30:43.122833
TXN_491e9581a92c,1,SUCCESS,,2026-08-14 13:00:26.122833
TXN_7bbbda9ff4aa,1,FAILED,NETWORK_TIMEOUT,2026-08-10 08:53:21.122833
TXN_7bbbda9ff4aa,2,SUCCESS,,2026-08-10 10:13:21.122833
TXN_c356a293e057,1,SUCCESS,,2026-08-09 15:20:49.122833
TXN_26c4036b32b7,1,SUCCESS,,2026-06-09 21:13:03.122833
TXN_afc8721336e2,1,SUCCESS,,2026-08-23 10:19:08.122833
TXN_3a8f6955b7d5,1,SUCCESS,,2026-06-06 01:46:27.122833
TXN_d21243eb7e67,1,SUCCESS,,2026-08-06 23:04:03.122833
TXN_256859e0eec3,1,SUCCESS,,2026-08-30 15:39:21.122833
TXN_8cce04443ab5,1,SUCCESS,,2026-07-06 01:29:35.122833
TXN_c0e821fefc2c,1,SUCCESS,,2026-07-15 00:20:27.122833
TXN_7a4981d1c129,1,FAILED,BANK_DECLINED,2026-06-22 17:33:59.122833
TXN_7a4981d1c129,2,SUCCESS,,2026-06-22 18:52:59.122833
TXN_b11cf221ad60,1,SUCCESS,,2026-08-14 18:00:24.122833
TXN_681a77ce5ea1,1,FAILED,CARD_EXPIRED,2026-06-20 14:05:56.122833
TXN_4b673324e74e,1,SUCCESS,,2026-08-18 18:55:54.122833
TXN_f2a18720df85,1,FAILED,NETWORK_TIMEOUT,2026-06-21 05:04:01.122833
TXN_f2a18720df85,2,SUCCESS,,2026-06-21 06:46:01.122833
TXN_629db596db72,1,SUCCESS,,2026-07-25 22:16:53.122833
TXN_e8e83da7ad7a,1,SUCCESS,,2026-08-30 18:53:26.122833
TXN_f75ce9dfc6f2,1,SUCCESS,,2026-08-29 08:20:28.122833
TXN_6baf1d1d9306,1,FAILED,BANK_DECLINED,2026-08-01 05:32:42.122833
TXN_6baf1d1d9306,2,SUCCESS,,2026-08-01 06:55:42.122833
TXN_ce8268598e88,1,FAILED,UPI_TIMEOUT,2026-08-12 00:49:35.122833
TXN_ce8268598e88,2,SUCCESS,,2026-08-12 00:51:35.122833
TXN_51e252c2c715,1,SUCCESS,,2026-08-04 18:50:24.122833
TXN_e388b2cf101d,1,SUCCESS,,2026-06-08 03:15:01.122833
TXN_849c9a7353c3,1,FAILED,LIMIT_EXCEEDED,2026-06-02 22:02:46.122833
TXN_849c9a7353c3,2,SUCCESS,,2026-06-02 23:34:46.122833
TXN_d640e4209e2b,1,SUCCESS,,2026-08-30 19:23:11.122833
TXN_59adae6eadf5,1,FAILED,CARD_EXPIRED,2026-07-31 18:25:12.122833
TXN_5705671d4beb,1,SUCCESS,,2026-07-16 21:04:53.122833
TXN_eed15dfe75a7,1,SUCCESS,,2026-08-16 05:33:30.122833
TXN_7a1b419c7335,1,SUCCESS,,2026-08-30 03:22:07.122833
TXN_0908a6aa7c1c,1,SUCCESS,,2026-07-26 05:39:17.122833
TXN_db2e2c0dd25f,1,SUCCESS,,2026-08-29 00:02:25.122833
TXN_e7dd1bb2cd6a,1,FAILED,AUTHENTICATION_FAILED,2026-08-10 08:04:56.122833
TXN_89adba27af07,1,SUCCESS,,2026-06-11 22:41:02.122833
TXN_ddd7407217d8,1,SUCCESS,,2026-08-30 23:47:43.122833
TXN_9bcb76c87302,1,SUCCESS,,2026-07-12 11:24:50.122833
TXN_d42947c7ff4f,1,SUCCESS,,2026-06-24 20:51:18.122833
TXN_e70739cf1f3c,1,SUCCESS,,2026-08-12 20:38:58.122833
TXN_ef9ffac9ef0b,1,SUCCESS,,2026-06-16 06:08:31.122833
TXN_b8b2798aca2a,1,SUCCESS,,2026-08-23 11:20:42.122833
TXN_7398a1aadcee,1,SUCCESS,,2026-08-10 11:19:00.122833
TXN_cf642f223f0a,1,SUCCESS,,2026-08-03 02:03:46.122833
TXN_e9bbd366fd56,1,SUCCESS,,2026-06-08 17:27:51.122833
TXN_c625bc49624c,1,SUCCESS,,2026-08-12 00:51:18.122833
TXN_8a5ea7e3d087,1,FAILED,LIMIT_EXCEEDED,2026-08-07 02:38:08.122833
TXN_06e81d9412d0,1,SUCCESS,,2026-08-21 07:40:25.122833
TXN_4564c22ee333,1,SUCCESS,,2026-07-29 00:59:41.122833
TXN_da8294d164ba,1,SUCCESS,,2026-06-09 10:14:45.122833
TXN_b825f9768de1,1,SUCCESS,,2026-06-12 19:23:38.122833
TXN_161ce410c609,1,SUCCESS,,2026-06-25 23:19:28.122833
TXN_ad53ba71f7c1,1,SUCCESS,,2026-08-27 20:59:59.122833
TXN_733a473c1005,1,FAILED,INSUFFICIENT_FUNDS,2026-06-11 20:57:12.122833
TXN_ca649daf5318,1,SUCCESS,,2026-07-25 17:17:49.122833
TXN_3790908f5fc5,1,FAILED,CUSTOMER_CANCELLED,2026-06-15 02:55:52.122833
TXN_465e5305b400,1,SUCCESS,,2026-06-04 21:40:22.122833
TXN_d1660712f949,1,SUCCESS,,2026-07-13 15:13:34.122833
TXN_c30e778f7ab5,1,SUCCESS,,2026-08-03 21:14:12.122833
TXN_7d92cfaacc31,1,FAILED,LIMIT_EXCEEDED,2026-07-27 17:36:08.122833
TXN_1cfc46486cdb,1,FAILED,LIMIT_EXCEEDED,2026-06-22 22:49:30.122833
TXN_a5545541f9ad,1,SUCCESS,,2026-07-02 19:57:03.122833
TXN_39023e97a1f1,1,FAILED,CARD_EXPIRED,2026-07-02 06:04:50.122833
TXN_9f18706b98a3,1,SUCCESS,,2026-08-19 17:39:37.122833
TXN_a9349685d5b4,1,SUCCESS,,2026-08-02 16:03:19.122833
TXN_7b19b4d868a7,1,SUCCESS,,2026-07-05 00:32:36.122833
TXN_6615eed0e0d6,1,SUCCESS,,2026-08-11 13:50:16.122833
TXN_b3541b8be844,1,SUCCESS,,2026-06-15 00:24:02.122833
TXN_6a27887a3d92,1,FAILED,BANK_DECLINED,2026-07-17 16:09:08.122833
TXN_6a27887a3d92,2,SUCCESS,,2026-07-17 16:39:08.122833
TXN_60eef4f150db,1,SUCCESS,,2026-08-10 14:35:07.122833
TXN_68e62760a621,1,SUCCESS,,2026-07-29 02:39:02.122833
TXN_de8fe188401c,1,SUCCESS,,2026-07-20 06:43:33.122833
TXN_355e6fea087b,1,SUCCESS,,2026-06-23 17:43:48.122833
TXN_1f8d250ca9a9,1,FAILED,BANK_DECLINED,2026-07-31 11:32:44.122833
TXN_1f8d250ca9a9,2,SUCCESS,,2026-07-31 13:18:44.122833
TXN_e30ec4d6c672,1,SUCCESS,,2026-07-16 22:01:13.122833
TXN_9caf1c6954da,1,FAILED,BANK_DECLINED,2026-07-18 20:48:36.122833
TXN_9caf1c6954da,2,SUCCESS,,2026-07-18 21:17:36.122833
TXN_d9bb3454a82b,1,FAILED,CUSTOMER_CANCELLED,2026-07-03 13:53:13.122833
TXN_edb63cc19880,1,SUCCESS,,2026-08-04 05:47:26.122833
TXN_e2f865e04fff,1,SUCCESS,,2026-06-13 14:46:01.122833
TXN_7c6a32951b89,1,SUCCESS,,2026-08-05 10:01:57.122833
TXN_4f6e848e20b8,1,SUCCESS,,2026-08-02 09:55:57.122833
TXN_e1cc1242e96d,1,FAILED,CARD_EXPIRED,2026-07-22 02:44:52.122833
TXN_cb76714763dd,1,FAILED,CARD_EXPIRED,2026-08-03 11:59:14.122833
TXN_a40f185ddd85,1,SUCCESS,,2026-07-07 17:10:48.122833
TXN_0e97e4eeb0b9,1,SUCCESS,,2026-07-29 06:05:10.122833
TXN_cf88a7334bb9,1,FAILED,UPI_TIMEOUT,2026-06-05 14:49:31.122833
TXN_cf88a7334bb9,2,SUCCESS,,2026-06-05 14:55:31.122833
TXN_b935befd7578,1,FAILED,BANK_DECLINED,2026-08-28 15:08:26.122833
TXN_b935befd7578,2,SUCCESS,,2026-08-28 16:32:26.122833
TXN_ee0888278ed9,1,SUCCESS,,2026-08-03 05:45:35.122833
TXN_87ae418d11e9,1,SUCCESS,,2026-06-29 16:43:35.122833
TXN_fab45911c3bc,1,FAILED,CARD_EXPIRED,2026-08-04 14:22:00.122833
TXN_1d2a2e90bcd1,1,SUCCESS,,2026-06-28 12:28:24.122833
TXN_2700e040636f,1,SUCCESS,,2026-08-10 08:36:18.122833
TXN_d4c578303b2a,1,FAILED,UPI_TIMEOUT,2026-08-26 12:09:39.122833
TXN_d4c578303b2a,2,SUCCESS,,2026-08-26 12:58:39.122833
TXN_4c2b2f7a37c4,1,SUCCESS,,2026-08-04 03:47:46.122833
TXN_f653bcd30178,1,SUCCESS,,2026-08-15 14:37:11.122833
TXN_a6bff9a10d5b,1,SUCCESS,,2026-08-07 12:52:01.122833
TXN_e0fd9782a0d0,1,SUCCESS,,2026-07-02 17:32:45.122833
TXN_3b2bcaf00b94,1,SUCCESS,,2026-07-01 05:52:11.122833
TXN_f7b5ed034865,1,SUCCESS,,2026-07-24 18:37:55.122833
TXN_0bc311ca36eb,1,SUCCESS,,2026-08-08 23:37:58.122833
TXN_d96e1d8e80db,1,SUCCESS,,2026-07-23 06:17:08.122833
TXN_1552356ab843,1,SUCCESS,,2026-06-14 20:09:33.122833
TXN_ee2ed180cde3,1,FAILED,LIMIT_EXCEEDED,2026-06-08 08:31:48.122833
TXN_ee2ed180cde3,2,SUCCESS,,2026-06-08 09:49:48.122833
TXN_8448778216c9,1,SUCCESS,,2026-06-13 18:17:18.122833
TXN_fe7f1959864f,1,SUCCESS,,2026-08-17 04:36:24.122833
TXN_5c413fcf51c8,1,SUCCESS,,2026-08-08 21:01:39.122833
TXN_d59866d0d5ab,1,SUCCESS,,2026-07-17 14:35:10.122833
TXN_67e933480d6b,1,SUCCESS,,2026-08-16 14:50:04.122833
TXN_667a963cdfeb,1,FAILED,BANK_DECLINED,2026-08-28 05:12:23.122833
TXN_da33305b055a,1,SUCCESS,,2026-08-03 15:32:45.122833
TXN_01f93a6870da,1,SUCCESS,,2026-06-12 09:56:48.122833
TXN_3ac9ca3918ab,1,SUCCESS,,2026-07-21 03:56:28.122833
TXN_29c78c61c80f,1,SUCCESS,,2026-06-18 05:09:29.122833
TXN_f130065b1286,1,SUCCESS,,2026-06-12 19:41:23.122833
TXN_2f84a1abde5e,1,SUCCESS,,2026-07-13 23:01:42.122833
TXN_1f86fa182108,1,SUCCESS,,2026-08-20 15:17:20.122833
TXN_c531a432843f,1,SUCCESS,,2026-06-12 00:09:06.122833
TXN_a0a62c53208a,1,SUCCESS,,2026-06-10 10:20:53.122833
TXN_1727fb772e09,1,SUCCESS,,2026-06-26 02:20:32.122833
TXN_a9d7bfde4bd5,1,SUCCESS,,2026-07-06 23:28:36.122833
TXN_c498cca9f9fe,1,FAILED,BANK_DECLINED,2026-08-20 11:40:07.122833
TXN_c498cca9f9fe,2,SUCCESS,,2026-08-20 12:03:07.122833
TXN_66b15c849aed,1,SUCCESS,,2026-06-16 00:05:47.122833
TXN_aed8eaceee9b,1,SUCCESS,,2026-06-14 14:04:32.122833
TXN_75fa3167ff13,1,SUCCESS,,2026-06-13 14:56:17.122833
TXN_cafd0157f98f,1,FAILED,CARD_EXPIRED,2026-06-05 07:04:07.122833
TXN_bdf031c1d4a9,1,SUCCESS,,2026-08-04 16:04:40.122833
TXN_7087437a486e,1,SUCCESS,,2026-06-19 17:43:26.122833
TXN_2b907cf23aec,1,SUCCESS,,2026-08-25 13:03:00.122833
TXN_4a95229410fa,1,SUCCESS,,2026-08-14 05:56:36.122833
TXN_61f0afe54912,1,SUCCESS,,2026-06-15 19:28:31.122833
TXN_358450bd33da,1,SUCCESS,,2026-06-13 03:34:44.122833
TXN_4a6b62a15f5f,1,FAILED,CARD_EXPIRED,2026-08-11 01:25:13.122833
TXN_e179223d5520,1,SUCCESS,,2026-06-10 21:03:39.122833
TXN_9051ada81255,1,SUCCESS,,2026-07-15 04:20:58.122833
TXN_d7195cdb2ba4,1,SUCCESS,,2026-07-11 13:52:18.122833
TXN_0dba0ff130c7,1,SUCCESS,,2026-07-24 10:20:34.122833
TXN_ea88c368fbd6,1,SUCCESS,,2026-07-02 18:55:06.122833
TXN_5d45f15fafc4,1,SUCCESS,,2026-07-06 07:43:10.122833
TXN_84541089d468,1,SUCCESS,,2026-06-08 00:46:08.122833
TXN_94377b11875e,1,FAILED,NETWORK_TIMEOUT,2026-07-04 22:54:55.122833
TXN_94377b11875e,2,SUCCESS,,2026-07-05 00:49:55.122833
TXN_4fdb09320ebd,1,SUCCESS,,2026-06-05 07:39:08.122833
TXN_814cdf8fa14b,1,SUCCESS,,2026-08-11 02:55:55.122833
TXN_41dd25539127,1,FAILED,AUTHENTICATION_FAILED,2026-08-21 08:05:02.122833
TXN_b3e33116b3a5,1,FAILED,INSUFFICIENT_FUNDS,2026-08-30 03:38:21.122833
TXN_8e6ae72e74be,1,SUCCESS,,2026-07-20 09:36:05.122833
TXN_898554cf9864,1,SUCCESS,,2026-07-27 12:03:38.122833
TXN_d5e74c16ddfc,1,FAILED,CARD_EXPIRED,2026-07-14 01:40:06.122833
TXN_1a30966140f7,1,SUCCESS,,2026-07-27 18:35:59.122833
TXN_f25b3b344907,1,SUCCESS,,2026-07-25 15:25:17.122833
TXN_7c3d2df17ce3,1,FAILED,INSUFFICIENT_FUNDS,2026-08-19 21:00:38.122833
TXN_7c3d2df17ce3,2,SUCCESS,,2026-08-19 22:28:38.122833
TXN_74ea7c138cd9,1,SUCCESS,,2026-08-17 19:54:50.122833
TXN_738202a41089,1,SUCCESS,,2026-08-25 14:45:41.122833
TXN_920adfb1d889,1,SUCCESS,,2026-06-16 03:55:15.122833
TXN_9ac53d67cded,1,SUCCESS,,2026-06-17 20:34:26.122833
TXN_0e212036bf4e,1,SUCCESS,,2026-06-21 20:00:26.122833
TXN_ca7865bcb5e1,1,SUCCESS,,2026-07-28 06:43:38.122833
TXN_d1eabc8dec95,1,SUCCESS,,2026-06-16 07:42:00.122833
TXN_8ab1e6c13d49,1,FAILED,NETWORK_TIMEOUT,2026-07-27 07:48:08.122833
TXN_8ab1e6c13d49,2,SUCCESS,,2026-07-27 07:50:08.122833
TXN_33510fa83246,1,FAILED,AUTHENTICATION_FAILED,2026-08-10 05:00:19.122833
TXN_aff32becf533,1,FAILED,INSUFFICIENT_FUNDS,2026-06-23 17:25:29.122833
TXN_221dc51e758c,1,SUCCESS,,2026-08-07 15:48:20.122833
TXN_c44f7373891a,1,SUCCESS,,2026-08-03 05:08:23.122833
TXN_ba10fcc0b8fe,1,SUCCESS,,2026-06-17 14:30:12.122833
TXN_29ff4e9971e2,1,SUCCESS,,2026-07-14 02:13:54.122833
TXN_d83c87f8a34a,1,SUCCESS,,2026-07-27 22:20:54.122833
TXN_399ee9a53846,1,SUCCESS,,2026-07-31 06:56:40.122833
TXN_9773ed8532ff,1,FAILED,CARD_EXPIRED,2026-08-23 10:03:09.122833
TXN_5b653042dcb1,1,SUCCESS,,2026-08-12 00:03:19.122833
TXN_7a1f48ea2350,1,SUCCESS,,2026-08-07 17:20:07.122833
TXN_0eb0032a7e40,1,SUCCESS,,2026-06-12 22:27:31.122833
TXN_279c81e54745,1,SUCCESS,,2026-06-29 18:29:05.122833
TXN_2cf2be8f4985,1,SUCCESS,,2026-07-10 20:46:24.122833
TXN_3f492c38eed6,1,SUCCESS,,2026-07-17 10:07:59.122833
TXN_ebd6144b363b,1,SUCCESS,,2026-06-29 11:17:32.122833
TXN_5fd44440b7e3,1,SUCCESS,,2026-08-06 01:05:03.122833
TXN_c71efeaea2ff,1,SUCCESS,,2026-07-21 14:15:48.122833
TXN_db279c770747,1,SUCCESS,,2026-06-15 18:56:06.122833
TXN_29e71ba9ee22,1,SUCCESS,,2026-06-18 07:42:04.122833
TXN_23b20981ae67,1,SUCCESS,,2026-07-05 11:09:00.122833
TXN_289ee166ac53,1,SUCCESS,,2026-08-11 07:48:55.122833
TXN_4d86f43ef080,1,SUCCESS,,2026-07-20 05:00:19.122833
TXN_c7767205b048,1,SUCCESS,,2026-07-03 12:09:49.122833
TXN_6a9731cd5d76,1,FAILED,INSUFFICIENT_FUNDS,2026-08-27 01:29:05.122833
TXN_e5407747ed7c,1,SUCCESS,,2026-07-23 02:07:17.122833
TXN_7dc921b848d6,1,SUCCESS,,2026-06-20 18:21:19.122833
TXN_736ca765c9d8,1,SUCCESS,,2026-06-15 23:49:10.122833
TXN_58f853815f90,1,SUCCESS,,2026-06-27 14:17:21.122833
TXN_0764d9bfc43f,1,SUCCESS,,2026-07-23 06:32:17.122833
TXN_59a3b7b8b9f7,1,FAILED,INSUFFICIENT_FUNDS,2026-08-18 07:22:12.122833
TXN_59a3b7b8b9f7,2,SUCCESS,,2026-08-18 08:02:12.122833
TXN_db2f1fd83e33,1,SUCCESS,,2026-07-07 16:00:12.122833
TXN_57708449295b,1,SUCCESS,,2026-07-07 04:07:45.122833
TXN_9f87e0f07e83,1,SUCCESS,,2026-07-26 14:12:13.122833
TXN_867c0c58753d,1,SUCCESS,,2026-06-07 14:55:36.122833
TXN_e2a809beeb83,1,FAILED,BANK_DECLINED,2026-08-24 02:59:14.122833
TXN_e2a809beeb83,2,SUCCESS,,2026-08-24 03:46:14.122833
TXN_e656c4e8cfbb,1,SUCCESS,,2026-07-18 20:18:14.122833
TXN_d87c04957e4b,1,SUCCESS,,2026-08-13 15:31:44.122833
TXN_5a3ed9a6fd4b,1,SUCCESS,,2026-08-08 01:02:53.122833
TXN_e9cc25362a52,1,SUCCESS,,2026-08-03 15:06:44.122833
TXN_e717efcda0d0,1,FAILED,NETWORK_TIMEOUT,2026-07-25 10:14:04.122833
TXN_e717efcda0d0,2,SUCCESS,,2026-07-25 12:05:04.122833
TXN_920c61e1b164,1,SUCCESS,,2026-06-19 09:04:05.122833
TXN_6dd84f350412,1,FAILED,LIMIT_EXCEEDED,2026-08-14 17:23:17.122833
TXN_0eab1ba98ef0,1,SUCCESS,,2026-07-06 07:19:42.122833
TXN_ff4328f99fb3,1,FAILED,UPI_TIMEOUT,2026-07-27 23:06:28.122833
TXN_ff4328f99fb3,2,SUCCESS,,2026-07-28 00:28:28.122833
TXN_02a99a0f7478,1,SUCCESS,,2026-08-20 12:27:54.122833
TXN_9de5eaad8224,1,SUCCESS,,2026-07-22 16:57:06.122833
TXN_5680d4b28a8a,1,SUCCESS,,2026-07-15 20:24:28.122833
TXN_02b159e90c2b,1,SUCCESS,,2026-08-21 02:53:33.122833
TXN_d6fb0df02909,1,SUCCESS,,2026-08-25 10:59:16.122833
TXN_051f2c6a4625,1,SUCCESS,,2026-07-05 05:48:52.122833
TXN_2f4af70c36d4,1,FAILED,BANK_DECLINED,2026-06-24 01:24:49.122833
TXN_6115ded0e7a3,1,SUCCESS,,2026-07-13 16:29:05.122833
TXN_ed86c5039b23,1,FAILED,INSUFFICIENT_FUNDS,2026-07-04 02:36:07.122833
TXN_ed86c5039b23,2,SUCCESS,,2026-07-04 03:07:07.122833
TXN_e327671f592d,1,SUCCESS,,2026-07-29 15:48:26.122833
TXN_f813896ccb3c,1,SUCCESS,,2026-07-01 09:40:11.122833
TXN_ab651d97712f,1,FAILED,INSUFFICIENT_FUNDS,2026-07-10 13:03:23.122833
TXN_2f5ec705a8f3,1,SUCCESS,,2026-06-19 21:05:29.122833
TXN_ce9f21353e17,1,SUCCESS,,2026-06-30 13:31:45.122833
TXN_ab42cef69a65,1,SUCCESS,,2026-08-04 20:00:21.122833
TXN_5447badbc6f9,1,SUCCESS,,2026-08-07 19:29:27.122833
TXN_2b25df49dc5d,1,FAILED,INSUFFICIENT_FUNDS,2026-07-19 21:08:34.122833
TXN_688839ab5045,1,SUCCESS,,2026-07-31 07:35:26.122833
TXN_d5ee1bb17b66,1,FAILED,UPI_TIMEOUT,2026-07-13 22:25:19.122833
TXN_d5ee1bb17b66,2,SUCCESS,,2026-07-13 22:35:19.122833
TXN_c5b34c0f6cc6,1,SUCCESS,,2026-07-16 04:55:09.122833
TXN_7bab4c7808e9,1,SUCCESS,,2026-07-26 22:39:47.122833
TXN_cb1e6f5ff4a9,1,SUCCESS,,2026-08-22 13:36:51.122833
TXN_28b63e10e63c,1,SUCCESS,,2026-07-24 08:06:29.122833
TXN_2c305bf3ed42,1,SUCCESS,,2026-06-07 21:35:42.122833
TXN_a862b2cae3a3,1,FAILED,BANK_DECLINED,2026-06-17 06:46:14.122833
TXN_fe6b90ada25a,1,SUCCESS,,2026-08-02 06:17:14.122833
TXN_6c5e6d3f8458,1,FAILED,AUTHENTICATION_FAILED,2026-06-23 15:08:26.122833
TXN_6c5e6d3f8458,2,SUCCESS,,2026-06-23 16:30:26.122833
TXN_7ed98b21f2ac,1,SUCCESS,,2026-07-28 10:11:27.122833
TXN_89956530ddf0,1,SUCCESS,,2026-07-07 04:46:35.122833
TXN_640454d1585d,1,SUCCESS,,2026-06-26 13:33:42.122833
TXN_4cabe67dd557,1,FAILED,LIMIT_EXCEEDED,2026-06-02 20:45:22.122833
TXN_0aba57888f48,1,SUCCESS,,2026-07-06 01:14:56.122833
TXN_08a89d52f3ea,1,SUCCESS,,2026-08-17 22:44:07.122833
TXN_7fe33f30a644,1,SUCCESS,,2026-06-16 03:34:01.122833
TXN_37ef8f1f569f,1,SUCCESS,,2026-08-06 11:27:15.122833
TXN_accde88681b8,1,SUCCESS,,2026-07-05 19:57:25.122833
TXN_4a946c832262,1,FAILED,INSUFFICIENT_FUNDS,2026-06-20 12:29:36.122833
TXN_4662ae4af6e4,1,FAILED,BANK_DECLINED,2026-07-26 05:56:17.122833
TXN_4662ae4af6e4,2,SUCCESS,,2026-07-26 06:08:17.122833
TXN_2804bb2e0710,1,SUCCESS,,2026-07-06 11:25:19.122833
TXN_a8bcd680cb66,1,SUCCESS,,2026-07-02 04:54:50.122833
TXN_ad3fdd250e55,1,SUCCESS,,2026-07-28 22:38:25.122833
TXN_b9ad332bca0b,1,SUCCESS,,2026-08-30 14:50:04.122833
TXN_256d16a33d11,1,SUCCESS,,2026-06-07 01:57:59.122833
TXN_a23d2144c1a4,1,SUCCESS,,2026-06-09 16:52:27.122833
TXN_ca8f416aba4a,1,SUCCESS,,2026-07-05 10:50:31.122833
TXN_a0c48dd61039,1,SUCCESS,,2026-08-12 16:41:31.122833
TXN_133b1859445c,1,SUCCESS,,2026-08-25 00:14:55.122833
TXN_9d6872e66f1a,1,SUCCESS,,2026-08-13 02:13:27.122833
TXN_cc984aea592c,1,SUCCESS,,2026-06-29 00:59:58.122833
TXN_317cf8b4a1a6,1,SUCCESS,,2026-06-26 15:07:45.122833
TXN_12770961c6bd,1,SUCCESS,,2026-08-12 18:58:27.122833
TXN_c9e397cd9b41,1,SUCCESS,,2026-08-28 04:15:46.122833
TXN_3c95c60c4483,1,SUCCESS,,2026-08-05 17:00:57.122833
TXN_502f24e84308,1,SUCCESS,,2026-07-21 12:08:59.122833
TXN_2f447e091801,1,FAILED,BANK_DECLINED,2026-08-29 14:46:06.122833
TXN_2f447e091801,2,SUCCESS,,2026-08-29 15:57:06.122833
TXN_86c6548215c6,1,SUCCESS,,2026-08-22 10:06:42.122833
TXN_d91678dea022,1,SUCCESS,,2026-07-15 00:56:37.122833
TXN_f84b36a307e7,1,FAILED,CARD_EXPIRED,2026-08-11 22:24:58.122833
TXN_f84b36a307e7,2,SUCCESS,,2026-08-11 23:55:58.122833
TXN_868b845e5ed6,1,SUCCESS,,2026-07-07 16:49:54.122833
TXN_343ff34e0cd0,1,SUCCESS,,2026-08-12 20:44:21.122833
TXN_c44673f87540,1,FAILED,BANK_DECLINED,2026-08-10 09:59:35.122833
TXN_c44673f87540,2,SUCCESS,,2026-08-10 11:44:35.122833
TXN_50fd294d8426,1,SUCCESS,,2026-06-15 20:05:24.122833
TXN_d4b50574592c,1,SUCCESS,,2026-08-28 16:39:03.122833
TXN_2f5fe6a0e761,1,SUCCESS,,2026-08-17 20:40:00.122833
TXN_54da03eafaa5,1,SUCCESS,,2026-08-25 05:01:34.122833
TXN_6f705578a6d7,1,SUCCESS,,2026-06-29 02:44:38.122833
TXN_fbff5a5b0861,1,FAILED,LIMIT_EXCEEDED,2026-07-16 14:48:54.122833
TXN_eb0d46cc7d41,1,SUCCESS,,2026-06-28 09:59:59.122833
TXN_0106413ac4e5,1,SUCCESS,,2026-07-10 12:30:00.122833
TXN_21cda1ca51f7,1,SUCCESS,,2026-07-28 14:14:37.122833
TXN_a5d19d2397e0,1,SUCCESS,,2026-07-02 16:59:20.122833
TXN_0dc7b54b0e46,1,SUCCESS,,2026-07-16 07:13:09.122833
TXN_700889e29ba6,1,SUCCESS,,2026-08-11 11:05:59.122833
TXN_8b71921415dc,1,SUCCESS,,2026-06-07 03:34:38.122833
TXN_4ca1407971e6,1,SUCCESS,,2026-07-05 19:20:09.122833
TXN_2a69d62f326b,1,SUCCESS,,2026-08-27 01:59:38.122833
TXN_cac05953ce26,1,SUCCESS,,2026-06-30 12:19:49.122833
TXN_f27c0c04e789,1,SUCCESS,,2026-07-30 04:49:05.122833
TXN_b40efa2cb9a2,1,SUCCESS,,2026-07-01 15:17:10.122833
TXN_b0cead557a2a,1,SUCCESS,,2026-08-08 07:02:55.122833
TXN_a4963ddba5ba,1,SUCCESS,,2026-06-19 02:53:03.122833
TXN_3e451ede8c88,1,FAILED,NETWORK_TIMEOUT,2026-08-04 06:09:01.122833
TXN_3e451ede8c88,2,SUCCESS,,2026-08-04 06:42:01.122833
TXN_ae3471537a04,1,SUCCESS,,2026-07-09 11:36:14.122833
TXN_dca40dcadb8e,1,FAILED,BANK_DECLINED,2026-06-22 05:27:11.122833
TXN_0b497160a154,1,SUCCESS,,2026-06-27 13:05:08.122833
TXN_0b15f233976e,1,FAILED,NETWORK_TIMEOUT,2026-07-27 14:48:10.122833
TXN_29b6bc02581a,1,SUCCESS,,2026-06-13 03:10:28.122833
TXN_97efecf8d039,1,SUCCESS,,2026-06-04 16:21:07.122833
TXN_2f49fbfa328b,1,SUCCESS,,2026-07-23 09:12:23.122833
TXN_f0a30698e143,1,FAILED,CARD_EXPIRED,2026-06-17 11:59:54.122833
TXN_6063d134d653,1,FAILED,CARD_EXPIRED,2026-07-12 14:33:11.122833
TXN_97f88e168799,1,SUCCESS,,2026-07-23 09:42:04.122833
TXN_8e85a3a2acb0,1,SUCCESS,,2026-08-27 00:12:08.122833
TXN_22c5d03bce0a,1,SUCCESS,,2026-08-05 08:39:30.122833
TXN_3b999e4fce23,1,FAILED,INSUFFICIENT_FUNDS,2026-08-30 07:49:48.122833
TXN_ddaf69e89dff,1,SUCCESS,,2026-08-20 00:52:27.122833
TXN_e79de2ea04a6,1,SUCCESS,,2026-08-27 13:05:24.122833
TXN_4c701b8f1e03,1,FAILED,AUTHENTICATION_FAILED,2026-08-05 00:43:31.122833
TXN_a2f4efc92a34,1,FAILED,AUTHENTICATION_FAILED,2026-08-29 08:44:21.122833
TXN_f0b3072b19d6,1,SUCCESS,,2026-06-13 08:38:31.122833
TXN_e34cccd7ebed,1,SUCCESS,,2026-08-25 03:58:04.122833
TXN_0d69602fc60e,1,SUCCESS,,2026-08-09 22:03:38.122833
TXN_aa5e614802d5,1,SUCCESS,,2026-07-24 16:55:13.122833
TXN_b523878df280,1,SUCCESS,,2026-07-19 17:04:14.122833
TXN_c42b63390a6d,1,SUCCESS,,2026-08-12 04:07:53.122833
TXN_9797317a40ec,1,FAILED,INSUFFICIENT_FUNDS,2026-06-15 07:53:15.122833
TXN_6c80f0faa7f4,1,FAILED,UPI_TIMEOUT,2026-07-31 12:07:08.122833
TXN_6c80f0faa7f4,2,SUCCESS,,2026-07-31 12:48:08.122833
TXN_dc5fe70bf778,1,SUCCESS,,2026-08-24 17:07:58.122833
TXN_618689586629,1,SUCCESS,,2026-06-20 20:08:23.122833
TXN_7e5e9e643fee,1,SUCCESS,,2026-06-14 15:46:18.122833
TXN_b6e2c95bc6b0,1,FAILED,UPI_TIMEOUT,2026-06-06 14:59:12.122833
TXN_b6e2c95bc6b0,2,SUCCESS,,2026-06-06 15:45:12.122833
TXN_e6cae43f017b,1,FAILED,BANK_DECLINED,2026-06-19 06:02:22.122833
TXN_6eaa7202626a,1,SUCCESS,,2026-08-08 10:59:03.122833
TXN_f1f3411bfed5,1,SUCCESS,,2026-07-12 05:09:12.122833
TXN_b361bf0e584d,1,SUCCESS,,2026-07-06 20:27:53.122833
TXN_ed486f7dfdd1,1,FAILED,UPI_TIMEOUT,2026-07-09 19:25:38.122833
TXN_ed486f7dfdd1,2,SUCCESS,,2026-07-09 20:29:38.122833
TXN_f0ffa4b214ef,1,SUCCESS,,2026-06-04 00:08:13.122833
TXN_7c17c8535c23,1,SUCCESS,,2026-08-15 01:38:39.122833
TXN_71346b17115b,1,SUCCESS,,2026-06-08 13:10:36.122833
TXN_5d501cc1dd62,1,SUCCESS,,2026-06-07 09:10:21.122833
TXN_18f5db90be31,1,FAILED,UPI_TIMEOUT,2026-07-30 21:02:45.122833
TXN_18f5db90be31,2,SUCCESS,,2026-07-30 21:21:45.122833
TXN_7bdb5db65d86,1,SUCCESS,,2026-06-07 20:26:43.122833
TXN_e03b811898f2,1,SUCCESS,,2026-08-18 10:02:04.122833
TXN_7aa9e2b57cc8,1,SUCCESS,,2026-08-18 01:55:11.122833
TXN_e653584f0f26,1,SUCCESS,,2026-07-19 14:40:15.122833
TXN_c09db1b62630,1,SUCCESS,,2026-08-09 19:33:04.122833
TXN_a99acbde46f6,1,SUCCESS,,2026-07-18 16:31:52.122833
TXN_25695174f0de,1,FAILED,LIMIT_EXCEEDED,2026-06-27 13:48:45.122833
TXN_f11c5f21defc,1,SUCCESS,,2026-07-18 19:05:40.122833
TXN_fe8fffb98963,1,SUCCESS,,2026-06-30 13:41:15.122833
TXN_2c7b4869b6b2,1,SUCCESS,,2026-07-14 03:39:19.122833
TXN_622a95c6705a,1,FAILED,LIMIT_EXCEEDED,2026-08-19 03:19:26.122833
TXN_2ea6a6d569f1,1,SUCCESS,,2026-06-20 00:00:20.122833
TXN_dd692c4b976e,1,SUCCESS,,2026-07-06 04:00:38.122833
TXN_8b359fb385bd,1,FAILED,AUTHENTICATION_FAILED,2026-08-22 05:35:06.122833
TXN_21f58585095d,1,SUCCESS,,2026-06-17 21:35:36.122833
TXN_0bbf523cc405,1,SUCCESS,,2026-08-04 03:04:22.122833
TXN_58679a277918,1,SUCCESS,,2026-07-18 12:53:38.122833
TXN_de5c7a23f72c,1,FAILED,CARD_EXPIRED,2026-08-22 07:32:32.122833
TXN_de5c7a23f72c,2,SUCCESS,,2026-08-22 09:24:32.122833
TXN_f302a78822d3,1,FAILED,INSUFFICIENT_FUNDS,2026-07-16 06:45:34.122833
TXN_a9b807695451,1,FAILED,CUSTOMER_CANCELLED,2026-07-06 06:05:18.122833
TXN_feda62e54b18,1,SUCCESS,,2026-07-17 10:48:30.122833
TXN_69e05697490b,1,SUCCESS,,2026-06-10 18:44:29.122833
TXN_51a67cf7f441,1,SUCCESS,,2026-06-19 19:26:46.122833
TXN_0f50d155fda0,1,SUCCESS,,2026-08-11 15:55:06.122833
TXN_70fe6ad27971,1,SUCCESS,,2026-06-29 09:44:19.122833
TXN_de3767b97461,1,SUCCESS,,2026-07-10 16:28:50.122833
TXN_00e7133fe86a,1,SUCCESS,,2026-08-17 03:33:21.122833
TXN_9a5b21011c7c,1,SUCCESS,,2026-06-16 21:43:29.122833
TXN_7e3b5fc61164,1,FAILED,NETWORK_TIMEOUT,2026-08-02 21:57:39.122833
TXN_7e3b5fc61164,2,SUCCESS,,2026-08-02 21:59:39.122833
TXN_42af802c19ab,1,SUCCESS,,2026-07-11 05:42:36.122833
TXN_117c33497a29,1,SUCCESS,,2026-06-07 03:46:59.122833
TXN_fb9bd0da119e,1,SUCCESS,,2026-08-31 02:10:34.122833
TXN_402f273ca060,1,FAILED,CUSTOMER_CANCELLED,2026-08-30 12:48:12.122833
TXN_e6f90702e0bf,1,FAILED,INSUFFICIENT_FUNDS,2026-06-03 23:36:14.122833
TXN_e6f90702e0bf,2,SUCCESS,,2026-06-04 01:11:14.122833
TXN_580aebc93450,1,SUCCESS,,2026-06-23 03:40:34.122833
TXN_177e5971ddfb,1,SUCCESS,,2026-08-04 06:13:46.122833
TXN_dabb9fa33ab5,1,SUCCESS,,2026-07-11 16:13:40.122833
TXN_2f2fa58020b8,1,SUCCESS,,2026-08-05 11:46:44.122833
TXN_cbc9d3a35a6c,1,SUCCESS,,2026-06-29 05:20:17.122833
TXN_ed38de8b8526,1,SUCCESS,,2026-06-30 11:13:16.122833
TXN_0aeb30594336,1,FAILED,BANK_DECLINED,2026-07-12 16:58:43.122833
TXN_0aeb30594336,2,SUCCESS,,2026-07-12 17:54:43.122833
TXN_5dddaab29e0a,1,SUCCESS,,2026-07-05 01:04:18.122833
TXN_4651c3bd7f8a,1,SUCCESS,,2026-07-17 19:09:00.122833
TXN_93273b5e2336,1,SUCCESS,,2026-08-20 23:34:14.122833
TXN_32049c3d0714,1,SUCCESS,,2026-07-11 00:50:22.122833
TXN_81926e43d64c,1,SUCCESS,,2026-07-07 15:23:39.122833
TXN_8171efbfc50b,1,SUCCESS,,2026-06-06 15:42:27.122833
TXN_ae04e670d8a6,1,FAILED,CARD_EXPIRED,2026-08-10 01:55:26.122833
TXN_ae04e670d8a6,2,SUCCESS,,2026-08-10 02:50:26.122833
TXN_add056134243,1,FAILED,LIMIT_EXCEEDED,2026-08-23 10:42:52.122833
TXN_0113dd95f9bd,1,FAILED,NETWORK_TIMEOUT,2026-06-11 04:03:43.122833
TXN_0113dd95f9bd,2,SUCCESS,,2026-06-11 04:51:43.122833
TXN_9d11f9436284,1,SUCCESS,,2026-07-04 06:09:27.122833
TXN_4852287e2e57,1,SUCCESS,,2026-08-03 03:27:11.122833
TXN_b64011d1f5a1,1,SUCCESS,,2026-06-24 21:57:32.122833
TXN_3cdb4195441e,1,FAILED,AUTHENTICATION_FAILED,2026-06-16 13:43:36.122833
TXN_3cdb4195441e,2,SUCCESS,,2026-06-16 14:10:36.122833
TXN_39b67d4c939e,1,FAILED,BANK_DECLINED,2026-08-23 18:16:46.122833
TXN_ea737d8b3af6,1,FAILED,UPI_TIMEOUT,2026-06-17 16:08:11.122833
TXN_ea737d8b3af6,2,SUCCESS,,2026-06-17 17:12:11.122833
TXN_526bfe966a34,1,SUCCESS,,2026-08-17 05:56:47.122833
TXN_f8f12ae0736f,1,FAILED,INSUFFICIENT_FUNDS,2026-06-21 01:32:42.122833
TXN_c77cd4f544e6,1,FAILED,INSUFFICIENT_FUNDS,2026-06-11 00:58:15.122833
TXN_d8c1da3ae610,1,SUCCESS,,2026-07-27 17:21:17.122833
TXN_32130ee9a14e,1,SUCCESS,,2026-08-19 18:45:30.122833
TXN_6134083ba953,1,FAILED,AUTHENTICATION_FAILED,2026-06-21 20:03:22.122833
TXN_6134083ba953,2,SUCCESS,,2026-06-21 21:52:22.122833
TXN_978686d75fc8,1,SUCCESS,,2026-08-05 14:29:02.122833
TXN_be522c098d37,1,FAILED,AUTHENTICATION_FAILED,2026-08-08 07:16:45.122833
TXN_be522c098d37,2,SUCCESS,,2026-08-08 07:42:45.122833
TXN_b4bafa37ae64,1,SUCCESS,,2026-06-17 17:28:21.122833
TXN_b406ed4b5f91,1,SUCCESS,,2026-07-31 14:05:47.122833
TXN_5d338c9f5fc8,1,SUCCESS,,2026-08-21 04:07:36.122833
TXN_e29d13b6b782,1,SUCCESS,,2026-07-22 21:29:11.122833
TXN_99b6072207ec,1,SUCCESS,,2026-08-29 12:09:02.122833
TXN_6f166d38391a,1,FAILED,UPI_TIMEOUT,2026-07-05 01:06:07.122833
TXN_6f166d38391a,2,SUCCESS,,2026-07-05 02:39:07.122833
TXN_497216b83bf5,1,SUCCESS,,2026-07-09 04:50:48.122833
TXN_0e5aa8975052,1,SUCCESS,,2026-07-04 09:14:56.122833
TXN_9a7cfecbd28d,1,SUCCESS,,2026-07-02 03:07:57.122833
TXN_1d8ad6d62682,1,SUCCESS,,2026-07-31 09:50:15.122833
TXN_f1286558f322,1,SUCCESS,,2026-06-28 20:37:59.122833
TXN_97e388747026,1,SUCCESS,,2026-06-27 04:37:55.122833
TXN_ed842f669883,1,SUCCESS,,2026-07-11 05:12:25.122833
TXN_d184541b40e2,1,SUCCESS,,2026-07-30 19:17:24.122833
TXN_8e300bb7a94b,1,SUCCESS,,2026-08-26 01:49:07.122833
TXN_58c2911e0415,1,SUCCESS,,2026-08-15 04:03:12.122833
TXN_28c0063936fc,1,SUCCESS,,2026-08-01 09:55:15.122833
TXN_88b81d8b580e,1,SUCCESS,,2026-08-27 23:02:07.122833
TXN_1f8ae52479a9,1,FAILED,LIMIT_EXCEEDED,2026-08-07 05:10:32.122833
TXN_1f8ae52479a9,2,SUCCESS,,2026-08-07 05:14:32.122833
TXN_cc4b9754272d,1,SUCCESS,,2026-08-01 22:45:30.122833
TXN_9a89962fd843,1,FAILED,LIMIT_EXCEEDED,2026-07-01 16:42:22.122833
TXN_0b5d8e29c8c7,1,SUCCESS,,2026-08-09 02:46:18.122833
TXN_528f05747a8f,1,SUCCESS,,2026-06-05 06:48:56.122833
TXN_afa1adce3965,1,SUCCESS,,2026-07-13 10:57:54.122833
TXN_de4d720a7788,1,SUCCESS,,2026-07-20 13:22:26.122833
TXN_b275ac332e1a,1,SUCCESS,,2026-07-31 19:35:03.122833
TXN_fd583f5b2b58,1,SUCCESS,,2026-06-18 03:03:31.122833
TXN_9b2871312450,1,SUCCESS,,2026-07-21 06:11:07.122833
TXN_e79125a68c54,1,SUCCESS,,2026-06-25 22:40:39.122833
TXN_1f75f506134e,1,SUCCESS,,2026-06-26 03:07:05.122833
TXN_7c7dcc94969e,1,SUCCESS,,2026-08-07 12:17:29.122833
TXN_42192809fcb7,1,SUCCESS,,2026-06-10 07:43:42.122833
TXN_eca58d9078e6,1,SUCCESS,,2026-07-30 08:21:33.122833
TXN_317974eafcea,1,SUCCESS,,2026-06-20 08:37:41.122833
TXN_7132dfcc192b,1,SUCCESS,,2026-06-12 01:58:59.122833
TXN_91501301fada,1,SUCCESS,,2026-08-29 08:57:03.122833
TXN_cbd8a1be73fb,1,FAILED,INSUFFICIENT_FUNDS,2026-08-08 14:47:25.122833
TXN_cbd8a1be73fb,2,SUCCESS,,2026-08-08 16:41:25.122833
TXN_6acacba7f327,1,SUCCESS,,2026-06-10 06:52:23.122833
TXN_3ac734df4901,1,FAILED,INSUFFICIENT_FUNDS,2026-08-21 07:02:03.122833
TXN_69eb2f06f8f8,1,SUCCESS,,2026-06-25 18:00:43.122833
TXN_8fc6c9de9444,1,SUCCESS,,2026-06-13 15:22:50.122833
TXN_c469ffdcf8e8,1,SUCCESS,,2026-07-02 03:46:22.122833
TXN_780295ec5a7c,1,SUCCESS,,2026-06-08 06:52:17.122833
TXN_151610904b17,1,SUCCESS,,2026-07-19 10:58:49.122833
TXN_5e1695408b4b,1,SUCCESS,,2026-06-07 18:23:48.122833
TXN_f6a66608f01c,1,SUCCESS,,2026-07-23 01:17:39.122833
TXN_d6635d403b1e,1,SUCCESS,,2026-06-30 01:52:39.122833
TXN_b011b38ab5fa,1,SUCCESS,,2026-06-18 21:12:24.122833
TXN_2fe76e2c7d8b,1,SUCCESS,,2026-08-25 04:55:19.122833
TXN_c8aa00483c3f,1,SUCCESS,,2026-06-09 23:38:36.122833
TXN_a9b9ea3ff54c,1,SUCCESS,,2026-06-20 17:52:42.122833
TXN_86becf73eb98,1,SUCCESS,,2026-08-25 23:09:14.122833
TXN_7e154ae05596,1,SUCCESS,,2026-07-14 23:50:23.122833
TXN_fd4d612016b4,1,SUCCESS,,2026-08-29 11:59:54.122833
TXN_d5effdd51b9e,1,FAILED,AUTHENTICATION_FAILED,2026-06-05 04:16:57.122833
TXN_d5effdd51b9e,2,SUCCESS,,2026-06-05 05:15:57.122833
TXN_afe48529cf0f,1,SUCCESS,,2026-06-13 08:35:10.122833
TXN_ede3350a4be2,1,FAILED,INSUFFICIENT_FUNDS,2026-07-24 17:42:23.122833
TXN_ede3350a4be2,2,SUCCESS,,2026-07-24 18:23:23.122833
TXN_ba40fe025ced,1,SUCCESS,,2026-07-03 15:41:21.122833
TXN_3003472a6249,1,SUCCESS,,2026-08-14 19:20:27.122833
TXN_8cf317f5136f,1,SUCCESS,,2026-06-19 05:05:42.122833
TXN_2a69cf3e03cd,1,SUCCESS,,2026-08-19 22:37:26.122833
TXN_51600c9e243d,1,FAILED,INSUFFICIENT_FUNDS,2026-06-30 01:36:01.122833
TXN_51600c9e243d,2,SUCCESS,,2026-06-30 01:45:01.122833
TXN_cf313279df57,1,SUCCESS,,2026-07-31 15:53:11.122833
TXN_f86e25cb05c4,1,SUCCESS,,2026-06-05 06:22:16.122833
TXN_a4f7406efd60,1,SUCCESS,,2026-07-21 07:38:41.122833
TXN_80a6786a598e,1,SUCCESS,,2026-07-15 22:58:25.122833
TXN_536616e5e425,1,SUCCESS,,2026-07-16 11:47:50.122833
TXN_94f0bb7700bd,1,SUCCESS,,2026-08-12 02:14:48.122833
TXN_8be7f1c2380c,1,SUCCESS,,2026-08-05 15:59:42.122833
TXN_bb873059df84,1,SUCCESS,,2026-07-03 20:31:03.122833
TXN_6cc04fc0c5dd,1,SUCCESS,,2026-07-15 11:59:13.122833
TXN_461ea2a7f25f,1,SUCCESS,,2026-08-11 23:56:00.122833
TXN_f47014b6290f,1,SUCCESS,,2026-07-25 17:18:05.122833
TXN_126c3bd1159f,1,SUCCESS,,2026-08-14 13:16:07.122833
TXN_ef70de9745b2,1,FAILED,INSUFFICIENT_FUNDS,2026-08-28 12:46:38.122833
TXN_ef70de9745b2,2,SUCCESS,,2026-08-28 14:39:38.122833
TXN_e6a3de5b0b5a,1,FAILED,UPI_TIMEOUT,2026-07-30 12:23:55.122833
TXN_e6a3de5b0b5a,2,SUCCESS,,2026-07-30 13:45:55.122833
TXN_2dfef670f676,1,SUCCESS,,2026-07-03 03:53:50.122833
TXN_64987275b55a,1,FAILED,LIMIT_EXCEEDED,2026-08-24 16:39:55.122833
TXN_9292eeb4fd11,1,FAILED,CARD_EXPIRED,2026-06-07 08:35:54.122833
TXN_814f5639e8f6,1,SUCCESS,,2026-07-27 14:57:55.122833
TXN_e7b450c3686b,1,SUCCESS,,2026-08-02 20:07:51.122833
TXN_5d95a8bdc779,1,SUCCESS,,2026-08-22 03:08:38.122833
TXN_6aee35492bec,1,SUCCESS,,2026-08-03 05:22:09.122833
TXN_2258dd6d1413,1,SUCCESS,,2026-08-05 10:47:11.122833
TXN_f2e99cdd44cf,1,SUCCESS,,2026-08-14 17:07:48.122833
TXN_99dc41a40bdf,1,FAILED,NETWORK_TIMEOUT,2026-07-12 02:27:02.122833
TXN_99dc41a40bdf,2,SUCCESS,,2026-07-12 03:32:02.122833
TXN_eac93a389f97,1,FAILED,BANK_DECLINED,2026-08-29 04:27:17.122833
TXN_f575ee0e2168,1,SUCCESS,,2026-07-11 08:20:55.122833
TXN_5f711505a789,1,SUCCESS,,2026-08-18 07:32:35.122833
TXN_8559f7cc22a1,1,SUCCESS,,2026-08-26 01:36:56.122833
TXN_ea25740ab5b2,1,FAILED,LIMIT_EXCEEDED,2026-08-06 05:02:49.122833
TXN_fc6765aa14c8,1,SUCCESS,,2026-06-24 22:18:37.122833
TXN_ccf8b433c6d9,1,SUCCESS,,2026-08-05 09:33:42.122833
TXN_7423d3675f3a,1,SUCCESS,,2026-08-01 12:42:17.122833
TXN_6e01f5b08817,1,SUCCESS,,2026-07-24 06:17:00.122833
TXN_b89eb66b8961,1,SUCCESS,,2026-07-07 14:59:54.122833
TXN_15f2bddac193,1,SUCCESS,,2026-08-01 17:40:09.122833
TXN_11eaa4cb8d83,1,SUCCESS,,2026-07-05 13:20:28.122833
TXN_e3a9d98cc6fe,1,SUCCESS,,2026-08-09 13:32:51.122833
TXN_13e0c98a6d8d,1,SUCCESS,,2026-07-28 10:58:19.122833
TXN_245ce10fcf19,1,SUCCESS,,2026-08-19 06:17:25.122833
TXN_9b7f3b014df4,1,SUCCESS,,2026-06-28 11:30:40.122833
TXN_481422a957a9,1,FAILED,NETWORK_TIMEOUT,2026-07-03 13:54:36.122833
TXN_f0c98a7c2856,1,SUCCESS,,2026-08-10 13:02:50.122833
TXN_eefdcbe9150c,1,SUCCESS,,2026-08-05 19:48:09.122833
TXN_2185e0609be9,1,SUCCESS,,2026-06-26 18:24:35.122833
TXN_d27cfa044e9c,1,SUCCESS,,2026-08-24 19:03:27.122833
TXN_f78f3434ae91,1,SUCCESS,,2026-06-08 02:04:04.122833
TXN_aaa05bdd97c8,1,SUCCESS,,2026-08-17 06:50:05.122833
TXN_5a6c094c20fe,1,FAILED,UPI_TIMEOUT,2026-07-08 22:46:39.122833
TXN_5a6c094c20fe,2,SUCCESS,,2026-07-08 22:52:39.122833
TXN_65cd746160ce,1,SUCCESS,,2026-06-19 18:55:38.122833
TXN_963a3e9033cb,1,SUCCESS,,2026-07-26 15:20:52.122833
TXN_2010b526ce47,1,SUCCESS,,2026-06-05 17:17:24.122833
TXN_d8d30747ca49,1,SUCCESS,,2026-06-13 23:26:41.122833
TXN_ee8a5de24f28,1,SUCCESS,,2026-06-28 21:35:46.122833
TXN_e3f653e764c0,1,SUCCESS,,2026-07-17 22:59:35.122833
TXN_c851d51c4d05,1,SUCCESS,,2026-07-04 21:01:44.122833
TXN_bc44a5d9a6a6,1,FAILED,BANK_DECLINED,2026-08-02 22:30:38.122833
TXN_bc44a5d9a6a6,2,SUCCESS,,2026-08-03 00:06:38.122833
TXN_15168cd695dd,1,SUCCESS,,2026-08-16 04:34:34.122833
TXN_e477c426cc92,1,FAILED,LIMIT_EXCEEDED,2026-06-09 20:10:55.122833
TXN_8ed06123f781,1,FAILED,LIMIT_EXCEEDED,2026-06-29 02:45:31.122833
TXN_6835f237425d,1,FAILED,INSUFFICIENT_FUNDS,2026-08-05 17:44:18.122833
TXN_9971c598802b,1,SUCCESS,,2026-07-15 12:40:15.122833
TXN_7c9d48fc43f8,1,SUCCESS,,2026-08-04 21:12:06.122833
TXN_3f47f9e16d2e,1,SUCCESS,,2026-08-15 20:11:00.122833
TXN_48c2d5984e74,1,FAILED,UPI_TIMEOUT,2026-06-08 12:52:00.122833
TXN_48c2d5984e74,2,SUCCESS,,2026-06-08 13:31:00.122833
TXN_2fe4f9de5af0,1,SUCCESS,,2026-06-09 21:48:48.122833
TXN_78d5006a83b3,1,FAILED,UPI_TIMEOUT,2026-06-19 19:47:17.122833
TXN_78d5006a83b3,2,SUCCESS,,2026-06-19 21:39:17.122833
TXN_75c32f8a64de,1,SUCCESS,,2026-08-20 12:14:56.122833
TXN_c667040e90ad,1,SUCCESS,,2026-06-09 23:58:10.122833
TXN_86afcad96328,1,FAILED,LIMIT_EXCEEDED,2026-07-01 17:05:21.122833
TXN_86afcad96328,2,SUCCESS,,2026-07-01 18:31:21.122833
TXN_89779f9b40bb,1,FAILED,CARD_EXPIRED,2026-08-07 16:10:17.122833
TXN_3ee2c09cd455,1,SUCCESS,,2026-08-13 21:49:16.122833
TXN_65a34ec9d70a,1,SUCCESS,,2026-08-02 22:48:30.122833
TXN_e5138162cfd6,1,SUCCESS,,2026-07-10 09:23:52.122833
TXN_0107bc934ae8,1,SUCCESS,,2026-08-02 10:34:40.122833
TXN_6adc226f8742,1,FAILED,BANK_DECLINED,2026-06-12 13:04:00.122833
TXN_261bc75d92fd,1,FAILED,CUSTOMER_CANCELLED,2026-07-22 23:25:32.122833
TXN_8843a0036b2b,1,FAILED,UPI_TIMEOUT,2026-07-10 01:14:41.122833
TXN_8843a0036b2b,2,SUCCESS,,2026-07-10 02:15:41.122833
TXN_43583950b6d6,1,FAILED,BANK_DECLINED,2026-07-15 02:26:39.122833
TXN_43583950b6d6,2,SUCCESS,,2026-07-15 02:59:39.122833
TXN_52ff9e4dad06,1,SUCCESS,,2026-07-03 12:20:22.122833
TXN_f908052171e4,1,SUCCESS,,2026-06-06 21:07:30.122833
TXN_c5faf1f093ba,1,SUCCESS,,2026-06-18 14:58:35.122833
TXN_d79f51d75d00,1,SUCCESS,,2026-06-24 14:55:48.122833
TXN_9548662f0012,1,SUCCESS,,2026-07-10 13:43:07.122833
TXN_b0f88a161cfd,1,SUCCESS,,2026-07-01 06:35:45.122833
TXN_1b3ce052a721,1,SUCCESS,,2026-08-15 15:57:25.122833
TXN_97c8ed91ad3b,1,SUCCESS,,2026-07-21 15:41:38.122833
TXN_65d1ec7caece,1,SUCCESS,,2026-06-09 03:31:54.122833
TXN_16e30de713a5,1,FAILED,BANK_DECLINED,2026-07-10 16:23:19.122833
TXN_16e30de713a5,2,SUCCESS,,2026-07-10 16:37:19.122833
TXN_d61264c194b1,1,SUCCESS,,2026-06-26 13:11:46.122833
TXN_de3b5fd7037b,1,SUCCESS,,2026-07-06 23:09:45.122833
TXN_f724a748db11,1,SUCCESS,,2026-08-13 10:22:52.122833
TXN_ee603edb0c96,1,FAILED,BANK_DECLINED,2026-08-05 15:34:21.122833
TXN_ee603edb0c96,2,SUCCESS,,2026-08-05 15:55:21.122833
TXN_49b54ddb5895,1,SUCCESS,,2026-08-09 18:54:24.122833
TXN_dcd0a135c25c,1,SUCCESS,,2026-07-05 14:39:19.122833
TXN_cf31b0ae00ef,1,SUCCESS,,2026-08-03 20:43:51.122833
TXN_ece32610ccd0,1,SUCCESS,,2026-06-04 03:20:32.122833
TXN_1cb4e6a3648f,1,SUCCESS,,2026-07-29 13:18:42.122833
TXN_5f8281e2d7d9,1,SUCCESS,,2026-07-03 07:46:03.122833
TXN_85c7c827f300,1,SUCCESS,,2026-06-08 00:05:47.122833
TXN_023c6f0ebc30,1,FAILED,NETWORK_TIMEOUT,2026-06-05 01:35:23.122833
TXN_023c6f0ebc30,2,SUCCESS,,2026-06-05 01:39:23.122833
TXN_bba5ca33897b,1,SUCCESS,,2026-07-12 09:18:09.122833
TXN_e269c8720c0c,1,SUCCESS,,2026-08-24 13:42:52.122833
TXN_3f35e863b6e1,1,FAILED,BANK_DECLINED,2026-08-29 16:17:52.122833
TXN_3f35e863b6e1,2,SUCCESS,,2026-08-29 17:39:52.122833
TXN_9305ade41ef8,1,FAILED,INSUFFICIENT_FUNDS,2026-08-18 23:58:18.122833
TXN_9305ade41ef8,2,SUCCESS,,2026-08-19 01:50:18.122833
TXN_3640a8876924,1,SUCCESS,,2026-07-10 09:46:43.122833
TXN_3ed5bfdc1775,1,SUCCESS,,2026-06-30 08:07:21.122833
TXN_5a1f230e9481,1,SUCCESS,,2026-08-24 13:44:22.122833
TXN_faa6191b2ca3,1,SUCCESS,,2026-08-17 22:17:32.122833
TXN_907b2f065c54,1,SUCCESS,,2026-07-05 06:09:16.122833
TXN_d3359d99aa01,1,SUCCESS,,2026-08-15 18:06:45.122833
TXN_66195519e6f1,1,FAILED,UPI_TIMEOUT,2026-08-11 18:27:41.122833
TXN_66195519e6f1,2,SUCCESS,,2026-08-11 18:41:41.122833
TXN_e006012afabf,1,SUCCESS,,2026-07-17 03:19:25.122833
TXN_68be86294bec,1,SUCCESS,,2026-08-20 11:26:07.122833
TXN_4804ef54f67c,1,SUCCESS,,2026-06-17 14:51:52.122833
TXN_434ea8e2e6e1,1,SUCCESS,,2026-07-26 01:50:36.122833
TXN_bc50dbbaa835,1,SUCCESS,,2026-06-07 14:05:06.122833
TXN_ddde33f6fe25,1,SUCCESS,,2026-08-24 07:54:07.122833
TXN_9b87321dea43,1,SUCCESS,,2026-08-01 21:47:07.122833
TXN_dfec1649a54c,1,FAILED,BANK_DECLINED,2026-07-04 10:05:23.122833
TXN_dfec1649a54c,2,SUCCESS,,2026-07-04 10:13:23.122833
TXN_8875c60d133c,1,SUCCESS,,2026-06-27 08:04:50.122833
TXN_bae8bc796ecc,1,SUCCESS,,2026-06-07 17:14:49.122833
TXN_043c6156cdd7,1,SUCCESS,,2026-06-28 17:39:27.122833
TXN_89e9b930c52b,1,SUCCESS,,2026-07-05 20:25:16.122833
TXN_efee281f43ae,1,SUCCESS,,2026-07-12 21:02:12.122833
TXN_a46440fd7994,1,SUCCESS,,2026-08-22 21:04:51.122833
TXN_7d40046c646e,1,SUCCESS,,2026-08-07 04:53:40.122833
TXN_7d30759835e8,1,SUCCESS,,2026-07-04 23:57:50.122833
TXN_a07816230a5e,1,SUCCESS,,2026-08-11 19:06:52.122833
TXN_f09b0319db10,1,SUCCESS,,2026-07-06 23:38:01.122833
TXN_5f7d0b09963c,1,SUCCESS,,2026-08-27 12:53:58.122833
TXN_b9e306afa43f,1,FAILED,INSUFFICIENT_FUNDS,2026-07-20 18:11:22.122833
TXN_b9e306afa43f,2,SUCCESS,,2026-07-20 18:30:22.122833
TXN_c6094c1ea2ab,1,FAILED,UPI_TIMEOUT,2026-08-29 04:01:24.122833
TXN_c6094c1ea2ab,2,SUCCESS,,2026-08-29 05:11:24.122833
TXN_5f9f81fce59b,1,FAILED,INSUFFICIENT_FUNDS,2026-06-23 19:32:04.122833
TXN_a6ffa9a43b3e,1,FAILED,BANK_DECLINED,2026-06-09 00:03:18.122833
TXN_a6ffa9a43b3e,2,SUCCESS,,2026-06-09 00:58:18.122833
TXN_5063c2c2aea3,1,FAILED,NETWORK_TIMEOUT,2026-06-26 09:44:34.122833
TXN_5063c2c2aea3,2,SUCCESS,,2026-06-26 11:11:34.122833
TXN_110533bd040a,1,SUCCESS,,2026-06-08 12:52:00.122833
TXN_946106430ce7,1,FAILED,CARD_EXPIRED,2026-08-04 17:13:09.122833
TXN_c03f611505f5,1,SUCCESS,,2026-06-07 20:42:36.122833
TXN_58e1f83ad18a,1,FAILED,INSUFFICIENT_FUNDS,2026-06-11 01:27:59.122833
TXN_58e1f83ad18a,2,SUCCESS,,2026-06-11 02:45:59.122833
TXN_f23932f76337,1,SUCCESS,,2026-06-17 23:20:13.122833
TXN_bb2637f953f0,1,SUCCESS,,2026-07-19 17:42:54.122833
TXN_0d2fed190141,1,FAILED,BANK_DECLINED,2026-08-17 15:10:20.122833
TXN_0d2fed190141,2,SUCCESS,,2026-08-17 16:24:20.122833
TXN_81d70c06a27f,1,SUCCESS,,2026-07-09 05:56:44.122833
TXN_963504d4e1c0,1,SUCCESS,,2026-06-22 19:06:12.122833
TXN_102ea675dd51,1,SUCCESS,,2026-08-19 20:18:02.122833
TXN_744ddf7bace2,1,SUCCESS,,2026-08-11 16:33:10.122833
TXN_23b4bba2e16a,1,FAILED,BANK_DECLINED,2026-06-22 10:27:43.122833
TXN_23b4bba2e16a,2,SUCCESS,,2026-06-22 10:31:43.122833
TXN_580cb3c952e9,1,SUCCESS,,2026-07-24 18:29:43.122833
TXN_d462fb35d687,1,SUCCESS,,2026-06-20 21:48:59.122833
TXN_135ea303dd48,1,SUCCESS,,2026-08-13 22:49:22.122833
TXN_ab0d4f8b7c47,1,SUCCESS,,2026-07-05 06:08:35.122833
TXN_6cdd98155048,1,SUCCESS,,2026-06-26 21:50:12.122833
TXN_a4090c9c4021,1,SUCCESS,,2026-07-10 00:39:41.122833
TXN_3c72cdf0f8f1,1,SUCCESS,,2026-08-14 01:29:10.122833
TXN_62cb9d648c00,1,SUCCESS,,2026-06-17 20:38:09.122833
TXN_13b43a563269,1,SUCCESS,,2026-07-27 05:03:16.122833
TXN_d1ca0c5f4d9c,1,FAILED,CARD_EXPIRED,2026-07-16 14:19:04.122833
TXN_6e97430e9c10,1,FAILED,LIMIT_EXCEEDED,2026-06-07 21:25:58.122833
TXN_cdf6162bd3d0,1,SUCCESS,,2026-08-21 16:52:38.122833
TXN_45dbacb2bccd,1,SUCCESS,,2026-06-17 21:47:34.122833
TXN_e418cba761d7,1,SUCCESS,,2026-08-01 19:04:43.122833
TXN_43481dbd42d0,1,SUCCESS,,2026-07-25 15:05:53.122833
TXN_8de4e059ceb9,1,SUCCESS,,2026-07-31 02:29:30.122833
TXN_6cc3eda7b527,1,SUCCESS,,2026-07-29 19:55:35.122833
TXN_6ad77b3c7fdb,1,SUCCESS,,2026-07-09 21:21:59.122833
TXN_8de3a2250dcc,1,SUCCESS,,2026-08-10 05:29:21.122833
TXN_be5e99cc8cc2,1,SUCCESS,,2026-08-05 08:50:45.122833
TXN_61fd43b05383,1,FAILED,AUTHENTICATION_FAILED,2026-06-16 14:47:37.122833
TXN_aa00d0bf0c16,1,SUCCESS,,2026-07-08 13:27:44.122833
TXN_008c3bfda979,1,SUCCESS,,2026-07-23 16:46:35.122833
TXN_497f2e3d2ff4,1,FAILED,AUTHENTICATION_FAILED,2026-08-28 01:33:54.122833
TXN_bd67560203f9,1,SUCCESS,,2026-07-30 18:24:24.122833
TXN_52a1ade59a3e,1,SUCCESS,,2026-07-01 20:21:14.122833
TXN_bbe3e70551b6,1,SUCCESS,,2026-08-07 12:42:45.122833
TXN_4d3b79d9314a,1,SUCCESS,,2026-07-05 23:16:19.122833
TXN_ccdd88ca2dde,1,FAILED,INSUFFICIENT_FUNDS,2026-06-05 07:16:50.122833
TXN_ccdd88ca2dde,2,SUCCESS,,2026-06-05 08:12:50.122833
TXN_bbf376371288,1,FAILED,BANK_DECLINED,2026-07-19 13:08:09.122833
TXN_bbf376371288,2,SUCCESS,,2026-07-19 15:06:09.122833
TXN_8fc978aafe4f,1,SUCCESS,,2026-06-28 19:09:36.122833
TXN_4ccf1abfe237,1,SUCCESS,,2026-07-12 18:08:06.122833
TXN_01a6f7549945,1,FAILED,NETWORK_TIMEOUT,2026-07-29 15:07:07.122833
TXN_01a6f7549945,2,SUCCESS,,2026-07-29 15:22:07.122833
TXN_d660d085dbe2,1,FAILED,INSUFFICIENT_FUNDS,2026-08-27 13:07:45.122833
TXN_cb942d829ea0,1,SUCCESS,,2026-07-06 02:59:51.122833
TXN_38316e044872,1,SUCCESS,,2026-08-26 10:52:15.122833
TXN_ba6df783569c,1,SUCCESS,,2026-07-20 03:52:53.122833
TXN_1e6b018b51df,1,SUCCESS,,2026-08-07 15:00:29.122833
TXN_d257a2ebe021,1,SUCCESS,,2026-06-09 10:01:38.122833
TXN_6feec6cb36cd,1,SUCCESS,,2026-07-08 00:25:24.122833
TXN_42e0a3eb187a,1,SUCCESS,,2026-07-12 20:24:47.122833
TXN_806db83c86b1,1,SUCCESS,,2026-07-27 12:28:43.122833
TXN_71d40a6978f1,1,FAILED,LIMIT_EXCEEDED,2026-07-12 03:31:02.122833
TXN_a510f8768019,1,FAILED,CARD_EXPIRED,2026-06-14 04:37:48.122833
TXN_d4a90369861c,1,SUCCESS,,2026-06-22 16:49:36.122833
TXN_aff14d2726be,1,SUCCESS,,2026-06-27 22:04:14.122833
TXN_0f0e1423a4ee,1,SUCCESS,,2026-07-10 22:36:36.122833
TXN_9bf8863eaffb,1,FAILED,CUSTOMER_CANCELLED,2026-08-03 20:33:36.122833
TXN_cf86b93237e5,1,FAILED,UPI_TIMEOUT,2026-08-28 04:49:54.122833
TXN_cf86b93237e5,2,SUCCESS,,2026-08-28 06:27:54.122833
TXN_a8672d24536a,1,SUCCESS,,2026-07-28 21:14:33.122833
TXN_3e79838e888c,1,SUCCESS,,2026-08-02 12:28:58.122833
TXN_dbc40ed120a6,1,SUCCESS,,2026-07-13 20:21:15.122833
TXN_ad42a7e09547,1,SUCCESS,,2026-06-07 13:05:14.122833
TXN_99e9e0682798,1,SUCCESS,,2026-06-20 02:47:57.122833
TXN_d34ea0757055,1,FAILED,CARD_EXPIRED,2026-06-26 21:55:53.122833
TXN_8f3daac366e3,1,SUCCESS,,2026-06-29 22:27:52.122833
TXN_3db0ccf9ff14,1,SUCCESS,,2026-07-19 23:09:18.122833
TXN_01c05dd81028,1,FAILED,INSUFFICIENT_FUNDS,2026-07-28 00:07:03.122833
TXN_01c05dd81028,2,SUCCESS,,2026-07-28 01:15:03.122833
TXN_e1f10568318b,1,SUCCESS,,2026-08-04 20:40:09.122833
TXN_fed3c6b0bf7e,1,FAILED,CARD_EXPIRED,2026-08-20 11:10:12.122833
TXN_6a9283e4f3de,1,SUCCESS,,2026-06-03 18:29:30.122833
TXN_835b649d2814,1,SUCCESS,,2026-08-13 03:29:00.122833
TXN_cea0447afb63,1,SUCCESS,,2026-06-30 16:33:19.122833
TXN_224234020563,1,SUCCESS,,2026-06-02 18:42:55.122833
TXN_1ce0c52dbc2c,1,FAILED,AUTHENTICATION_FAILED,2026-06-06 00:42:02.122833
TXN_39f07fbd1bfc,1,FAILED,INSUFFICIENT_FUNDS,2026-06-23 18:20:42.122833
TXN_39f07fbd1bfc,2,SUCCESS,,2026-06-23 18:26:42.122833
TXN_be6daa52b4e9,1,SUCCESS,,2026-07-15 18:05:58.122833
TXN_1b205b191384,1,SUCCESS,,2026-08-18 16:03:36.122833
TXN_f94ff067b09f,1,FAILED,LIMIT_EXCEEDED,2026-08-23 01:29:57.122833
TXN_f94ff067b09f,2,SUCCESS,,2026-08-23 01:46:57.122833
TXN_699e77473742,1,SUCCESS,,2026-06-03 20:20:46.122833
TXN_53f3811a2ca7,1,SUCCESS,,2026-08-23 10:51:24.122833
TXN_7dde835e983f,1,SUCCESS,,2026-07-04 14:11:26.122833
TXN_6f587b745ef9,1,SUCCESS,,2026-06-09 02:44:10.122833
TXN_249c17840e58,1,FAILED,LIMIT_EXCEEDED,2026-08-26 12:22:47.122833
TXN_a538462f5b41,1,SUCCESS,,2026-07-21 09:18:47.122833
TXN_3cc6749c31cb,1,SUCCESS,,2026-08-20 04:43:40.122833
TXN_6f14fa939754,1,SUCCESS,,2026-06-24 18:53:25.122833
TXN_738d62dc40b8,1,SUCCESS,,2026-06-19 14:34:46.122833
TXN_7302be4742b0,1,SUCCESS,,2026-07-29 01:23:13.122833
TXN_d938bcb619f1,1,SUCCESS,,2026-07-20 07:15:34.122833
TXN_42137ab7c953,1,SUCCESS,,2026-06-29 14:20:11.122833
TXN_ea175558a682,1,FAILED,CARD_EXPIRED,2026-06-23 19:59:25.122833
TXN_564c58bf6e5d,1,SUCCESS,,2026-08-05 16:37:35.122833
TXN_50badfe1bcf5,1,FAILED,BANK_DECLINED,2026-08-23 16:20:44.122833
TXN_6a76685ec049,1,SUCCESS,,2026-08-22 05:29:37.122833
TXN_5beec1faf25a,1,FAILED,LIMIT_EXCEEDED,2026-06-26 19:47:59.122833
TXN_a39f26858783,1,FAILED,INSUFFICIENT_FUNDS,2026-07-16 21:06:40.122833
TXN_a39f26858783,2,SUCCESS,,2026-07-16 21:44:40.122833
TXN_5bf18295b816,1,SUCCESS,,2026-07-04 14:46:03.122833
TXN_b0898c36b772,1,SUCCESS,,2026-07-31 04:55:49.122833
TXN_5e7f688c3d76,1,FAILED,AUTHENTICATION_FAILED,2026-07-21 15:52:22.122833
TXN_fdddf6cb7fcc,1,SUCCESS,,2026-08-29 15:40:33.122833
TXN_5a7478c108ed,1,FAILED,AUTHENTICATION_FAILED,2026-07-15 11:38:25.122833
TXN_a406f5cc2d63,1,SUCCESS,,2026-08-12 01:47:36.122833
TXN_cd944ce2fd25,1,SUCCESS,,2026-06-15 23:08:59.122833
TXN_6cf5c1d4f501,1,SUCCESS,,2026-08-19 18:02:56.122833
TXN_1149001515a6,1,SUCCESS,,2026-08-05 08:14:04.122833
TXN_d2b0f7993e73,1,SUCCESS,,2026-08-27 22:44:52.122833
TXN_00e2ebdca694,1,SUCCESS,,2026-07-28 22:47:51.122833
TXN_d2f7ab8bf6b4,1,SUCCESS,,2026-08-13 11:30:50.122833
TXN_6e480d4fe7d2,1,SUCCESS,,2026-08-25 10:19:42.122833
TXN_a16646b7db92,1,SUCCESS,,2026-07-24 15:27:54.122833
TXN_98ed5afabc8f,1,SUCCESS,,2026-08-27 04:37:16.122833
TXN_3e6b6370f77b,1,SUCCESS,,2026-08-09 07:31:00.122833
TXN_a7e90745c5a1,1,SUCCESS,,2026-07-22 15:43:33.122833
TXN_f03fd64c6a62,1,SUCCESS,,2026-08-13 13:35:45.122833
TXN_042a7fb34e6b,1,FAILED,CARD_EXPIRED,2026-08-15 01:24:19.122833
TXN_79b12b5f2248,1,SUCCESS,,2026-08-17 08:21:22.122833
TXN_88f76efe28fc,1,SUCCESS,,2026-07-09 18:29:48.122833
TXN_37132a99f92e,1,FAILED,NETWORK_TIMEOUT,2026-06-05 22:22:38.122833
TXN_37132a99f92e,2,SUCCESS,,2026-06-05 22:25:38.122833
TXN_fb9276d7c3be,1,SUCCESS,,2026-06-15 18:49:47.122833
TXN_3c3c927e9618,1,SUCCESS,,2026-08-31 13:04:16.122833
TXN_a2a26e9d512a,1,SUCCESS,,2026-06-09 01:46:01.122833
TXN_09507ba77fd8,1,FAILED,CARD_EXPIRED,2026-07-11 01:09:12.122833
TXN_4b1b8ffe2fc0,1,SUCCESS,,2026-06-04 07:01:51.122833
TXN_015582da6a27,1,FAILED,CARD_EXPIRED,2026-07-21 11:06:31.122833
TXN_d0a1e336d69b,1,SUCCESS,,2026-06-02 16:36:16.122833
TXN_6fa6b58f2d3f,1,SUCCESS,,2026-07-06 08:06:51.122833
TXN_973742fdad23,1,SUCCESS,,2026-08-23 01:21:40.122833
TXN_d85827eb2e79,1,SUCCESS,,2026-06-05 21:30:51.122833
TXN_eaf0c15747f1,1,SUCCESS,,2026-06-26 06:53:58.122833
TXN_67748816ae6a,1,SUCCESS,,2026-08-13 16:58:13.122833
TXN_9d78584c8019,1,SUCCESS,,2026-08-05 01:50:05.122833
TXN_8d28cf86c641,1,SUCCESS,,2026-06-07 11:03:19.122833
TXN_56d21f0581fd,1,SUCCESS,,2026-06-14 16:29:54.122833
TXN_8c5561c19005,1,SUCCESS,,2026-06-15 20:39:43.122833
TXN_c7e47e9ac1cd,1,FAILED,CUSTOMER_CANCELLED,2026-06-15 00:06:48.122833
TXN_7475cd564fb9,1,SUCCESS,,2026-08-08 05:50:27.122833
TXN_7a5746762742,1,SUCCESS,,2026-08-24 01:38:51.122833
TXN_54ebb88ba97a,1,FAILED,LIMIT_EXCEEDED,2026-07-31 16:01:52.122833
TXN_c29bef1ccb98,1,SUCCESS,,2026-06-09 10:16:04.122833
TXN_f659bd31f201,1,FAILED,UPI_TIMEOUT,2026-07-16 08:40:33.122833
TXN_f659bd31f201,2,SUCCESS,,2026-07-16 08:55:33.122833
TXN_bd9da6867902,1,SUCCESS,,2026-07-15 10:02:03.122833
TXN_d65ae5d0de1c,1,FAILED,BANK_DECLINED,2026-07-20 18:28:14.122833
TXN_d65ae5d0de1c,2,SUCCESS,,2026-07-20 19:50:14.122833
TXN_4069b5571a82,1,SUCCESS,,2026-08-21 05:45:30.122833
TXN_fd1fd076bf32,1,SUCCESS,,2026-06-12 18:10:50.122833
TXN_688704f0d64a,1,SUCCESS,,2026-07-09 07:04:57.122833
TXN_da41598505aa,1,SUCCESS,,2026-06-03 21:17:29.122833
TXN_a8ae4c073c6e,1,SUCCESS,,2026-06-27 04:10:29.122833
TXN_fed69a259ba0,1,SUCCESS,,2026-06-12 15:41:15.122833
TXN_230e8677547b,1,FAILED,AUTHENTICATION_FAILED,2026-08-14 23:15:51.122833
TXN_b6783ec10f50,1,SUCCESS,,2026-07-01 02:59:03.122833
TXN_803753a8ade4,1,SUCCESS,,2026-07-03 00:54:15.122833
TXN_ff7666ebdc1b,1,SUCCESS,,2026-06-06 03:04:10.122833
TXN_932ec7bef061,1,FAILED,LIMIT_EXCEEDED,2026-07-26 18:11:03.122833
TXN_45c2dab1225a,1,SUCCESS,,2026-07-10 09:14:26.122833
TXN_0a1326d7dd11,1,FAILED,BANK_DECLINED,2026-08-23 07:18:10.122833
TXN_0a1326d7dd11,2,SUCCESS,,2026-08-23 07:37:10.122833
TXN_3b08ccdcefa7,1,FAILED,LIMIT_EXCEEDED,2026-08-28 10:06:13.122833
TXN_d1363d0464a2,1,SUCCESS,,2026-06-23 05:24:53.122833
TXN_aad29a45a1a0,1,SUCCESS,,2026-07-24 10:05:58.122833
TXN_a969c777a3d5,1,FAILED,CARD_EXPIRED,2026-06-04 16:06:26.122833
TXN_d270f68794b8,1,SUCCESS,,2026-08-08 15:32:06.122833
TXN_e00c27463703,1,SUCCESS,,2026-08-21 02:38:40.122833
TXN_b0272c1db14f,1,SUCCESS,,2026-06-26 03:05:41.122833
TXN_54a909adb83e,1,SUCCESS,,2026-07-02 14:11:39.122833
TXN_f3163059f9df,1,SUCCESS,,2026-08-21 16:31:42.122833
TXN_2527e2b4b5ff,1,SUCCESS,,2026-06-08 01:58:24.122833
TXN_a19f19aa73ab,1,SUCCESS,,2026-07-20 11:49:14.122833
TXN_8cf289924031,1,SUCCESS,,2026-07-26 20:11:23.122833
TXN_92b950a34a33,1,SUCCESS,,2026-06-08 08:01:14.122833
TXN_d5a2e4d7a4c5,1,FAILED,CUSTOMER_CANCELLED,2026-07-03 15:03:46.122833
TXN_a9186a2a5f9b,1,SUCCESS,,2026-08-14 15:35:14.122833
TXN_2535e5053d9d,1,SUCCESS,,2026-07-13 03:32:59.122833
TXN_95b682651a1b,1,SUCCESS,,2026-07-30 07:57:40.122833
TXN_d236eba85fe7,1,SUCCESS,,2026-08-05 21:50:45.122833
TXN_0c281e074135,1,FAILED,INSUFFICIENT_FUNDS,2026-06-08 19:49:54.122833
TXN_0c281e074135,2,SUCCESS,,2026-06-08 20:33:54.122833
TXN_26284d8d7690,1,SUCCESS,,2026-07-18 20:58:52.122833
TXN_488be7c40ce7,1,FAILED,INSUFFICIENT_FUNDS,2026-07-02 14:47:40.122833
TXN_a2cf19a92854,1,SUCCESS,,2026-07-15 15:34:02.122833
TXN_5b97e0fca0d8,1,SUCCESS,,2026-07-24 05:39:00.122833
TXN_0c07ed743f9d,1,FAILED,NETWORK_TIMEOUT,2026-08-05 03:54:53.122833
TXN_0c07ed743f9d,2,SUCCESS,,2026-08-05 05:07:53.122833
TXN_44f21f3b17be,1,SUCCESS,,2026-06-13 12:30:47.122833
TXN_d73532b2de4b,1,SUCCESS,,2026-08-21 02:37:14.122833
TXN_bf3a0212db07,1,SUCCESS,,2026-08-18 01:00:53.122833
TXN_dc9c5547585d,1,SUCCESS,,2026-07-14 03:16:08.122833
TXN_153ba77e446d,1,SUCCESS,,2026-07-08 08:29:40.122833
TXN_830a78a949f1,1,SUCCESS,,2026-06-03 11:54:29.122833
TXN_94fca88a454e,1,SUCCESS,,2026-06-09 04:08:33.122833
TXN_673bd8d76a12,1,FAILED,AUTHENTICATION_FAILED,2026-06-08 11:24:55.122833
TXN_b2c991585089,1,SUCCESS,,2026-06-07 14:38:58.122833
TXN_f418f6e867d8,1,SUCCESS,,2026-07-09 04:25:28.122833
TXN_a6e21b2b3ca0,1,SUCCESS,,2026-07-28 17:23:51.122833
TXN_216c5d21b882,1,SUCCESS,,2026-06-16 00:52:32.122833
TXN_cbb14ebba3fb,1,SUCCESS,,2026-07-03 08:32:40.122833
TXN_04efd4dcaa36,1,FAILED,CUSTOMER_CANCELLED,2026-08-03 12:56:16.122833
TXN_751ec84582b3,1,SUCCESS,,2026-06-22 06:17:35.122833
TXN_4b6dc9dc86be,1,FAILED,INSUFFICIENT_FUNDS,2026-08-26 10:35:49.122833
TXN_4b6dc9dc86be,2,SUCCESS,,2026-08-26 11:34:49.122833
TXN_4902777edeea,1,SUCCESS,,2026-07-23 14:29:00.122833
TXN_5d1c6eadfb9e,1,FAILED,CARD_EXPIRED,2026-07-22 05:39:39.122833
TXN_e8ece1dd17bc,1,FAILED,NETWORK_TIMEOUT,2026-06-26 23:05:27.122833
TXN_e8ece1dd17bc,2,SUCCESS,,2026-06-27 00:25:27.122833
TXN_1675f05b9545,1,FAILED,CARD_EXPIRED,2026-08-03 00:25:07.122833
TXN_c169b2bb83d7,1,SUCCESS,,2026-06-29 16:44:10.122833
TXN_139f7e9a9573,1,SUCCESS,,2026-06-20 14:25:35.122833
TXN_378da9748e2d,1,FAILED,CARD_EXPIRED,2026-08-30 17:28:31.122833
TXN_4a10b62ad4f5,1,SUCCESS,,2026-06-29 20:01:06.122833
TXN_1bf22015704a,1,FAILED,CUSTOMER_CANCELLED,2026-06-24 05:48:23.122833
TXN_b63d739f2bd2,1,SUCCESS,,2026-06-20 14:26:50.122833
TXN_597d2765b1d2,1,SUCCESS,,2026-06-11 19:14:55.122833
TXN_bdb41fe395e2,1,SUCCESS,,2026-06-08 20:29:02.122833
TXN_b8446b236891,1,SUCCESS,,2026-08-27 19:07:41.122833
TXN_d82e70644f4a,1,SUCCESS,,2026-06-07 13:35:24.122833
TXN_e6960448ad4d,1,FAILED,UPI_TIMEOUT,2026-08-29 10:11:11.122833
TXN_e6960448ad4d,2,SUCCESS,,2026-08-29 10:21:11.122833
TXN_05dddc7f8624,1,SUCCESS,,2026-07-04 06:53:36.122833
TXN_b3429f0b3154,1,SUCCESS,,2026-07-28 20:51:54.122833
TXN_4462742de8aa,1,SUCCESS,,2026-06-12 07:59:29.122833
TXN_6997d22fac22,1,SUCCESS,,2026-08-05 02:51:53.122833
TXN_77af7cef68ec,1,SUCCESS,,2026-06-08 09:26:06.122833
TXN_088e99153ec3,1,SUCCESS,,2026-07-03 01:24:20.122833
TXN_70954ad12b1e,1,SUCCESS,,2026-07-10 03:12:40.122833
TXN_0397cdb7353b,1,SUCCESS,,2026-06-19 13:46:08.122833
TXN_2255cc084828,1,FAILED,NETWORK_TIMEOUT,2026-07-15 06:09:10.122833
TXN_2255cc084828,2,SUCCESS,,2026-07-15 07:09:10.122833
TXN_8006d2739c66,1,SUCCESS,,2026-07-10 22:55:18.122833
TXN_93227f5bd10f,1,SUCCESS,,2026-06-10 04:11:50.122833
TXN_550a33c90220,1,SUCCESS,,2026-07-10 05:10:36.122833
TXN_a2be5a563b97,1,FAILED,BANK_DECLINED,2026-07-22 12:25:11.122833
TXN_a2be5a563b97,2,SUCCESS,,2026-07-22 14:19:11.122833
TXN_c923e074ca50,1,FAILED,NETWORK_TIMEOUT,2026-07-02 20:26:13.122833
TXN_c923e074ca50,2,SUCCESS,,2026-07-02 21:34:13.122833
TXN_042718a75495,1,FAILED,UPI_TIMEOUT,2026-07-21 02:32:23.122833
TXN_042718a75495,2,SUCCESS,,2026-07-21 04:03:23.122833
TXN_808a3cb16b3e,1,FAILED,NETWORK_TIMEOUT,2026-06-27 06:31:25.122833
TXN_808a3cb16b3e,2,SUCCESS,,2026-06-27 08:29:25.122833
TXN_b59de678c86e,1,FAILED,LIMIT_EXCEEDED,2026-06-05 22:55:02.122833
TXN_b59de678c86e,2,SUCCESS,,2026-06-05 23:30:02.122833
TXN_4b644c0c6b72,1,SUCCESS,,2026-06-12 02:32:16.122833
TXN_c05011ba0132,1,SUCCESS,,2026-08-14 14:02:25.122833
TXN_e4345a57e6c8,1,SUCCESS,,2026-07-02 07:27:34.122833
TXN_94bef25273df,1,SUCCESS,,2026-07-16 15:35:48.122833
TXN_178aea1a396a,1,SUCCESS,,2026-06-18 09:48:44.122833
TXN_89a249b546e5,1,SUCCESS,,2026-08-03 03:21:12.122833
TXN_4cb35dd53b17,1,SUCCESS,,2026-07-09 18:00:11.122833
TXN_5c8f40444bd7,1,SUCCESS,,2026-08-05 15:52:00.122833
TXN_ec4e189881d9,1,FAILED,CUSTOMER_CANCELLED,2026-07-01 08:32:50.122833
TXN_3b46db503bd6,1,FAILED,UPI_TIMEOUT,2026-08-01 01:33:14.122833
TXN_3b46db503bd6,2,SUCCESS,,2026-08-01 03:33:14.122833
TXN_9e1dc9ba3f14,1,FAILED,BANK_DECLINED,2026-06-12 21:15:05.122833
TXN_3b8c66a13e28,1,FAILED,NETWORK_TIMEOUT,2026-08-29 03:04:09.122833
TXN_3b8c66a13e28,2,SUCCESS,,2026-08-29 03:49:09.122833
TXN_dbe1d5bfa2d9,1,FAILED,CARD_EXPIRED,2026-08-02 10:11:02.122833
TXN_55fc89c9d333,1,SUCCESS,,2026-08-26 10:05:39.122833
TXN_fb9e76d112b5,1,SUCCESS,,2026-07-14 09:40:25.122833
TXN_07461761f4f6,1,SUCCESS,,2026-06-17 10:35:32.122833
TXN_bdcfbde159a2,1,SUCCESS,,2026-06-28 10:22:06.122833
TXN_9445316562cd,1,FAILED,BANK_DECLINED,2026-08-19 07:05:20.122833
TXN_9445316562cd,2,SUCCESS,,2026-08-19 07:45:20.122833
TXN_415a379bb226,1,FAILED,LIMIT_EXCEEDED,2026-08-01 11:01:06.122833
TXN_5bfa2c3c043c,1,SUCCESS,,2026-06-05 01:51:51.122833
TXN_be91e9a7be3b,1,SUCCESS,,2026-07-14 17:00:29.122833
TXN_da9ce840eacb,1,SUCCESS,,2026-08-05 09:25:16.122833
TXN_56239ab588ae,1,SUCCESS,,2026-07-16 18:46:54.122833
TXN_f065ab2ac63a,1,SUCCESS,,2026-06-19 04:08:06.122833
TXN_40b90a99a60b,1,FAILED,CARD_EXPIRED,2026-07-01 00:25:15.122833
TXN_306d15fdb596,1,SUCCESS,,2026-07-21 21:15:50.122833
TXN_e7ff9562c3bc,1,SUCCESS,,2026-06-20 04:07:10.122833
TXN_fdf08af3bbdb,1,SUCCESS,,2026-06-16 01:32:23.122833
TXN_783719c3f514,1,FAILED,BANK_DECLINED,2026-06-14 06:26:48.122833
TXN_96dba359a880,1,SUCCESS,,2026-07-05 01:01:27.122833
TXN_eb7c7f20a6a8,1,SUCCESS,,2026-08-13 02:55:47.122833
TXN_4c99882c1362,1,SUCCESS,,2026-06-08 17:59:36.122833
TXN_2b03f3996d59,1,FAILED,CARD_EXPIRED,2026-08-21 01:13:30.122833
TXN_0cba6161647e,1,SUCCESS,,2026-08-14 23:11:40.122833
TXN_b9f20c05204f,1,SUCCESS,,2026-08-18 03:18:00.122833
TXN_37fe15f2570e,1,SUCCESS,,2026-07-01 07:22:02.122833
TXN_8032d394c9a2,1,SUCCESS,,2026-08-23 03:12:40.122833
TXN_4166bf82c59f,1,FAILED,BANK_DECLINED,2026-07-30 11:26:05.122833
TXN_4166bf82c59f,2,SUCCESS,,2026-07-30 13:04:05.122833
TXN_8d50fd0bef52,1,FAILED,LIMIT_EXCEEDED,2026-08-15 03:30:09.122833
TXN_609158ca1b0a,1,SUCCESS,,2026-07-23 08:25:47.122833
TXN_ec3ed5c6cb58,1,FAILED,INSUFFICIENT_FUNDS,2026-07-12 13:08:49.122833
TXN_ec3ed5c6cb58,2,SUCCESS,,2026-07-12 14:37:49.122833
TXN_98f0660acc19,1,SUCCESS,,2026-07-22 15:11:57.122833
TXN_dbdd925fad6b,1,SUCCESS,,2026-08-06 18:04:21.122833
TXN_6d4b09fcef89,1,FAILED,NETWORK_TIMEOUT,2026-06-05 06:59:03.122833
TXN_6d4b09fcef89,2,SUCCESS,,2026-06-05 07:23:03.122833
TXN_9789ae2e669d,1,SUCCESS,,2026-07-17 21:40:42.122833
TXN_653f744f6cf2,1,SUCCESS,,2026-06-27 04:12:41.122833
TXN_70887d801b3c,1,SUCCESS,,2026-06-13 00:12:32.122833
TXN_c8230ee8afc9,1,SUCCESS,,2026-08-24 12:35:07.122833
TXN_11ddcc38efab,1,SUCCESS,,2026-07-10 21:34:49.122833
TXN_ef85fb4a24b6,1,FAILED,BANK_DECLINED,2026-07-11 01:24:35.122833
TXN_ef85fb4a24b6,2,SUCCESS,,2026-07-11 01:59:35.122833
TXN_b165e2e0c195,1,SUCCESS,,2026-07-01 02:54:06.122833
TXN_6374b359ca93,1,SUCCESS,,2026-07-15 13:25:32.122833
TXN_88f131c13a34,1,SUCCESS,,2026-08-24 05:48:27.122833
TXN_85dc4b8d6c57,1,FAILED,INSUFFICIENT_FUNDS,2026-07-26 19:21:55.122833
TXN_85dc4b8d6c57,2,SUCCESS,,2026-07-26 21:18:55.122833
TXN_bce73d37504b,1,SUCCESS,,2026-06-23 01:20:42.122833
TXN_1bd25cf37485,1,SUCCESS,,2026-08-18 08:24:10.122833
TXN_5220e585af59,1,FAILED,INSUFFICIENT_FUNDS,2026-07-02 07:42:49.122833
TXN_8bf2b14f5b9d,1,SUCCESS,,2026-06-04 08:48:27.122833
TXN_d9ce06ecb4d2,1,SUCCESS,,2026-07-15 10:20:05.122833
TXN_67608358b0bf,1,SUCCESS,,2026-06-30 17:20:33.122833
TXN_5f3ff3429e51,1,SUCCESS,,2026-06-12 04:13:45.122833
TXN_ec4d6980355c,1,SUCCESS,,2026-07-03 04:35:54.122833
TXN_2b025265773d,1,SUCCESS,,2026-07-05 10:40:04.122833
TXN_5e70a26b1c84,1,SUCCESS,,2026-08-22 04:19:16.122833
TXN_43643fe13325,1,FAILED,CUSTOMER_CANCELLED,2026-06-03 16:59:04.122833
TXN_43643fe13325,2,SUCCESS,,2026-06-03 17:17:04.122833
TXN_d07a98cb0d37,1,SUCCESS,,2026-07-30 19:06:15.122833
TXN_37cc9af154c7,1,SUCCESS,,2026-06-06 15:41:17.122833
TXN_c7d337a648e2,1,SUCCESS,,2026-07-30 20:40:16.122833
TXN_6a10d8733345,1,SUCCESS,,2026-08-10 00:42:18.122833
TXN_ee534f9e4d94,1,SUCCESS,,2026-07-20 01:26:00.122833
TXN_6f1172b0063a,1,FAILED,BANK_DECLINED,2026-08-12 05:35:42.122833
TXN_6f1172b0063a,2,SUCCESS,,2026-08-12 05:58:42.122833
TXN_ce1901834070,1,FAILED,BANK_DECLINED,2026-06-06 04:26:36.122833
TXN_e3b8bf754636,1,SUCCESS,,2026-07-13 02:04:14.122833
TXN_223b30581bb0,1,SUCCESS,,2026-08-25 02:44:49.122833
TXN_cecea21d27be,1,SUCCESS,,2026-07-09 23:21:14.122833
TXN_2173884274c9,1,SUCCESS,,2026-06-26 22:48:47.122833
TXN_7bb8cfa16d67,1,SUCCESS,,2026-07-25 03:59:57.122833
TXN_fa11d8ff2a6b,1,SUCCESS,,2026-07-22 23:27:47.122833
TXN_6cc76b6815b8,1,SUCCESS,,2026-08-07 01:53:47.122833
TXN_1e27510e1e16,1,SUCCESS,,2026-06-29 13:57:02.122833
TXN_125de27fbe44,1,SUCCESS,,2026-08-19 18:25:22.122833
TXN_4758e70f9fc4,1,SUCCESS,,2026-07-16 21:39:24.122833
TXN_ad9db68d0718,1,SUCCESS,,2026-08-31 05:34:12.122833
TXN_ba46beedd2ed,1,SUCCESS,,2026-06-20 04:12:51.122833
TXN_1c068860ba3f,1,SUCCESS,,2026-06-05 17:02:44.122833
TXN_2728394744f1,1,SUCCESS,,2026-08-30 15:35:35.122833
TXN_b346735e0b02,1,SUCCESS,,2026-07-09 23:33:41.122833
TXN_50431fe67888,1,FAILED,CARD_EXPIRED,2026-07-26 07:28:38.122833
TXN_636e7f66f41e,1,FAILED,BANK_DECLINED,2026-06-18 17:44:48.122833
TXN_76e315bc692a,1,FAILED,UPI_TIMEOUT,2026-07-22 00:10:01.122833
TXN_76e315bc692a,2,SUCCESS,,2026-07-22 01:14:01.122833
TXN_aa02a7b90fcf,1,FAILED,CARD_EXPIRED,2026-07-29 03:41:16.122833
TXN_0b8bf06952d4,1,FAILED,LIMIT_EXCEEDED,2026-06-30 23:14:53.122833
TXN_59120c216dad,1,SUCCESS,,2026-08-17 04:08:14.122833
TXN_6566b5b30dd6,1,SUCCESS,,2026-06-08 14:09:48.122833
TXN_5e64d36e4d58,1,FAILED,BANK_DECLINED,2026-06-22 07:51:33.122833
TXN_5e64d36e4d58,2,SUCCESS,,2026-06-22 08:30:33.122833
TXN_059940ad003e,1,SUCCESS,,2026-06-04 17:09:32.122833
TXN_845aa9dd8b46,1,SUCCESS,,2026-06-27 09:11:04.122833
TXN_b5ab4e1b09cc,1,SUCCESS,,2026-07-02 06:03:29.122833
TXN_f3af4a0c4132,1,SUCCESS,,2026-08-17 18:01:06.122833
TXN_52a913e9cfcd,1,SUCCESS,,2026-06-07 13:00:28.122833
TXN_531d4d40216b,1,SUCCESS,,2026-08-16 05:38:16.122833
TXN_22c7e9f863d4,1,SUCCESS,,2026-08-13 12:03:04.122833
TXN_93693a16c2e6,1,FAILED,NETWORK_TIMEOUT,2026-08-14 08:01:46.122833
TXN_93693a16c2e6,2,SUCCESS,,2026-08-14 09:49:46.122833
TXN_475cad96ef82,1,SUCCESS,,2026-06-28 13:24:01.122833
TXN_93bb8494918c,1,SUCCESS,,2026-07-30 18:37:12.122833
TXN_10ad06790230,1,SUCCESS,,2026-08-30 21:25:19.122833
TXN_90a9388a84c6,1,SUCCESS,,2026-08-02 20:51:48.122833
TXN_361fdf011c69,1,SUCCESS,,2026-07-08 03:43:52.122833
TXN_04283ce336c8,1,SUCCESS,,2026-08-06 08:34:41.122833
TXN_ca4b75a5252e,1,FAILED,AUTHENTICATION_FAILED,2026-08-29 23:25:15.122833
TXN_bbf7456cf360,1,SUCCESS,,2026-08-13 22:00:18.122833
TXN_18b0b3fbf814,1,SUCCESS,,2026-08-18 21:24:00.122833
TXN_2c5e0af421bf,1,SUCCESS,,2026-07-04 00:54:09.122833
TXN_60be9c0ad083,1,FAILED,CARD_EXPIRED,2026-07-18 18:16:33.122833
TXN_9c3600811be9,1,SUCCESS,,2026-08-31 09:07:44.122833
TXN_cc03425dc044,1,SUCCESS,,2026-07-01 02:18:33.122833
TXN_2e0e6175c0e2,1,SUCCESS,,2026-08-23 19:22:15.122833
TXN_4bfa3cb542ec,1,SUCCESS,,2026-07-15 02:33:21.122833
TXN_5ac19616c9ab,1,SUCCESS,,2026-08-12 22:59:48.122833
TXN_5e1cceda1248,1,SUCCESS,,2026-07-04 05:31:21.122833
TXN_43cce105b892,1,SUCCESS,,2026-08-09 04:51:46.122833
TXN_dca94a4a6aaf,1,SUCCESS,,2026-08-08 08:28:55.122833
TXN_ffcd10183a11,1,SUCCESS,,2026-08-29 19:12:00.122833
TXN_f02ffb0c7131,1,SUCCESS,,2026-08-23 22:46:54.122833
TXN_48620c029624,1,SUCCESS,,2026-06-26 12:55:31.122833
TXN_a9c7adb27a76,1,SUCCESS,,2026-07-28 09:10:19.122833
TXN_8abef2d72448,1,SUCCESS,,2026-08-27 14:24:19.122833
TXN_1bca69b5f626,1,SUCCESS,,2026-07-09 21:01:59.122833
TXN_2d20853bce68,1,SUCCESS,,2026-06-06 22:45:49.122833
TXN_bdae481a03b7,1,FAILED,LIMIT_EXCEEDED,2026-08-29 18:16:06.122833
TXN_86df626b2668,1,SUCCESS,,2026-08-05 23:33:16.122833
TXN_ea0a58ff33fc,1,FAILED,INSUFFICIENT_FUNDS,2026-06-05 11:07:55.122833
TXN_ea0a58ff33fc,2,SUCCESS,,2026-06-05 12:24:55.122833
TXN_5e3070f6d18e,1,FAILED,AUTHENTICATION_FAILED,2026-08-25 14:16:52.122833
TXN_202a8653f2a5,1,SUCCESS,,2026-07-14 12:54:13.122833
TXN_4b7b1803f64e,1,FAILED,UPI_TIMEOUT,2026-08-05 06:55:07.122833
TXN_4b7b1803f64e,2,SUCCESS,,2026-08-05 07:30:07.122833
TXN_1fd5187cc3bd,1,FAILED,INSUFFICIENT_FUNDS,2026-06-17 19:40:13.122833
TXN_1fd5187cc3bd,2,SUCCESS,,2026-06-17 20:18:13.122833
TXN_5669b4ad9dd6,1,SUCCESS,,2026-07-27 11:22:07.122833
TXN_b4e756226e5f,1,SUCCESS,,2026-08-13 23:18:19.122833
TXN_e5e06cf2ecaa,1,FAILED,NETWORK_TIMEOUT,2026-07-08 02:29:28.122833
TXN_e5e06cf2ecaa,2,SUCCESS,,2026-07-08 03:16:28.122833
TXN_4d20bad94564,1,SUCCESS,,2026-06-05 16:58:54.122833
TXN_535bb8c29fe7,1,SUCCESS,,2026-07-09 07:33:02.122833
TXN_e3b7320c5ba6,1,SUCCESS,,2026-07-26 23:28:16.122833
TXN_30aa8077844a,1,SUCCESS,,2026-07-12 06:50:56.122833
TXN_d9bb8d5e6652,1,SUCCESS,,2026-07-06 08:45:08.122833
TXN_64f960802694,1,FAILED,UPI_TIMEOUT,2026-08-02 01:48:50.122833
TXN_64f960802694,2,SUCCESS,,2026-08-02 03:15:50.122833
TXN_2cfad791028d,1,SUCCESS,,2026-08-27 23:00:42.122833
TXN_7ebb5fdb9dde,1,SUCCESS,,2026-07-05 23:10:49.122833
TXN_14bbe548b3c4,1,SUCCESS,,2026-07-25 15:00:58.122833
TXN_a6163898e177,1,SUCCESS,,2026-07-27 02:19:36.122833
TXN_3b9667fb1736,1,FAILED,CARD_EXPIRED,2026-07-14 10:24:03.122833
TXN_c60fe61bedb8,1,FAILED,LIMIT_EXCEEDED,2026-07-06 04:13:36.122833
TXN_c60fe61bedb8,2,SUCCESS,,2026-07-06 04:46:36.122833
TXN_196d3d3c7976,1,FAILED,AUTHENTICATION_FAILED,2026-08-26 07:34:00.122833
TXN_196d3d3c7976,2,SUCCESS,,2026-08-26 08:04:00.122833
TXN_df97a98cb375,1,SUCCESS,,2026-06-22 02:09:37.122833
TXN_a7a3fd12b22e,1,SUCCESS,,2026-06-09 02:17:33.122833
TXN_c3787a31f330,1,SUCCESS,,2026-08-15 21:28:57.122833
TXN_825b70e799c5,1,SUCCESS,,2026-06-04 12:43:15.122833
TXN_5919cd129ce9,1,FAILED,BANK_DECLINED,2026-06-18 02:02:06.122833
TXN_5919cd129ce9,2,SUCCESS,,2026-06-18 02:15:06.122833
TXN_38f8bc3c69c4,1,FAILED,NETWORK_TIMEOUT,2026-07-11 02:46:06.122833
TXN_38f8bc3c69c4,2,SUCCESS,,2026-07-11 04:25:06.122833
TXN_7fda8e0719da,1,SUCCESS,,2026-08-19 17:03:38.122833
TXN_2f7625a0b5ef,1,SUCCESS,,2026-06-14 23:28:34.122833
TXN_8a55b72e6521,1,FAILED,INSUFFICIENT_FUNDS,2026-06-06 09:32:06.122833
TXN_5f0114dff323,1,FAILED,UPI_TIMEOUT,2026-06-13 00:11:04.122833
TXN_5f0114dff323,2,SUCCESS,,2026-06-13 02:01:04.122833
TXN_a46a10f7396b,1,FAILED,AUTHENTICATION_FAILED,2026-07-15 13:59:48.122833
TXN_2f72a1d14cf5,1,SUCCESS,,2026-07-30 23:00:27.122833
TXN_2efe5369f115,1,FAILED,CARD_EXPIRED,2026-07-26 08:49:11.122833
TXN_fd65d1a840b3,1,SUCCESS,,2026-08-27 04:53:13.122833
TXN_afa91626874f,1,SUCCESS,,2026-07-19 22:24:00.122833
TXN_a8d13fb1af9d,1,SUCCESS,,2026-07-23 04:50:18.122833
TXN_9e6bba6a367f,1,SUCCESS,,2026-07-31 15:09:59.122833
TXN_62773a0b26c3,1,SUCCESS,,2026-06-06 15:46:01.122833
TXN_65fcae900bda,1,SUCCESS,,2026-08-10 18:22:23.122833
TXN_07c09ba2cfda,1,SUCCESS,,2026-06-13 12:03:23.122833
TXN_663d4be99887,1,FAILED,BANK_DECLINED,2026-06-24 02:09:42.122833
TXN_6a8199ea0d09,1,SUCCESS,,2026-07-14 13:16:12.122833
TXN_890557b7f590,1,SUCCESS,,2026-06-12 20:34:24.122833
TXN_bf5712bf831f,1,SUCCESS,,2026-07-12 21:00:52.122833
TXN_6fc5b43d1b57,1,FAILED,AUTHENTICATION_FAILED,2026-06-09 21:19:42.122833
TXN_b08e199a0596,1,FAILED,LIMIT_EXCEEDED,2026-07-16 02:19:13.122833
TXN_fdb55a7f0a4b,1,SUCCESS,,2026-06-17 01:38:07.122833
TXN_bc795f3f1c0f,1,SUCCESS,,2026-08-25 11:30:51.122833
TXN_b52ef0f9ce1d,1,SUCCESS,,2026-08-01 23:28:58.122833
TXN_7e5e4b34bdb5,1,SUCCESS,,2026-08-29 02:54:13.122833
TXN_605dd9f5f640,1,SUCCESS,,2026-07-10 08:19:03.122833
TXN_ab217d966be2,1,SUCCESS,,2026-06-10 06:31:46.122833
TXN_e5b496473f9e,1,SUCCESS,,2026-08-08 06:50:15.122833
TXN_8fd2ba031ee6,1,SUCCESS,,2026-07-10 12:51:43.122833
TXN_02c197d7499e,1,SUCCESS,,2026-06-11 23:20:42.122833
TXN_99031b50045b,1,SUCCESS,,2026-08-24 01:31:40.122833
TXN_bd19c3dc8c94,1,SUCCESS,,2026-08-14 18:50:59.122833
TXN_70db1a0a4465,1,SUCCESS,,2026-06-06 10:19:26.122833
TXN_3f4a490b19c2,1,SUCCESS,,2026-08-26 19:06:21.122833
TXN_c81b767c8f5f,1,SUCCESS,,2026-08-23 20:03:50.122833
TXN_1bbf384576eb,1,FAILED,UPI_TIMEOUT,2026-08-28 08:00:38.122833
TXN_1bbf384576eb,2,SUCCESS,,2026-08-28 09:13:38.122833
TXN_023b88302d7b,1,SUCCESS,,2026-06-27 07:47:46.122833
TXN_c745f9f072a8,1,SUCCESS,,2026-08-06 14:24:56.122833
TXN_8ce782443a69,1,SUCCESS,,2026-07-20 04:09:53.122833
TXN_360a33d310c9,1,FAILED,UPI_TIMEOUT,2026-06-03 21:24:18.122833
TXN_360a33d310c9,2,SUCCESS,,2026-06-03 22:33:18.122833
TXN_e70ff756777b,1,SUCCESS,,2026-07-02 22:03:28.122833
TXN_df0fe883ae7c,1,SUCCESS,,2026-08-03 02:30:06.122833
TXN_b293c7cc6913,1,SUCCESS,,2026-07-18 14:27:34.122833
TXN_e266b40f7665,1,SUCCESS,,2026-06-14 17:35:57.122833
TXN_0b774b79a914,1,SUCCESS,,2026-07-09 13:54:13.122833
TXN_97d97d8c68ec,1,SUCCESS,,2026-07-12 20:53:17.122833
TXN_b661a7b84621,1,FAILED,CARD_EXPIRED,2026-06-16 01:55:24.122833
TXN_b661a7b84621,2,SUCCESS,,2026-06-16 02:30:24.122833
TXN_6f35653e0a71,1,FAILED,BANK_DECLINED,2026-07-18 05:34:10.122833
TXN_3ff9af298156,1,SUCCESS,,2026-08-01 02:48:33.122833
TXN_ac44c01ff307,1,SUCCESS,,2026-08-03 05:30:39.122833
TXN_217747dbc1a6,1,SUCCESS,,2026-06-18 05:31:12.122833
TXN_caf06e2dc6cd,1,SUCCESS,,2026-08-28 09:34:31.122833
TXN_64dbab75b424,1,SUCCESS,,2026-08-07 10:05:18.122833
TXN_ba5044e58621,1,SUCCESS,,2026-08-25 19:53:44.122833
TXN_14f452b23f69,1,SUCCESS,,2026-06-30 09:24:25.122833
TXN_0323a0dfe8bb,1,SUCCESS,,2026-06-29 13:09:23.122833
TXN_02f1873df281,1,FAILED,INSUFFICIENT_FUNDS,2026-06-26 13:14:13.122833
TXN_f23a03e1f3f8,1,SUCCESS,,2026-08-13 01:15:59.122833
TXN_a6197e0713c4,1,FAILED,CUSTOMER_CANCELLED,2026-08-14 06:17:50.122833
TXN_a2ccd690b34b,1,SUCCESS,,2026-08-27 20:34:11.122833
TXN_5693e93d19e0,1,SUCCESS,,2026-07-18 07:09:42.122833
TXN_ade794c09e90,1,FAILED,UPI_TIMEOUT,2026-08-31 13:46:23.122833
TXN_ade794c09e90,2,SUCCESS,,2026-08-31 15:08:23.122833
TXN_06fe596cda91,1,SUCCESS,,2026-07-26 02:59:48.122833
TXN_6db7870720bb,1,SUCCESS,,2026-06-19 10:27:20.122833
TXN_948e7696822a,1,FAILED,UPI_TIMEOUT,2026-07-18 02:41:27.122833
TXN_948e7696822a,2,SUCCESS,,2026-07-18 04:35:27.122833
TXN_ed0a1ba2b5ef,1,SUCCESS,,2026-06-24 02:56:13.122833
TXN_5488ad7b10db,1,SUCCESS,,2026-06-15 12:51:39.122833
TXN_0aba073683ad,1,SUCCESS,,2026-06-15 14:26:59.122833
TXN_d7cb82644d8b,1,SUCCESS,,2026-07-16 09:17:56.122833
TXN_0d57deb75d22,1,SUCCESS,,2026-08-07 01:57:13.122833
TXN_9effa4b868d4,1,SUCCESS,,2026-07-23 14:57:44.122833
TXN_7ca61c4fe71a,1,SUCCESS,,2026-07-23 16:48:22.122833
TXN_88e7148f64a5,1,SUCCESS,,2026-06-21 00:10:29.122833
TXN_9af32b1bf598,1,SUCCESS,,2026-07-20 02:15:05.122833
TXN_0c2a16e9f4f0,1,SUCCESS,,2026-08-15 04:54:47.122833
TXN_df596c000030,1,FAILED,CARD_EXPIRED,2026-08-02 08:42:39.122833
TXN_1d2087441e17,1,FAILED,INSUFFICIENT_FUNDS,2026-08-06 00:10:05.122833
TXN_575ad0f3a0cc,1,FAILED,BANK_DECLINED,2026-06-08 00:48:07.122833
TXN_575ad0f3a0cc,2,SUCCESS,,2026-06-08 02:04:07.122833
TXN_0ec3de911d1a,1,SUCCESS,,2026-08-07 20:38:01.122833
TXN_56d5269e0f05,1,FAILED,INSUFFICIENT_FUNDS,2026-08-03 15:16:12.122833
TXN_56d5269e0f05,2,SUCCESS,,2026-08-03 15:54:12.122833
TXN_2980e75076ce,1,SUCCESS,,2026-07-12 03:26:52.122833
TXN_ef4696f7485e,1,FAILED,LIMIT_EXCEEDED,2026-07-18 15:19:57.122833
TXN_ef4696f7485e,2,SUCCESS,,2026-07-18 16:22:57.122833
TXN_962a750b4a60,1,SUCCESS,,2026-08-04 04:57:42.122833
TXN_61995932ec24,1,FAILED,CARD_EXPIRED,2026-07-22 18:33:03.122833
TXN_dce93973bfb9,1,SUCCESS,,2026-08-26 08:51:19.122833
TXN_3a68cde51140,1,SUCCESS,,2026-08-17 08:31:15.122833
TXN_d1f11c9c4c9d,1,FAILED,UPI_TIMEOUT,2026-06-08 20:59:39.122833
TXN_d1f11c9c4c9d,2,SUCCESS,,2026-06-08 22:42:39.122833
TXN_981e405fe052,1,SUCCESS,,2026-06-24 21:30:10.122833
TXN_9a5a3aa66b8b,1,FAILED,LIMIT_EXCEEDED,2026-08-01 16:12:35.122833
TXN_378d078c59e1,1,SUCCESS,,2026-06-15 23:05:15.122833
TXN_2fd2ded7c3cf,1,SUCCESS,,2026-07-09 09:40:06.122833
TXN_14d4310f09b1,1,FAILED,CARD_EXPIRED,2026-08-02 00:23:13.122833
TXN_14d4310f09b1,2,SUCCESS,,2026-08-02 02:00:13.122833
TXN_cda3698e62d3,1,FAILED,BANK_DECLINED,2026-07-19 01:47:42.122833
TXN_0c52ba0b3918,1,FAILED,INSUFFICIENT_FUNDS,2026-06-04 13:43:33.122833
TXN_8673064219eb,1,SUCCESS,,2026-06-12 01:21:48.122833
TXN_95c378031878,1,SUCCESS,,2026-07-13 00:13:13.122833
TXN_2b68db8bcc0b,1,FAILED,CARD_EXPIRED,2026-07-20 00:31:07.122833
TXN_4005266c621f,1,SUCCESS,,2026-08-16 02:06:52.122833
TXN_8580f370918e,1,SUCCESS,,2026-06-12 03:04:56.122833
TXN_084fd65c6747,1,SUCCESS,,2026-08-06 01:07:51.122833
TXN_1f238fa03e63,1,SUCCESS,,2026-07-22 14:02:20.122833
TXN_e8fb1a0c477c,1,FAILED,BANK_DECLINED,2026-06-19 12:58:07.122833
TXN_144940a50cd1,1,SUCCESS,,2026-08-08 19:27:27.122833
TXN_99ea0087a0b7,1,SUCCESS,,2026-06-15 01:48:41.122833
TXN_1c538ed024b4,1,SUCCESS,,2026-07-06 03:02:41.122833
TXN_adf59e00df3c,1,FAILED,AUTHENTICATION_FAILED,2026-07-04 19:43:06.122833
TXN_adf59e00df3c,2,SUCCESS,,2026-07-04 20:13:06.122833
TXN_1637be483cf1,1,FAILED,BANK_DECLINED,2026-06-22 13:36:54.122833
TXN_395f936595c5,1,SUCCESS,,2026-07-17 13:55:19.122833
TXN_aafdb071805a,1,SUCCESS,,2026-06-23 05:56:07.122833
TXN_941610b1697d,1,FAILED,INSUFFICIENT_FUNDS,2026-08-19 04:33:24.122833
TXN_941610b1697d,2,SUCCESS,,2026-08-19 05:46:24.122833
TXN_4adf8aa1f40a,1,SUCCESS,,2026-06-07 06:25:05.122833
TXN_118f5032eb2b,1,SUCCESS,,2026-07-29 21:50:15.122833
TXN_8f2993c8f876,1,SUCCESS,,2026-06-09 21:09:21.122833
TXN_18355fda3224,1,FAILED,BANK_DECLINED,2026-06-05 11:54:40.122833
TXN_116b677d8537,1,SUCCESS,,2026-07-30 11:54:51.122833
TXN_c45bcdcf7318,1,SUCCESS,,2026-08-27 18:07:56.122833
TXN_df182f5b92c8,1,SUCCESS,,2026-06-29 02:22:57.122833
TXN_493c1fd0d6be,1,SUCCESS,,2026-06-11 08:19:06.122833
TXN_b230aa6bf757,1,SUCCESS,,2026-07-08 08:27:17.122833
TXN_b60220481233,1,SUCCESS,,2026-06-07 11:50:48.122833
TXN_cc34e800fbf5,1,SUCCESS,,2026-07-08 16:31:23.122833
TXN_fcebe0da00c2,1,FAILED,CUSTOMER_CANCELLED,2026-08-12 05:54:17.122833
TXN_7d4783481021,1,FAILED,LIMIT_EXCEEDED,2026-06-03 14:52:41.122833
TXN_1167e9e5e0fa,1,SUCCESS,,2026-08-05 19:02:26.122833
TXN_fb1cf040bf78,1,SUCCESS,,2026-07-01 11:40:16.122833
TXN_15ec016083cf,1,SUCCESS,,2026-07-12 21:50:53.122833
TXN_97fa46c86138,1,SUCCESS,,2026-07-09 09:12:47.122833
TXN_86eae1c45d6d,1,SUCCESS,,2026-06-22 11:08:22.122833
TXN_d5f128f6926d,1,SUCCESS,,2026-07-10 22:27:20.122833
TXN_31aca84bceb8,1,FAILED,NETWORK_TIMEOUT,2026-08-09 08:54:21.122833
TXN_31aca84bceb8,2,SUCCESS,,2026-08-09 10:26:21.122833
TXN_f651192d277c,1,SUCCESS,,2026-07-29 05:00:46.122833
TXN_8d31cce84a89,1,SUCCESS,,2026-08-27 21:07:30.122833
TXN_123794005831,1,SUCCESS,,2026-07-10 20:08:17.122833
TXN_5aed50e4b489,1,SUCCESS,,2026-07-07 10:12:11.122833
TXN_a16e80e54509,1,FAILED,BANK_DECLINED,2026-07-17 11:38:58.122833
TXN_a16e80e54509,2,SUCCESS,,2026-07-17 12:10:58.122833
TXN_d41ddec32605,1,SUCCESS,,2026-06-07 23:37:34.122833
TXN_835fe447e647,1,SUCCESS,,2026-06-22 10:50:29.122833
TXN_9602730fb4e6,1,SUCCESS,,2026-08-26 10:06:18.122833
TXN_7560ab1cc442,1,SUCCESS,,2026-08-02 20:41:50.122833
TXN_aafb53e37796,1,SUCCESS,,2026-08-31 02:34:44.122833
TXN_37c8128483e5,1,SUCCESS,,2026-07-28 23:35:54.122833
TXN_99e3e8ff0939,1,SUCCESS,,2026-06-08 12:56:44.122833
TXN_4e8d5a648a11,1,FAILED,BANK_DECLINED,2026-08-16 09:17:27.122833
TXN_4e8d5a648a11,2,SUCCESS,,2026-08-16 09:19:27.122833
TXN_2c4697e8b67b,1,SUCCESS,,2026-08-30 21:57:55.122833
TXN_e422393f8884,1,SUCCESS,,2026-07-04 05:12:10.122833
TXN_c2d76c26f77c,1,SUCCESS,,2026-06-03 12:25:15.122833
TXN_1f888cbb9743,1,FAILED,UPI_TIMEOUT,2026-08-21 17:37:40.122833
TXN_1f888cbb9743,2,SUCCESS,,2026-08-21 17:50:40.122833
TXN_ab6d7be878b9,1,FAILED,BANK_DECLINED,2026-06-21 12:49:51.122833
TXN_ab6d7be878b9,2,SUCCESS,,2026-06-21 14:18:51.122833
TXN_1b3ee905dfb8,1,SUCCESS,,2026-06-26 20:14:23.122833
TXN_08e60c2718a4,1,FAILED,INSUFFICIENT_FUNDS,2026-07-07 12:32:26.122833
TXN_558ffb11d268,1,SUCCESS,,2026-06-09 03:24:51.122833
TXN_25bfc9241b82,1,FAILED,UPI_TIMEOUT,2026-06-08 17:27:18.122833
TXN_0839d387877b,1,FAILED,LIMIT_EXCEEDED,2026-07-18 12:21:03.122833
TXN_0839d387877b,2,SUCCESS,,2026-07-18 12:30:03.122833
TXN_bbfeba9016ad,1,FAILED,LIMIT_EXCEEDED,2026-07-30 20:32:45.122833
TXN_025648a71168,1,SUCCESS,,2026-08-08 16:03:11.122833
TXN_28597c461b91,1,SUCCESS,,2026-06-21 12:39:10.122833
TXN_3cd2d17ee330,1,SUCCESS,,2026-08-17 03:49:18.122833
TXN_871698519d32,1,FAILED,NETWORK_TIMEOUT,2026-07-07 05:48:09.122833
TXN_871698519d32,2,SUCCESS,,2026-07-07 07:11:09.122833
TXN_1942a9d8e298,1,SUCCESS,,2026-07-20 22:26:46.122833
TXN_7f891b321a7a,1,SUCCESS,,2026-08-04 14:27:14.122833
TXN_7b165a7553c9,1,SUCCESS,,2026-08-06 02:02:12.122833
TXN_e0c1215783ba,1,SUCCESS,,2026-08-07 05:17:54.122833
TXN_798b93f8712e,1,FAILED,UPI_TIMEOUT,2026-06-26 10:09:49.122833
TXN_798b93f8712e,2,SUCCESS,,2026-06-26 12:05:49.122833
TXN_9bfb6bf8336e,1,SUCCESS,,2026-07-06 21:53:58.122833
TXN_4c1f1cc5c0be,1,SUCCESS,,2026-07-19 05:16:20.122833
TXN_66dc163f86c9,1,FAILED,BANK_DECLINED,2026-08-14 10:22:56.122833
TXN_66dc163f86c9,2,SUCCESS,,2026-08-14 11:03:56.122833
TXN_e95b85e0c4a3,1,FAILED,NETWORK_TIMEOUT,2026-06-03 18:16:29.122833
TXN_e95b85e0c4a3,2,SUCCESS,,2026-06-03 18:38:29.122833
TXN_119887678c72,1,SUCCESS,,2026-07-26 14:04:32.122833
TXN_60c8f33b0843,1,SUCCESS,,2026-08-19 15:09:28.122833
TXN_8828f9385cce,1,SUCCESS,,2026-06-23 04:41:57.122833
TXN_aeca6b7289d5,1,SUCCESS,,2026-07-09 04:40:12.122833
TXN_6113c0cb0b7e,1,SUCCESS,,2026-08-15 15:48:11.122833
TXN_fa4d02dd49a3,1,SUCCESS,,2026-07-15 13:53:50.122833
TXN_6b0c52bf7c48,1,FAILED,CARD_EXPIRED,2026-07-19 03:42:28.122833
TXN_5c665d30d056,1,SUCCESS,,2026-07-14 09:16:45.122833
TXN_e43e1315599d,1,SUCCESS,,2026-07-06 02:06:19.122833
TXN_1bf2b4df6d37,1,FAILED,AUTHENTICATION_FAILED,2026-08-27 15:03:13.122833
TXN_5b2b7f8545f9,1,SUCCESS,,2026-07-03 23:19:03.122833
TXN_6d5d189f51dd,1,SUCCESS,,2026-08-29 18:49:09.122833
TXN_d638f940a4db,1,SUCCESS,,2026-06-05 03:55:45.122833
TXN_87fd353693ec,1,SUCCESS,,2026-06-18 12:09:08.122833
TXN_493acfda1a77,1,SUCCESS,,2026-07-16 09:01:49.122833
TXN_6723ae561b67,1,SUCCESS,,2026-07-24 07:29:24.122833
TXN_4750da2c4da7,1,SUCCESS,,2026-07-26 15:27:10.122833
TXN_1711411eaa33,1,SUCCESS,,2026-06-25 02:36:17.122833
TXN_eb59195bf4bb,1,FAILED,CARD_EXPIRED,2026-07-23 22:22:14.122833
TXN_9cad0438f4a9,1,SUCCESS,,2026-08-14 04:11:04.122833
TXN_c6ead42fb677,1,SUCCESS,,2026-07-16 13:11:35.122833
TXN_07e33f0a47cf,1,SUCCESS,,2026-06-27 04:16:57.122833
TXN_0ef8798d2378,1,SUCCESS,,2026-07-10 11:50:12.122833
TXN_67327cd9173f,1,FAILED,NETWORK_TIMEOUT,2026-06-20 04:20:09.122833
TXN_67327cd9173f,2,SUCCESS,,2026-06-20 04:57:09.122833
TXN_e0718d8ef192,1,SUCCESS,,2026-06-25 14:37:19.122833
TXN_1e6fb0c1f6e0,1,SUCCESS,,2026-06-29 05:12:55.122833
TXN_31362fbb750d,1,SUCCESS,,2026-08-17 20:35:43.122833
TXN_dbe5e0a2e093,1,FAILED,AUTHENTICATION_FAILED,2026-08-22 10:28:41.122833
TXN_e7bf1f41144e,1,SUCCESS,,2026-07-24 19:41:04.122833
TXN_38a45e81b440,1,SUCCESS,,2026-06-06 12:42:51.122833
TXN_257414e91fa1,1,SUCCESS,,2026-06-03 19:00:53.122833
TXN_8636e48a8bee,1,SUCCESS,,2026-07-09 11:19:32.122833
TXN_958e3db21272,1,SUCCESS,,2026-07-27 16:12:41.122833
TXN_308843ffb387,1,SUCCESS,,2026-06-30 19:09:43.122833
TXN_c804072bd803,1,SUCCESS,,2026-06-12 14:43:07.122833
TXN_aa86e12ee9dc,1,SUCCESS,,2026-08-16 19:43:29.122833
TXN_888ec64f3412,1,SUCCESS,,2026-08-26 18:34:47.122833
TXN_1c4cea43ac84,1,SUCCESS,,2026-07-03 01:29:53.122833
TXN_7a7cd7bd9d5a,1,FAILED,INSUFFICIENT_FUNDS,2026-07-27 23:18:38.122833
TXN_076a6bafc79b,1,FAILED,AUTHENTICATION_FAILED,2026-08-09 22:37:51.122833
TXN_9cf45c518de0,1,SUCCESS,,2026-07-26 23:35:09.122833
TXN_8ddc5db60797,1,SUCCESS,,2026-08-04 20:47:50.122833
TXN_b54c9a68c6c3,1,FAILED,AUTHENTICATION_FAILED,2026-06-21 01:54:06.122833
TXN_d8daed44b0f6,1,SUCCESS,,2026-07-18 02:53:39.122833
TXN_12153974a7f0,1,SUCCESS,,2026-06-26 14:31:12.122833
TXN_d6e567468b20,1,SUCCESS,,2026-07-21 02:19:36.122833
TXN_533942bae5af,1,FAILED,NETWORK_TIMEOUT,2026-07-05 02:55:01.122833
TXN_533942bae5af,2,SUCCESS,,2026-07-05 03:42:01.122833
TXN_a580496e071c,1,SUCCESS,,2026-08-03 23:41:57.122833
TXN_0504dcac2658,1,SUCCESS,,2026-08-09 23:24:04.122833
TXN_4be02f2d6370,1,SUCCESS,,2026-08-16 16:29:52.122833
TXN_74ad262b6a7a,1,SUCCESS,,2026-08-01 00:47:12.122833
TXN_967cfcfe41e2,1,FAILED,INSUFFICIENT_FUNDS,2026-07-07 03:11:17.122833
TXN_967cfcfe41e2,2,SUCCESS,,2026-07-07 05:01:17.122833
TXN_d65d4775043d,1,SUCCESS,,2026-06-25 16:01:01.122833
TXN_9d3b7185e3d3,1,SUCCESS,,2026-07-06 16:47:13.122833
TXN_cce0f83048d5,1,FAILED,BANK_DECLINED,2026-06-22 08:04:49.122833
TXN_cce0f83048d5,2,SUCCESS,,2026-06-22 09:25:49.122833
TXN_70631aed868e,1,FAILED,NETWORK_TIMEOUT,2026-06-18 13:53:17.122833
TXN_70631aed868e,2,SUCCESS,,2026-06-18 14:48:17.122833
TXN_ddd218cc4e1f,1,SUCCESS,,2026-08-26 23:12:49.122833
TXN_8b3df9000ba8,1,SUCCESS,,2026-06-05 22:17:13.122833
TXN_da587057b7f3,1,FAILED,CARD_EXPIRED,2026-07-04 13:45:40.122833
TXN_5850ae3b15b0,1,FAILED,BANK_DECLINED,2026-07-07 23:51:56.122833
TXN_fb434f247997,1,FAILED,CARD_EXPIRED,2026-06-16 09:05:51.122833
TXN_a127a8c22fae,1,SUCCESS,,2026-06-05 19:48:43.122833
TXN_3381abdec5c4,1,SUCCESS,,2026-06-10 13:36:16.122833
TXN_a4a191d258d4,1,SUCCESS,,2026-07-16 03:17:32.122833
TXN_c0d2afd52f98,1,SUCCESS,,2026-07-10 06:45:55.122833
TXN_9a73f3eca3b7,1,SUCCESS,,2026-07-19 13:00:48.122833
TXN_57d9e0e58746,1,SUCCESS,,2026-07-27 20:36:32.122833
TXN_ab596d5d7a5a,1,SUCCESS,,2026-08-11 23:50:34.122833
TXN_b78ebaac58e0,1,SUCCESS,,2026-07-19 03:32:52.122833
TXN_37559cba33be,1,SUCCESS,,2026-07-27 14:04:32.122833
TXN_e5d63bde1190,1,SUCCESS,,2026-06-05 20:03:01.122833
TXN_18807c0b9d58,1,FAILED,NETWORK_TIMEOUT,2026-08-25 03:07:55.122833
TXN_18807c0b9d58,2,SUCCESS,,2026-08-25 03:28:55.122833
TXN_db2314117690,1,FAILED,NETWORK_TIMEOUT,2026-07-13 16:55:21.122833
TXN_db2314117690,2,SUCCESS,,2026-07-13 17:42:21.122833
TXN_52ab2c9b7594,1,SUCCESS,,2026-08-06 07:54:28.122833
TXN_f9ebd39f5fd0,1,SUCCESS,,2026-07-06 13:40:53.122833
TXN_56ceea5ee36c,1,FAILED,AUTHENTICATION_FAILED,2026-06-30 19:32:11.122833
TXN_6b2e131b7fbc,1,FAILED,LIMIT_EXCEEDED,2026-08-06 13:27:17.122833
TXN_9b2ef324f41b,1,SUCCESS,,2026-06-03 18:10:58.122833
TXN_2ab3e72f225d,1,SUCCESS,,2026-07-24 08:47:43.122833
TXN_4e9f6b1df75b,1,SUCCESS,,2026-08-02 14:08:11.122833
TXN_4b46906c09b3,1,SUCCESS,,2026-06-17 06:47:58.122833
TXN_b159904345fc,1,FAILED,UPI_TIMEOUT,2026-08-17 17:39:08.122833
TXN_72d4424c345b,1,FAILED,AUTHENTICATION_FAILED,2026-06-30 13:45:22.122833
TXN_55439f8e604a,1,SUCCESS,,2026-06-08 08:28:02.122833
TXN_5fc3b47a493a,1,SUCCESS,,2026-07-28 21:31:17.122833
TXN_e56747d1114f,1,SUCCESS,,2026-06-14 03:22:52.122833
TXN_24db9a1a3184,1,FAILED,AUTHENTICATION_FAILED,2026-08-03 06:30:57.122833
TXN_cb5e439a8032,1,SUCCESS,,2026-08-04 12:05:23.122833
TXN_b61c22835aa5,1,SUCCESS,,2026-07-07 04:35:22.122833
TXN_8a2b579b0873,1,SUCCESS,,2026-07-26 04:36:30.122833
TXN_7c76696b2c45,1,SUCCESS,,2026-06-15 05:34:24.122833
TXN_71ef0c2172f7,1,SUCCESS,,2026-08-02 01:59:28.122833
TXN_137345ab0208,1,SUCCESS,,2026-08-18 06:20:34.122833
TXN_c7d0ccc5c34b,1,FAILED,AUTHENTICATION_FAILED,2026-08-13 08:35:49.122833
TXN_a707a7c08ea6,1,SUCCESS,,2026-08-30 22:51:09.122833
TXN_048cbdfbea93,1,SUCCESS,,2026-06-23 17:15:24.122833
TXN_1942b71022c3,1,SUCCESS,,2026-07-07 19:47:47.122833
TXN_6fda442ac0ca,1,SUCCESS,,2026-06-06 07:48:00.122833
TXN_19b259b0578b,1,SUCCESS,,2026-08-26 04:21:23.122833
TXN_5c5be252a1bf,1,FAILED,NETWORK_TIMEOUT,2026-08-26 06:11:48.122833
TXN_5c5be252a1bf,2,SUCCESS,,2026-08-26 06:20:48.122833
TXN_35d64ae17249,1,SUCCESS,,2026-08-09 18:57:16.122833
TXN_7e78ac2277c9,1,SUCCESS,,2026-06-05 23:36:32.122833
TXN_1f0073ead70c,1,SUCCESS,,2026-07-25 21:05:54.122833
TXN_34ac5a973cd7,1,SUCCESS,,2026-07-26 00:16:37.122833
TXN_55e5c88998a7,1,FAILED,UPI_TIMEOUT,2026-08-02 22:57:10.122833
TXN_55e5c88998a7,2,SUCCESS,,2026-08-03 00:13:10.122833
TXN_c778d428dd0e,1,SUCCESS,,2026-07-28 11:02:07.122833
TXN_f80954044688,1,FAILED,CUSTOMER_CANCELLED,2026-07-21 08:01:13.122833
TXN_0b34e0cf45fd,1,SUCCESS,,2026-07-29 21:07:55.122833
TXN_e659237cf9fc,1,SUCCESS,,2026-07-24 09:03:12.122833
TXN_2c3ee49aa618,1,SUCCESS,,2026-08-24 21:29:17.122833
TXN_7ae17609759a,1,SUCCESS,,2026-06-20 03:16:13.122833
TXN_60a1f74dacea,1,SUCCESS,,2026-07-04 04:52:10.122833
TXN_d5730c229863,1,SUCCESS,,2026-07-15 05:45:25.122833
TXN_0752a25eae81,1,SUCCESS,,2026-06-13 02:02:04.122833
TXN_bcb866544834,1,SUCCESS,,2026-06-19 07:39:19.122833
TXN_c929b96c71ca,1,SUCCESS,,2026-07-07 00:46:17.122833
TXN_60fe6fbe8837,1,FAILED,LIMIT_EXCEEDED,2026-07-20 00:08:43.122833
TXN_be110bffc31d,1,SUCCESS,,2026-08-04 11:17:40.122833
TXN_23578829ce2e,1,SUCCESS,,2026-08-04 21:42:08.122833
TXN_209d5b1916b1,1,SUCCESS,,2026-07-13 19:03:35.122833
TXN_5d8ab1027c6e,1,SUCCESS,,2026-06-28 07:59:21.122833
TXN_2a55e8b76fc6,1,SUCCESS,,2026-07-04 22:14:14.122833
TXN_dcdc6bdf0c78,1,SUCCESS,,2026-06-20 14:16:24.122833
TXN_89430848c7a5,1,SUCCESS,,2026-07-21 03:58:27.122833
TXN_4dee11da504f,1,SUCCESS,,2026-08-13 07:17:19.122833
TXN_ba6da6ba29f5,1,SUCCESS,,2026-08-05 15:56:57.122833
TXN_32019b82d7b9,1,SUCCESS,,2026-08-12 12:04:21.122833
TXN_a13c6baea359,1,SUCCESS,,2026-07-19 16:44:38.122833
TXN_489cefa4ec91,1,SUCCESS,,2026-08-20 01:04:53.122833
TXN_05056662c559,1,FAILED,NETWORK_TIMEOUT,2026-08-13 01:14:07.122833
TXN_65347cc3f6b2,1,SUCCESS,,2026-07-13 01:48:08.122833
TXN_7f649e6387e8,1,FAILED,CUSTOMER_CANCELLED,2026-06-14 08:28:01.122833
TXN_8fb47f45edeb,1,SUCCESS,,2026-06-02 22:17:30.122833
TXN_175f45bf5633,1,SUCCESS,,2026-06-21 04:05:00.122833
TXN_628ee3fd7b44,1,SUCCESS,,2026-07-26 16:14:15.122833
TXN_0f80d9463bb2,1,SUCCESS,,2026-08-22 07:01:08.122833
TXN_94131cc629a7,1,SUCCESS,,2026-07-07 13:25:27.122833
TXN_0838c6c08bb9,1,SUCCESS,,2026-06-29 02:53:52.122833
TXN_6ce405aac00f,1,SUCCESS,,2026-08-25 16:55:24.122833
TXN_218d70310ab3,1,SUCCESS,,2026-07-21 11:10:49.122833
TXN_b31393ce5620,1,SUCCESS,,2026-08-31 04:19:12.122833
TXN_72bb82730f9b,1,FAILED,NETWORK_TIMEOUT,2026-06-17 06:54:44.122833
TXN_72bb82730f9b,2,SUCCESS,,2026-06-17 07:17:44.122833
TXN_b41644451ccf,1,SUCCESS,,2026-06-20 11:53:11.122833
TXN_5d0920d43e93,1,SUCCESS,,2026-08-12 19:05:05.122833
TXN_b489e07784a4,1,SUCCESS,,2026-06-26 14:59:02.122833
TXN_40f2f15b6b4a,1,SUCCESS,,2026-08-30 12:32:35.122833
TXN_830b5b47d278,1,SUCCESS,,2026-07-05 04:42:10.122833
TXN_953e9c97ce75,1,SUCCESS,,2026-08-03 04:59:37.122833
TXN_1adfdddc6deb,1,FAILED,AUTHENTICATION_FAILED,2026-08-03 18:03:28.122833
TXN_1adfdddc6deb,2,SUCCESS,,2026-08-03 19:21:28.122833
TXN_f48f157766fa,1,SUCCESS,,2026-07-28 10:37:34.122833
TXN_b6f55559ce9b,1,FAILED,CARD_EXPIRED,2026-06-22 03:19:13.122833
TXN_15a850d8257f,1,SUCCESS,,2026-08-25 17:03:58.122833
TXN_521472923989,1,FAILED,INSUFFICIENT_FUNDS,2026-06-27 21:41:12.122833
TXN_57e90f51f24f,1,SUCCESS,,2026-07-04 16:05:56.122833
TXN_0e97e5d0d524,1,SUCCESS,,2026-07-21 06:42:07.122833
TXN_6e5d46a5ffae,1,SUCCESS,,2026-06-14 14:00:22.122833
TXN_c3d22922035f,1,SUCCESS,,2026-07-19 13:22:55.122833
TXN_eee7143e20b2,1,SUCCESS,,2026-08-30 10:47:35.122833
TXN_e35bcbe41648,1,FAILED,INSUFFICIENT_FUNDS,2026-06-12 11:35:49.122833
TXN_318451f093f8,1,SUCCESS,,2026-06-11 21:40:42.122833
TXN_cae697e1fa44,1,SUCCESS,,2026-08-20 23:59:14.122833
TXN_0213420fdbb9,1,SUCCESS,,2026-08-25 22:37:03.122833
TXN_5923aafa54e0,1,SUCCESS,,2026-08-13 05:06:15.122833
TXN_33368ef90d9c,1,SUCCESS,,2026-06-09 14:02:59.122833
TXN_a9f0d015bd99,1,SUCCESS,,2026-07-27 07:06:24.122833
TXN_572ed590df4f,1,SUCCESS,,2026-06-27 20:25:12.122833
TXN_85c9c5e9cab7,1,FAILED,AUTHENTICATION_FAILED,2026-06-04 16:26:13.122833
TXN_6b1eb70a4afb,1,SUCCESS,,2026-08-23 17:45:43.122833
TXN_caa000c7c181,1,FAILED,CARD_EXPIRED,2026-07-11 03:51:24.122833
TXN_041f650e98f5,1,SUCCESS,,2026-06-19 13:11:13.122833
TXN_a1c8926d05a6,1,SUCCESS,,2026-08-03 15:34:11.122833
TXN_4dbba87e7e6f,1,SUCCESS,,2026-06-12 18:29:09.122833
TXN_8e8f9d4b00d3,1,FAILED,UPI_TIMEOUT,2026-08-03 20:31:28.122833
TXN_8e8f9d4b00d3,2,SUCCESS,,2026-08-03 21:49:28.122833
TXN_3a3f54eec595,1,SUCCESS,,2026-07-12 23:16:29.122833
TXN_559e8766408b,1,SUCCESS,,2026-07-03 23:11:29.122833
TXN_bc25c0ca30e4,1,FAILED,CUSTOMER_CANCELLED,2026-08-31 05:38:41.122833
TXN_648dc7798066,1,SUCCESS,,2026-06-08 20:11:03.122833
TXN_c9173166e0ae,1,SUCCESS,,2026-06-20 10:57:55.122833
TXN_49e70ff36776,1,SUCCESS,,2026-06-07 09:58:55.122833
TXN_86b849981a7a,1,SUCCESS,,2026-07-26 16:37:31.122833
TXN_0049d98dd219,1,SUCCESS,,2026-06-06 16:10:01.122833
TXN_c689095fafc1,1,SUCCESS,,2026-07-23 14:45:43.122833
TXN_46d6ba145d14,1,SUCCESS,,2026-07-28 18:30:59.122833
TXN_92323cb66f0a,1,FAILED,NETWORK_TIMEOUT,2026-06-05 03:20:10.122833
TXN_92323cb66f0a,2,SUCCESS,,2026-06-05 04:31:10.122833
TXN_615b702bb6d8,1,SUCCESS,,2026-07-10 13:48:54.122833
TXN_eb292541f240,1,FAILED,UPI_TIMEOUT,2026-06-19 19:26:12.122833
TXN_eb292541f240,2,SUCCESS,,2026-06-19 20:38:12.122833
TXN_2de09bb1e472,1,SUCCESS,,2026-08-21 17:30:39.122833
TXN_0293ddcbedd1,1,FAILED,NETWORK_TIMEOUT,2026-07-24 11:16:59.122833
TXN_0293ddcbedd1,2,SUCCESS,,2026-07-24 12:45:59.122833
TXN_d49fbbe706f7,1,FAILED,AUTHENTICATION_FAILED,2026-07-17 10:32:39.122833
TXN_d62941ad85d6,1,FAILED,INSUFFICIENT_FUNDS,2026-06-17 10:07:33.122833
TXN_d62941ad85d6,2,SUCCESS,,2026-06-17 10:49:33.122833
TXN_9408caf27bc6,1,SUCCESS,,2026-07-16 15:07:43.122833
TXN_1854727c0c76,1,SUCCESS,,2026-06-06 04:58:59.122833
TXN_179c5a493a15,1,SUCCESS,,2026-07-26 01:30:46.122833
TXN_eb83a029c5ee,1,FAILED,NETWORK_TIMEOUT,2026-06-30 21:56:15.122833
TXN_eb83a029c5ee,2,SUCCESS,,2026-06-30 23:01:15.122833
TXN_f9b2e0124be6,1,SUCCESS,,2026-07-07 15:34:23.122833
TXN_9dc3c84069de,1,SUCCESS,,2026-08-20 15:06:02.122833
TXN_d2d2c175aeb2,1,SUCCESS,,2026-08-14 18:11:46.122833
TXN_5c1f946ac63f,1,SUCCESS,,2026-06-26 02:41:22.122833
TXN_03c25494d78f,1,FAILED,INSUFFICIENT_FUNDS,2026-07-08 02:03:09.122833
TXN_03c25494d78f,2,SUCCESS,,2026-07-08 04:03:09.122833
TXN_0322050bc4b8,1,SUCCESS,,2026-06-26 06:56:46.122833
TXN_d8a3be0de3d5,1,SUCCESS,,2026-07-21 02:59:11.122833
TXN_6f97792d4451,1,SUCCESS,,2026-08-12 15:27:21.122833
TXN_4ce6b58aab14,1,SUCCESS,,2026-08-26 22:08:56.122833
TXN_fb34607de91a,1,SUCCESS,,2026-08-10 04:53:35.122833
TXN_c1b4e7f2f2cd,1,SUCCESS,,2026-08-19 20:54:42.122833
TXN_d2435e424122,1,SUCCESS,,2026-06-04 09:12:30.122833
TXN_7e652c731df9,1,SUCCESS,,2026-08-27 16:25:20.122833
TXN_ba07304b2a72,1,FAILED,BANK_DECLINED,2026-07-04 08:02:26.122833
TXN_ba07304b2a72,2,SUCCESS,,2026-07-04 08:57:26.122833
TXN_eb69dd9aac7e,1,FAILED,LIMIT_EXCEEDED,2026-08-20 04:31:31.122833
TXN_e8804ce42dcc,1,SUCCESS,,2026-07-10 05:51:37.122833
TXN_2a0b5b1144e5,1,FAILED,UPI_TIMEOUT,2026-06-25 00:52:23.122833
TXN_2a0b5b1144e5,2,SUCCESS,,2026-06-25 02:13:23.122833
TXN_86e728e3c440,1,SUCCESS,,2026-06-17 18:15:07.122833
TXN_8e7ec96feb23,1,SUCCESS,,2026-07-16 04:19:35.122833
TXN_016e2e95a7da,1,SUCCESS,,2026-08-31 01:00:39.122833
TXN_b1c4f3423c7b,1,SUCCESS,,2026-08-06 05:58:19.122833
TXN_5c615371dcec,1,SUCCESS,,2026-08-28 14:09:58.122833
TXN_c53d02c25990,1,SUCCESS,,2026-07-12 16:53:10.122833
TXN_a6b03c32d8a0,1,SUCCESS,,2026-06-17 20:53:41.122833
TXN_c41820269724,1,FAILED,UPI_TIMEOUT,2026-06-11 01:09:19.122833
TXN_c41820269724,2,SUCCESS,,2026-06-11 02:52:19.122833
TXN_8186d6eed871,1,SUCCESS,,2026-06-13 05:20:56.122833
TXN_82597606c565,1,SUCCESS,,2026-08-19 21:08:49.122833
TXN_532cd0a3ab32,1,SUCCESS,,2026-06-12 02:17:22.122833
TXN_e4d7850a2848,1,SUCCESS,,2026-06-18 23:04:18.122833
TXN_786e84cda15d,1,SUCCESS,,2026-07-15 08:20:20.122833
TXN_5ba9d0762c92,1,SUCCESS,,2026-07-08 06:01:20.122833
TXN_b394800076e8,1,SUCCESS,,2026-08-10 20:36:03.122833
TXN_9ca67a960944,1,SUCCESS,,2026-08-08 23:43:50.122833
TXN_5a2013231ffa,1,SUCCESS,,2026-07-03 06:29:05.122833
TXN_54707116a883,1,SUCCESS,,2026-08-29 23:05:13.122833
TXN_ea7b48e562fa,1,FAILED,BANK_DECLINED,2026-07-11 12:51:55.122833
TXN_d33e358c3d90,1,SUCCESS,,2026-06-12 21:06:21.122833
TXN_695171dbbf53,1,FAILED,INSUFFICIENT_FUNDS,2026-06-18 08:58:30.122833
TXN_695171dbbf53,2,SUCCESS,,2026-06-18 09:50:30.122833
TXN_eebf03996318,1,SUCCESS,,2026-07-02 20:48:14.122833
TXN_5e31e83f98b7,1,SUCCESS,,2026-06-23 15:37:24.122833
TXN_017a92284954,1,FAILED,LIMIT_EXCEEDED,2026-08-31 05:19:05.122833
TXN_11ca378297bd,1,FAILED,INSUFFICIENT_FUNDS,2026-06-11 13:41:28.122833
TXN_11ca378297bd,2,SUCCESS,,2026-06-11 14:42:28.122833
TXN_97501fb4da0c,1,SUCCESS,,2026-07-30 13:44:04.122833
TXN_9207bdfd1546,1,SUCCESS,,2026-07-25 07:03:38.122833
TXN_4cc525f5631d,1,SUCCESS,,2026-06-03 07:42:02.122833
TXN_0fa6163e0034,1,SUCCESS,,2026-07-11 18:09:41.122833
TXN_778f07a98b67,1,FAILED,NETWORK_TIMEOUT,2026-06-22 15:04:12.122833
TXN_778f07a98b67,2,SUCCESS,,2026-06-22 16:33:12.122833
TXN_708b21660e19,1,SUCCESS,,2026-07-16 11:26:57.122833
TXN_b11dc7d7b543,1,FAILED,CARD_EXPIRED,2026-08-02 21:47:09.122833
TXN_55110c9967aa,1,SUCCESS,,2026-07-03 11:07:39.122833
TXN_9458a7f41861,1,FAILED,CARD_EXPIRED,2026-06-27 19:06:33.122833
TXN_2394515727bc,1,FAILED,CUSTOMER_CANCELLED,2026-08-13 00:58:46.122833
TXN_24d74a55e553,1,SUCCESS,,2026-08-11 18:36:24.122833
TXN_d324643c342b,1,SUCCESS,,2026-08-24 07:12:12.122833
TXN_3357157025d4,1,SUCCESS,,2026-06-28 22:23:13.122833
TXN_150796c19173,1,FAILED,BANK_DECLINED,2026-08-23 09:15:34.122833
TXN_150796c19173,2,SUCCESS,,2026-08-23 10:46:34.122833
TXN_bd671204f54c,1,FAILED,BANK_DECLINED,2026-07-03 09:16:11.122833
TXN_bd671204f54c,2,SUCCESS,,2026-07-03 09:28:11.122833
TXN_8da9c63ef043,1,SUCCESS,,2026-06-29 06:34:47.122833
TXN_03c443a5f457,1,FAILED,NETWORK_TIMEOUT,2026-08-04 03:30:28.122833
TXN_03c443a5f457,2,SUCCESS,,2026-08-04 04:23:28.122833
TXN_6a5910ecd25f,1,SUCCESS,,2026-06-09 17:08:08.122833
TXN_10a12dd85364,1,SUCCESS,,2026-06-07 22:05:27.122833
TXN_e0962a3917a9,1,FAILED,INSUFFICIENT_FUNDS,2026-06-12 02:14:48.122833
TXN_e696c6850157,1,FAILED,CUSTOMER_CANCELLED,2026-08-30 20:36:18.122833
TXN_e88d55c1e8e2,1,SUCCESS,,2026-06-30 10:14:51.122833
TXN_6ec69bd1eec1,1,SUCCESS,,2026-06-12 04:00:06.122833
TXN_dbd088a45018,1,SUCCESS,,2026-06-03 12:36:57.122833
TXN_fe882ae4fa01,1,SUCCESS,,2026-06-12 15:18:16.122833
TXN_59b095161395,1,SUCCESS,,2026-06-12 17:13:42.122833
TXN_dd22910b27b6,1,SUCCESS,,2026-08-13 17:17:03.122833
TXN_a3ac7adcc486,1,SUCCESS,,2026-06-03 18:03:04.122833
TXN_37d253260cc3,1,FAILED,INSUFFICIENT_FUNDS,2026-08-03 15:16:59.122833
TXN_37d253260cc3,2,SUCCESS,,2026-08-03 17:02:59.122833
TXN_f5415cc63f6c,1,SUCCESS,,2026-07-03 18:53:03.122833
TXN_104f7299c1e1,1,SUCCESS,,2026-06-24 16:17:44.122833
TXN_e6d46674c04e,1,SUCCESS,,2026-08-03 03:41:17.122833
TXN_a345bcaec5d1,1,SUCCESS,,2026-08-22 22:36:43.122833
TXN_b5b4c3ddb047,1,SUCCESS,,2026-08-05 03:12:28.122833
TXN_ef98444dbe85,1,SUCCESS,,2026-08-15 07:05:40.122833
TXN_c1dc76c13c43,1,SUCCESS,,2026-08-16 12:42:27.122833
TXN_9bacf47ee43b,1,FAILED,UPI_TIMEOUT,2026-06-10 00:37:48.122833
TXN_9bacf47ee43b,2,SUCCESS,,2026-06-10 01:34:48.122833
TXN_90f671cb5ad5,1,SUCCESS,,2026-06-07 08:02:01.122833
TXN_576259554482,1,SUCCESS,,2026-06-04 09:34:08.122833
TXN_2b4715737f28,1,SUCCESS,,2026-07-11 05:22:17.122833
TXN_8916ded46956,1,SUCCESS,,2026-08-13 05:27:01.122833
TXN_79dda582fbee,1,SUCCESS,,2026-08-18 02:10:13.122833
TXN_78054751d284,1,SUCCESS,,2026-08-31 02:04:58.122833
TXN_205f922d58e7,1,SUCCESS,,2026-08-12 11:12:18.122833
TXN_a2768f69c2b4,1,SUCCESS,,2026-08-13 13:02:39.122833
TXN_8f40b5d4cbf6,1,SUCCESS,,2026-06-10 01:42:20.122833
TXN_6409d40161a4,1,SUCCESS,,2026-08-25 06:35:14.122833
TXN_4ac5c7ae523c,1,FAILED,BANK_DECLINED,2026-08-22 02:33:09.122833
TXN_4ac5c7ae523c,2,SUCCESS,,2026-08-22 02:54:09.122833
TXN_d13c4629e9b2,1,SUCCESS,,2026-08-04 07:50:31.122833
TXN_4afe468cdd35,1,SUCCESS,,2026-08-13 00:41:12.122833
TXN_35ffbe441133,1,SUCCESS,,2026-06-11 05:49:10.122833
TXN_3d3943231f9f,1,SUCCESS,,2026-07-17 07:03:28.122833
TXN_4d07971db2c2,1,SUCCESS,,2026-06-17 00:26:29.122833
TXN_2ce0e2cc2283,1,SUCCESS,,2026-06-20 14:19:27.122833
TXN_24e10036efbe,1,SUCCESS,,2026-08-21 15:44:17.122833
TXN_2cb52af705b5,1,SUCCESS,,2026-08-15 01:31:48.122833
TXN_74111d217c4e,1,FAILED,BANK_DECLINED,2026-08-09 11:51:39.122833
TXN_74111d217c4e,2,SUCCESS,,2026-08-09 13:47:39.122833
TXN_8dcfda67cdfd,1,SUCCESS,,2026-08-18 09:53:42.122833
TXN_d42f220dfe29,1,SUCCESS,,2026-06-22 04:00:37.122833
TXN_365789e67bb6,1,SUCCESS,,2026-06-20 01:33:28.122833
TXN_b6914ad806ba,1,SUCCESS,,2026-06-17 06:21:46.122833
TXN_e5cea134388f,1,SUCCESS,,2026-06-25 18:00:59.122833
TXN_ea97e29be32c,1,SUCCESS,,2026-07-16 19:23:36.122833
TXN_bb19ebc79e02,1,SUCCESS,,2026-06-07 11:50:18.122833
TXN_5f69076ae425,1,SUCCESS,,2026-08-05 23:28:25.122833
TXN_6a7565ba5bed,1,SUCCESS,,2026-08-19 22:11:37.122833
TXN_3bba6a661967,1,SUCCESS,,2026-08-08 12:03:15.122833
TXN_ef11efac71c6,1,SUCCESS,,2026-08-19 08:11:34.122833
TXN_37ebe8c2741e,1,SUCCESS,,2026-08-17 16:31:26.122833
TXN_ab374e2cc02c,1,SUCCESS,,2026-06-17 01:28:17.122833
TXN_c380e789fb6a,1,FAILED,AUTHENTICATION_FAILED,2026-08-17 19:15:25.122833
TXN_2b27c64618e6,1,SUCCESS,,2026-07-03 17:27:44.122833
TXN_0f4b56003af1,1,FAILED,NETWORK_TIMEOUT,2026-08-05 06:01:47.122833
TXN_0f4b56003af1,2,SUCCESS,,2026-08-05 07:21:47.122833
TXN_c3542287bd46,1,SUCCESS,,2026-07-08 19:24:52.122833
TXN_456ccbf049f5,1,FAILED,CARD_EXPIRED,2026-07-11 22:05:46.122833
TXN_e05ebb829084,1,FAILED,NETWORK_TIMEOUT,2026-08-10 16:12:02.122833
TXN_e05ebb829084,2,SUCCESS,,2026-08-10 16:45:02.122833
TXN_226b341f4c1c,1,SUCCESS,,2026-06-14 20:12:13.122833
TXN_aa5e4e559f79,1,FAILED,CARD_EXPIRED,2026-07-19 14:23:23.122833
TXN_cb606c03a57d,1,FAILED,INSUFFICIENT_FUNDS,2026-08-25 02:33:28.122833
TXN_cb606c03a57d,2,SUCCESS,,2026-08-25 02:59:28.122833
TXN_1a722cde9708,1,FAILED,UPI_TIMEOUT,2026-07-28 11:25:33.122833
TXN_1a722cde9708,2,SUCCESS,,2026-07-28 12:57:33.122833
TXN_ba0bef6d3eec,1,SUCCESS,,2026-07-19 04:56:05.122833
TXN_7eedd8ff2475,1,SUCCESS,,2026-07-23 00:08:25.122833
TXN_48419c90e9a8,1,SUCCESS,,2026-07-13 18:56:27.122833
TXN_21495719c91d,1,FAILED,AUTHENTICATION_FAILED,2026-08-04 15:48:53.122833
TXN_ffbf29686122,1,SUCCESS,,2026-06-22 21:41:48.122833
TXN_1ca492f816a0,1,SUCCESS,,2026-08-31 10:43:19.122833
TXN_8a4c0f18cc91,1,SUCCESS,,2026-07-25 11:03:32.122833
TXN_3340fcf2faf7,1,SUCCESS,,2026-06-21 18:12:20.122833
TXN_02a79285950a,1,SUCCESS,,2026-08-19 15:42:08.122833
TXN_965a9fff9cee,1,SUCCESS,,2026-07-15 20:11:32.122833
TXN_94b72c5f7a35,1,SUCCESS,,2026-07-02 07:51:36.122833
TXN_86408282c2c5,1,SUCCESS,,2026-08-27 06:20:49.122833
TXN_e5fa9624e21d,1,SUCCESS,,2026-07-03 20:28:05.122833
TXN_7306a6cc1709,1,SUCCESS,,2026-08-30 15:38:27.122833
TXN_e71b78f4df46,1,FAILED,INSUFFICIENT_FUNDS,2026-06-05 06:17:22.122833
TXN_1922747721e1,1,SUCCESS,,2026-06-25 03:45:38.122833
TXN_7cec0aeadd0a,1,SUCCESS,,2026-08-12 09:25:50.122833
TXN_a2ee66841fc7,1,SUCCESS,,2026-08-15 18:04:10.122833
TXN_32e155611bae,1,SUCCESS,,2026-06-23 21:05:43.122833
TXN_e517e2231c51,1,SUCCESS,,2026-06-12 08:06:55.122833
TXN_563d94a7ad76,1,FAILED,BANK_DECLINED,2026-08-13 18:51:25.122833
TXN_563d94a7ad76,2,SUCCESS,,2026-08-13 19:30:25.122833
TXN_73f8be966db9,1,SUCCESS,,2026-08-07 17:21:24.122833
TXN_6959cca32326,1,SUCCESS,,2026-07-11 14:08:07.122833
TXN_7615f09e9148,1,SUCCESS,,2026-08-18 04:19:30.122833
TXN_9a0a7c42ca6b,1,SUCCESS,,2026-07-29 21:49:22.122833
TXN_d69e61442777,1,SUCCESS,,2026-07-20 04:19:15.122833
TXN_109d41997bef,1,FAILED,NETWORK_TIMEOUT,2026-06-08 03:21:10.122833
TXN_bf2411383bff,1,SUCCESS,,2026-06-03 09:59:15.122833
TXN_eb733a6299df,1,FAILED,BANK_DECLINED,2026-06-23 02:30:49.122833
TXN_33a86f1491a7,1,SUCCESS,,2026-08-26 22:51:37.122833
TXN_04dd899c797f,1,SUCCESS,,2026-07-22 19:54:01.122833
TXN_7faef8bb763d,1,FAILED,AUTHENTICATION_FAILED,2026-06-20 07:38:53.122833
TXN_50a256ce82d5,1,SUCCESS,,2026-07-01 14:02:47.122833
TXN_680aeb35afd1,1,SUCCESS,,2026-07-07 13:39:29.122833
TXN_f5cbdff12ff7,1,FAILED,BANK_DECLINED,2026-07-04 11:46:02.122833
TXN_f5cbdff12ff7,2,SUCCESS,,2026-07-04 13:46:02.122833
TXN_15140e47558c,1,SUCCESS,,2026-08-11 03:56:27.122833
TXN_30bada7b43df,1,SUCCESS,,2026-08-02 05:01:23.122833
TXN_3e4d348630a8,1,SUCCESS,,2026-08-29 14:43:18.122833
TXN_b2575b602919,1,SUCCESS,,2026-07-25 21:00:19.122833
TXN_e1adbae21e54,1,FAILED,LIMIT_EXCEEDED,2026-07-03 01:30:59.122833
TXN_e1adbae21e54,2,SUCCESS,,2026-07-03 02:42:59.122833
TXN_0e463c5a496b,1,SUCCESS,,2026-06-12 04:23:23.122833
TXN_9e6504d40e43,1,FAILED,CARD_EXPIRED,2026-07-24 23:44:24.122833
TXN_2536c2956f64,1,SUCCESS,,2026-07-03 20:17:26.122833
TXN_9612cc0229be,1,FAILED,LIMIT_EXCEEDED,2026-08-09 06:32:41.122833
TXN_32769b7a16ca,1,SUCCESS,,2026-06-28 04:27:26.122833
TXN_d5fbe585b40b,1,SUCCESS,,2026-06-07 23:45:47.122833
TXN_f58ebe20021c,1,FAILED,NETWORK_TIMEOUT,2026-08-31 05:40:17.122833
TXN_f58ebe20021c,2,SUCCESS,,2026-08-31 06:07:17.122833
TXN_c306e6fe1e52,1,SUCCESS,,2026-06-03 12:46:49.122833
TXN_1bfa23850af9,1,SUCCESS,,2026-08-04 07:37:38.122833
TXN_dca1537b19a2,1,SUCCESS,,2026-06-26 03:58:36.122833
TXN_3d134380f618,1,SUCCESS,,2026-08-25 11:51:09.122833
TXN_5d697dd657ee,1,FAILED,INSUFFICIENT_FUNDS,2026-08-02 16:22:56.122833
TXN_108427b8da8e,1,SUCCESS,,2026-06-09 14:30:42.122833
TXN_208255f5d800,1,SUCCESS,,2026-07-07 11:42:43.122833
TXN_9be6af2c2149,1,SUCCESS,,2026-06-06 12:02:17.122833
TXN_756f30615ddc,1,SUCCESS,,2026-06-27 08:15:17.122833
TXN_9fce68b01a4f,1,SUCCESS,,2026-08-18 11:42:23.122833
TXN_27a18c31a3d5,1,SUCCESS,,2026-07-06 16:16:11.122833
TXN_83ecc18abee2,1,SUCCESS,,2026-07-29 00:06:16.122833
TXN_b41041fa2eb3,1,SUCCESS,,2026-07-03 07:17:39.122833
TXN_56ebdaf6af17,1,SUCCESS,,2026-06-06 10:27:33.122833
TXN_8d46c087f468,1,SUCCESS,,2026-07-21 20:05:34.122833
TXN_b991e56aae30,1,SUCCESS,,2026-07-06 20:41:26.122833
TXN_8c328487f641,1,SUCCESS,,2026-06-14 00:09:48.122833
TXN_066d4a4b3433,1,FAILED,UPI_TIMEOUT,2026-06-13 04:00:08.122833
TXN_066d4a4b3433,2,SUCCESS,,2026-06-13 05:49:08.122833
TXN_193e693a15aa,1,SUCCESS,,2026-08-16 22:18:07.122833
TXN_378e67e39d6d,1,SUCCESS,,2026-07-19 07:14:21.122833
TXN_31ada96158fe,1,FAILED,NETWORK_TIMEOUT,2026-08-05 19:18:52.122833
TXN_31ada96158fe,2,SUCCESS,,2026-08-05 21:07:52.122833
TXN_5f8d6e96827b,1,SUCCESS,,2026-08-02 08:41:08.122833
TXN_fc7af4c2a864,1,SUCCESS,,2026-08-09 14:51:15.122833
TXN_319cd0e5fbe6,1,SUCCESS,,2026-06-18 08:13:41.122833
TXN_47abf9031586,1,SUCCESS,,2026-06-27 06:10:47.122833
TXN_95f79f8ae3f2,1,SUCCESS,,2026-07-08 01:58:48.122833
TXN_fadfa8a10123,1,SUCCESS,,2026-06-26 23:55:30.122833
TXN_017247935d7b,1,SUCCESS,,2026-06-20 13:57:33.122833
TXN_5ccc2250b7f2,1,SUCCESS,,2026-08-25 11:30:22.122833
TXN_a78eb7d0bccb,1,SUCCESS,,2026-08-07 16:30:06.122833
TXN_0172d2e4912e,1,SUCCESS,,2026-06-17 20:28:41.122833
TXN_fd6713f40608,1,SUCCESS,,2026-06-11 13:28:43.122833
TXN_be938ab2d0ee,1,SUCCESS,,2026-08-29 21:37:38.122833
TXN_e95c2c21d965,1,SUCCESS,,2026-07-28 08:53:22.122833
TXN_bbb47b726e2f,1,SUCCESS,,2026-06-27 08:43:03.122833
TXN_325224f7becb,1,SUCCESS,,2026-06-17 14:45:54.122833
TXN_96f602283e85,1,SUCCESS,,2026-07-20 14:14:25.122833
TXN_cfe5491407fd,1,SUCCESS,,2026-07-19 01:09:38.122833
TXN_98cdc95b2596,1,SUCCESS,,2026-08-19 13:02:18.122833
TXN_034f450bc786,1,SUCCESS,,2026-07-24 03:59:21.122833
TXN_d5a5b530d5fe,1,SUCCESS,,2026-06-13 10:12:47.122833
TXN_9e083f365e01,1,SUCCESS,,2026-06-14 21:49:20.122833
TXN_e205f43eae0d,1,SUCCESS,,2026-08-19 22:11:06.122833
TXN_ca83c1c7bc3b,1,SUCCESS,,2026-08-08 19:00:35.122833
TXN_23c899e3a7ae,1,SUCCESS,,2026-06-18 11:46:15.122833
TXN_14e155ff4f95,1,SUCCESS,,2026-08-04 13:48:47.122833
TXN_78912efda5ea,1,SUCCESS,,2026-07-20 18:38:05.122833
TXN_0a227c10114d,1,SUCCESS,,2026-07-13 10:06:29.122833
TXN_8a85f9562e89,1,SUCCESS,,2026-08-02 14:31:40.122833
TXN_2b888ca394f7,1,SUCCESS,,2026-08-18 22:21:09.122833
TXN_ecef89513370,1,SUCCESS,,2026-07-19 16:20:57.122833
TXN_5070596e6f05,1,SUCCESS,,2026-07-18 22:56:47.122833
TXN_a3f684e3ba17,1,FAILED,UPI_TIMEOUT,2026-06-05 21:42:23.122833
TXN_a3f684e3ba17,2,SUCCESS,,2026-06-05 23:29:23.122833
TXN_38c43a66087c,1,SUCCESS,,2026-06-15 16:23:58.122833
TXN_1a0582bb8532,1,SUCCESS,,2026-06-10 21:42:53.122833
TXN_179636c577c7,1,FAILED,AUTHENTICATION_FAILED,2026-06-06 01:44:26.122833
TXN_bfe5e2d1a099,1,FAILED,CARD_EXPIRED,2026-07-03 17:40:13.122833
TXN_8cf6f6843828,1,SUCCESS,,2026-06-23 14:46:31.122833
TXN_b362ea99949b,1,SUCCESS,,2026-07-25 22:57:58.122833
TXN_2bc5f461cdd1,1,SUCCESS,,2026-08-05 03:27:00.122833
TXN_d251e8495cd2,1,FAILED,CARD_EXPIRED,2026-07-12 09:44:06.122833
TXN_f41a45a33c5c,1,FAILED,NETWORK_TIMEOUT,2026-06-02 21:52:38.122833
TXN_f41a45a33c5c,2,SUCCESS,,2026-06-02 21:56:38.122833
TXN_e68d65edbf19,1,SUCCESS,,2026-08-28 20:00:52.122833
TXN_50855125cb4f,1,FAILED,BANK_DECLINED,2026-06-18 04:28:11.122833
TXN_50855125cb4f,2,SUCCESS,,2026-06-18 04:35:11.122833
TXN_0ba0ca221ce7,1,SUCCESS,,2026-08-10 05:16:10.122833
TXN_ed66e7c34417,1,SUCCESS,,2026-08-06 20:49:26.122833
TXN_c5360cb4926d,1,FAILED,UPI_TIMEOUT,2026-07-26 12:21:36.122833
TXN_c5360cb4926d,2,SUCCESS,,2026-07-26 12:31:36.122833
TXN_57b336ee89f2,1,FAILED,BANK_DECLINED,2026-08-12 23:55:36.122833
TXN_57b336ee89f2,2,SUCCESS,,2026-08-13 01:02:36.122833
TXN_83664d0edf19,1,FAILED,INSUFFICIENT_FUNDS,2026-06-25 09:23:02.122833
TXN_83664d0edf19,2,SUCCESS,,2026-06-25 10:43:02.122833
TXN_8dd34ce06a5f,1,SUCCESS,,2026-08-18 02:26:33.122833
TXN_5f7c44ed526d,1,SUCCESS,,2026-06-28 06:00:07.122833
TXN_2cea08b421a9,1,FAILED,CARD_EXPIRED,2026-06-21 16:21:00.122833
TXN_5361580425ea,1,SUCCESS,,2026-08-22 06:50:14.122833
TXN_eeacc8337ec3,1,SUCCESS,,2026-07-20 17:30:01.122833
TXN_8eeb7b01c73c,1,SUCCESS,,2026-06-29 14:36:09.122833
TXN_3af02d3d017b,1,SUCCESS,,2026-07-29 12:49:11.122833
TXN_50dff48523a3,1,FAILED,LIMIT_EXCEEDED,2026-07-04 23:52:44.122833
TXN_116b10f8ea44,1,SUCCESS,,2026-07-05 21:51:45.122833
TXN_2907fb3b28fc,1,SUCCESS,,2026-06-09 18:41:55.122833
TXN_1a31b34b4383,1,SUCCESS,,2026-08-02 06:26:46.122833
TXN_3a8aa3ef8bb7,1,FAILED,LIMIT_EXCEEDED,2026-06-04 15:36:44.122833
TXN_3a8aa3ef8bb7,2,SUCCESS,,2026-06-04 16:53:44.122833
TXN_5c61339ee2d0,1,SUCCESS,,2026-07-02 11:45:46.122833
TXN_b124a4ca1a49,1,SUCCESS,,2026-07-01 16:36:13.122833
TXN_17a4b282a0eb,1,SUCCESS,,2026-06-19 15:31:11.122833
TXN_44c734fa2173,1,SUCCESS,,2026-06-02 23:10:28.122833
TXN_385741dcc3a4,1,SUCCESS,,2026-08-29 17:17:16.122833
TXN_a01419024a8b,1,SUCCESS,,2026-07-28 04:04:02.122833
TXN_ad30141145ba,1,SUCCESS,,2026-06-09 05:12:55.122833
TXN_51bbaf8bdec3,1,SUCCESS,,2026-08-29 12:45:07.122833
TXN_6848c76cbe7f,1,FAILED,CARD_EXPIRED,2026-06-11 21:48:01.122833
TXN_6848c76cbe7f,2,SUCCESS,,2026-06-11 23:00:01.122833
TXN_f8227f10bbe4,1,SUCCESS,,2026-08-21 20:00:56.122833
TXN_d9873e58d269,1,SUCCESS,,2026-07-08 06:33:38.122833
TXN_c2f45cfaef74,1,FAILED,CARD_EXPIRED,2026-08-04 08:21:38.122833
TXN_aad25b76270a,1,FAILED,AUTHENTICATION_FAILED,2026-08-21 21:37:43.122833
TXN_aad25b76270a,2,SUCCESS,,2026-08-21 22:56:43.122833
TXN_8afa7d8192ec,1,SUCCESS,,2026-08-27 02:09:31.122833
TXN_63ce495a4965,1,SUCCESS,,2026-07-24 01:07:26.122833
TXN_7af22508cd41,1,SUCCESS,,2026-06-26 00:41:02.122833
TXN_87a4384da887,1,SUCCESS,,2026-08-12 23:17:57.122833
TXN_10431c4e8454,1,FAILED,CUSTOMER_CANCELLED,2026-07-18 16:57:27.122833
TXN_189b9798c9f0,1,SUCCESS,,2026-07-28 11:16:18.122833
TXN_0357d6fd889a,1,FAILED,NETWORK_TIMEOUT,2026-08-23 07:02:59.122833
TXN_0357d6fd889a,2,SUCCESS,,2026-08-23 08:48:59.122833
TXN_f63bac5d6291,1,SUCCESS,,2026-07-31 11:12:10.122833
TXN_eb12c23ba888,1,SUCCESS,,2026-08-07 04:33:54.122833
TXN_3738324ff524,1,FAILED,CARD_EXPIRED,2026-07-10 21:47:27.122833
TXN_01e060791abe,1,SUCCESS,,2026-07-29 19:15:44.122833
TXN_957cd7c945fc,1,FAILED,BANK_DECLINED,2026-07-27 21:09:09.122833
TXN_5e9cea43447e,1,SUCCESS,,2026-08-24 14:43:46.122833
TXN_d3f6fd6c8207,1,SUCCESS,,2026-07-19 05:08:29.122833
TXN_039e07da6675,1,FAILED,NETWORK_TIMEOUT,2026-06-10 16:51:08.122833
TXN_039e07da6675,2,SUCCESS,,2026-06-10 17:10:08.122833
TXN_d79c3ac39785,1,SUCCESS,,2026-07-30 13:01:43.122833
TXN_4f1960213585,1,FAILED,INSUFFICIENT_FUNDS,2026-06-20 07:56:56.122833
TXN_be3c8477ab41,1,SUCCESS,,2026-06-23 23:56:16.122833
TXN_9a23cbbc0829,1,SUCCESS,,2026-06-04 13:24:19.122833
TXN_9c4c919e949e,1,FAILED,LIMIT_EXCEEDED,2026-07-27 15:03:18.122833
TXN_7f3324c25292,1,SUCCESS,,2026-08-17 23:32:22.122833
TXN_5eff41074468,1,SUCCESS,,2026-07-13 14:28:20.122833
TXN_9ebb79f992c0,1,SUCCESS,,2026-07-11 00:18:50.122833
TXN_76414361e3b2,1,SUCCESS,,2026-06-22 22:33:58.122833
TXN_c7bfa96074d5,1,SUCCESS,,2026-08-27 06:10:40.122833
TXN_00e13a97f4f7,1,SUCCESS,,2026-07-15 14:26:38.122833
TXN_1054b360d5d2,1,SUCCESS,,2026-07-18 22:12:13.122833
TXN_fc5acc2729f1,1,SUCCESS,,2026-08-06 01:47:10.122833
TXN_8298ec2c9d09,1,SUCCESS,,2026-07-07 11:58:06.122833
TXN_198966d9bc0e,1,SUCCESS,,2026-06-03 06:14:14.122833
TXN_3fedebf75af3,1,SUCCESS,,2026-06-23 06:56:49.122833
TXN_e7d8d4752337,1,SUCCESS,,2026-08-05 13:51:53.122833
TXN_a85664814b47,1,SUCCESS,,2026-08-05 17:30:30.122833
TXN_6ca074ac1c97,1,FAILED,BANK_DECLINED,2026-06-10 01:12:11.122833
TXN_6ca074ac1c97,2,SUCCESS,,2026-06-10 01:30:11.122833
TXN_6be16009d6b1,1,SUCCESS,,2026-08-30 20:34:49.122833
TXN_0ca031dff793,1,FAILED,CARD_EXPIRED,2026-06-04 02:36:00.122833
TXN_ca8606f3cef8,1,SUCCESS,,2026-07-05 02:07:51.122833
TXN_38402c77596e,1,SUCCESS,,2026-06-07 17:52:09.122833
TXN_042956ea06d8,1,SUCCESS,,2026-06-26 19:51:40.122833
TXN_82e7918e7ee4,1,SUCCESS,,2026-06-10 16:50:29.122833
TXN_03fc1be417e3,1,SUCCESS,,2026-07-02 00:01:00.122833
TXN_74ea5d6ad489,1,SUCCESS,,2026-08-31 04:28:02.122833
TXN_59a655080d13,1,SUCCESS,,2026-08-30 01:52:34.122833
TXN_3d29225958df,1,SUCCESS,,2026-08-22 05:38:10.122833
TXN_b59b44643d3d,1,SUCCESS,,2026-08-19 03:47:28.122833
TXN_7298dc372ef5,1,SUCCESS,,2026-07-19 15:52:44.122833
TXN_384578e8e65e,1,SUCCESS,,2026-08-30 05:16:03.122833
TXN_210f49cd1e25,1,SUCCESS,,2026-07-18 10:39:32.122833
TXN_68fbec12fb11,1,FAILED,INSUFFICIENT_FUNDS,2026-07-11 12:05:23.122833
TXN_a01a79e4d803,1,SUCCESS,,2026-08-05 23:05:29.122833
TXN_d9cab1421b9c,1,SUCCESS,,2026-08-15 09:28:58.122833
TXN_5f770ebea937,1,SUCCESS,,2026-07-22 21:54:40.122833
TXN_35a9cfcccd50,1,SUCCESS,,2026-07-01 17:40:12.122833
TXN_4efa3ae81c33,1,FAILED,CUSTOMER_CANCELLED,2026-07-08 10:24:57.122833
TXN_dc51d8923b9d,1,SUCCESS,,2026-08-06 18:17:27.122833
TXN_0e2405ca7234,1,SUCCESS,,2026-07-26 15:28:17.122833
TXN_1109a048b515,1,SUCCESS,,2026-08-27 18:35:19.122833
TXN_27ef8a62bd8c,1,SUCCESS,,2026-08-29 13:49:00.122833
TXN_e5a731611d10,1,SUCCESS,,2026-08-15 22:41:57.122833
TXN_ed08d0f52eea,1,FAILED,AUTHENTICATION_FAILED,2026-07-24 01:26:07.122833
TXN_f91b29a970bc,1,FAILED,AUTHENTICATION_FAILED,2026-07-04 11:36:23.122833
TXN_bef5d0356b10,1,SUCCESS,,2026-07-12 21:30:12.122833
TXN_895689ab9a2e,1,SUCCESS,,2026-08-26 19:42:28.122833
TXN_4aaaf333f682,1,SUCCESS,,2026-06-27 08:03:37.122833
TXN_ba8c9f6403c3,1,SUCCESS,,2026-07-01 05:19:43.122833
TXN_f71e9343f63b,1,SUCCESS,,2026-08-05 15:01:49.122833
TXN_59252adccad8,1,SUCCESS,,2026-07-24 12:42:47.122833
TXN_c06b4490525e,1,SUCCESS,,2026-07-18 11:09:16.122833
TXN_cb208935c8e4,1,FAILED,CUSTOMER_CANCELLED,2026-08-17 23:45:56.122833
TXN_36c99e81b72a,1,SUCCESS,,2026-07-02 23:26:55.122833
TXN_4f476a33ca7e,1,SUCCESS,,2026-06-06 06:20:55.122833
TXN_42aa2d394b9e,1,SUCCESS,,2026-08-22 08:23:46.122833
TXN_fe64f1427437,1,SUCCESS,,2026-08-13 16:43:15.122833
TXN_14ad4209df2b,1,SUCCESS,,2026-07-26 08:20:21.122833
TXN_9d467c8dac8c,1,SUCCESS,,2026-07-16 22:12:41.122833
TXN_8b4ab10e1714,1,SUCCESS,,2026-07-19 10:00:56.122833
TXN_94296127daa8,1,SUCCESS,,2026-06-11 13:31:54.122833
TXN_92e3a7a9563d,1,SUCCESS,,2026-08-15 08:38:53.122833
TXN_bb37b38b8339,1,SUCCESS,,2026-06-03 15:14:06.122833
TXN_cee390206be2,1,SUCCESS,,2026-06-17 23:33:26.122833
TXN_6a48aabeec56,1,SUCCESS,,2026-07-24 12:23:25.122833
TXN_ac52dd97efad,1,SUCCESS,,2026-08-17 19:53:11.122833
TXN_ed8588e3314b,1,SUCCESS,,2026-06-19 03:50:24.122833
TXN_57213fe38015,1,SUCCESS,,2026-08-20 01:27:07.122833
TXN_b09083bf0446,1,SUCCESS,,2026-07-29 23:15:20.122833
TXN_0981e0f5ba27,1,SUCCESS,,2026-06-11 09:29:15.122833
TXN_205597fdc181,1,SUCCESS,,2026-08-19 00:54:04.122833
TXN_c48b83cefae5,1,SUCCESS,,2026-06-04 00:17:09.122833
TXN_1b2be52ee232,1,SUCCESS,,2026-08-21 13:57:49.122833
TXN_43224bec4358,1,SUCCESS,,2026-06-18 22:46:15.122833
TXN_faa90f60ed2c,1,SUCCESS,,2026-07-17 00:50:02.122833
TXN_4e958db0dd72,1,FAILED,LIMIT_EXCEEDED,2026-07-06 17:59:01.122833
TXN_f5d971422c2f,1,SUCCESS,,2026-07-15 03:14:18.122833
TXN_a04cca9eacd1,1,FAILED,INSUFFICIENT_FUNDS,2026-06-17 07:47:22.122833
TXN_a04cca9eacd1,2,SUCCESS,,2026-06-17 08:29:22.122833
TXN_002c19cf8aba,1,FAILED,CUSTOMER_CANCELLED,2026-07-25 04:35:17.122833
TXN_fae7b1d6c1c0,1,SUCCESS,,2026-08-24 16:42:41.122833
TXN_bd9b2c1bb2c8,1,SUCCESS,,2026-07-22 10:44:55.122833
TXN_4df8f57fc979,1,SUCCESS,,2026-06-16 23:37:50.122833
TXN_0721adf66423,1,SUCCESS,,2026-08-30 07:27:30.122833
TXN_2b16bc3c8f91,1,FAILED,LIMIT_EXCEEDED,2026-07-26 21:16:39.122833
TXN_4d95ec09e851,1,FAILED,CUSTOMER_CANCELLED,2026-08-25 07:11:16.122833
TXN_13d8a482521f,1,FAILED,UPI_TIMEOUT,2026-08-30 09:55:39.122833
TXN_13d8a482521f,2,SUCCESS,,2026-08-30 10:00:39.122833
TXN_3b8c21d7a6a2,1,SUCCESS,,2026-06-07 12:57:19.122833
TXN_c5fc43f79922,1,SUCCESS,,2026-07-22 15:02:26.122833
TXN_718990cf87d4,1,SUCCESS,,2026-08-14 22:13:00.122833
TXN_7d65ebad751c,1,FAILED,CARD_EXPIRED,2026-06-29 11:00:48.122833
TXN_764fe468aea2,1,SUCCESS,,2026-08-10 23:25:49.122833
TXN_023fb7cbd8d4,1,SUCCESS,,2026-07-20 19:17:28.122833
TXN_670a8c172070,1,FAILED,INSUFFICIENT_FUNDS,2026-06-26 09:12:01.122833
TXN_e81e35351585,1,SUCCESS,,2026-07-17 23:40:06.122833
TXN_1a011c7d0ebf,1,SUCCESS,,2026-08-14 04:20:39.122833
TXN_1dcf9c09dc6b,1,FAILED,NETWORK_TIMEOUT,2026-06-14 21:06:13.122833
TXN_1dcf9c09dc6b,2,SUCCESS,,2026-06-14 22:52:13.122833
TXN_87093ec08346,1,FAILED,INSUFFICIENT_FUNDS,2026-07-13 21:44:30.122833
TXN_202bd72ceddc,1,SUCCESS,,2026-08-16 03:47:54.122833
TXN_fe27f9a32ff1,1,SUCCESS,,2026-08-28 11:55:11.122833
TXN_e877d21b4b7a,1,SUCCESS,,2026-07-04 11:35:59.122833
TXN_02c9c00f33f1,1,SUCCESS,,2026-07-25 05:10:28.122833
TXN_38dc9d68210d,1,SUCCESS,,2026-07-22 03:57:55.122833
TXN_f631d3dc71b9,1,SUCCESS,,2026-07-06 01:02:53.122833
TXN_5e08e863ebe2,1,FAILED,CUSTOMER_CANCELLED,2026-07-24 15:54:15.122833
TXN_677251942665,1,SUCCESS,,2026-06-13 23:08:56.122833
TXN_f7162f3efad5,1,SUCCESS,,2026-08-19 08:46:20.122833
TXN_76be11cd188e,1,SUCCESS,,2026-06-03 21:43:32.122833
TXN_cd66286bfdcf,1,SUCCESS,,2026-08-14 01:04:33.122833
TXN_98d3a41588ff,1,SUCCESS,,2026-07-22 09:27:58.122833
TXN_b70ea959e51e,1,FAILED,INSUFFICIENT_FUNDS,2026-06-14 22:42:18.122833
TXN_b70ea959e51e,2,SUCCESS,,2026-06-14 23:49:18.122833
TXN_18510d4ea96b,1,SUCCESS,,2026-06-27 16:13:37.122833
TXN_f8b910976adb,1,SUCCESS,,2026-06-09 04:13:23.122833
TXN_60a28af2da80,1,SUCCESS,,2026-06-23 14:18:32.122833
TXN_16e69415b439,1,SUCCESS,,2026-06-16 17:10:10.122833
TXN_3b599da1a534,1,SUCCESS,,2026-06-28 08:23:29.122833
TXN_989b85e717e2,1,SUCCESS,,2026-06-06 16:19:49.122833
TXN_6eb9b2960029,1,SUCCESS,,2026-07-31 02:49:41.122833
TXN_a09269578639,1,SUCCESS,,2026-07-12 13:09:14.122833
TXN_f658fdbed432,1,SUCCESS,,2026-06-22 08:45:13.122833
TXN_43f0263d617d,1,SUCCESS,,2026-06-15 21:22:23.122833
TXN_0569008e8c61,1,SUCCESS,,2026-06-24 03:15:41.122833
TXN_4d25f3d1af66,1,SUCCESS,,2026-07-14 09:55:12.122833
TXN_f28d96765b5b,1,SUCCESS,,2026-06-21 12:39:05.122833
TXN_81565b59295e,1,SUCCESS,,2026-08-08 21:08:01.122833
TXN_22990f6bdfab,1,FAILED,CARD_EXPIRED,2026-07-26 04:26:21.122833
TXN_22990f6bdfab,2,SUCCESS,,2026-07-26 05:53:21.122833
TXN_2ae7c32a1390,1,FAILED,INSUFFICIENT_FUNDS,2026-07-03 15:07:14.122833
TXN_2ae7c32a1390,2,SUCCESS,,2026-07-03 15:42:14.122833
TXN_bb829a8f0b52,1,SUCCESS,,2026-08-18 06:40:14.122833
TXN_23235dcf4396,1,SUCCESS,,2026-07-26 01:20:08.122833
TXN_170ed3545742,1,SUCCESS,,2026-08-07 00:24:20.122833
TXN_598a6337c165,1,SUCCESS,,2026-08-20 06:50:58.122833
TXN_11638cd96021,1,FAILED,CUSTOMER_CANCELLED,2026-07-23 14:03:41.122833
TXN_ed940d357713,1,SUCCESS,,2026-06-02 23:50:32.122833
TXN_bbef71538bbb,1,SUCCESS,,2026-08-05 13:51:34.122833
TXN_0b01b731309a,1,SUCCESS,,2026-06-26 09:37:34.122833
TXN_6e4bcf91fee1,1,SUCCESS,,2026-07-14 05:24:16.122833
TXN_7410bed9b92a,1,SUCCESS,,2026-06-17 10:29:20.122833
TXN_ef4a035a27d7,1,SUCCESS,,2026-08-12 19:59:24.122833
TXN_f78ced82c2d4,1,SUCCESS,,2026-07-21 11:31:28.122833
TXN_a6743b721d7a,1,FAILED,AUTHENTICATION_FAILED,2026-07-24 01:09:28.122833
TXN_1b82de89a017,1,SUCCESS,,2026-06-22 03:18:18.122833
TXN_b24e223e834d,1,SUCCESS,,2026-06-11 15:55:37.122833
TXN_f339172dd411,1,FAILED,BANK_DECLINED,2026-07-17 15:53:34.122833
TXN_f339172dd411,2,SUCCESS,,2026-07-17 17:48:34.122833
TXN_3e5a56a7dd07,1,SUCCESS,,2026-07-23 10:31:47.122833
TXN_183cf2dcab5e,1,SUCCESS,,2026-07-21 19:46:49.122833
TXN_f0eaeb96bfe6,1,SUCCESS,,2026-08-23 02:31:50.122833
TXN_6c3fb1276ec5,1,FAILED,UPI_TIMEOUT,2026-06-19 11:30:14.122833
TXN_6c3fb1276ec5,2,SUCCESS,,2026-06-19 12:40:14.122833
TXN_f6752771f686,1,SUCCESS,,2026-07-28 07:50:08.122833
TXN_cde1ae54292b,1,SUCCESS,,2026-08-24 11:12:32.122833
TXN_1fe1d0bf261a,1,SUCCESS,,2026-07-19 19:37:39.122833
TXN_480ff23a04c1,1,SUCCESS,,2026-06-19 06:49:24.122833
TXN_331517960f2c,1,SUCCESS,,2026-07-13 14:22:16.122833
TXN_855299b8ab56,1,SUCCESS,,2026-06-17 19:41:42.122833
TXN_9c99f07a009b,1,SUCCESS,,2026-07-31 06:57:42.122833
TXN_8c3a8e1e96a8,1,FAILED,INSUFFICIENT_FUNDS,2026-07-24 04:05:11.122833
TXN_8c3a8e1e96a8,2,SUCCESS,,2026-07-24 04:26:11.122833
TXN_2ac3f48c57ee,1,SUCCESS,,2026-08-30 08:24:42.122833
TXN_605ab572b8d3,1,SUCCESS,,2026-07-16 21:02:50.122833
TXN_7320fcc89140,1,SUCCESS,,2026-08-28 17:24:49.122833
TXN_54660b543d4e,1,SUCCESS,,2026-07-24 22:45:34.122833
TXN_5b5918d1dbc5,1,SUCCESS,,2026-06-15 18:05:48.122833
TXN_786ad88d8159,1,SUCCESS,,2026-07-21 13:35:43.122833
TXN_e144de9c4541,1,SUCCESS,,2026-07-12 21:26:09.122833
TXN_3267734b424a,1,FAILED,UPI_TIMEOUT,2026-07-18 20:46:17.122833
TXN_3267734b424a,2,SUCCESS,,2026-07-18 21:06:17.122833
TXN_d8bbbc24490a,1,SUCCESS,,2026-07-21 00:25:11.122833
TXN_058c568fad5a,1,SUCCESS,,2026-07-23 11:27:42.122833
TXN_8f2995eb96c8,1,SUCCESS,,2026-08-31 02:42:09.122833
TXN_e605ca2656ee,1,SUCCESS,,2026-08-26 17:35:15.122833
TXN_a586617dc034,1,SUCCESS,,2026-07-04 23:47:15.122833
TXN_d09f360cdd42,1,SUCCESS,,2026-06-12 03:43:29.122833
TXN_96a55f0a96b0,1,FAILED,NETWORK_TIMEOUT,2026-06-30 03:26:45.122833
TXN_96a55f0a96b0,2,SUCCESS,,2026-06-30 03:42:45.122833
TXN_5c6e738db2b3,1,FAILED,BANK_DECLINED,2026-08-06 12:26:39.122833
TXN_5c6e738db2b3,2,SUCCESS,,2026-08-06 14:10:39.122833
TXN_7a770a460933,1,SUCCESS,,2026-07-31 01:47:57.122833
TXN_eb1b6bf0318e,1,SUCCESS,,2026-07-20 19:56:50.122833
TXN_22b486de9c3d,1,FAILED,NETWORK_TIMEOUT,2026-07-06 18:15:02.122833
TXN_22b486de9c3d,2,SUCCESS,,2026-07-06 19:59:02.122833
TXN_caaedcba477e,1,SUCCESS,,2026-06-05 16:59:27.122833
TXN_7737310ec6e3,1,SUCCESS,,2026-07-23 04:02:29.122833
TXN_c55ca6dab22c,1,SUCCESS,,2026-08-15 18:33:07.122833
TXN_05c7b75bcdeb,1,SUCCESS,,2026-06-16 02:03:32.122833
TXN_7e02148a18a9,1,FAILED,AUTHENTICATION_FAILED,2026-07-03 08:07:22.122833
TXN_64e690529417,1,SUCCESS,,2026-08-06 01:34:13.122833
TXN_43c3fc28727d,1,FAILED,CUSTOMER_CANCELLED,2026-07-11 14:51:39.122833
TXN_52ccc8a7f2cd,1,SUCCESS,,2026-07-17 13:45:17.122833
TXN_fb92b146422e,1,SUCCESS,,2026-06-28 22:33:31.122833
TXN_66fbe14edc33,1,SUCCESS,,2026-06-12 17:11:58.122833
TXN_829e4c8db8ee,1,FAILED,INSUFFICIENT_FUNDS,2026-07-26 16:29:52.122833
TXN_829e4c8db8ee,2,SUCCESS,,2026-07-26 17:05:52.122833
TXN_c5a2cd1c519d,1,SUCCESS,,2026-08-01 10:05:37.122833
TXN_10b49ee48627,1,SUCCESS,,2026-07-23 13:05:26.122833
TXN_c817d3b19d40,1,SUCCESS,,2026-07-13 16:30:18.122833
TXN_6c8f5a588693,1,SUCCESS,,2026-08-28 08:13:50.122833
TXN_8e5997b6427d,1,SUCCESS,,2026-07-08 19:20:37.122833
TXN_0b4d63f7f263,1,FAILED,BANK_DECLINED,2026-06-22 02:11:43.122833
TXN_44d5d8bcb55a,1,SUCCESS,,2026-06-18 05:21:44.122833
TXN_b27734bd7a92,1,SUCCESS,,2026-08-04 11:12:44.122833
TXN_495ff09a7e27,1,SUCCESS,,2026-07-12 15:46:14.122833
TXN_94347d2b3e56,1,SUCCESS,,2026-07-29 10:36:42.122833
TXN_0f2d5ad0a433,1,SUCCESS,,2026-07-27 14:33:37.122833
TXN_ce774ba5a5e2,1,SUCCESS,,2026-07-14 07:36:50.122833
TXN_d2bc56d3880d,1,FAILED,INSUFFICIENT_FUNDS,2026-07-02 14:10:01.122833
TXN_b75c9bbf013e,1,SUCCESS,,2026-06-07 21:46:31.122833
TXN_a1d7658fcaf4,1,FAILED,AUTHENTICATION_FAILED,2026-06-15 05:58:10.122833
TXN_689ac9b6d8be,1,SUCCESS,,2026-08-08 16:14:02.122833
TXN_334672099fc2,1,SUCCESS,,2026-06-20 03:53:14.122833
TXN_ff36af7abc21,1,FAILED,LIMIT_EXCEEDED,2026-07-27 23:59:05.122833
TXN_f643c371eb4c,1,SUCCESS,,2026-06-08 02:00:59.122833
TXN_5b457386ad13,1,SUCCESS,,2026-07-11 03:03:42.122833
TXN_f45e36521d46,1,SUCCESS,,2026-06-07 01:12:02.122833
TXN_f8f19696541f,1,SUCCESS,,2026-07-11 19:47:27.122833
TXN_74dba671e57a,1,FAILED,AUTHENTICATION_FAILED,2026-06-11 15:33:06.122833
TXN_4ce3976d6d50,1,SUCCESS,,2026-07-07 07:37:56.122833
TXN_5db3f0b83d98,1,SUCCESS,,2026-07-17 02:28:22.122833
TXN_1dd4752359ed,1,FAILED,CARD_EXPIRED,2026-08-22 09:10:43.122833
TXN_4f2591ad84ec,1,SUCCESS,,2026-06-16 04:56:03.122833
TXN_1d7ebf9eba9b,1,SUCCESS,,2026-08-23 20:52:21.122833
TXN_9570199316c2,1,FAILED,AUTHENTICATION_FAILED,2026-08-06 20:01:52.122833
TXN_5f09798bc851,1,SUCCESS,,2026-06-17 20:06:48.122833
TXN_f90f3cf265d4,1,SUCCESS,,2026-08-11 05:12:33.122833
TXN_d42ebd5b5a45,1,FAILED,AUTHENTICATION_FAILED,2026-07-21 00:01:50.122833
TXN_7dede75b89dc,1,SUCCESS,,2026-08-31 05:12:01.122833
TXN_f713dad6186d,1,SUCCESS,,2026-08-11 20:33:46.122833
TXN_e9917e3f6c2f,1,SUCCESS,,2026-08-13 05:27:32.122833
TXN_727822875af7,1,SUCCESS,,2026-08-19 20:04:10.122833
TXN_d1f8c838080e,1,SUCCESS,,2026-06-25 00:36:53.122833
TXN_9263d333d6d7,1,SUCCESS,,2026-07-31 03:40:44.122833
TXN_7a0dd044a707,1,SUCCESS,,2026-08-16 19:10:08.122833
TXN_dc239f4545a3,1,FAILED,UPI_TIMEOUT,2026-07-30 04:29:19.122833
TXN_dc239f4545a3,2,SUCCESS,,2026-07-30 06:28:19.122833
TXN_6bcc941fa0cb,1,SUCCESS,,2026-08-30 19:38:02.122833
TXN_4d93c65edcfa,1,FAILED,BANK_DECLINED,2026-06-07 19:42:37.122833
TXN_4d93c65edcfa,2,SUCCESS,,2026-06-07 19:48:37.122833
TXN_ef540400deeb,1,SUCCESS,,2026-06-15 04:04:19.122833
TXN_85090a042304,1,SUCCESS,,2026-08-30 06:59:58.122833
TXN_fb14e31b0f29,1,SUCCESS,,2026-08-19 19:14:49.122833
TXN_f588d24c1353,1,FAILED,AUTHENTICATION_FAILED,2026-08-18 19:03:10.122833
TXN_7930c4caaa34,1,SUCCESS,,2026-08-26 02:18:21.122833
TXN_6172de2dddf2,1,SUCCESS,,2026-06-30 21:47:03.122833
TXN_336e93eb18d6,1,SUCCESS,,2026-07-27 22:22:15.122833
TXN_9adf4c6a0701,1,SUCCESS,,2026-06-15 02:12:11.122833
TXN_2a56883053d0,1,SUCCESS,,2026-07-18 05:09:24.122833
TXN_34f9c5c6334c,1,SUCCESS,,2026-06-30 04:33:56.122833
TXN_986a8298acae,1,SUCCESS,,2026-07-18 04:32:52.122833
TXN_a31fd5faca9b,1,SUCCESS,,2026-08-13 18:33:51.122833
TXN_6d9d18151e16,1,SUCCESS,,2026-07-06 14:34:18.122833
TXN_1520b827ccf7,1,FAILED,BANK_DECLINED,2026-06-30 10:42:25.122833
TXN_1520b827ccf7,2,SUCCESS,,2026-06-30 12:03:25.122833
TXN_a8a2500a3b61,1,SUCCESS,,2026-08-08 18:19:17.122833
TXN_f5ada5b18fb0,1,SUCCESS,,2026-06-23 14:44:32.122833
TXN_5167e56bbe76,1,FAILED,UPI_TIMEOUT,2026-08-04 13:24:15.122833
TXN_5167e56bbe76,2,SUCCESS,,2026-08-04 13:31:15.122833
TXN_af7ad7e498eb,1,FAILED,NETWORK_TIMEOUT,2026-08-17 15:51:41.122833
TXN_af7ad7e498eb,2,SUCCESS,,2026-08-17 16:05:41.122833
TXN_7eeebb3223a5,1,SUCCESS,,2026-08-13 16:20:39.122833
TXN_778cdb6057ec,1,SUCCESS,,2026-06-17 17:58:48.122833
TXN_27c450434329,1,SUCCESS,,2026-06-20 07:35:34.122833
TXN_9abf1c3e59be,1,SUCCESS,,2026-07-22 04:46:04.122833
TXN_b01d89e8e786,1,SUCCESS,,2026-07-21 15:36:47.122833
TXN_73e1d185e10c,1,FAILED,AUTHENTICATION_FAILED,2026-06-07 15:10:56.122833
TXN_5d7e38fcb72b,1,SUCCESS,,2026-08-01 23:04:05.122833
TXN_e8eb18658d44,1,SUCCESS,,2026-06-15 05:37:32.122833
TXN_bc41a1d5f0de,1,FAILED,INSUFFICIENT_FUNDS,2026-06-27 09:25:17.122833
TXN_bc41a1d5f0de,2,SUCCESS,,2026-06-27 10:39:17.122833
TXN_c16d32db5657,1,SUCCESS,,2026-06-15 05:17:28.122833
TXN_bed82e415020,1,SUCCESS,,2026-07-31 11:18:18.122833
TXN_34ea8132229e,1,SUCCESS,,2026-07-22 10:43:46.122833
TXN_91f2f7f91e5c,1,SUCCESS,,2026-07-15 09:48:14.122833
TXN_64d4393ebe35,1,FAILED,AUTHENTICATION_FAILED,2026-06-18 10:22:25.122833
TXN_d077562c14ee,1,FAILED,UPI_TIMEOUT,2026-07-14 19:11:29.122833
TXN_090248f4d655,1,SUCCESS,,2026-08-20 07:34:26.122833
TXN_c704890dcc5b,1,SUCCESS,,2026-08-19 21:38:35.122833
TXN_393d6646e745,1,SUCCESS,,2026-07-16 12:28:22.122833
TXN_80e3b257a2ac,1,SUCCESS,,2026-07-11 09:53:50.122833
TXN_6fb7f77f1e13,1,SUCCESS,,2026-08-19 14:07:28.122833
TXN_19c92f4b32f3,1,SUCCESS,,2026-07-03 01:14:21.122833
TXN_be344ed34a40,1,FAILED,UPI_TIMEOUT,2026-08-22 07:08:29.122833
TXN_be344ed34a40,2,SUCCESS,,2026-08-22 07:14:29.122833
TXN_2d2f885bf4ce,1,SUCCESS,,2026-07-04 18:47:55.122833
TXN_fe1cf95d7e44,1,SUCCESS,,2026-07-15 21:33:06.122833
TXN_fa7ec94bebdb,1,SUCCESS,,2026-06-23 07:04:23.122833
TXN_1469038e5d66,1,FAILED,INSUFFICIENT_FUNDS,2026-08-27 00:35:03.122833
TXN_8b4584654740,1,SUCCESS,,2026-07-09 10:34:13.122833
TXN_6624b77d8ab6,1,SUCCESS,,2026-08-19 10:37:37.122833
TXN_e8c74d7ad968,1,SUCCESS,,2026-07-02 11:20:21.122833
TXN_3e39a8b7fbed,1,FAILED,NETWORK_TIMEOUT,2026-08-06 16:20:08.122833
TXN_3e39a8b7fbed,2,SUCCESS,,2026-08-06 16:56:08.122833
TXN_6911103d06fc,1,FAILED,NETWORK_TIMEOUT,2026-07-06 16:20:06.122833
TXN_6911103d06fc,2,SUCCESS,,2026-07-06 17:38:06.122833
TXN_7eee178ca1f6,1,FAILED,LIMIT_EXCEEDED,2026-08-28 17:37:58.122833
TXN_85b6c5726633,1,SUCCESS,,2026-06-11 21:01:16.122833
TXN_772d40e11f8b,1,FAILED,BANK_DECLINED,2026-08-22 15:19:17.122833
TXN_772d40e11f8b,2,SUCCESS,,2026-08-22 16:14:17.122833
TXN_3e7890f40864,1,FAILED,LIMIT_EXCEEDED,2026-07-26 14:36:40.122833
TXN_1d84221719dd,1,SUCCESS,,2026-08-10 10:15:43.122833
TXN_39d643f0f70c,1,SUCCESS,,2026-08-16 19:33:53.122833
TXN_aa88f60c7cb7,1,SUCCESS,,2026-07-18 18:53:38.122833
TXN_4deccce79415,1,SUCCESS,,2026-06-18 11:23:27.122833
TXN_89b2b37f6109,1,SUCCESS,,2026-06-15 14:36:07.122833
TXN_c1bc2b69add5,1,FAILED,BANK_DECLINED,2026-06-21 07:39:24.122833
TXN_c1bc2b69add5,2,SUCCESS,,2026-06-21 08:20:24.122833
TXN_3e92d44dcb2c,1,SUCCESS,,2026-08-05 02:37:12.122833
TXN_be60c57e002b,1,SUCCESS,,2026-08-10 04:35:02.122833
TXN_a4951c4da60d,1,FAILED,LIMIT_EXCEEDED,2026-07-28 09:29:13.122833
TXN_e64d88b79df6,1,FAILED,INSUFFICIENT_FUNDS,2026-08-03 01:20:59.122833
TXN_e64d88b79df6,2,SUCCESS,,2026-08-03 02:48:59.122833
TXN_58c40d676702,1,SUCCESS,,2026-08-11 04:06:24.122833
TXN_55b0f3631b45,1,SUCCESS,,2026-06-09 19:52:30.122833
TXN_22abf9af50b6,1,SUCCESS,,2026-08-03 08:44:23.122833
TXN_c4a4602c1a36,1,FAILED,NETWORK_TIMEOUT,2026-07-03 17:10:09.122833
TXN_c4a4602c1a36,2,SUCCESS,,2026-07-03 17:25:09.122833
TXN_38e03329e3df,1,SUCCESS,,2026-08-04 08:23:01.122833
TXN_0d6f16a59d07,1,SUCCESS,,2026-08-05 00:02:08.122833
TXN_f6dfe39d2a4b,1,SUCCESS,,2026-07-07 01:52:24.122833
TXN_faa19849655e,1,SUCCESS,,2026-07-12 19:38:20.122833
TXN_f5be6211db90,1,SUCCESS,,2026-08-12 07:11:21.122833
TXN_6f3168533ca6,1,SUCCESS,,2026-08-11 11:54:03.122833
TXN_2f9e68a58b09,1,FAILED,AUTHENTICATION_FAILED,2026-08-16 05:34:02.122833
TXN_1dd18be082e7,1,FAILED,UPI_TIMEOUT,2026-07-05 19:39:58.122833
TXN_1dd18be082e7,2,SUCCESS,,2026-07-05 19:43:58.122833
TXN_6378741c2a50,1,SUCCESS,,2026-08-23 13:23:37.122833
TXN_a6abf72d5057,1,FAILED,UPI_TIMEOUT,2026-08-14 00:47:10.122833
TXN_a6abf72d5057,2,SUCCESS,,2026-08-14 01:43:10.122833
TXN_eb26cf4ef9e8,1,FAILED,BANK_DECLINED,2026-07-18 20:56:24.122833
TXN_eb26cf4ef9e8,2,SUCCESS,,2026-07-18 21:15:24.122833
TXN_80069f807830,1,SUCCESS,,2026-06-02 20:41:26.122833
TXN_79fa09c44168,1,FAILED,CARD_EXPIRED,2026-06-17 08:17:45.122833
TXN_ee8569b07a9a,1,SUCCESS,,2026-08-15 11:03:24.122833
TXN_7431abc27649,1,SUCCESS,,2026-06-04 20:57:04.122833
TXN_f22099bc9048,1,SUCCESS,,2026-06-23 23:42:14.122833
TXN_7ec170e4ef5e,1,SUCCESS,,2026-07-03 20:37:37.122833
TXN_f13f861a73c4,1,SUCCESS,,2026-07-30 12:06:10.122833
TXN_08703e9b6688,1,SUCCESS,,2026-08-28 02:27:36.122833
TXN_846bcbf78116,1,SUCCESS,,2026-08-19 13:41:26.122833
TXN_6c818dec728e,1,SUCCESS,,2026-06-13 10:18:08.122833
TXN_9db520adb06c,1,SUCCESS,,2026-07-31 05:33:18.122833
TXN_1bf9f3ce268e,1,SUCCESS,,2026-07-04 19:11:24.122833
TXN_8a3a1768d7ad,1,SUCCESS,,2026-08-23 03:21:51.122833
TXN_5fa60f07d7aa,1,SUCCESS,,2026-07-14 10:03:56.122833
TXN_380ab1360c13,1,SUCCESS,,2026-07-12 15:20:46.122833
TXN_9049b7f8c980,1,SUCCESS,,2026-06-07 07:49:17.122833
TXN_7457994fec39,1,FAILED,CUSTOMER_CANCELLED,2026-08-25 09:17:40.122833
TXN_f2e72420fda0,1,SUCCESS,,2026-06-04 09:14:14.122833
TXN_626535e96855,1,FAILED,AUTHENTICATION_FAILED,2026-08-10 17:47:37.122833
TXN_f27c8ddf31fd,1,SUCCESS,,2026-06-17 11:11:05.122833
TXN_02b329a02f0e,1,SUCCESS,,2026-07-24 03:45:07.122833
TXN_1be8f8354de5,1,SUCCESS,,2026-07-15 23:55:50.122833
TXN_0665c515eae8,1,SUCCESS,,2026-06-25 08:23:53.122833
TXN_be897ef1b00b,1,FAILED,BANK_DECLINED,2026-07-15 08:16:43.122833
TXN_be897ef1b00b,2,SUCCESS,,2026-07-15 09:19:43.122833
TXN_858f028efa55,1,SUCCESS,,2026-07-29 22:07:07.122833
TXN_e6bb4db63c74,1,SUCCESS,,2026-08-24 07:43:43.122833
TXN_200fafbf6fb0,1,SUCCESS,,2026-08-12 03:59:08.122833
TXN_19ea9c10c812,1,FAILED,AUTHENTICATION_FAILED,2026-08-15 20:17:09.122833
TXN_5e5acc09a0dd,1,FAILED,CARD_EXPIRED,2026-06-18 01:44:54.122833
TXN_089711457ad7,1,SUCCESS,,2026-07-02 13:25:15.122833
TXN_f9e31a790741,1,SUCCESS,,2026-08-03 19:19:59.122833
TXN_9348a806d4c6,1,FAILED,BANK_DECLINED,2026-07-27 17:39:53.122833
TXN_294833a9a387,1,SUCCESS,,2026-08-05 17:49:12.122833
TXN_0e289eefd395,1,SUCCESS,,2026-07-18 03:38:29.122833
TXN_de5ae6da8b29,1,FAILED,BANK_DECLINED,2026-08-22 03:39:20.122833
TXN_effe77d07c4f,1,SUCCESS,,2026-08-10 10:50:01.122833
TXN_5634be9f359f,1,SUCCESS,,2026-06-29 08:57:04.122833
TXN_d0982493a695,1,SUCCESS,,2026-07-02 05:42:32.122833
TXN_baff43eba2c2,1,FAILED,UPI_TIMEOUT,2026-08-19 19:06:21.122833
TXN_dcefcbf414d1,1,FAILED,BANK_DECLINED,2026-08-01 10:16:42.122833
TXN_dcefcbf414d1,2,SUCCESS,,2026-08-01 11:59:42.122833
TXN_0b3f6b4ce691,1,SUCCESS,,2026-08-25 14:49:49.122833
TXN_1ff6578e9865,1,SUCCESS,,2026-06-18 04:26:11.122833
TXN_ea5bf852c6e5,1,FAILED,CUSTOMER_CANCELLED,2026-08-02 03:31:48.122833
TXN_4fd2ad8a9ffd,1,SUCCESS,,2026-08-03 18:49:10.122833
TXN_b624cda4a205,1,SUCCESS,,2026-07-02 12:45:26.122833
TXN_3d2dd73c7b9c,1,SUCCESS,,2026-07-10 08:11:34.122833
TXN_0c054ee35801,1,SUCCESS,,2026-08-22 16:39:38.122833
TXN_cc5860019d5d,1,FAILED,UPI_TIMEOUT,2026-06-07 11:13:46.122833
TXN_cc5860019d5d,2,SUCCESS,,2026-06-07 13:06:46.122833
TXN_b12a4b198646,1,FAILED,INSUFFICIENT_FUNDS,2026-07-06 01:25:58.122833
TXN_b12a4b198646,2,SUCCESS,,2026-07-06 01:58:58.122833
TXN_0de948973440,1,SUCCESS,,2026-08-02 02:14:14.122833
TXN_55a8a2ef6e30,1,SUCCESS,,2026-07-03 21:22:28.122833
TXN_ee557db34c56,1,SUCCESS,,2026-06-24 23:24:18.122833
TXN_53954eec97df,1,SUCCESS,,2026-08-25 13:36:12.122833
TXN_473b3703d665,1,SUCCESS,,2026-07-14 20:27:47.122833
TXN_0fb01fd5b2b2,1,SUCCESS,,2026-08-03 02:55:03.122833
TXN_90fb8bbecfea,1,SUCCESS,,2026-07-31 19:49:03.122833
TXN_0f667a8696aa,1,SUCCESS,,2026-06-23 04:03:14.122833
TXN_ff7e15acb6d4,1,FAILED,NETWORK_TIMEOUT,2026-06-10 15:11:11.122833
TXN_ff7e15acb6d4,2,SUCCESS,,2026-06-10 15:40:11.122833
TXN_5ae08adb1dea,1,SUCCESS,,2026-06-23 04:56:50.122833
TXN_4fd1b5656a88,1,SUCCESS,,2026-07-15 14:47:05.122833
TXN_e0de66ca31dd,1,SUCCESS,,2026-07-24 04:51:29.122833
TXN_089e63f1e0f0,1,SUCCESS,,2026-07-21 17:47:21.122833
TXN_3e1fba525f2a,1,SUCCESS,,2026-07-08 14:13:49.122833
TXN_7c2858031b61,1,SUCCESS,,2026-06-11 11:20:59.122833
TXN_fc16e81eb57f,1,FAILED,NETWORK_TIMEOUT,2026-08-04 12:12:23.122833
TXN_fc16e81eb57f,2,SUCCESS,,2026-08-04 12:39:23.122833
TXN_6de3204b488a,1,SUCCESS,,2026-08-06 20:42:18.122833
TXN_94bf4131d2a0,1,SUCCESS,,2026-07-25 13:51:36.122833
TXN_5188f3e2c79c,1,SUCCESS,,2026-06-17 20:25:14.122833
TXN_b581074cdd4e,1,SUCCESS,,2026-08-15 04:51:09.122833
TXN_cb561d5060ef,1,SUCCESS,,2026-08-28 17:03:28.122833
TXN_96fcd957d816,1,SUCCESS,,2026-06-23 23:51:09.122833
TXN_d9d600472f94,1,SUCCESS,,2026-08-13 07:48:23.122833
TXN_72c80b06940e,1,SUCCESS,,2026-08-27 14:32:24.122833
TXN_78c70f9fd966,1,SUCCESS,,2026-07-20 06:05:06.122833
TXN_dfcd7397c355,1,SUCCESS,,2026-08-10 11:31:14.122833
TXN_739f55c9d1bd,1,FAILED,INSUFFICIENT_FUNDS,2026-07-23 09:30:47.122833
TXN_739f55c9d1bd,2,SUCCESS,,2026-07-23 11:05:47.122833
TXN_a054b35a0b6e,1,SUCCESS,,2026-08-01 02:59:31.122833
TXN_9c76fa5c7e2c,1,FAILED,UPI_TIMEOUT,2026-06-18 01:24:41.122833
TXN_9c76fa5c7e2c,2,SUCCESS,,2026-06-18 02:00:41.122833
TXN_566aff3eacce,1,SUCCESS,,2026-07-15 09:14:10.122833
TXN_1962c7c8d85b,1,SUCCESS,,2026-07-16 11:09:07.122833
TXN_484e631c0395,1,SUCCESS,,2026-08-03 17:11:39.122833
TXN_b4c47492df1e,1,SUCCESS,,2026-07-09 13:03:44.122833
TXN_e6c739ca6fe0,1,FAILED,LIMIT_EXCEEDED,2026-08-21 20:03:46.122833
TXN_23d128b02f44,1,SUCCESS,,2026-08-06 02:30:44.122833
TXN_9b683e7524db,1,SUCCESS,,2026-06-08 18:22:05.122833
TXN_d467ec2f6492,1,SUCCESS,,2026-08-14 03:37:06.122833
TXN_38dcad343588,1,SUCCESS,,2026-08-22 03:04:46.122833
TXN_6f6ac7a19e30,1,SUCCESS,,2026-08-31 09:28:32.122833
TXN_cd6b3475fed2,1,SUCCESS,,2026-08-09 05:32:50.122833
TXN_d7eaf72c5e03,1,SUCCESS,,2026-07-15 06:39:44.122833
TXN_62fc9a713c37,1,SUCCESS,,2026-06-05 14:39:26.122833
TXN_7f584775a25f,1,SUCCESS,,2026-07-21 17:08:40.122833
TXN_a793d6cbb075,1,SUCCESS,,2026-08-19 02:03:33.122833
TXN_393486a47899,1,SUCCESS,,2026-08-05 13:51:45.122833
TXN_cd457473d0cc,1,FAILED,NETWORK_TIMEOUT,2026-08-08 09:21:51.122833
TXN_cd457473d0cc,2,SUCCESS,,2026-08-08 10:12:51.122833
TXN_67f85e337cec,1,SUCCESS,,2026-08-18 12:05:31.122833
TXN_fb2e7bb6e561,1,SUCCESS,,2026-06-17 23:46:19.122833
TXN_9906f8af610c,1,FAILED,INSUFFICIENT_FUNDS,2026-06-17 11:19:39.122833
TXN_9906f8af610c,2,SUCCESS,,2026-06-17 11:48:39.122833
TXN_62ec52d0fc31,1,SUCCESS,,2026-08-16 12:20:50.122833
TXN_4e23ceeed644,1,SUCCESS,,2026-07-29 16:42:18.122833
TXN_058590815fd9,1,SUCCESS,,2026-06-08 02:54:26.122833
TXN_be014cce6c0d,1,SUCCESS,,2026-06-06 21:44:30.122833
TXN_42b251ceec1d,1,FAILED,INSUFFICIENT_FUNDS,2026-06-22 06:01:59.122833
TXN_42b251ceec1d,2,SUCCESS,,2026-06-22 07:32:59.122833
TXN_f3b4309cfa78,1,FAILED,BANK_DECLINED,2026-08-05 11:40:12.122833
TXN_2695670f06b0,1,FAILED,UPI_TIMEOUT,2026-06-16 06:39:40.122833
TXN_2695670f06b0,2,SUCCESS,,2026-06-16 07:50:40.122833
TXN_300cb8ddc9bb,1,SUCCESS,,2026-07-09 06:29:54.122833
TXN_5f7c2d84dfb9,1,SUCCESS,,2026-08-09 16:02:34.122833
TXN_863c81d11222,1,SUCCESS,,2026-07-13 12:33:08.122833
TXN_882d407bca34,1,FAILED,LIMIT_EXCEEDED,2026-07-04 22:26:20.122833
TXN_882d407bca34,2,SUCCESS,,2026-07-04 23:22:20.122833
TXN_b4a88d5dd3f1,1,SUCCESS,,2026-07-03 06:38:52.122833
TXN_84179e65790f,1,SUCCESS,,2026-06-09 17:12:30.122833
TXN_f60a699c9225,1,SUCCESS,,2026-08-01 06:08:30.122833
TXN_5ec3953f1b7a,1,SUCCESS,,2026-08-27 23:14:38.122833
TXN_7f198ec313b7,1,SUCCESS,,2026-07-23 14:22:01.122833
TXN_2fd7beeec83e,1,SUCCESS,,2026-06-30 00:16:25.122833
TXN_689de3eb786e,1,FAILED,NETWORK_TIMEOUT,2026-07-11 11:01:26.122833
TXN_689de3eb786e,2,SUCCESS,,2026-07-11 12:30:26.122833
TXN_a6f52c81b2f5,1,SUCCESS,,2026-07-21 21:08:35.122833
TXN_e34106ed2ed1,1,SUCCESS,,2026-06-27 22:42:15.122833
TXN_005c5173b48c,1,SUCCESS,,2026-06-15 15:22:41.122833
TXN_29b9e2082feb,1,SUCCESS,,2026-08-10 14:44:41.122833
TXN_4ff915c65b69,1,SUCCESS,,2026-08-17 11:00:55.122833
TXN_f2632c23f996,1,SUCCESS,,2026-06-09 23:16:41.122833
TXN_a87525fd296a,1,SUCCESS,,2026-07-22 08:31:20.122833
TXN_5582afcba936,1,FAILED,CUSTOMER_CANCELLED,2026-07-18 03:09:43.122833
TXN_b73d86da6abb,1,SUCCESS,,2026-07-22 08:50:28.122833
TXN_fa4b0339e2b8,1,SUCCESS,,2026-07-26 14:15:48.122833
TXN_bdb086f4c376,1,FAILED,INSUFFICIENT_FUNDS,2026-07-18 11:25:32.122833
TXN_bdb086f4c376,2,SUCCESS,,2026-07-18 11:58:32.122833
TXN_f2788b7257db,1,SUCCESS,,2026-08-28 01:53:20.122833
TXN_3cd86b479f14,1,SUCCESS,,2026-08-01 17:00:46.122833
TXN_f6a627668365,1,SUCCESS,,2026-06-15 07:57:19.122833
TXN_729d49faddc5,1,SUCCESS,,2026-06-13 14:26:06.122833
TXN_3274eb6b8123,1,SUCCESS,,2026-06-26 08:05:09.122833
TXN_8d9335fc0732,1,SUCCESS,,2026-07-26 03:14:05.122833
TXN_d9227e8b07aa,1,SUCCESS,,2026-06-04 22:41:55.122833
TXN_4e100d3f9c79,1,SUCCESS,,2026-07-06 00:06:18.122833
TXN_97398ae80d14,1,SUCCESS,,2026-07-26 07:29:42.122833
TXN_0a22f31c1151,1,FAILED,NETWORK_TIMEOUT,2026-06-12 00:04:25.122833
TXN_91f3dfa7df6e,1,SUCCESS,,2026-07-17 05:30:18.122833
TXN_a8df7301661f,1,SUCCESS,,2026-06-24 11:49:25.122833
TXN_e7fa668e03e4,1,FAILED,AUTHENTICATION_FAILED,2026-08-04 22:26:01.122833
TXN_e7fa668e03e4,2,SUCCESS,,2026-08-05 00:01:01.122833
TXN_cc7ee709f644,1,SUCCESS,,2026-06-19 17:56:07.122833
TXN_0faa327ac1cd,1,SUCCESS,,2026-08-22 10:16:41.122833
TXN_2d3bfa502cc9,1,SUCCESS,,2026-07-10 06:51:34.122833
TXN_d40eca2a08f3,1,SUCCESS,,2026-06-06 01:54:44.122833
TXN_954e92c9a038,1,SUCCESS,,2026-06-06 03:00:43.122833
TXN_4e55a74b4186,1,SUCCESS,,2026-07-28 01:50:38.122833
TXN_8be1674523f5,1,SUCCESS,,2026-08-08 13:56:04.122833
TXN_14dd990ea43e,1,FAILED,NETWORK_TIMEOUT,2026-07-07 18:51:50.122833
TXN_14dd990ea43e,2,SUCCESS,,2026-07-07 20:23:50.122833
TXN_bcaca407bf2d,1,SUCCESS,,2026-06-15 10:03:21.122833
TXN_7199e0624351,1,FAILED,CARD_EXPIRED,2026-06-29 00:25:02.122833
TXN_7199e0624351,2,SUCCESS,,2026-06-29 02:04:02.122833
TXN_3b860eb97d59,1,SUCCESS,,2026-08-06 05:11:27.122833
TXN_19a192be3c07,1,SUCCESS,,2026-06-24 02:07:18.122833
TXN_b53fa63c79e5,1,SUCCESS,,2026-06-07 22:46:50.122833
TXN_b255df68c435,1,SUCCESS,,2026-07-01 02:04:28.122833
TXN_d9b3cf09ef14,1,SUCCESS,,2026-07-05 09:53:11.122833
TXN_394e0b12cdc0,1,SUCCESS,,2026-06-25 13:27:09.122833
TXN_57f051d1adb3,1,FAILED,NETWORK_TIMEOUT,2026-07-22 20:10:33.122833
TXN_57f051d1adb3,2,SUCCESS,,2026-07-22 22:03:33.122833
TXN_74a7382da861,1,SUCCESS,,2026-07-31 08:08:40.122833
TXN_211b9bf5f3e6,1,SUCCESS,,2026-06-03 17:32:37.122833
TXN_ab450c9a71ca,1,SUCCESS,,2026-08-07 18:45:30.122833
TXN_968a7073703b,1,SUCCESS,,2026-07-14 09:33:35.122833
TXN_f2cb5ac86e4b,1,FAILED,INSUFFICIENT_FUNDS,2026-06-03 03:02:20.122833
TXN_f2cb5ac86e4b,2,SUCCESS,,2026-06-03 04:10:20.122833
TXN_cc7ac740a393,1,FAILED,UPI_TIMEOUT,2026-08-16 05:11:17.122833
TXN_cc7ac740a393,2,SUCCESS,,2026-08-16 06:54:17.122833
TXN_184829398347,1,SUCCESS,,2026-07-22 04:46:51.122833
TXN_643060d6367b,1,SUCCESS,,2026-08-25 03:07:14.122833
TXN_303e6684d937,1,SUCCESS,,2026-06-12 20:18:57.122833
TXN_be89f8df0361,1,SUCCESS,,2026-06-19 00:35:17.122833
TXN_4250ffd4314a,1,SUCCESS,,2026-07-23 07:24:58.122833
TXN_504b280ff534,1,SUCCESS,,2026-08-23 10:52:12.122833
TXN_c7d81beea517,1,SUCCESS,,2026-07-16 21:56:27.122833
TXN_b57475d3a0c8,1,SUCCESS,,2026-08-31 09:44:37.122833
TXN_f001b4158bc9,1,SUCCESS,,2026-07-06 23:59:20.122833
TXN_30981a76b272,1,SUCCESS,,2026-08-04 11:09:21.122833
TXN_28e1885c67f1,1,SUCCESS,,2026-08-02 12:04:01.122833
TXN_e231676023d4,1,SUCCESS,,2026-07-14 11:19:34.122833
TXN_a985f20a787c,1,SUCCESS,,2026-07-26 18:49:42.122833
TXN_36adec68f55a,1,SUCCESS,,2026-06-03 14:02:04.122833
TXN_7ffe289b1c0f,1,FAILED,LIMIT_EXCEEDED,2026-07-19 19:13:37.122833
TXN_f83f5990928b,1,SUCCESS,,2026-07-05 13:07:46.122833
TXN_c2f883d673a7,1,FAILED,AUTHENTICATION_FAILED,2026-06-27 02:46:56.122833
TXN_21e8c5c405e0,1,SUCCESS,,2026-07-18 03:14:58.122833
TXN_b1e1a35e894d,1,SUCCESS,,2026-07-05 07:54:05.122833
TXN_3258e2553cb8,1,SUCCESS,,2026-07-07 01:52:42.122833
TXN_702d5371b0f1,1,SUCCESS,,2026-08-02 14:00:44.122833
TXN_d0e65c7a6618,1,SUCCESS,,2026-07-06 14:08:16.122833
TXN_5203291b12c5,1,SUCCESS,,2026-06-15 17:28:34.122833
TXN_b108a17f8790,1,SUCCESS,,2026-07-12 16:19:52.122833
TXN_fd3fec324478,1,SUCCESS,,2026-07-27 12:03:30.122833
TXN_8eec1e21af00,1,SUCCESS,,2026-07-23 05:35:12.122833
TXN_59b476b906e4,1,SUCCESS,,2026-06-06 14:22:44.122833
TXN_7006dede7caf,1,SUCCESS,,2026-06-13 12:08:57.122833
TXN_2bd4a225da26,1,SUCCESS,,2026-07-07 20:13:43.122833
TXN_9f58720dbaa3,1,SUCCESS,,2026-08-05 12:35:32.122833
TXN_16e9331820dc,1,SUCCESS,,2026-06-20 16:53:00.122833
TXN_407b09b6d147,1,SUCCESS,,2026-07-01 15:28:41.122833
TXN_c547bca19d1f,1,SUCCESS,,2026-06-11 22:33:39.122833
TXN_e659294e1d32,1,SUCCESS,,2026-07-06 16:14:35.122833
TXN_cd4a238bc331,1,SUCCESS,,2026-07-15 20:42:51.122833
TXN_afd9d5916d3e,1,SUCCESS,,2026-08-13 17:26:07.122833
TXN_db0e13715410,1,SUCCESS,,2026-06-18 11:39:37.122833
TXN_270d65deac8b,1,FAILED,CARD_EXPIRED,2026-07-14 17:48:50.122833
TXN_270d65deac8b,2,SUCCESS,,2026-07-14 19:17:50.122833
TXN_ba8fd700a390,1,SUCCESS,,2026-06-30 06:12:37.122833
TXN_571edf28fc40,1,SUCCESS,,2026-07-09 02:33:48.122833
TXN_55187c71ba2f,1,SUCCESS,,2026-07-04 17:24:11.122833
TXN_bbfa0822eda9,1,SUCCESS,,2026-08-13 21:35:32.122833
TXN_46af96579095,1,SUCCESS,,2026-06-26 15:48:41.122833
TXN_9c752ca31b4b,1,SUCCESS,,2026-06-17 16:06:23.122833
TXN_a034122d6cf9,1,SUCCESS,,2026-08-27 10:34:09.122833
TXN_45a780ffcad7,1,SUCCESS,,2026-07-06 00:45:41.122833
TXN_7b09314b8698,1,SUCCESS,,2026-07-23 22:21:16.122833
TXN_7fc63a3399e1,1,FAILED,INSUFFICIENT_FUNDS,2026-06-03 16:28:41.122833
TXN_7fc63a3399e1,2,SUCCESS,,2026-06-03 17:44:41.122833
TXN_286cd9a678a9,1,SUCCESS,,2026-07-25 04:09:41.122833
TXN_cf5dffac2174,1,SUCCESS,,2026-08-15 15:14:33.122833
TXN_8e690c922918,1,SUCCESS,,2026-06-06 00:40:26.122833
TXN_fe8c26ce9266,1,SUCCESS,,2026-08-16 11:47:18.122833
TXN_a41d822ebe8f,1,SUCCESS,,2026-06-04 01:34:49.122833
TXN_3d65f478ff75,1,FAILED,UPI_TIMEOUT,2026-08-06 17:18:42.122833
TXN_3d65f478ff75,2,SUCCESS,,2026-08-06 17:49:42.122833
TXN_05ae4cf65184,1,SUCCESS,,2026-06-30 16:58:11.122833
TXN_4e800cea1dc9,1,SUCCESS,,2026-08-18 11:16:14.122833
TXN_c6ff1a0586db,1,SUCCESS,,2026-07-29 01:46:00.122833
TXN_351a05315aa1,1,SUCCESS,,2026-08-23 14:25:18.122833
TXN_4cbe448f2b02,1,FAILED,NETWORK_TIMEOUT,2026-07-06 23:14:02.122833
TXN_4cbe448f2b02,2,SUCCESS,,2026-07-07 00:47:02.122833
TXN_a7adc789b8f8,1,SUCCESS,,2026-07-06 10:04:42.122833
TXN_d166abdb28b3,1,SUCCESS,,2026-06-13 21:29:45.122833
TXN_78fb26077d4d,1,SUCCESS,,2026-07-18 07:27:53.122833
TXN_b10b3bd22877,1,SUCCESS,,2026-08-31 11:31:19.122833
TXN_f45b453e25ff,1,SUCCESS,,2026-07-13 19:46:45.122833
TXN_b952ed41f625,1,SUCCESS,,2026-07-27 06:42:24.122833
TXN_b03388fe1ce5,1,SUCCESS,,2026-07-18 19:13:00.122833
TXN_9d0c7a1ad676,1,SUCCESS,,2026-08-15 00:04:46.122833
TXN_22dedab692c6,1,SUCCESS,,2026-07-28 00:49:59.122833
TXN_f2c31389695c,1,SUCCESS,,2026-08-07 22:25:21.122833
TXN_9e98ae0630e6,1,SUCCESS,,2026-08-08 03:03:41.122833
TXN_5b4e8ab21a6a,1,SUCCESS,,2026-07-22 22:14:20.122833
TXN_8145b85981c0,1,SUCCESS,,2026-07-15 16:51:41.122833
TXN_d97da8d23997,1,SUCCESS,,2026-08-14 06:34:59.122833
TXN_3f04b8c1e351,1,SUCCESS,,2026-06-11 00:30:12.122833
TXN_e29ad4c70d88,1,SUCCESS,,2026-06-28 14:54:39.122833
TXN_b9e934ecdff0,1,SUCCESS,,2026-06-26 21:43:43.122833
TXN_a80ca411b31b,1,SUCCESS,,2026-06-09 03:22:38.122833
TXN_3c73a4be26bc,1,SUCCESS,,2026-06-30 11:41:20.122833
TXN_c273ec3226fc,1,SUCCESS,,2026-06-14 04:23:59.122833
TXN_edb3c6ad3932,1,SUCCESS,,2026-06-08 22:42:36.122833
TXN_591a6dbe3408,1,FAILED,LIMIT_EXCEEDED,2026-06-05 01:01:13.122833
TXN_e3321e984c3d,1,SUCCESS,,2026-08-12 18:20:43.122833
TXN_b5b14f730cdd,1,SUCCESS,,2026-07-06 11:34:08.122833
TXN_64be69c44a32,1,SUCCESS,,2026-06-08 19:59:14.122833
TXN_36e9e0feb43f,1,SUCCESS,,2026-07-30 02:52:52.122833
TXN_857ba08c07e7,1,FAILED,BANK_DECLINED,2026-06-04 10:15:02.122833
TXN_857ba08c07e7,2,SUCCESS,,2026-06-04 11:31:02.122833
TXN_4e92f9fec366,1,SUCCESS,,2026-06-28 16:05:42.122833
TXN_2044d4ce2df1,1,SUCCESS,,2026-08-06 10:40:28.122833
TXN_0c41edf169ad,1,SUCCESS,,2026-07-11 21:09:11.122833
TXN_73360a73c1ed,1,SUCCESS,,2026-08-28 00:18:07.122833
TXN_1e00e3987e79,1,SUCCESS,,2026-08-07 23:42:17.122833
TXN_14f35fd0e789,1,SUCCESS,,2026-06-30 04:54:29.122833
TXN_5eb203e3d1ac,1,FAILED,CARD_EXPIRED,2026-08-17 11:58:15.122833
TXN_4ac305526c4c,1,FAILED,LIMIT_EXCEEDED,2026-07-09 06:04:51.122833
TXN_132bf1db903a,1,SUCCESS,,2026-08-15 18:50:56.122833
TXN_9d8f8f43b983,1,SUCCESS,,2026-06-21 13:05:22.122833
TXN_8ca40d9c842f,1,SUCCESS,,2026-08-15 16:32:57.122833
TXN_16a3b4aaab5b,1,FAILED,CUSTOMER_CANCELLED,2026-07-02 06:17:54.122833
TXN_4a5dcf8aa2d2,1,SUCCESS,,2026-07-23 12:54:16.122833
TXN_0745079ac4d4,1,FAILED,CARD_EXPIRED,2026-06-10 10:53:35.122833
TXN_3cff8afa50a0,1,FAILED,NETWORK_TIMEOUT,2026-08-12 00:33:49.122833
TXN_3cff8afa50a0,2,SUCCESS,,2026-08-12 00:45:49.122833
TXN_5b13471ddf79,1,SUCCESS,,2026-08-20 05:32:44.122833
TXN_29389be03304,1,FAILED,AUTHENTICATION_FAILED,2026-08-04 14:35:13.122833
TXN_985acd8aed06,1,SUCCESS,,2026-08-17 10:06:29.122833
TXN_016210428154,1,SUCCESS,,2026-08-05 14:19:26.122833
TXN_e95cb325ba0c,1,FAILED,LIMIT_EXCEEDED,2026-06-05 22:00:21.122833
TXN_e95cb325ba0c,2,SUCCESS,,2026-06-05 22:48:21.122833
TXN_1cd49f4c80c2,1,SUCCESS,,2026-07-12 05:16:51.122833
TXN_837e349a4b58,1,SUCCESS,,2026-08-30 07:50:06.122833
TXN_8331482b3cfc,1,FAILED,CARD_EXPIRED,2026-06-17 14:28:12.122833
TXN_cbe85441140a,1,SUCCESS,,2026-06-18 02:52:30.122833
TXN_cfb353d0d481,1,SUCCESS,,2026-06-09 11:42:10.122833
TXN_63747b531997,1,SUCCESS,,2026-07-13 03:05:27.122833
TXN_eecf00021802,1,FAILED,BANK_DECLINED,2026-06-26 05:24:14.122833
TXN_7aeb0dabf256,1,SUCCESS,,2026-07-04 12:50:22.122833
TXN_53d594e36622,1,FAILED,UPI_TIMEOUT,2026-08-17 01:07:29.122833
TXN_53d594e36622,2,SUCCESS,,2026-08-17 01:14:29.122833
TXN_66bb69ad8050,1,SUCCESS,,2026-08-18 00:33:02.122833
TXN_17394c51ac43,1,SUCCESS,,2026-07-28 03:37:26.122833
TXN_a873e7213bf8,1,FAILED,INSUFFICIENT_FUNDS,2026-07-29 21:18:17.122833
TXN_a873e7213bf8,2,SUCCESS,,2026-07-29 22:22:17.122833
TXN_7aefe55b0e31,1,SUCCESS,,2026-06-06 17:57:01.122833
TXN_fc02ab9e18d8,1,SUCCESS,,2026-06-12 05:21:40.122833
TXN_715255c6640c,1,FAILED,UPI_TIMEOUT,2026-08-22 07:47:38.122833
TXN_715255c6640c,2,SUCCESS,,2026-08-22 09:41:38.122833
TXN_51f70fb68cc4,1,SUCCESS,,2026-08-20 23:30:24.122833
TXN_9d065b77f10b,1,SUCCESS,,2026-07-28 12:33:01.122833
TXN_97ce1f8e068c,1,SUCCESS,,2026-08-09 22:13:50.122833
TXN_4d5b18f24352,1,SUCCESS,,2026-06-27 09:18:39.122833
TXN_1cf355f6d7a7,1,SUCCESS,,2026-06-06 04:55:35.122833
TXN_97843c3c3b91,1,SUCCESS,,2026-07-25 20:27:35.122833
TXN_c7651b9d7a20,1,FAILED,INSUFFICIENT_FUNDS,2026-08-20 20:25:54.122833
TXN_1d23d357880b,1,SUCCESS,,2026-06-09 09:59:55.122833
TXN_fdb0c00f290d,1,FAILED,LIMIT_EXCEEDED,2026-07-17 04:21:34.122833
TXN_ea913149e098,1,SUCCESS,,2026-07-31 22:36:43.122833
TXN_35d410864b6d,1,FAILED,UPI_TIMEOUT,2026-06-25 22:01:18.122833
TXN_35d410864b6d,2,SUCCESS,,2026-06-25 23:54:18.122833
TXN_663e30023eec,1,FAILED,LIMIT_EXCEEDED,2026-07-07 12:36:18.122833
TXN_ca3abcee9ee3,1,SUCCESS,,2026-07-25 21:06:55.122833
TXN_8ce78d318b1a,1,FAILED,CARD_EXPIRED,2026-08-10 08:58:29.122833
TXN_26153f1b181b,1,SUCCESS,,2026-07-13 00:50:48.122833
TXN_be3497898d88,1,SUCCESS,,2026-06-24 02:19:49.122833
TXN_d57fb85559bf,1,SUCCESS,,2026-07-07 18:19:56.122833
TXN_4724c8f854e1,1,SUCCESS,,2026-07-21 15:20:11.122833
TXN_eea4711f109e,1,SUCCESS,,2026-08-30 03:27:22.122833
TXN_de02d1e1c389,1,SUCCESS,,2026-08-29 08:46:20.122833
TXN_c69974a67921,1,SUCCESS,,2026-06-06 05:49:10.122833
TXN_d2be28f33874,1,FAILED,BANK_DECLINED,2026-07-06 17:12:11.122833
TXN_d2be28f33874,2,SUCCESS,,2026-07-06 18:39:11.122833
TXN_0dde3b89e335,1,SUCCESS,,2026-06-14 07:14:55.122833
TXN_b9c187de8c8d,1,SUCCESS,,2026-08-18 05:59:34.122833
TXN_cbe743d86078,1,SUCCESS,,2026-08-15 07:01:07.122833
TXN_fa0eb3f40d35,1,SUCCESS,,2026-07-12 12:08:42.122833
TXN_4f4cc4fa2dff,1,SUCCESS,,2026-08-22 13:48:27.122833
TXN_d6c20fbdb12b,1,SUCCESS,,2026-07-02 02:46:59.122833
TXN_7172a0cd6ae2,1,SUCCESS,,2026-07-31 21:58:18.122833
TXN_d7b9d5d0daaa,1,SUCCESS,,2026-07-09 00:55:48.122833
TXN_a4be1353e963,1,SUCCESS,,2026-08-17 00:12:15.122833
TXN_6e1ebda74592,1,SUCCESS,,2026-08-25 17:44:58.122833
TXN_afb6ff7f7d3d,1,SUCCESS,,2026-08-18 08:50:09.122833
TXN_c10999d3c5e0,1,SUCCESS,,2026-06-05 17:34:45.122833
TXN_98fe28b2d876,1,SUCCESS,,2026-06-20 05:32:55.122833
TXN_cfe3093bcf4c,1,FAILED,NETWORK_TIMEOUT,2026-07-08 20:38:12.122833
TXN_cfe3093bcf4c,2,SUCCESS,,2026-07-08 22:24:12.122833
TXN_91b7e37fba14,1,SUCCESS,,2026-07-09 07:13:50.122833
TXN_db90a7c7d41c,1,SUCCESS,,2026-08-08 03:39:46.122833
TXN_f501758526fe,1,SUCCESS,,2026-08-17 17:43:16.122833
TXN_a1c2854efa49,1,FAILED,NETWORK_TIMEOUT,2026-07-19 02:09:15.122833
TXN_a1c2854efa49,2,SUCCESS,,2026-07-19 03:26:15.122833
TXN_e2982e417a62,1,FAILED,NETWORK_TIMEOUT,2026-06-13 20:11:35.122833
TXN_e2982e417a62,2,SUCCESS,,2026-06-13 21:54:35.122833
TXN_2b0db180004c,1,FAILED,BANK_DECLINED,2026-07-14 12:02:33.122833
TXN_2b0db180004c,2,SUCCESS,,2026-07-14 13:28:33.122833
TXN_6d7cd39e6930,1,FAILED,AUTHENTICATION_FAILED,2026-08-25 05:47:12.122833
TXN_6d7cd39e6930,2,SUCCESS,,2026-08-25 07:43:12.122833
TXN_0a8c21b890a3,1,FAILED,AUTHENTICATION_FAILED,2026-07-09 08:15:19.122833
TXN_0a8c21b890a3,2,SUCCESS,,2026-07-09 08:19:19.122833
TXN_e33d8a8f77f0,1,FAILED,LIMIT_EXCEEDED,2026-08-08 22:36:52.122833
TXN_8eb1145ef5c4,1,SUCCESS,,2026-07-22 03:22:09.122833
TXN_85c85ca68169,1,SUCCESS,,2026-08-25 18:10:32.122833
TXN_56fa4b9632c3,1,SUCCESS,,2026-06-28 02:51:59.122833
TXN_c55e2041a231,1,SUCCESS,,2026-08-16 19:49:50.122833
TXN_f75e0ddcc38e,1,SUCCESS,,2026-08-26 04:06:44.122833
TXN_949947c9d674,1,SUCCESS,,2026-08-09 23:48:18.122833
TXN_0570a6209d83,1,SUCCESS,,2026-06-07 11:17:25.122833
TXN_e0cc54a0f9f6,1,SUCCESS,,2026-06-13 19:04:05.122833
TXN_a709dfe59177,1,SUCCESS,,2026-06-30 14:29:47.122833
TXN_634185729862,1,SUCCESS,,2026-07-02 06:56:43.122833
TXN_7d66c06e7a56,1,SUCCESS,,2026-07-10 11:55:39.122833
TXN_82f2141e8605,1,SUCCESS,,2026-08-01 01:30:45.122833
TXN_ef2569e3c796,1,SUCCESS,,2026-06-22 19:42:38.122833
TXN_c92c15333b0f,1,FAILED,CARD_EXPIRED,2026-06-23 12:23:46.122833
TXN_ec438c1cd001,1,SUCCESS,,2026-06-29 06:24:38.122833
TXN_da7de1661d89,1,SUCCESS,,2026-07-31 11:58:55.122833
TXN_9ddc9709afa4,1,SUCCESS,,2026-07-05 20:46:12.122833
TXN_9b645dd89976,1,SUCCESS,,2026-07-19 16:45:40.122833
TXN_d8cda3603ac0,1,FAILED,BANK_DECLINED,2026-07-13 06:55:57.122833
TXN_d8cda3603ac0,2,SUCCESS,,2026-07-13 07:57:57.122833
TXN_b4b2790dd281,1,SUCCESS,,2026-08-09 08:20:10.122833
TXN_dd8fea4a3194,1,SUCCESS,,2026-06-30 06:02:21.122833
TXN_94f186569860,1,SUCCESS,,2026-07-19 20:15:01.122833
TXN_e2405013b7a6,1,SUCCESS,,2026-06-22 04:25:21.122833
TXN_87f8c5853492,1,SUCCESS,,2026-07-09 18:53:25.122833
TXN_ce616bc8c9f6,1,SUCCESS,,2026-07-03 01:07:25.122833
TXN_a00ec5d9674b,1,SUCCESS,,2026-06-05 12:31:15.122833
TXN_0597374dacaf,1,SUCCESS,,2026-08-31 04:08:07.122833
TXN_c531b2e189f9,1,FAILED,LIMIT_EXCEEDED,2026-08-29 04:32:35.122833
TXN_c531b2e189f9,2,SUCCESS,,2026-08-29 04:52:35.122833
TXN_ec4e6881b74c,1,SUCCESS,,2026-07-09 04:59:46.122833
TXN_781aa3284c42,1,SUCCESS,,2026-06-25 11:13:44.122833
TXN_80795c705151,1,FAILED,BANK_DECLINED,2026-07-23 04:09:52.122833
TXN_bd212923aa2a,1,FAILED,CUSTOMER_CANCELLED,2026-07-31 02:20:47.122833
TXN_eecb2af41b3d,1,SUCCESS,,2026-06-25 02:50:09.122833
TXN_4890cc92e8b6,1,SUCCESS,,2026-07-24 22:51:49.122833
TXN_fa487ad56163,1,SUCCESS,,2026-08-28 21:33:30.122833
TXN_8a491fdbeb91,1,SUCCESS,,2026-06-27 21:10:07.122833
TXN_bc1e4bbc680e,1,SUCCESS,,2026-07-07 18:35:15.122833
TXN_2488d4ca94f2,1,SUCCESS,,2026-07-12 14:18:44.122833
TXN_0322d997aa8b,1,FAILED,CUSTOMER_CANCELLED,2026-06-18 10:26:14.122833
TXN_46e253c3033b,1,FAILED,AUTHENTICATION_FAILED,2026-06-11 08:56:08.122833
TXN_f37aaca81381,1,SUCCESS,,2026-07-09 16:05:33.122833
TXN_39af220412c3,1,SUCCESS,,2026-08-27 05:54:23.122833
TXN_4ba24063b373,1,FAILED,BANK_DECLINED,2026-07-31 18:09:46.122833
TXN_0bf48b6fb144,1,SUCCESS,,2026-08-04 09:21:08.122833
TXN_5481c21cde9d,1,SUCCESS,,2026-07-18 04:49:34.122833
TXN_96d0f542cece,1,SUCCESS,,2026-08-02 04:35:15.122833
TXN_ad72f4cffc50,1,FAILED,NETWORK_TIMEOUT,2026-07-10 19:43:41.122833
TXN_ad72f4cffc50,2,SUCCESS,,2026-07-10 19:50:41.122833
TXN_338f2a0b673c,1,SUCCESS,,2026-08-08 17:56:24.122833
TXN_2222f47c0d6a,1,SUCCESS,,2026-06-11 12:43:05.122833
TXN_29d7f910b14c,1,SUCCESS,,2026-07-11 18:01:03.122833
TXN_4496d5fde25b,1,SUCCESS,,2026-07-12 12:26:32.122833
TXN_5b0212d8a172,1,SUCCESS,,2026-07-10 16:33:22.122833
TXN_c9ea607d76b7,1,SUCCESS,,2026-06-16 10:12:44.122833
TXN_ec820ecb76e1,1,SUCCESS,,2026-07-22 16:03:48.122833
TXN_248be755d1b8,1,FAILED,INSUFFICIENT_FUNDS,2026-07-08 03:49:46.122833
TXN_1912620474f3,1,SUCCESS,,2026-08-17 02:36:42.122833
TXN_a4d283155714,1,FAILED,INSUFFICIENT_FUNDS,2026-08-20 22:24:20.122833
TXN_ee1423d65ffd,1,FAILED,BANK_DECLINED,2026-06-15 09:50:40.122833
TXN_ee1423d65ffd,2,SUCCESS,,2026-06-15 11:00:40.122833
TXN_f80c5b73e1cc,1,SUCCESS,,2026-08-04 21:58:59.122833
TXN_c954c3d19b7a,1,FAILED,CARD_EXPIRED,2026-08-01 09:08:59.122833
TXN_dac5ca32fc54,1,SUCCESS,,2026-06-03 11:41:23.122833
TXN_33b7aa276d6a,1,SUCCESS,,2026-07-07 02:23:28.122833
TXN_1df1568ba96e,1,SUCCESS,,2026-07-07 01:19:47.122833
TXN_f2f61f3624de,1,SUCCESS,,2026-06-06 07:43:17.122833
TXN_cd83f91e270e,1,SUCCESS,,2026-06-11 06:51:15.122833
TXN_c7ef6ed02456,1,SUCCESS,,2026-06-29 01:03:54.122833
TXN_331f5e5f3b26,1,SUCCESS,,2026-07-04 08:27:22.122833
TXN_ba536eed0511,1,FAILED,BANK_DECLINED,2026-07-13 16:23:13.122833
TXN_ba536eed0511,2,SUCCESS,,2026-07-13 17:38:13.122833
TXN_f32dbd22a86c,1,SUCCESS,,2026-07-19 05:43:09.122833
TXN_4f99662e54c9,1,SUCCESS,,2026-08-13 17:07:32.122833
TXN_66319bb4532d,1,FAILED,LIMIT_EXCEEDED,2026-07-14 22:03:39.122833
TXN_66319bb4532d,2,SUCCESS,,2026-07-14 22:34:39.122833
TXN_2601afba1354,1,SUCCESS,,2026-06-11 16:39:10.122833
TXN_055f5ce7892e,1,SUCCESS,,2026-07-09 07:38:53.122833
TXN_bd48323f2ad1,1,FAILED,NETWORK_TIMEOUT,2026-08-27 10:46:41.122833
TXN_9eace72667cc,1,FAILED,LIMIT_EXCEEDED,2026-06-07 17:58:43.122833
TXN_7d1ae303fbdb,1,SUCCESS,,2026-07-24 12:09:14.122833
TXN_e7d3de0b7588,1,SUCCESS,,2026-08-27 18:57:34.122833
TXN_494afdbe6cb9,1,SUCCESS,,2026-06-23 04:14:41.122833
TXN_af49b1d5514d,1,FAILED,LIMIT_EXCEEDED,2026-06-29 22:10:25.122833
TXN_af49b1d5514d,2,SUCCESS,,2026-06-29 22:15:25.122833
TXN_80f95563a59d,1,SUCCESS,,2026-06-23 23:53:27.122833
TXN_1c6688a4b6ec,1,SUCCESS,,2026-07-16 18:30:04.122833
TXN_7bc06b69b8ea,1,FAILED,UPI_TIMEOUT,2026-06-09 23:45:05.122833
TXN_1f927f006261,1,SUCCESS,,2026-06-19 09:12:58.122833
TXN_eb309fe12421,1,FAILED,INSUFFICIENT_FUNDS,2026-08-07 14:03:31.122833
TXN_5f81a7eab087,1,FAILED,UPI_TIMEOUT,2026-06-28 01:12:58.122833
TXN_5f81a7eab087,2,SUCCESS,,2026-06-28 02:37:58.122833
TXN_85828efbdcd0,1,SUCCESS,,2026-06-14 18:30:08.122833
TXN_3f47ba359116,1,SUCCESS,,2026-08-04 08:51:51.122833
TXN_f86ba7deb8e6,1,SUCCESS,,2026-08-17 12:57:17.122833
TXN_0c1d4b33bf8e,1,SUCCESS,,2026-08-18 19:03:24.122833
TXN_b1ceedb51c64,1,SUCCESS,,2026-08-16 19:21:24.122833
TXN_ff51f6bdced0,1,SUCCESS,,2026-08-26 00:18:51.122833
TXN_2910c20578b5,1,SUCCESS,,2026-08-27 11:51:28.122833
TXN_1211b5fcddb2,1,SUCCESS,,2026-08-06 19:21:09.122833
TXN_a22099befc04,1,SUCCESS,,2026-06-10 04:18:14.122833
TXN_94a18c9c9147,1,SUCCESS,,2026-08-04 04:34:55.122833
TXN_0eeeb5fe3e20,1,SUCCESS,,2026-07-06 11:04:36.122833
TXN_1f8c3362d55a,1,SUCCESS,,2026-07-04 11:07:00.122833
TXN_b5bc9c047857,1,SUCCESS,,2026-06-29 02:12:05.122833
TXN_a8a08a86fcf2,1,SUCCESS,,2026-06-28 22:55:28.122833
TXN_8c2162ecf035,1,FAILED,CARD_EXPIRED,2026-07-03 16:59:26.122833
TXN_aadc62b2533d,1,SUCCESS,,2026-08-17 07:01:37.122833
TXN_cd40ff57a70c,1,SUCCESS,,2026-08-31 09:27:40.122833
TXN_b422ae482c5f,1,SUCCESS,,2026-08-27 02:06:55.122833
TXN_e74b0051b8a9,1,FAILED,AUTHENTICATION_FAILED,2026-06-25 21:21:32.122833
TXN_e74b0051b8a9,2,SUCCESS,,2026-06-25 21:37:32.122833
TXN_621ae02448ec,1,SUCCESS,,2026-06-20 16:12:34.122833
TXN_e58724ccb609,1,SUCCESS,,2026-08-28 08:37:06.122833
TXN_afaf0913e9c0,1,SUCCESS,,2026-07-06 05:03:01.122833
TXN_2727782966bf,1,FAILED,INSUFFICIENT_FUNDS,2026-08-27 19:49:04.122833
TXN_2727782966bf,2,SUCCESS,,2026-08-27 20:27:04.122833
TXN_b08bd2fec2da,1,SUCCESS,,2026-08-12 18:55:36.122833
TXN_57a0cad1322f,1,FAILED,AUTHENTICATION_FAILED,2026-07-30 07:10:49.122833
TXN_f38821c048a8,1,FAILED,NETWORK_TIMEOUT,2026-06-05 11:04:05.122833
TXN_f38821c048a8,2,SUCCESS,,2026-06-05 12:40:05.122833
TXN_a45dbcf5e44e,1,FAILED,UPI_TIMEOUT,2026-07-21 23:10:10.122833
TXN_a45dbcf5e44e,2,SUCCESS,,2026-07-21 23:24:10.122833
TXN_714e14dffda7,1,SUCCESS,,2026-08-17 20:02:32.122833
TXN_5257d6c0e0d6,1,SUCCESS,,2026-07-05 14:52:06.122833
TXN_32e99cf3f14a,1,SUCCESS,,2026-07-31 05:47:03.122833
TXN_3daecda6e0d2,1,FAILED,UPI_TIMEOUT,2026-07-27 01:15:01.122833
TXN_3daecda6e0d2,2,SUCCESS,,2026-07-27 02:37:01.122833
TXN_0bf27abca82c,1,FAILED,CARD_EXPIRED,2026-07-29 17:41:59.122833
TXN_bd76c6a20688,1,SUCCESS,,2026-08-08 18:26:11.122833
TXN_35e323450793,1,SUCCESS,,2026-08-25 23:31:47.122833
TXN_d0232e889aa5,1,FAILED,CARD_EXPIRED,2026-08-03 18:26:32.122833
TXN_9540aef36720,1,FAILED,UPI_TIMEOUT,2026-06-12 05:59:51.122833
TXN_9540aef36720,2,SUCCESS,,2026-06-12 06:50:51.122833
TXN_ed1e8f0ecbe5,1,SUCCESS,,2026-07-23 03:00:03.122833
TXN_7f94f6f388fe,1,FAILED,BANK_DECLINED,2026-08-26 03:12:25.122833
TXN_0fe4bdfbadb7,1,SUCCESS,,2026-08-29 14:06:09.122833
TXN_ecf392674f4c,1,SUCCESS,,2026-08-30 01:38:22.122833
TXN_314884d55c3f,1,SUCCESS,,2026-06-04 14:59:40.122833
TXN_0ac94f5f3cf7,1,SUCCESS,,2026-07-19 04:52:12.122833
TXN_71acfebb1af3,1,SUCCESS,,2026-07-01 12:27:25.122833
TXN_ff3f7b962711,1,SUCCESS,,2026-06-03 20:43:42.122833
TXN_0880b2865dbf,1,SUCCESS,,2026-06-10 10:25:28.122833
TXN_fa96d9085071,1,SUCCESS,,2026-06-14 07:49:54.122833
TXN_65bb792364db,1,SUCCESS,,2026-07-20 00:10:47.122833
TXN_f0027fd599dc,1,FAILED,INSUFFICIENT_FUNDS,2026-08-12 22:58:45.122833
TXN_7a999c31dfa9,1,SUCCESS,,2026-08-28 07:41:15.122833
TXN_100821b3e906,1,SUCCESS,,2026-07-12 21:38:18.122833
TXN_debc9b6d8faa,1,SUCCESS,,2026-07-20 01:09:02.122833
TXN_e6484c13ca81,1,SUCCESS,,2026-07-13 09:44:05.122833
TXN_4afa91bc6a0b,1,SUCCESS,,2026-06-26 16:09:54.122833
TXN_8dd13b9cfec9,1,FAILED,AUTHENTICATION_FAILED,2026-06-03 17:00:47.122833
TXN_29a87f53060d,1,SUCCESS,,2026-08-25 15:48:30.122833
TXN_3e4ab682535d,1,SUCCESS,,2026-06-07 03:18:07.122833
TXN_5f440ec9ff5a,1,SUCCESS,,2026-07-09 19:15:00.122833
TXN_b50426e2d29f,1,FAILED,LIMIT_EXCEEDED,2026-07-25 23:35:04.122833
TXN_809628b55ac8,1,SUCCESS,,2026-06-25 10:17:00.122833
TXN_33db1bc8a406,1,SUCCESS,,2026-07-09 16:27:13.122833
TXN_68619bb4604f,1,SUCCESS,,2026-06-06 07:13:47.122833
TXN_faf1979350f0,1,SUCCESS,,2026-08-04 02:44:59.122833
TXN_a9bb526c3b87,1,SUCCESS,,2026-06-18 13:43:29.122833
TXN_e2ea59b6c24d,1,FAILED,INSUFFICIENT_FUNDS,2026-07-17 04:13:08.122833
TXN_2fb3b929cdd7,1,SUCCESS,,2026-07-18 07:41:49.122833
TXN_48278dc9a647,1,SUCCESS,,2026-08-12 03:02:03.122833
TXN_a80ad6bc853b,1,SUCCESS,,2026-08-16 02:31:36.122833
TXN_c94873085eb3,1,SUCCESS,,2026-08-13 11:09:10.122833
TXN_163993914841,1,SUCCESS,,2026-07-16 06:36:59.122833
TXN_a9477d8582ce,1,FAILED,INSUFFICIENT_FUNDS,2026-07-11 06:51:20.122833
TXN_c027d6a4d1d3,1,SUCCESS,,2026-08-14 10:49:22.122833
TXN_a00a53ea647f,1,SUCCESS,,2026-06-10 16:02:32.122833
TXN_b5c8f6b80e1a,1,SUCCESS,,2026-08-11 03:03:56.122833
TXN_61a5a79fad78,1,SUCCESS,,2026-07-23 23:36:54.122833
TXN_d4af9ef61450,1,SUCCESS,,2026-06-23 16:30:21.122833
TXN_58e7c7aad7ec,1,SUCCESS,,2026-06-21 09:28:38.122833
TXN_09dacdf3697a,1,SUCCESS,,2026-06-19 12:02:26.122833
TXN_4260e0e91cd1,1,SUCCESS,,2026-06-17 13:00:43.122833
TXN_6307a9e00652,1,FAILED,UPI_TIMEOUT,2026-07-15 23:11:00.122833
TXN_6307a9e00652,2,SUCCESS,,2026-07-15 23:56:00.122833
TXN_e9b0df0f66cd,1,SUCCESS,,2026-08-19 18:01:08.122833
TXN_766f3fc1bc9a,1,SUCCESS,,2026-07-23 23:01:56.122833
TXN_63c1d4876759,1,SUCCESS,,2026-08-21 05:33:27.122833
TXN_e59fb9002e89,1,FAILED,AUTHENTICATION_FAILED,2026-07-21 19:39:38.122833
TXN_57af949ecbcd,1,SUCCESS,,2026-06-24 10:56:38.122833
TXN_f9b8c7c1008d,1,SUCCESS,,2026-08-17 14:21:00.122833
TXN_1cb0c6bd462e,1,SUCCESS,,2026-08-03 12:23:48.122833
TXN_b04acf503962,1,FAILED,LIMIT_EXCEEDED,2026-08-27 02:10:41.122833
TXN_4bf0f83c56fd,1,SUCCESS,,2026-06-04 14:35:40.122833
TXN_1ee37cd6a89c,1,SUCCESS,,2026-07-03 12:39:43.122833
TXN_0098b464b70d,1,FAILED,LIMIT_EXCEEDED,2026-06-11 14:30:05.122833
TXN_0098b464b70d,2,SUCCESS,,2026-06-11 16:27:05.122833
TXN_23910eb989d6,1,SUCCESS,,2026-06-12 20:40:13.122833
TXN_36de285352df,1,SUCCESS,,2026-08-26 06:27:04.122833
TXN_88ee3aa5a063,1,SUCCESS,,2026-08-30 05:28:51.122833
TXN_2d6acbce69e5,1,SUCCESS,,2026-07-19 14:09:10.122833
TXN_e9deae56919e,1,SUCCESS,,2026-07-16 11:36:04.122833
TXN_41bbb6de7a59,1,FAILED,CARD_EXPIRED,2026-08-04 04:48:26.122833
TXN_b273e5297e05,1,SUCCESS,,2026-06-12 09:21:42.122833
TXN_191600aa513e,1,SUCCESS,,2026-08-23 03:29:44.122833
TXN_396cfe77499a,1,SUCCESS,,2026-07-17 21:39:11.122833
TXN_e5bcbd79727a,1,SUCCESS,,2026-07-15 17:33:38.122833
TXN_50fb0acda3a5,1,SUCCESS,,2026-08-09 01:13:04.122833
TXN_a8af3a1f2240,1,FAILED,INSUFFICIENT_FUNDS,2026-08-22 03:32:13.122833
TXN_42ccb4f17ed9,1,SUCCESS,,2026-06-05 21:36:21.122833
TXN_0e73e8cb76f7,1,SUCCESS,,2026-08-05 08:19:25.122833
TXN_c28f69f116de,1,SUCCESS,,2026-08-11 22:33:59.122833
TXN_2eadf6127060,1,SUCCESS,,2026-08-07 12:16:55.122833
TXN_4e9d65629434,1,FAILED,NETWORK_TIMEOUT,2026-08-16 03:04:52.122833
TXN_4e9d65629434,2,SUCCESS,,2026-08-16 03:32:52.122833
TXN_e4d36356fb5d,1,SUCCESS,,2026-08-02 21:05:52.122833
TXN_0770668d124f,1,SUCCESS,,2026-07-19 22:42:15.122833
TXN_b50c48f2541f,1,SUCCESS,,2026-06-09 21:49:50.122833
TXN_79b906663f44,1,SUCCESS,,2026-08-10 01:28:34.122833
TXN_d9a878ab1f12,1,SUCCESS,,2026-08-19 16:38:23.122833
TXN_1634b56e1b4a,1,SUCCESS,,2026-08-31 07:36:07.122833
TXN_54b5ea424c33,1,SUCCESS,,2026-07-14 18:36:37.122833
TXN_92b770a218d4,1,SUCCESS,,2026-08-11 11:14:46.122833
TXN_f977d2bdb877,1,SUCCESS,,2026-06-05 04:36:30.122833
TXN_49952f9c3da4,1,FAILED,CUSTOMER_CANCELLED,2026-08-03 15:07:11.122833
TXN_c827d1907f77,1,FAILED,CARD_EXPIRED,2026-06-22 11:39:34.122833
TXN_c827d1907f77,2,SUCCESS,,2026-06-22 12:32:34.122833
TXN_8d512e409cba,1,SUCCESS,,2026-07-23 07:24:54.122833
TXN_a61d42d126a1,1,SUCCESS,,2026-06-30 05:00:19.122833
TXN_9236c155816b,1,SUCCESS,,2026-08-09 22:24:43.122833
TXN_727fda7ac7e2,1,SUCCESS,,2026-07-20 05:56:54.122833
TXN_79a2e76d61c6,1,SUCCESS,,2026-07-21 02:55:39.122833
TXN_6ff631721b25,1,SUCCESS,,2026-07-23 21:19:02.122833
TXN_713e5148c086,1,SUCCESS,,2026-08-11 10:17:57.122833
TXN_c2fd6d079da4,1,SUCCESS,,2026-07-13 10:29:29.122833
TXN_b844236c0eaf,1,FAILED,LIMIT_EXCEEDED,2026-07-02 21:46:18.122833
TXN_c6d83dffde0d,1,FAILED,UPI_TIMEOUT,2026-07-15 03:09:38.122833
TXN_c6d83dffde0d,2,SUCCESS,,2026-07-15 04:58:38.122833
TXN_f529cce99391,1,SUCCESS,,2026-07-05 09:04:26.122833
TXN_3f1bdd47b2c9,1,SUCCESS,,2026-08-30 02:23:51.122833
TXN_83428c3165c3,1,SUCCESS,,2026-06-27 11:08:00.122833
TXN_2ca03c5df39c,1,SUCCESS,,2026-06-27 02:17:20.122833
TXN_d1289a94560e,1,SUCCESS,,2026-06-20 06:41:59.122833
TXN_930b3eef4f61,1,SUCCESS,,2026-07-11 13:01:44.122833
TXN_826858f00eba,1,FAILED,BANK_DECLINED,2026-07-30 03:29:54.122833
TXN_826858f00eba,2,SUCCESS,,2026-07-30 05:07:54.122833
TXN_0f83c1fdef8b,1,SUCCESS,,2026-06-26 15:10:02.122833
TXN_bb14c8a65158,1,SUCCESS,,2026-07-04 09:58:13.122833
TXN_9b4ac4028db2,1,SUCCESS,,2026-06-03 06:55:15.122833
TXN_5a5cfb5bbcad,1,FAILED,CARD_EXPIRED,2026-08-07 21:45:15.122833
TXN_30b14431bb32,1,SUCCESS,,2026-07-13 07:53:12.122833
TXN_cede996afaac,1,SUCCESS,,2026-07-25 13:45:39.122833
TXN_5b9b05d1171b,1,SUCCESS,,2026-07-20 16:44:04.122833
TXN_f6582bf2e9fd,1,SUCCESS,,2026-07-25 02:11:23.122833
TXN_21047bc87f6b,1,SUCCESS,,2026-07-07 18:36:11.122833
TXN_9409ae6527e1,1,SUCCESS,,2026-07-24 17:05:06.122833
TXN_9ae2630bab6c,1,SUCCESS,,2026-08-19 22:38:16.122833
TXN_f75705a9508b,1,SUCCESS,,2026-07-02 19:59:12.122833
TXN_2efbe6ec6291,1,SUCCESS,,2026-08-15 22:25:11.122833
TXN_b99c169fd084,1,SUCCESS,,2026-08-06 23:55:35.122833
TXN_27e0edc3dc65,1,FAILED,BANK_DECLINED,2026-08-07 16:04:34.122833
TXN_27e0edc3dc65,2,SUCCESS,,2026-08-07 17:39:34.122833
TXN_ce548e460a90,1,SUCCESS,,2026-08-21 03:36:30.122833
TXN_b0d034962308,1,SUCCESS,,2026-06-29 22:50:42.122833
TXN_0eadfdbece29,1,SUCCESS,,2026-06-15 16:09:55.122833
TXN_00144bdd10d5,1,FAILED,CUSTOMER_CANCELLED,2026-08-09 07:12:32.122833
TXN_8c9d33f45656,1,SUCCESS,,2026-06-21 11:53:53.122833
TXN_c1b5e60db6ff,1,SUCCESS,,2026-08-07 17:33:21.122833
TXN_da03fbe5b33a,1,SUCCESS,,2026-06-03 23:00:30.122833
TXN_0dd6c48d757a,1,SUCCESS,,2026-07-30 09:03:04.122833
TXN_f77811628bda,1,SUCCESS,,2026-06-27 23:31:42.122833
TXN_167e95cf0c47,1,SUCCESS,,2026-07-26 13:35:07.122833
TXN_1df465eef317,1,SUCCESS,,2026-07-17 16:55:22.122833
TXN_9064cd83ff1b,1,SUCCESS,,2026-07-03 13:39:19.122833
TXN_4afa37cdb1df,1,SUCCESS,,2026-06-25 16:57:04.122833
TXN_fbdda8b075d6,1,FAILED,BANK_DECLINED,2026-06-06 20:18:18.122833
TXN_165d8a6cb387,1,FAILED,LIMIT_EXCEEDED,2026-06-05 02:18:26.122833
TXN_35ff84256170,1,SUCCESS,,2026-07-22 06:08:50.122833
TXN_5f8e98f6fd95,1,FAILED,BANK_DECLINED,2026-06-21 13:01:14.122833
TXN_5f8e98f6fd95,2,SUCCESS,,2026-06-21 13:07:14.122833
TXN_da6150b85580,1,SUCCESS,,2026-08-13 01:44:59.122833
TXN_035f72f23704,1,SUCCESS,,2026-06-17 14:34:17.122833
TXN_598ee26a12b4,1,SUCCESS,,2026-06-09 10:41:22.122833
TXN_cd1e5c40a3fc,1,SUCCESS,,2026-07-28 01:07:54.122833
TXN_403a8dd7c8e8,1,FAILED,CUSTOMER_CANCELLED,2026-07-29 21:54:14.122833
TXN_403a8dd7c8e8,2,SUCCESS,,2026-07-29 23:20:14.122833
TXN_903825456fb1,1,SUCCESS,,2026-07-08 03:51:14.122833
TXN_04305ada8a90,1,SUCCESS,,2026-07-28 18:13:07.122833
TXN_ae5999011dba,1,SUCCESS,,2026-08-28 11:19:34.122833
TXN_46ff31842a50,1,SUCCESS,,2026-08-22 08:38:50.122833
TXN_7ba787cd35a2,1,SUCCESS,,2026-08-05 21:24:43.122833
TXN_1b70a89ce090,1,FAILED,NETWORK_TIMEOUT,2026-07-02 08:12:54.122833
TXN_1b70a89ce090,2,SUCCESS,,2026-07-02 09:05:54.122833
TXN_c2a74d334a27,1,SUCCESS,,2026-07-29 03:58:53.122833
TXN_3bc72eb1c9cc,1,FAILED,UPI_TIMEOUT,2026-08-05 04:38:44.122833
TXN_3bc72eb1c9cc,2,SUCCESS,,2026-08-05 04:59:44.122833
TXN_a6abb54dc038,1,SUCCESS,,2026-07-31 18:18:41.122833
TXN_d6d58bfd2ed8,1,FAILED,AUTHENTICATION_FAILED,2026-07-07 11:57:33.122833
TXN_6d6e5d4e8869,1,SUCCESS,,2026-08-28 05:24:25.122833
TXN_e9bc6d4177a0,1,FAILED,NETWORK_TIMEOUT,2026-08-04 11:28:25.122833
TXN_e9bc6d4177a0,2,SUCCESS,,2026-08-04 13:04:25.122833
TXN_7064baa44b33,1,FAILED,INSUFFICIENT_FUNDS,2026-08-05 22:21:45.122833
TXN_5fa6832523e3,1,SUCCESS,,2026-07-20 00:04:08.122833
TXN_c3a8a8ad35f7,1,SUCCESS,,2026-07-12 08:17:30.122833
TXN_8718a10ab7d8,1,FAILED,INSUFFICIENT_FUNDS,2026-08-18 06:01:02.122833
TXN_8718a10ab7d8,2,SUCCESS,,2026-08-18 07:22:02.122833
TXN_d205d3dc4838,1,SUCCESS,,2026-06-08 20:37:26.122833
TXN_f8e3e3b01750,1,SUCCESS,,2026-08-04 21:49:39.122833
TXN_47ead06b6679,1,SUCCESS,,2026-08-01 07:44:31.122833
TXN_f84999efbb5e,1,SUCCESS,,2026-08-31 03:06:05.122833
TXN_7aa1daabb4d3,1,SUCCESS,,2026-06-14 08:17:28.122833
TXN_6e5a346e4281,1,SUCCESS,,2026-07-01 19:23:58.122833
TXN_b823ff18ed25,1,SUCCESS,,2026-08-23 07:35:30.122833
TXN_d5cfc7249bfa,1,FAILED,INSUFFICIENT_FUNDS,2026-08-30 01:53:04.122833
TXN_b2f8fa27b724,1,SUCCESS,,2026-08-23 04:23:05.122833
TXN_1496f27e1054,1,SUCCESS,,2026-08-22 00:17:15.122833
TXN_c83d910b9fbc,1,SUCCESS,,2026-08-19 11:32:48.122833
TXN_dfee1cda8bef,1,SUCCESS,,2026-08-15 15:34:11.122833
TXN_3cded6414891,1,FAILED,LIMIT_EXCEEDED,2026-06-16 20:34:18.122833
TXN_593bc1ce78e3,1,SUCCESS,,2026-08-15 07:51:40.122833
TXN_bb7e91992f71,1,SUCCESS,,2026-08-08 08:31:17.122833
TXN_e3ad271d6b2b,1,SUCCESS,,2026-06-02 17:42:40.122833
TXN_9f974bc16feb,1,SUCCESS,,2026-08-17 08:49:19.122833
TXN_f5d800fd7786,1,FAILED,UPI_TIMEOUT,2026-07-01 02:01:47.122833
TXN_f5d800fd7786,2,SUCCESS,,2026-07-01 03:05:47.122833
TXN_9db8175b084d,1,SUCCESS,,2026-08-07 11:06:50.122833
TXN_0af8d8dedb0f,1,SUCCESS,,2026-07-28 03:34:36.122833
TXN_e7f9a1f363cf,1,SUCCESS,,2026-07-02 12:40:29.122833
TXN_b483d5c328c0,1,FAILED,BANK_DECLINED,2026-08-20 03:02:56.122833
TXN_d4f9e6a351ae,1,FAILED,NETWORK_TIMEOUT,2026-07-24 07:32:53.122833
TXN_d4f9e6a351ae,2,SUCCESS,,2026-07-24 08:15:53.122833
TXN_84b90dbd9169,1,SUCCESS,,2026-08-08 05:19:11.122833
TXN_3094992c1727,1,SUCCESS,,2026-07-31 03:57:57.122833
TXN_36cca54344c8,1,SUCCESS,,2026-06-08 02:41:12.122833
TXN_01e1c4d0890a,1,SUCCESS,,2026-08-03 19:52:21.122833
TXN_26d25c192526,1,SUCCESS,,2026-06-03 23:49:24.122833
TXN_b62a87fda153,1,FAILED,AUTHENTICATION_FAILED,2026-06-17 13:10:06.122833
TXN_1681b2dc8dab,1,FAILED,BANK_DECLINED,2026-07-18 21:13:57.122833
TXN_1681b2dc8dab,2,SUCCESS,,2026-07-18 21:18:57.122833
TXN_13b0de2d20a2,1,SUCCESS,,2026-07-26 12:13:43.122833
TXN_3af1c5e489d3,1,SUCCESS,,2026-07-09 07:30:34.122833
TXN_f2c29273bf88,1,SUCCESS,,2026-06-16 01:45:03.122833
TXN_ec571711e835,1,SUCCESS,,2026-08-26 17:27:36.122833
TXN_a741c8dc7099,1,FAILED,UPI_TIMEOUT,2026-06-28 13:23:22.122833
TXN_a741c8dc7099,2,SUCCESS,,2026-06-28 14:35:22.122833
TXN_915c6976b588,1,FAILED,UPI_TIMEOUT,2026-07-11 12:25:39.122833
TXN_915c6976b588,2,SUCCESS,,2026-07-11 13:40:39.122833
TXN_840664469bc1,1,SUCCESS,,2026-06-06 23:08:02.122833
TXN_5ddc69c0a305,1,FAILED,BANK_DECLINED,2026-08-03 20:10:34.122833
TXN_5ddc69c0a305,2,SUCCESS,,2026-08-03 22:05:34.122833
TXN_0314cef5d816,1,FAILED,CARD_EXPIRED,2026-08-01 23:02:25.122833
TXN_0314cef5d816,2,SUCCESS,,2026-08-01 23:33:25.122833
TXN_0f6b1604007f,1,FAILED,UPI_TIMEOUT,2026-07-21 23:46:36.122833
TXN_0f6b1604007f,2,SUCCESS,,2026-07-22 00:12:36.122833
TXN_15ea379ee3e7,1,FAILED,NETWORK_TIMEOUT,2026-08-08 12:51:44.122833
TXN_15ea379ee3e7,2,SUCCESS,,2026-08-08 13:53:44.122833
TXN_076fd5270068,1,SUCCESS,,2026-07-10 00:57:49.122833
TXN_b0c126d44149,1,SUCCESS,,2026-08-29 21:41:00.122833
TXN_d3ba4e102ec9,1,SUCCESS,,2026-07-29 22:25:05.122833
TXN_bf20b1ee8b31,1,SUCCESS,,2026-08-24 15:50:10.122833
TXN_80855c701515,1,SUCCESS,,2026-06-29 17:26:05.122833
TXN_7fccf7e406eb,1,FAILED,INSUFFICIENT_FUNDS,2026-06-21 03:18:59.122833
TXN_c4e61819a3f0,1,SUCCESS,,2026-08-01 09:44:44.122833
TXN_56d898ca505f,1,SUCCESS,,2026-08-11 09:17:29.122833
TXN_41cbc7f2f935,1,SUCCESS,,2026-08-08 22:26:18.122833
TXN_ffc34c3956e9,1,FAILED,CUSTOMER_CANCELLED,2026-07-09 09:32:32.122833
TXN_f76012deab0c,1,SUCCESS,,2026-08-25 16:27:00.122833
TXN_27c61dab5cdb,1,SUCCESS,,2026-06-27 16:13:57.122833
TXN_7465fd9b2c46,1,SUCCESS,,2026-06-27 03:38:57.122833
TXN_a336f82f3a9f,1,SUCCESS,,2026-07-10 12:08:44.122833
TXN_851ea71a532b,1,SUCCESS,,2026-07-21 16:36:01.122833
TXN_d369ec60798e,1,SUCCESS,,2026-08-31 03:59:05.122833
TXN_0c9be8ec3d9a,1,SUCCESS,,2026-08-12 04:48:15.122833
TXN_0c1ebd3a62d3,1,SUCCESS,,2026-06-10 11:47:40.122833
TXN_128892783e29,1,SUCCESS,,2026-06-09 03:17:15.122833
TXN_02952d954941,1,FAILED,LIMIT_EXCEEDED,2026-08-03 18:07:26.122833
TXN_eb9092b0c8be,1,SUCCESS,,2026-06-15 14:59:27.122833
TXN_5eaaac3791a7,1,FAILED,INSUFFICIENT_FUNDS,2026-07-01 15:31:55.122833
TXN_ee12193698b8,1,SUCCESS,,2026-08-14 15:48:59.122833
TXN_42922f734ac7,1,FAILED,AUTHENTICATION_FAILED,2026-08-15 15:09:34.122833
TXN_60fbc0d4cc80,1,SUCCESS,,2026-07-27 11:33:39.122833
TXN_efe521f6e74b,1,FAILED,CARD_EXPIRED,2026-06-11 09:10:09.122833
TXN_df1b4d56f3fc,1,FAILED,NETWORK_TIMEOUT,2026-06-13 04:48:32.122833
TXN_df1b4d56f3fc,2,SUCCESS,,2026-06-13 06:19:32.122833
TXN_a02117b23145,1,SUCCESS,,2026-08-30 19:12:18.122833
TXN_8a4926a2265e,1,SUCCESS,,2026-06-28 00:04:47.122833
TXN_f4a91ad2a5ec,1,FAILED,CUSTOMER_CANCELLED,2026-08-08 21:15:24.122833
TXN_b0532c62e4c0,1,SUCCESS,,2026-07-03 14:16:55.122833
TXN_f89a56c1c35b,1,SUCCESS,,2026-06-19 23:47:22.122833
TXN_21529ad12cf8,1,SUCCESS,,2026-06-12 13:38:09.122833
TXN_b56304f04a37,1,SUCCESS,,2026-06-22 03:06:20.122833
TXN_a0321eb76840,1,SUCCESS,,2026-07-17 17:07:43.122833
TXN_efd4b9e230fb,1,SUCCESS,,2026-08-13 19:06:07.122833
TXN_1db194069195,1,SUCCESS,,2026-08-24 10:22:19.122833
TXN_1c04652a9774,1,SUCCESS,,2026-06-22 18:10:20.122833
TXN_781c0c148d10,1,SUCCESS,,2026-07-09 01:01:13.122833
TXN_5a096778500a,1,SUCCESS,,2026-06-29 13:31:38.122833
TXN_d2c810e2c9e1,1,SUCCESS,,2026-08-06 01:31:34.122833
TXN_f118a0f7fe5c,1,FAILED,NETWORK_TIMEOUT,2026-06-11 18:53:13.122833
TXN_92966cd2b2fb,1,FAILED,CARD_EXPIRED,2026-08-03 17:16:26.122833
TXN_58a7df87dea5,1,SUCCESS,,2026-07-18 16:50:23.122833
TXN_f051961c2263,1,SUCCESS,,2026-07-08 02:52:14.122833
TXN_55354a6b1056,1,SUCCESS,,2026-07-24 15:17:54.122833
TXN_8b599b9dd8e9,1,SUCCESS,,2026-08-21 09:38:19.122833
TXN_2d4422ec864f,1,SUCCESS,,2026-06-17 12:39:48.122833
TXN_956166e89f8d,1,SUCCESS,,2026-07-07 13:40:40.122833
TXN_4be64a609a39,1,FAILED,BANK_DECLINED,2026-08-28 11:33:44.122833
TXN_03516c45dd72,1,SUCCESS,,2026-06-03 00:18:34.122833
TXN_543ef0418e47,1,SUCCESS,,2026-07-18 13:09:56.122833
TXN_cf7212f260b8,1,SUCCESS,,2026-07-21 18:47:03.122833
TXN_da0a42ae5fd5,1,SUCCESS,,2026-06-24 11:44:15.122833
TXN_fadea8cdb84a,1,SUCCESS,,2026-07-22 00:41:51.122833
TXN_70c7302ff400,1,SUCCESS,,2026-07-26 15:12:22.122833
TXN_b743e4b6e4ab,1,SUCCESS,,2026-07-01 10:37:48.122833
TXN_3e8b80d10f73,1,SUCCESS,,2026-08-26 11:28:06.122833
TXN_82b789c5bcf7,1,SUCCESS,,2026-08-21 18:11:13.122833
TXN_92859384cf99,1,SUCCESS,,2026-08-02 03:48:09.122833
TXN_87475954c30f,1,SUCCESS,,2026-06-02 16:37:22.122833
TXN_2fc397ed67d9,1,SUCCESS,,2026-08-27 11:21:02.122833
TXN_e643feb4a1dc,1,SUCCESS,,2026-06-04 02:31:38.122833
TXN_ec4b3d1208f1,1,SUCCESS,,2026-07-22 16:19:13.122833
TXN_cf63f8ad6b2f,1,SUCCESS,,2026-08-04 06:32:55.122833
TXN_1add9312100f,1,FAILED,AUTHENTICATION_FAILED,2026-07-20 20:04:44.122833
TXN_6d0e498809ec,1,SUCCESS,,2026-06-22 04:57:19.122833
TXN_1d6d8900661c,1,SUCCESS,,2026-06-08 13:06:26.122833
TXN_5caef4ae8fb4,1,SUCCESS,,2026-08-21 20:31:10.122833
TXN_0a935bdd2e1e,1,FAILED,LIMIT_EXCEEDED,2026-08-13 08:19:55.122833
TXN_2871cb850caf,1,SUCCESS,,2026-06-10 05:21:44.122833
TXN_5a5985b30d42,1,SUCCESS,,2026-08-11 09:09:05.122833
TXN_7544e3a1f548,1,SUCCESS,,2026-07-11 05:31:43.122833
TXN_ca5e99e85811,1,FAILED,INSUFFICIENT_FUNDS,2026-07-12 12:25:52.122833
TXN_ca5e99e85811,2,SUCCESS,,2026-07-12 12:56:52.122833
TXN_463e0d2e08f8,1,SUCCESS,,2026-06-02 18:58:32.122833
TXN_8eb82964ea81,1,SUCCESS,,2026-07-01 12:37:49.122833
TXN_74ec9480f46e,1,SUCCESS,,2026-06-30 11:41:28.122833
TXN_3bb3e75e32e3,1,SUCCESS,,2026-06-08 00:12:54.122833
TXN_ff9f7b5ce059,1,FAILED,BANK_DECLINED,2026-07-31 04:51:42.122833
TXN_ff9f7b5ce059,2,SUCCESS,,2026-07-31 06:30:42.122833
TXN_7d055082092a,1,SUCCESS,,2026-06-25 11:48:25.122833
TXN_c98d5e3fc462,1,SUCCESS,,2026-06-11 21:47:15.122833
TXN_542d02902a53,1,SUCCESS,,2026-07-31 06:10:25.122833
TXN_4972355d1c99,1,FAILED,INSUFFICIENT_FUNDS,2026-07-12 11:42:05.122833
TXN_4972355d1c99,2,SUCCESS,,2026-07-12 12:38:05.122833
TXN_b5f022238053,1,SUCCESS,,2026-06-29 06:41:12.122833
TXN_d886a4bc725e,1,SUCCESS,,2026-08-28 22:36:47.122833
TXN_852f65a45bc3,1,FAILED,INSUFFICIENT_FUNDS,2026-08-25 21:25:06.122833
TXN_852f65a45bc3,2,SUCCESS,,2026-08-25 23:25:06.122833
TXN_3ae0d4907e19,1,FAILED,INSUFFICIENT_FUNDS,2026-06-09 07:24:49.122833
TXN_3ae0d4907e19,2,SUCCESS,,2026-06-09 08:49:49.122833
TXN_196070aee137,1,FAILED,CUSTOMER_CANCELLED,2026-07-17 17:44:39.122833
TXN_b82cc210b930,1,SUCCESS,,2026-07-09 04:10:50.122833
TXN_2f6ac6d85422,1,FAILED,NETWORK_TIMEOUT,2026-08-11 15:09:51.122833
TXN_93d4ba8752a7,1,FAILED,BANK_DECLINED,2026-07-13 12:17:25.122833
TXN_93d4ba8752a7,2,SUCCESS,,2026-07-13 14:00:25.122833
TXN_47df358e08ce,1,FAILED,CUSTOMER_CANCELLED,2026-07-14 06:45:24.122833
TXN_7369054b44e3,1,SUCCESS,,2026-08-06 12:06:28.122833
TXN_f6bfd63fdb4c,1,SUCCESS,,2026-06-21 13:52:18.122833
TXN_a14a260329ba,1,SUCCESS,,2026-07-21 09:09:31.122833
TXN_3bacc5ed1702,1,SUCCESS,,2026-06-18 16:35:57.122833
TXN_30870eee59c8,1,SUCCESS,,2026-06-21 16:55:35.122833
TXN_f7a60e442301,1,SUCCESS,,2026-06-19 17:52:35.122833
TXN_8cff43b5d975,1,FAILED,NETWORK_TIMEOUT,2026-07-09 22:58:17.122833
TXN_8cff43b5d975,2,SUCCESS,,2026-07-10 00:46:17.122833
TXN_4181ce35257e,1,FAILED,NETWORK_TIMEOUT,2026-06-30 21:04:08.122833
TXN_4181ce35257e,2,SUCCESS,,2026-06-30 21:16:08.122833
TXN_7531440f785c,1,SUCCESS,,2026-08-08 08:12:50.122833
TXN_0cfad6fb02dd,1,SUCCESS,,2026-07-05 10:52:46.122833
TXN_4c4927635a44,1,SUCCESS,,2026-08-20 08:04:02.122833
TXN_4406388c7456,1,FAILED,UPI_TIMEOUT,2026-08-21 14:45:36.122833
TXN_4406388c7456,2,SUCCESS,,2026-08-21 16:28:36.122833
TXN_437f5d9c8b31,1,SUCCESS,,2026-08-04 03:15:27.122833
TXN_51c1affb111d,1,SUCCESS,,2026-08-01 04:10:27.122833
TXN_57cd1720ba7d,1,FAILED,NETWORK_TIMEOUT,2026-06-13 13:31:36.122833
TXN_cdd2da90996c,1,SUCCESS,,2026-08-27 12:11:19.122833
TXN_d812aee69913,1,SUCCESS,,2026-07-21 23:10:21.122833
TXN_6fd72fd6774f,1,SUCCESS,,2026-08-12 14:34:07.122833
TXN_09558914c5bd,1,FAILED,CARD_EXPIRED,2026-08-15 14:59:21.122833
TXN_09558914c5bd,2,SUCCESS,,2026-08-15 15:14:21.122833
TXN_e833ff66110d,1,FAILED,LIMIT_EXCEEDED,2026-07-19 10:00:52.122833
TXN_ce64b8186f15,1,FAILED,LIMIT_EXCEEDED,2026-07-06 03:07:13.122833
TXN_2a6d336a8685,1,SUCCESS,,2026-08-09 09:09:18.122833
TXN_cae2b488c684,1,SUCCESS,,2026-07-13 12:13:47.122833
TXN_7118b19b8ded,1,SUCCESS,,2026-07-21 10:20:08.122833
TXN_9a7886398f18,1,SUCCESS,,2026-08-11 09:58:43.122833
TXN_0fe29706725a,1,SUCCESS,,2026-06-28 16:53:38.122833
TXN_35152b761e01,1,SUCCESS,,2026-08-26 00:18:15.122833
TXN_9b04080fc82e,1,SUCCESS,,2026-06-15 20:08:59.122833
TXN_8b6ba1f276ed,1,FAILED,NETWORK_TIMEOUT,2026-06-02 15:56:21.122833
TXN_8b6ba1f276ed,2,SUCCESS,,2026-06-02 16:45:21.122833
TXN_a89759765cea,1,SUCCESS,,2026-07-08 10:09:24.122833
TXN_5d569a1b4224,1,SUCCESS,,2026-06-12 15:04:45.122833
TXN_1d22168ee773,1,FAILED,LIMIT_EXCEEDED,2026-07-07 01:46:35.122833
TXN_d57a390fd1cd,1,SUCCESS,,2026-06-16 11:11:37.122833
TXN_7621b3aa8fe6,1,FAILED,AUTHENTICATION_FAILED,2026-07-21 20:41:35.122833
TXN_11bf33a357b5,1,SUCCESS,,2026-06-07 09:22:06.122833
TXN_118018c0b8e3,1,SUCCESS,,2026-06-26 17:04:27.122833
TXN_befef4752191,1,FAILED,AUTHENTICATION_FAILED,2026-08-23 09:16:30.122833
TXN_befef4752191,2,SUCCESS,,2026-08-23 10:29:30.122833
TXN_b34b6ef38a06,1,SUCCESS,,2026-06-04 21:02:07.122833
TXN_accf0c569842,1,FAILED,CARD_EXPIRED,2026-06-16 05:07:47.122833
TXN_8ded791a32a4,1,SUCCESS,,2026-07-01 13:37:14.122833
TXN_e031125bc60f,1,SUCCESS,,2026-07-19 01:14:49.122833
TXN_e901f06fd247,1,SUCCESS,,2026-06-21 01:14:47.122833
TXN_450e70d92f8b,1,SUCCESS,,2026-08-23 11:25:26.122833
TXN_dd68991cfce4,1,FAILED,NETWORK_TIMEOUT,2026-08-01 16:57:47.122833
TXN_dd68991cfce4,2,SUCCESS,,2026-08-01 17:27:47.122833
TXN_efe31aa9531d,1,SUCCESS,,2026-08-14 04:01:35.122833
TXN_a1adcf0eab86,1,SUCCESS,,2026-08-25 02:05:58.122833
TXN_97833cae7201,1,FAILED,INSUFFICIENT_FUNDS,2026-07-25 21:40:56.122833
TXN_a88c1459873e,1,FAILED,LIMIT_EXCEEDED,2026-07-09 14:56:30.122833
TXN_9861da826c84,1,SUCCESS,,2026-06-06 04:36:47.122833
TXN_9f9b7959eeaa,1,SUCCESS,,2026-06-10 07:13:13.122833
TXN_265711bba0fe,1,SUCCESS,,2026-06-15 17:25:11.122833
TXN_d13aa5ea936d,1,FAILED,LIMIT_EXCEEDED,2026-07-08 16:59:59.122833
TXN_886c7356cd12,1,FAILED,NETWORK_TIMEOUT,2026-06-13 12:26:23.122833
TXN_886c7356cd12,2,SUCCESS,,2026-06-13 14:09:23.122833
TXN_62c61f47dc17,1,SUCCESS,,2026-06-04 12:22:45.122833
TXN_533620000913,1,SUCCESS,,2026-08-05 11:22:07.122833
TXN_dd897647b3d6,1,FAILED,INSUFFICIENT_FUNDS,2026-06-21 06:33:18.122833
TXN_57d5a4fc2b9c,1,SUCCESS,,2026-06-19 09:27:23.122833
TXN_e6a95423bc4c,1,FAILED,BANK_DECLINED,2026-08-10 19:38:17.122833
TXN_e6a95423bc4c,2,SUCCESS,,2026-08-10 21:00:17.122833
TXN_4c545d533fc5,1,FAILED,UPI_TIMEOUT,2026-06-15 05:30:01.122833
TXN_4c545d533fc5,2,SUCCESS,,2026-06-15 06:50:01.122833
TXN_a56436ad20bb,1,SUCCESS,,2026-08-08 02:39:55.122833
TXN_d49d2ee14e0c,1,SUCCESS,,2026-08-17 21:31:08.122833
TXN_ca79ca2eba49,1,FAILED,CUSTOMER_CANCELLED,2026-07-16 20:14:40.122833
TXN_378bf19860c3,1,SUCCESS,,2026-07-15 18:59:31.122833
TXN_6bdc8a35043d,1,FAILED,CARD_EXPIRED,2026-06-28 07:34:38.122833
TXN_cd8ba6f2926b,1,FAILED,LIMIT_EXCEEDED,2026-06-04 15:20:37.122833
TXN_308f2f0a1811,1,SUCCESS,,2026-07-18 15:09:55.122833
TXN_835daf441ca2,1,SUCCESS,,2026-07-25 00:23:00.122833
TXN_c6abe20dc586,1,SUCCESS,,2026-06-10 07:05:00.122833
TXN_6d5398fc7364,1,SUCCESS,,2026-08-23 17:50:57.122833
TXN_37d3a7569108,1,SUCCESS,,2026-06-28 03:46:09.122833
TXN_f21479175779,1,SUCCESS,,2026-07-04 05:06:22.122833
TXN_9bc013d089d5,1,FAILED,AUTHENTICATION_FAILED,2026-06-20 17:34:54.122833
TXN_9bc013d089d5,2,SUCCESS,,2026-06-20 18:36:54.122833
TXN_49f5e3bec10d,1,SUCCESS,,2026-06-06 02:19:42.122833
TXN_3a27954dbe8f,1,SUCCESS,,2026-06-03 06:26:03.122833
TXN_637c02e28aff,1,SUCCESS,,2026-07-02 07:49:16.122833
TXN_3197c8daae02,1,SUCCESS,,2026-07-25 21:08:47.122833
TXN_3d691d5960ab,1,SUCCESS,,2026-07-14 04:52:27.122833
TXN_0c7768780a35,1,FAILED,INSUFFICIENT_FUNDS,2026-08-20 11:46:52.122833
TXN_0c7768780a35,2,SUCCESS,,2026-08-20 11:57:52.122833
TXN_ea27371b6520,1,FAILED,CARD_EXPIRED,2026-08-12 23:55:54.122833
TXN_ea27371b6520,2,SUCCESS,,2026-08-13 01:23:54.122833
TXN_0fd7d1194fee,1,SUCCESS,,2026-06-12 03:37:25.122833
TXN_71c5ebc14b20,1,FAILED,UPI_TIMEOUT,2026-06-05 02:20:38.122833
TXN_8ed46d6352a0,1,SUCCESS,,2026-08-22 15:12:39.122833
TXN_700ffa93ddca,1,SUCCESS,,2026-08-18 10:18:35.122833
TXN_b5b0248ed312,1,SUCCESS,,2026-06-20 12:49:14.122833
TXN_eb45dde4bd9f,1,FAILED,BANK_DECLINED,2026-06-10 01:29:39.122833
TXN_eb45dde4bd9f,2,SUCCESS,,2026-06-10 02:49:39.122833
TXN_4835f2445b55,1,SUCCESS,,2026-06-17 03:56:37.122833
TXN_57bc11a220cc,1,SUCCESS,,2026-07-04 17:07:45.122833
TXN_656c4ceca0cb,1,SUCCESS,,2026-06-19 11:08:30.122833
TXN_802ccb8d80e5,1,SUCCESS,,2026-07-30 09:19:19.122833
TXN_e83827283b17,1,SUCCESS,,2026-06-08 16:07:16.122833
TXN_73b43fc58b6f,1,SUCCESS,,2026-07-27 12:08:11.122833
TXN_1c2b16215093,1,SUCCESS,,2026-08-21 03:13:25.122833
TXN_c4463073e2e3,1,SUCCESS,,2026-07-20 22:03:30.122833
TXN_7cd4d0c75835,1,SUCCESS,,2026-07-21 21:09:20.122833
TXN_d0b1c45e8f3b,1,SUCCESS,,2026-06-27 00:16:18.122833
TXN_188bdf0e2615,1,SUCCESS,,2026-07-07 09:45:17.122833
TXN_412c919746d6,1,SUCCESS,,2026-08-13 16:16:35.122833
TXN_040e07dae0e9,1,SUCCESS,,2026-06-07 21:58:13.122833
TXN_6b430b57cbb2,1,SUCCESS,,2026-06-10 17:51:29.122833
TXN_d14438a14221,1,SUCCESS,,2026-07-15 22:07:29.122833
TXN_b275504e3cea,1,SUCCESS,,2026-08-12 19:32:22.122833
TXN_5e3416932409,1,SUCCESS,,2026-06-08 05:23:17.122833
TXN_caf787061055,1,SUCCESS,,2026-07-13 16:39:18.122833
TXN_4b71a36b882e,1,SUCCESS,,2026-07-26 10:51:19.122833
TXN_249b82b19d46,1,SUCCESS,,2026-07-27 17:52:07.122833
TXN_a03619cf2f72,1,SUCCESS,,2026-07-10 13:38:52.122833
TXN_707cae93cd7f,1,SUCCESS,,2026-07-13 03:01:26.122833
TXN_cf3d043357b5,1,SUCCESS,,2026-07-30 10:02:38.122833
TXN_9eebb5f59eef,1,SUCCESS,,2026-07-11 20:41:28.122833
TXN_c61487461d57,1,FAILED,INSUFFICIENT_FUNDS,2026-07-05 15:28:51.122833
TXN_f30f7406191f,1,FAILED,CARD_EXPIRED,2026-07-05 14:03:38.122833
TXN_ae50a6be4ab5,1,SUCCESS,,2026-06-23 18:36:18.122833
TXN_d02fe1f494e6,1,SUCCESS,,2026-08-08 18:28:17.122833
TXN_7f0386a9a2cb,1,SUCCESS,,2026-07-08 14:19:16.122833
TXN_f9d4795733a9,1,SUCCESS,,2026-07-29 09:36:13.122833
TXN_cc6a37dfc496,1,SUCCESS,,2026-06-27 23:07:10.122833
TXN_848db482242f,1,FAILED,NETWORK_TIMEOUT,2026-08-09 11:32:24.122833
TXN_848db482242f,2,SUCCESS,,2026-08-09 12:39:24.122833
TXN_92f1ba2048db,1,FAILED,CARD_EXPIRED,2026-06-06 16:57:05.122833
TXN_72881c3db9a3,1,SUCCESS,,2026-07-21 14:31:30.122833
TXN_10ac2401fbbf,1,SUCCESS,,2026-06-23 00:51:07.122833
TXN_05a2aac4c83a,1,SUCCESS,,2026-06-15 14:26:57.122833
TXN_955b3644c75b,1,SUCCESS,,2026-08-22 12:36:57.122833
TXN_513a26466755,1,SUCCESS,,2026-07-14 21:02:41.122833
TXN_21b56a406cf5,1,SUCCESS,,2026-08-18 07:41:25.122833
TXN_3ab5cad24da2,1,FAILED,CARD_EXPIRED,2026-08-26 03:28:20.122833
TXN_40e90db53859,1,SUCCESS,,2026-07-07 00:12:48.122833
TXN_5db67377bc31,1,SUCCESS,,2026-08-01 20:55:15.122833
TXN_43c22469191a,1,SUCCESS,,2026-07-10 19:39:53.122833
TXN_4b0ca0ebd682,1,SUCCESS,,2026-07-13 19:31:21.122833
TXN_a648549b6deb,1,SUCCESS,,2026-08-27 06:42:50.122833
TXN_d8b9799384f2,1,SUCCESS,,2026-06-09 21:09:09.122833
TXN_af65638504de,1,FAILED,CARD_EXPIRED,2026-06-30 05:11:31.122833
TXN_d393a5d50673,1,SUCCESS,,2026-06-12 18:13:31.122833
TXN_0fa64ab25566,1,SUCCESS,,2026-06-05 02:24:47.122833
TXN_9fd9f06d6c48,1,SUCCESS,,2026-06-02 21:29:35.122833
TXN_7cf2d72ad726,1,FAILED,LIMIT_EXCEEDED,2026-06-17 09:04:35.122833
TXN_647ca4556137,1,SUCCESS,,2026-06-03 12:48:07.122833
TXN_97a67825cc98,1,SUCCESS,,2026-07-20 01:58:11.122833
TXN_56a2520a3d12,1,FAILED,LIMIT_EXCEEDED,2026-08-27 16:20:59.122833
TXN_deefb869cb9e,1,SUCCESS,,2026-06-27 21:54:42.122833
TXN_49796a0db17c,1,SUCCESS,,2026-08-17 17:23:45.122833
TXN_7552da3d52a3,1,SUCCESS,,2026-08-11 06:18:43.122833
TXN_f7a88d5242bd,1,SUCCESS,,2026-06-18 23:56:04.122833
TXN_8c8d51e8caf3,1,SUCCESS,,2026-07-14 11:53:47.122833
TXN_dd09461fc6c7,1,SUCCESS,,2026-06-19 01:01:58.122833
TXN_2ec853412552,1,SUCCESS,,2026-08-04 16:15:07.122833
TXN_b5d17e2a4b1a,1,SUCCESS,,2026-07-29 08:52:21.122833
TXN_9778edf5f972,1,FAILED,BANK_DECLINED,2026-07-09 18:57:32.122833
TXN_9778edf5f972,2,SUCCESS,,2026-07-09 19:27:32.122833
TXN_0393238acffe,1,SUCCESS,,2026-07-28 12:50:52.122833
TXN_4cc4a9d51327,1,SUCCESS,,2026-06-29 05:49:46.122833
TXN_5f748529fffe,1,SUCCESS,,2026-06-06 17:44:46.122833
TXN_1f822dc1547b,1,SUCCESS,,2026-06-10 18:42:05.122833
TXN_6f74be62867a,1,SUCCESS,,2026-08-11 03:00:01.122833
TXN_c46a81642734,1,SUCCESS,,2026-07-09 06:34:07.122833
TXN_83a1a87b3647,1,SUCCESS,,2026-07-22 07:37:18.122833
TXN_b33f6fbf0278,1,SUCCESS,,2026-07-31 03:06:27.122833
TXN_c413b1e5b25c,1,SUCCESS,,2026-08-11 01:11:46.122833
TXN_af6ed8b5c00f,1,SUCCESS,,2026-06-03 20:43:24.122833
TXN_63d6abf61db5,1,SUCCESS,,2026-07-24 18:10:38.122833
TXN_085ec0c9dc49,1,SUCCESS,,2026-07-11 09:15:17.122833
TXN_16a2a41df333,1,SUCCESS,,2026-06-13 09:51:22.122833
TXN_5135b76a81cd,1,SUCCESS,,2026-08-21 06:30:55.122833
TXN_0a90aa0add92,1,FAILED,UPI_TIMEOUT,2026-07-09 07:23:18.122833
TXN_0a90aa0add92,2,SUCCESS,,2026-07-09 08:54:18.122833
TXN_8634a8572541,1,SUCCESS,,2026-07-15 21:06:20.122833
TXN_3003011c4189,1,SUCCESS,,2026-07-08 11:24:28.122833
TXN_1ccfa00aeedd,1,SUCCESS,,2026-06-23 19:34:58.122833
TXN_a0d99e739868,1,SUCCESS,,2026-08-02 13:36:09.122833
TXN_6c34c78566d1,1,SUCCESS,,2026-08-08 12:49:34.122833
TXN_7086f8473df1,1,SUCCESS,,2026-08-27 09:15:22.122833
TXN_0f40de1d5736,1,SUCCESS,,2026-07-31 02:41:42.122833
TXN_16a6e66cdd2d,1,SUCCESS,,2026-07-31 13:08:56.122833
TXN_49a3e4df3493,1,SUCCESS,,2026-07-11 20:44:50.122833
TXN_a3193f45ac6c,1,SUCCESS,,2026-08-10 12:01:37.122833
TXN_830acc4ed2c2,1,SUCCESS,,2026-06-04 18:00:00.122833
TXN_917075153737,1,SUCCESS,,2026-08-01 14:20:10.122833
TXN_af679fa1d3c1,1,SUCCESS,,2026-07-22 17:37:51.122833
TXN_52164da532af,1,FAILED,UPI_TIMEOUT,2026-08-10 14:37:05.122833
TXN_52164da532af,2,SUCCESS,,2026-08-10 16:19:05.122833
TXN_2cc1c7044ec6,1,FAILED,NETWORK_TIMEOUT,2026-06-29 12:10:30.122833
TXN_2cc1c7044ec6,2,SUCCESS,,2026-06-29 13:11:30.122833
TXN_b57d868a4d07,1,SUCCESS,,2026-07-31 03:13:06.122833
TXN_9e37e639d975,1,SUCCESS,,2026-07-21 21:58:45.122833
TXN_3e6135abf16d,1,FAILED,NETWORK_TIMEOUT,2026-07-02 03:28:49.122833
TXN_3e6135abf16d,2,SUCCESS,,2026-07-02 04:00:49.122833
TXN_75e51e7a5ba0,1,SUCCESS,,2026-08-27 09:10:42.122833
TXN_162590fe4ac2,1,SUCCESS,,2026-07-23 16:52:30.122833
TXN_df34fe6ce6ed,1,SUCCESS,,2026-08-21 19:14:57.122833
TXN_6866445875c1,1,SUCCESS,,2026-07-21 22:56:03.122833
TXN_b1e275aa11ef,1,SUCCESS,,2026-06-05 22:54:37.122833
TXN_346cb5398df2,1,FAILED,LIMIT_EXCEEDED,2026-08-18 19:50:39.122833
TXN_211b66f7f511,1,SUCCESS,,2026-08-10 19:43:39.122833
TXN_b924b00e76ea,1,SUCCESS,,2026-06-23 16:39:23.122833
TXN_18101bb55c7f,1,SUCCESS,,2026-07-18 09:39:06.122833
TXN_1a4fade917fa,1,SUCCESS,,2026-08-22 06:40:36.122833
TXN_567d89c72e7b,1,SUCCESS,,2026-07-12 23:07:00.122833
TXN_568052f2d262,1,SUCCESS,,2026-06-17 18:29:13.122833
TXN_792169ad414c,1,SUCCESS,,2026-07-25 13:53:04.122833
TXN_2969bc0c47ee,1,SUCCESS,,2026-08-07 17:39:07.122833
TXN_bf916c06256f,1,FAILED,AUTHENTICATION_FAILED,2026-06-09 05:33:02.122833
TXN_f7f80b66fdab,1,SUCCESS,,2026-08-06 14:52:34.122833
TXN_eb899a9a9611,1,FAILED,BANK_DECLINED,2026-08-28 19:12:56.122833
TXN_eb899a9a9611,2,SUCCESS,,2026-08-28 20:21:56.122833
TXN_e6a4cb57ee3c,1,SUCCESS,,2026-07-04 09:16:15.122833
TXN_7e9fc0cd70d4,1,SUCCESS,,2026-07-04 15:26:18.122833
TXN_5bb66f3c362d,1,FAILED,NETWORK_TIMEOUT,2026-07-15 21:52:27.122833
TXN_78ba35142abc,1,FAILED,CARD_EXPIRED,2026-07-18 23:12:15.122833
TXN_48ca12e9f836,1,SUCCESS,,2026-07-01 11:57:57.122833
TXN_a24e623b0618,1,SUCCESS,,2026-06-13 17:07:17.122833
TXN_adaebdd96a4b,1,SUCCESS,,2026-08-17 06:51:38.122833
TXN_bd51f0eec37b,1,SUCCESS,,2026-08-19 00:59:22.122833
TXN_9680252a1db4,1,SUCCESS,,2026-07-27 22:43:27.122833
TXN_04906d450916,1,SUCCESS,,2026-06-19 22:52:18.122833
TXN_388b7e562f56,1,SUCCESS,,2026-06-03 22:41:53.122833
TXN_9847a2112951,1,SUCCESS,,2026-08-14 23:56:22.122833
TXN_b8fdc85949c7,1,SUCCESS,,2026-08-01 19:28:35.122833
TXN_c1c52c653763,1,SUCCESS,,2026-06-19 01:21:09.122833
TXN_7d754c83027d,1,FAILED,CARD_EXPIRED,2026-06-05 20:43:11.122833
TXN_8b1ff9db0333,1,SUCCESS,,2026-07-07 08:41:02.122833
TXN_5c1e70c816ee,1,FAILED,INSUFFICIENT_FUNDS,2026-08-16 02:02:23.122833
TXN_7586072df508,1,SUCCESS,,2026-08-12 08:01:17.122833
TXN_b8bb8c1a7199,1,SUCCESS,,2026-06-18 13:23:30.122833
TXN_e5d54564b93f,1,SUCCESS,,2026-07-25 01:03:38.122833
TXN_09a23c7c4aa6,1,SUCCESS,,2026-07-16 08:40:26.122833
TXN_41e7d26a1127,1,SUCCESS,,2026-06-25 06:05:40.122833
TXN_4aee4151d3c4,1,SUCCESS,,2026-06-04 23:48:34.122833
TXN_7e1e279a4b0d,1,FAILED,INSUFFICIENT_FUNDS,2026-08-28 20:13:42.122833
TXN_6c4b5da6545b,1,SUCCESS,,2026-08-19 13:46:55.122833
TXN_fb4dc68b5378,1,FAILED,UPI_TIMEOUT,2026-08-21 05:24:25.122833
TXN_fb4dc68b5378,2,SUCCESS,,2026-08-21 06:28:25.122833
TXN_83eba20a84a3,1,SUCCESS,,2026-07-22 15:42:38.122833
TXN_0430142adeb4,1,FAILED,LIMIT_EXCEEDED,2026-08-10 15:41:12.122833
TXN_016027da4c3a,1,SUCCESS,,2026-07-16 10:09:16.122833
TXN_b4e541656bdb,1,SUCCESS,,2026-06-19 12:02:40.122833
TXN_c267948bec23,1,SUCCESS,,2026-06-13 10:01:22.122833
TXN_b95e349d81e9,1,SUCCESS,,2026-06-10 20:36:32.122833
TXN_9ff4c5584823,1,SUCCESS,,2026-06-17 19:52:28.122833
TXN_3d6080c5077e,1,SUCCESS,,2026-08-23 14:45:40.122833
TXN_7f3aeb0a5f3f,1,SUCCESS,,2026-06-08 17:17:49.122833
TXN_ffad42a11b6f,1,SUCCESS,,2026-07-27 20:36:57.122833
TXN_585e5cd1db43,1,FAILED,AUTHENTICATION_FAILED,2026-06-14 06:39:21.122833
TXN_585e5cd1db43,2,SUCCESS,,2026-06-14 08:26:21.122833
TXN_9e5e99284e6a,1,SUCCESS,,2026-08-01 12:50:43.122833
TXN_992bb39e922c,1,SUCCESS,,2026-07-14 12:01:14.122833
TXN_fdd46cf07801,1,SUCCESS,,2026-06-09 23:26:59.122833
TXN_7e7889d6fc55,1,SUCCESS,,2026-08-02 18:21:43.122833
TXN_1843daf1bd2a,1,SUCCESS,,2026-07-13 17:26:32.122833
TXN_a5914ebaf4e7,1,SUCCESS,,2026-08-23 08:36:24.122833
TXN_7f4a5358c951,1,SUCCESS,,2026-07-07 11:36:40.122833
TXN_9bcce218eab0,1,FAILED,CARD_EXPIRED,2026-08-08 18:30:21.122833
TXN_9bcce218eab0,2,SUCCESS,,2026-08-08 19:41:21.122833
TXN_bba2ef3002bd,1,SUCCESS,,2026-07-21 09:52:10.122833
TXN_70cd1d99f858,1,SUCCESS,,2026-06-30 23:30:21.122833
TXN_994fad8f83ba,1,SUCCESS,,2026-07-05 17:13:40.122833
TXN_c68365db506e,1,SUCCESS,,2026-06-08 22:57:31.122833
TXN_418ab60ba008,1,SUCCESS,,2026-06-09 00:39:18.122833
TXN_7f807cb043ce,1,SUCCESS,,2026-06-11 12:55:26.122833
TXN_297ffab801fe,1,SUCCESS,,2026-07-14 19:29:12.122833
TXN_aff5b7b4192a,1,SUCCESS,,2026-06-21 18:23:01.122833
TXN_eaae4da75818,1,FAILED,BANK_DECLINED,2026-08-29 03:34:45.122833
TXN_daaf4a94fc2f,1,FAILED,BANK_DECLINED,2026-07-11 11:00:33.122833
TXN_7be002c92215,1,SUCCESS,,2026-08-24 15:14:27.122833
TXN_ee65aea8210d,1,SUCCESS,,2026-08-14 03:48:48.122833
TXN_b06d92bfbeba,1,SUCCESS,,2026-06-12 07:55:23.122833
TXN_04cec8a48d4f,1,SUCCESS,,2026-07-04 09:30:29.122833
TXN_2a8c2d159cf2,1,SUCCESS,,2026-08-06 12:08:32.122833
TXN_deb1ac636691,1,SUCCESS,,2026-07-18 08:24:03.122833
TXN_06945511829f,1,FAILED,INSUFFICIENT_FUNDS,2026-07-07 14:06:01.122833
TXN_e92f1f4f4b4f,1,SUCCESS,,2026-06-21 15:29:22.122833
TXN_7010e0ff5f11,1,SUCCESS,,2026-07-04 14:44:26.122833
TXN_896585766d15,1,FAILED,UPI_TIMEOUT,2026-08-17 20:57:04.122833
TXN_1b12c7961c57,1,SUCCESS,,2026-08-19 14:42:31.122833
TXN_1f6c5ef84b53,1,FAILED,INSUFFICIENT_FUNDS,2026-07-13 07:32:11.122833
TXN_faa0be3850c6,1,SUCCESS,,2026-08-11 10:35:10.122833
TXN_78de28bb5432,1,SUCCESS,,2026-08-05 20:13:52.122833
TXN_36e991d09fc9,1,SUCCESS,,2026-08-25 00:59:38.122833
TXN_04f5514e6919,1,SUCCESS,,2026-07-09 04:51:18.122833
TXN_80ebf5f8b21c,1,SUCCESS,,2026-07-01 04:39:46.122833
TXN_2e7025092069,1,FAILED,AUTHENTICATION_FAILED,2026-06-11 07:06:03.122833
TXN_1c26a64f03fc,1,SUCCESS,,2026-08-03 23:01:24.122833
TXN_508a16c84a25,1,SUCCESS,,2026-08-06 00:54:04.122833
TXN_477ce019cb84,1,FAILED,UPI_TIMEOUT,2026-08-13 05:42:25.122833
TXN_477ce019cb84,2,SUCCESS,,2026-08-13 07:03:25.122833
TXN_f11533a472d5,1,SUCCESS,,2026-06-16 00:52:13.122833
TXN_4291a7abd893,1,SUCCESS,,2026-08-01 07:51:30.122833
TXN_cdc6a862b66e,1,SUCCESS,,2026-08-27 01:39:03.122833
TXN_4e433520e20b,1,SUCCESS,,2026-08-17 10:14:24.122833
TXN_a0f91ecbb9b8,1,SUCCESS,,2026-07-06 12:28:15.122833
TXN_8c02548552d0,1,SUCCESS,,2026-07-26 20:29:20.122833
TXN_b0200daafbf3,1,SUCCESS,,2026-07-22 09:24:37.122833
TXN_0adff1b15c08,1,SUCCESS,,2026-06-03 04:39:12.122833
TXN_1f1df8be23b4,1,FAILED,NETWORK_TIMEOUT,2026-08-26 02:00:39.122833
TXN_1f1df8be23b4,2,SUCCESS,,2026-08-26 02:02:39.122833
TXN_38c80d39ae85,1,FAILED,UPI_TIMEOUT,2026-06-14 02:30:08.122833
TXN_38c80d39ae85,2,SUCCESS,,2026-06-14 03:25:08.122833
TXN_b9c1b956c615,1,SUCCESS,,2026-07-13 00:23:03.122833
TXN_dc857b0544b8,1,SUCCESS,,2026-06-12 12:52:19.122833
TXN_e3675d7dcf07,1,SUCCESS,,2026-06-28 10:20:23.122833
TXN_08107275e4ef,1,SUCCESS,,2026-08-02 02:47:36.122833
TXN_5fb483ebc7c9,1,SUCCESS,,2026-08-12 23:59:12.122833
TXN_da2e2089b590,1,SUCCESS,,2026-08-19 04:55:37.122833
TXN_3628c3410d45,1,FAILED,AUTHENTICATION_FAILED,2026-07-01 00:37:07.122833
TXN_7499ef3bd652,1,SUCCESS,,2026-07-27 20:11:27.122833
TXN_0321e799011d,1,SUCCESS,,2026-07-01 23:32:29.122833
TXN_036ae31fc5fe,1,SUCCESS,,2026-06-05 05:58:05.122833
TXN_45c96b74af3a,1,SUCCESS,,2026-06-03 22:02:12.122833
TXN_7516900f7c79,1,SUCCESS,,2026-06-23 15:17:12.122833
TXN_345837dd9084,1,SUCCESS,,2026-06-23 00:11:39.122833
TXN_ef781e4d2536,1,SUCCESS,,2026-08-05 05:08:35.122833
TXN_95ff5a326166,1,SUCCESS,,2026-06-02 21:18:52.122833
TXN_68ff8d013eea,1,SUCCESS,,2026-06-21 16:07:13.122833
TXN_e9bcd4ac4e8d,1,FAILED,CARD_EXPIRED,2026-07-07 10:27:25.122833
TXN_7d4b152f81f7,1,SUCCESS,,2026-08-13 22:23:03.122833
TXN_89d0bbcf4e38,1,SUCCESS,,2026-07-25 16:28:37.122833
TXN_a8d181ab3d51,1,SUCCESS,,2026-06-04 07:00:06.122833
TXN_fea7ca0429d5,1,FAILED,BANK_DECLINED,2026-06-28 07:13:37.122833
TXN_1a5be46626d1,1,SUCCESS,,2026-07-07 04:33:02.122833
TXN_2e523ff2ee16,1,SUCCESS,,2026-06-23 00:26:32.122833
TXN_e7d153c081d2,1,SUCCESS,,2026-08-28 06:21:04.122833
TXN_1a8cee1f9f33,1,SUCCESS,,2026-06-12 06:46:52.122833
TXN_e4b2c2e0aba0,1,FAILED,INSUFFICIENT_FUNDS,2026-07-27 15:07:10.122833
TXN_4d7ae81f4aa5,1,FAILED,AUTHENTICATION_FAILED,2026-06-09 17:51:00.122833
TXN_7a404bacc858,1,FAILED,UPI_TIMEOUT,2026-08-08 07:42:25.122833
TXN_7a404bacc858,2,SUCCESS,,2026-08-08 08:57:25.122833
TXN_a4c4ec4ccf91,1,SUCCESS,,2026-06-09 15:18:50.122833
TXN_1498563a44b6,1,SUCCESS,,2026-08-24 04:09:39.122833
TXN_db5a1b0aa0a9,1,SUCCESS,,2026-08-09 01:55:27.122833
TXN_a18acc45df19,1,SUCCESS,,2026-06-05 18:35:02.122833
TXN_ae255355673d,1,SUCCESS,,2026-06-16 11:24:40.122833
TXN_697fcc1000e6,1,SUCCESS,,2026-07-04 02:24:19.122833
TXN_24c1df5c83d3,1,FAILED,UPI_TIMEOUT,2026-06-06 23:25:18.122833
TXN_2e0b5231a926,1,SUCCESS,,2026-08-14 13:32:27.122833
TXN_10b650021597,1,SUCCESS,,2026-07-12 08:36:05.122833
TXN_b2d3c713b3de,1,SUCCESS,,2026-08-08 18:37:12.122833
TXN_4bddf2578032,1,FAILED,LIMIT_EXCEEDED,2026-06-10 03:17:01.122833
TXN_c7e11df18674,1,SUCCESS,,2026-07-06 11:46:06.122833
TXN_59305dd58f05,1,SUCCESS,,2026-06-08 03:52:09.122833
TXN_5c62aac97a7e,1,SUCCESS,,2026-07-10 02:29:00.122833
TXN_062e5c2b06fc,1,SUCCESS,,2026-07-22 13:42:55.122833
TXN_8d5d8ca1a744,1,SUCCESS,,2026-08-24 03:46:45.122833
TXN_dd94eb1260ff,1,SUCCESS,,2026-06-26 22:51:27.122833
TXN_72f119cd825a,1,SUCCESS,,2026-06-30 05:07:03.122833
TXN_d9054c2d2fff,1,FAILED,INSUFFICIENT_FUNDS,2026-08-09 12:49:35.122833
TXN_d9054c2d2fff,2,SUCCESS,,2026-08-09 14:22:35.122833
TXN_07064a5b799c,1,SUCCESS,,2026-06-10 04:51:26.122833
TXN_a96b79f985ce,1,SUCCESS,,2026-08-15 16:38:34.122833
TXN_54e4bcec24a8,1,FAILED,BANK_DECLINED,2026-06-08 13:04:38.122833
TXN_54e4bcec24a8,2,SUCCESS,,2026-06-08 13:23:38.122833
TXN_da036fa1ab42,1,SUCCESS,,2026-06-15 03:25:43.122833
TXN_a86b25f2efe5,1,SUCCESS,,2026-08-19 21:12:06.122833
TXN_ae714d07acf0,1,SUCCESS,,2026-07-22 14:39:00.122833
TXN_bd3db81dc126,1,SUCCESS,,2026-07-30 17:55:47.122833
TXN_a9c7ac9eb6db,1,SUCCESS,,2026-07-12 12:49:27.122833
TXN_b27fb341d960,1,SUCCESS,,2026-08-10 22:55:43.122833
TXN_9f27d0991689,1,FAILED,INSUFFICIENT_FUNDS,2026-06-08 10:59:07.122833
TXN_9f27d0991689,2,SUCCESS,,2026-06-08 12:12:07.122833
TXN_9c4a1d29de91,1,FAILED,AUTHENTICATION_FAILED,2026-08-09 04:09:08.122833
TXN_298a68d178dd,1,FAILED,UPI_TIMEOUT,2026-07-05 08:14:12.122833
TXN_a71929255449,1,SUCCESS,,2026-08-29 12:45:38.122833
TXN_3c8cb858f1b7,1,SUCCESS,,2026-07-10 07:00:27.122833
TXN_b2bcccdd5842,1,SUCCESS,,2026-07-10 18:18:39.122833
TXN_1c8310d57bc8,1,SUCCESS,,2026-07-19 20:22:45.122833
TXN_d2139d7f3781,1,SUCCESS,,2026-07-22 08:26:00.122833
TXN_17051b57cea2,1,SUCCESS,,2026-06-03 22:04:52.122833
TXN_dcc69ed40038,1,SUCCESS,,2026-06-28 20:16:19.122833
TXN_de161fc1d6d4,1,SUCCESS,,2026-07-11 04:01:51.122833
TXN_8f3609082fd1,1,FAILED,INSUFFICIENT_FUNDS,2026-06-05 03:35:58.122833
TXN_8f3609082fd1,2,SUCCESS,,2026-06-05 05:33:58.122833
TXN_84e8f94f8d37,1,SUCCESS,,2026-06-07 11:49:49.122833
TXN_da5cc69cb68f,1,SUCCESS,,2026-08-13 13:23:08.122833
TXN_99df0ea2b846,1,FAILED,NETWORK_TIMEOUT,2026-08-26 13:51:37.122833
TXN_99df0ea2b846,2,SUCCESS,,2026-08-26 15:13:37.122833
TXN_1becae626722,1,SUCCESS,,2026-07-30 04:03:05.122833
TXN_da177e11f5f8,1,SUCCESS,,2026-07-13 18:45:56.122833
TXN_3ceddb2db174,1,SUCCESS,,2026-07-19 13:57:55.122833
TXN_ecb73bdfeff0,1,SUCCESS,,2026-07-19 03:47:11.122833
TXN_7f6667337328,1,FAILED,CARD_EXPIRED,2026-08-05 23:37:36.122833
TXN_6f794a751033,1,SUCCESS,,2026-07-17 03:48:33.122833
TXN_f56832d1f7c5,1,SUCCESS,,2026-08-04 11:59:12.122833
TXN_c34aef73af1f,1,SUCCESS,,2026-07-05 04:22:51.122833
TXN_e8b5ed5709d6,1,SUCCESS,,2026-06-12 22:58:09.122833
TXN_2f9e2a9ee1a1,1,SUCCESS,,2026-08-11 15:58:11.122833
TXN_df81f3d8c787,1,SUCCESS,,2026-06-29 20:16:27.122833
TXN_62b3e028699f,1,SUCCESS,,2026-06-23 01:52:34.122833
TXN_eb94884399af,1,FAILED,INSUFFICIENT_FUNDS,2026-06-10 17:16:56.122833
TXN_b156b523f130,1,SUCCESS,,2026-08-26 13:05:25.122833
TXN_d4d005afa0a6,1,FAILED,CARD_EXPIRED,2026-08-29 18:57:48.122833
TXN_c2ef03a80725,1,FAILED,INSUFFICIENT_FUNDS,2026-06-04 21:12:37.122833
TXN_99c7dfd482c9,1,SUCCESS,,2026-07-27 07:05:46.122833
TXN_9b700cbe8955,1,SUCCESS,,2026-07-29 06:29:54.122833
TXN_f97080efab75,1,SUCCESS,,2026-07-06 17:30:18.122833
TXN_09865cf77886,1,SUCCESS,,2026-06-10 03:46:57.122833
TXN_4ecddc839b4e,1,SUCCESS,,2026-07-14 18:44:03.122833
TXN_b1f4a2337f39,1,SUCCESS,,2026-08-09 14:50:07.122833
TXN_a4e4b732fe34,1,SUCCESS,,2026-07-21 17:29:56.122833
TXN_7262d16f3797,1,SUCCESS,,2026-08-01 09:38:47.122833
TXN_d59db0baa449,1,SUCCESS,,2026-08-03 06:01:00.122833
TXN_eb7ce9084c13,1,SUCCESS,,2026-08-20 16:25:34.122833
TXN_907780e88c22,1,FAILED,NETWORK_TIMEOUT,2026-08-09 12:45:53.122833
TXN_907780e88c22,2,SUCCESS,,2026-08-09 13:49:53.122833
TXN_7ddebbc228f3,1,FAILED,UPI_TIMEOUT,2026-08-11 06:48:36.122833
TXN_7ddebbc228f3,2,SUCCESS,,2026-08-11 08:39:36.122833
TXN_2080a18f49f0,1,SUCCESS,,2026-06-25 03:39:40.122833
TXN_6e9a1b36c45a,1,SUCCESS,,2026-07-14 11:33:16.122833
TXN_b85475f03a2c,1,SUCCESS,,2026-07-18 09:26:02.122833
TXN_773385593b14,1,SUCCESS,,2026-07-19 20:08:24.122833
TXN_de302602df36,1,SUCCESS,,2026-08-19 23:01:21.122833
TXN_b42eeeccaeae,1,FAILED,BANK_DECLINED,2026-06-14 00:38:05.122833
TXN_0cb35849b5bc,1,FAILED,LIMIT_EXCEEDED,2026-07-29 04:36:51.122833
TXN_444b325f3c7f,1,SUCCESS,,2026-07-08 10:04:37.122833
TXN_e6af04bf7b99,1,SUCCESS,,2026-07-01 20:44:06.122833
TXN_5d6cd00fad65,1,SUCCESS,,2026-07-05 12:06:05.122833
TXN_4a62c9cb157b,1,FAILED,BANK_DECLINED,2026-07-09 03:16:12.122833
TXN_4a62c9cb157b,2,SUCCESS,,2026-07-09 03:37:12.122833
TXN_d9a3c7660715,1,SUCCESS,,2026-07-17 10:10:19.122833
TXN_ebee1c8d978e,1,SUCCESS,,2026-08-06 15:42:32.122833
TXN_4b6f43892513,1,FAILED,UPI_TIMEOUT,2026-06-09 03:38:54.122833
TXN_bd450a88f5cd,1,FAILED,INSUFFICIENT_FUNDS,2026-08-02 23:20:22.122833
TXN_5a7dcef9e325,1,SUCCESS,,2026-08-21 17:27:09.122833
TXN_b17c602f9732,1,SUCCESS,,2026-07-02 09:21:11.122833
TXN_68bcf47b7c7e,1,SUCCESS,,2026-07-10 10:30:08.122833
TXN_9256c9eacee1,1,SUCCESS,,2026-08-17 21:26:59.122833
TXN_0fac63090a17,1,FAILED,UPI_TIMEOUT,2026-06-09 23:30:25.122833
TXN_0fac63090a17,2,SUCCESS,,2026-06-10 00:14:25.122833
TXN_32847ab9d4a1,1,SUCCESS,,2026-07-15 08:52:31.122833
TXN_8da03bf4c9ff,1,SUCCESS,,2026-07-29 16:47:07.122833
TXN_523056b73e8c,1,FAILED,NETWORK_TIMEOUT,2026-08-09 14:05:30.122833
TXN_523056b73e8c,2,SUCCESS,,2026-08-09 15:30:30.122833
TXN_805809928008,1,FAILED,INSUFFICIENT_FUNDS,2026-08-03 22:50:34.122833
TXN_0cea9a9e7fd3,1,SUCCESS,,2026-06-12 17:59:39.122833
TXN_154f41b80b9c,1,SUCCESS,,2026-08-21 03:51:48.122833
TXN_b120aeb9e810,1,FAILED,INSUFFICIENT_FUNDS,2026-07-06 18:20:50.122833
TXN_b120aeb9e810,2,SUCCESS,,2026-07-06 19:33:50.122833
TXN_a31c58f04879,1,SUCCESS,,2026-08-11 21:07:42.122833
TXN_f367fcc4bd52,1,SUCCESS,,2026-08-03 22:10:58.122833
TXN_a5e7abbbe5c5,1,SUCCESS,,2026-06-23 00:48:05.122833
TXN_35f70861fd75,1,SUCCESS,,2026-08-16 23:05:44.122833
TXN_5e827390f703,1,FAILED,UPI_TIMEOUT,2026-07-29 15:55:22.122833
TXN_7c1e6dc1241c,1,FAILED,LIMIT_EXCEEDED,2026-07-07 07:06:51.122833
TXN_6ae726f491b9,1,FAILED,INSUFFICIENT_FUNDS,2026-07-08 03:16:12.122833
TXN_80f1ee39e140,1,SUCCESS,,2026-08-24 05:57:51.122833
TXN_d8646eb36701,1,SUCCESS,,2026-07-07 02:04:54.122833
TXN_7e06ee8290e7,1,SUCCESS,,2026-08-30 04:43:29.122833
TXN_169e7aaa4355,1,SUCCESS,,2026-07-02 11:36:02.122833
TXN_9101f4ee199c,1,SUCCESS,,2026-06-20 13:03:53.122833
TXN_c7603bd46675,1,SUCCESS,,2026-08-29 10:02:21.122833
TXN_d98676d3b202,1,SUCCESS,,2026-06-17 18:46:02.122833
TXN_239d6a76b4ad,1,SUCCESS,,2026-08-11 21:49:36.122833
TXN_ad9dc13d2dc5,1,SUCCESS,,2026-07-16 10:14:24.122833
TXN_2ab02e12012a,1,SUCCESS,,2026-07-28 06:53:51.122833
TXN_8dcc51d4a26a,1,SUCCESS,,2026-07-05 20:22:51.122833
TXN_a79e49794d8d,1,SUCCESS,,2026-06-08 08:19:53.122833
TXN_2aa8492d0c9d,1,SUCCESS,,2026-07-11 03:21:03.122833
TXN_7a73ed7b7a39,1,SUCCESS,,2026-08-11 13:58:52.122833
TXN_9bfdc11ea5fb,1,SUCCESS,,2026-06-29 01:24:24.122833
TXN_838edb23ddc6,1,SUCCESS,,2026-08-29 15:45:10.122833
TXN_80dd49ce5803,1,SUCCESS,,2026-08-18 18:17:37.122833
TXN_35afac0f9f6e,1,SUCCESS,,2026-07-20 08:03:00.122833
TXN_417426ff29b2,1,SUCCESS,,2026-06-16 13:24:09.122833
TXN_0297964a1196,1,SUCCESS,,2026-08-09 05:23:21.122833
TXN_a24d12331b62,1,SUCCESS,,2026-07-18 12:00:49.122833
TXN_1a3511229174,1,SUCCESS,,2026-07-05 08:23:08.122833
TXN_1de3a3166592,1,SUCCESS,,2026-08-07 11:57:13.122833
TXN_0296c11b8307,1,FAILED,INSUFFICIENT_FUNDS,2026-07-20 16:24:38.122833
TXN_0296c11b8307,2,SUCCESS,,2026-07-20 17:35:38.122833
TXN_eeb924f3eb19,1,SUCCESS,,2026-06-06 23:48:19.122833
TXN_fc7f583dfd55,1,SUCCESS,,2026-07-17 22:02:49.122833
TXN_764674c02c73,1,SUCCESS,,2026-08-30 04:43:30.122833
TXN_1f93b5185c31,1,FAILED,UPI_TIMEOUT,2026-06-18 13:25:40.122833
TXN_1f93b5185c31,2,SUCCESS,,2026-06-18 15:22:40.122833
TXN_546b6ab9af26,1,SUCCESS,,2026-08-27 16:33:11.122833
TXN_3c4a3364ab35,1,SUCCESS,,2026-06-23 07:40:49.122833
TXN_89ee23d8a9af,1,FAILED,CUSTOMER_CANCELLED,2026-06-12 16:18:31.122833
TXN_4733b3a2ee36,1,SUCCESS,,2026-08-08 07:16:59.122833
TXN_aa95baa992f2,1,FAILED,LIMIT_EXCEEDED,2026-07-07 22:48:07.122833
TXN_dbd02a4562dc,1,SUCCESS,,2026-07-05 03:57:46.122833
TXN_02a21efa8942,1,FAILED,BANK_DECLINED,2026-07-11 04:41:01.122833
TXN_564e919aab3c,1,SUCCESS,,2026-08-07 17:49:30.122833
TXN_b020e776008d,1,SUCCESS,,2026-08-23 13:34:55.122833
TXN_64b982fea13e,1,SUCCESS,,2026-07-11 01:09:01.122833
TXN_22bd840cc33b,1,SUCCESS,,2026-07-17 22:44:49.122833
TXN_ce6d5bc42235,1,FAILED,UPI_TIMEOUT,2026-06-08 00:08:08.122833
TXN_ce6d5bc42235,2,SUCCESS,,2026-06-08 00:12:08.122833
TXN_a2d813164972,1,FAILED,AUTHENTICATION_FAILED,2026-06-10 02:43:05.122833
TXN_1630bd063ec1,1,SUCCESS,,2026-07-02 21:04:28.122833
TXN_1d039d09a488,1,SUCCESS,,2026-08-24 20:01:17.122833
TXN_6afa5e95c8d6,1,SUCCESS,,2026-06-28 04:27:07.122833
TXN_a0b9b70663e8,1,SUCCESS,,2026-06-21 20:41:28.122833
TXN_45ad4113848d,1,FAILED,BANK_DECLINED,2026-07-12 20:04:18.122833
TXN_73ca68f3115c,1,FAILED,INSUFFICIENT_FUNDS,2026-07-03 19:15:00.122833
TXN_95da34861c14,1,SUCCESS,,2026-08-20 23:19:41.122833
TXN_bd3908d9ad96,1,SUCCESS,,2026-08-16 12:22:24.122833
TXN_9257120ff2ef,1,FAILED,AUTHENTICATION_FAILED,2026-07-24 18:20:49.122833
TXN_ae730e73ba43,1,SUCCESS,,2026-07-29 09:51:31.122833
TXN_76f55838b271,1,SUCCESS,,2026-08-12 16:09:43.122833
TXN_20067947a742,1,SUCCESS,,2026-07-31 08:35:16.122833
TXN_27b05fc4f10e,1,SUCCESS,,2026-07-05 07:07:52.122833
TXN_8fad5305af30,1,SUCCESS,,2026-07-16 16:30:23.122833
TXN_8cd85bf76656,1,SUCCESS,,2026-06-30 20:50:19.122833
TXN_8fa2039778e8,1,SUCCESS,,2026-06-16 09:19:24.122833
TXN_7bfc09091861,1,SUCCESS,,2026-07-15 14:48:57.122833
TXN_44a8359c9667,1,SUCCESS,,2026-06-11 00:14:51.122833
TXN_b9523ca9a7be,1,SUCCESS,,2026-08-06 15:19:08.122833
TXN_0658a23b22a3,1,FAILED,AUTHENTICATION_FAILED,2026-08-28 19:10:32.122833
TXN_0658a23b22a3,2,SUCCESS,,2026-08-28 19:29:32.122833
TXN_6a9ce5547286,1,SUCCESS,,2026-07-14 15:04:10.122833
TXN_89363b796473,1,FAILED,UPI_TIMEOUT,2026-06-30 00:56:59.122833
TXN_89363b796473,2,SUCCESS,,2026-06-30 01:29:59.122833
TXN_37636e2f339a,1,SUCCESS,,2026-07-18 09:58:53.122833
TXN_647b95746d7b,1,FAILED,CARD_EXPIRED,2026-08-22 11:52:12.122833
TXN_21647d88faa9,1,SUCCESS,,2026-07-11 23:58:34.122833
TXN_2cda51633dc0,1,SUCCESS,,2026-07-19 07:56:37.122833
TXN_12e8096dea39,1,SUCCESS,,2026-06-07 09:37:06.122833
TXN_c00a07f052bd,1,SUCCESS,,2026-08-01 09:32:46.122833
TXN_caf59590b60e,1,FAILED,BANK_DECLINED,2026-07-18 06:20:04.122833
TXN_caf59590b60e,2,SUCCESS,,2026-07-18 07:40:04.122833
TXN_e2cf49387cd3,1,SUCCESS,,2026-08-28 11:21:38.122833
TXN_a8ae28063828,1,FAILED,CARD_EXPIRED,2026-06-13 10:05:16.122833
TXN_c1dacdf0a59d,1,SUCCESS,,2026-07-21 00:42:08.122833
TXN_c2e62180db92,1,SUCCESS,,2026-08-08 03:05:11.122833
TXN_311572c15d36,1,FAILED,LIMIT_EXCEEDED,2026-08-26 11:00:48.122833
TXN_26a4868c1837,1,SUCCESS,,2026-08-13 14:00:53.122833
TXN_37237a698109,1,FAILED,NETWORK_TIMEOUT,2026-07-10 23:17:41.122833
TXN_37237a698109,2,SUCCESS,,2026-07-11 00:42:41.122833
TXN_5e524469c180,1,FAILED,UPI_TIMEOUT,2026-08-14 14:39:40.122833
TXN_5e524469c180,2,SUCCESS,,2026-08-14 15:14:40.122833
TXN_ca601cee000e,1,SUCCESS,,2026-06-10 21:31:47.122833
TXN_cb762e1feacb,1,SUCCESS,,2026-06-12 18:36:19.122833
TXN_2bf261768c11,1,SUCCESS,,2026-07-21 06:11:59.122833
TXN_b3216f4ac19c,1,SUCCESS,,2026-07-30 19:59:50.122833
TXN_bec474794945,1,SUCCESS,,2026-06-22 18:42:14.122833
TXN_5ce01a31ad4a,1,SUCCESS,,2026-08-17 02:33:34.122833
TXN_575dc933f47f,1,SUCCESS,,2026-07-31 01:48:38.122833
TXN_726a7eb5ff07,1,SUCCESS,,2026-08-08 13:01:39.122833
TXN_466b1e511e4f,1,SUCCESS,,2026-06-12 11:49:44.122833
TXN_6018582f29c3,1,SUCCESS,,2026-06-07 11:18:11.122833
TXN_2b5f3a72334a,1,SUCCESS,,2026-08-17 01:38:28.122833
TXN_87709e1e9b9b,1,SUCCESS,,2026-07-07 16:42:03.122833
TXN_0fd4deeb1044,1,SUCCESS,,2026-08-17 09:30:59.122833
TXN_7d0ed714f016,1,SUCCESS,,2026-08-16 20:02:45.122833
TXN_0918b2d115b7,1,FAILED,CARD_EXPIRED,2026-06-24 10:02:32.122833
TXN_17869047d34b,1,SUCCESS,,2026-08-13 00:04:46.122833
TXN_040c20e543bd,1,SUCCESS,,2026-08-03 20:57:15.122833
TXN_f40b12ef5d93,1,SUCCESS,,2026-06-08 23:27:01.122833
TXN_9b28dbab38cd,1,SUCCESS,,2026-08-05 12:26:34.122833
TXN_bd794aa38e10,1,SUCCESS,,2026-07-29 04:44:20.122833
TXN_e896a1c3162a,1,SUCCESS,,2026-08-31 13:05:38.122833
TXN_bd9e64ac3a01,1,SUCCESS,,2026-07-14 14:28:05.122833
TXN_13bba8064cac,1,FAILED,CARD_EXPIRED,2026-07-09 07:40:32.122833
TXN_5a04e823d7d6,1,SUCCESS,,2026-07-07 02:01:40.122833
TXN_a0734da2decd,1,SUCCESS,,2026-07-09 09:42:50.122833
TXN_d96c140a832d,1,SUCCESS,,2026-08-13 12:10:50.122833
TXN_9fdb0d05e19a,1,SUCCESS,,2026-07-28 03:27:22.122833
TXN_d74907cacb68,1,SUCCESS,,2026-08-23 21:17:26.122833
TXN_18f1efc5b693,1,SUCCESS,,2026-06-21 17:38:45.122833
TXN_7ce85747ac5e,1,SUCCESS,,2026-06-12 15:44:24.122833
TXN_9c46da06d84a,1,FAILED,CUSTOMER_CANCELLED,2026-07-18 00:41:33.122833
TXN_9c46da06d84a,2,SUCCESS,,2026-07-18 02:38:33.122833
TXN_bb0f165249c3,1,SUCCESS,,2026-06-20 04:22:23.122833
TXN_fa45ee8fe47b,1,SUCCESS,,2026-08-04 06:58:28.122833
TXN_4eeec1fbf8da,1,SUCCESS,,2026-06-21 05:17:19.122833
TXN_4fab22196f83,1,SUCCESS,,2026-07-28 13:20:00.122833
TXN_b264117e974a,1,FAILED,INSUFFICIENT_FUNDS,2026-07-16 15:33:55.122833
TXN_b264117e974a,2,SUCCESS,,2026-07-16 16:33:55.122833
TXN_33013769ecce,1,FAILED,LIMIT_EXCEEDED,2026-07-25 01:42:08.122833
TXN_cd0a761820de,1,SUCCESS,,2026-06-22 13:53:18.122833
TXN_eb4abbd01513,1,SUCCESS,,2026-06-22 17:20:24.122833
TXN_a44f5460b72b,1,SUCCESS,,2026-08-04 17:24:48.122833
TXN_21c14d3cf77b,1,FAILED,BANK_DECLINED,2026-06-24 11:03:20.122833
TXN_21c14d3cf77b,2,SUCCESS,,2026-06-24 12:55:20.122833
TXN_eb308bb4ce7b,1,FAILED,INSUFFICIENT_FUNDS,2026-08-03 00:51:45.122833
TXN_eb308bb4ce7b,2,SUCCESS,,2026-08-03 01:46:45.122833
TXN_3bb26f18c4a7,1,SUCCESS,,2026-08-15 08:35:40.122833
TXN_68d1d8ecb869,1,FAILED,CARD_EXPIRED,2026-08-26 05:24:54.122833
TXN_5b434eae0551,1,SUCCESS,,2026-08-03 03:07:50.122833
TXN_afde8cecaaa2,1,SUCCESS,,2026-07-19 15:56:53.122833
TXN_fd2303f86cce,1,SUCCESS,,2026-08-07 00:59:52.122833
TXN_2420d4d8c0c4,1,SUCCESS,,2026-08-04 05:14:58.122833
TXN_3418ace9effc,1,SUCCESS,,2026-08-08 08:56:16.122833
TXN_7d1865afe75e,1,FAILED,UPI_TIMEOUT,2026-07-17 08:14:59.122833
TXN_7d1865afe75e,2,SUCCESS,,2026-07-17 09:26:59.122833
TXN_5f1baaf7809a,1,SUCCESS,,2026-06-12 07:19:59.122833
TXN_7d345f72c458,1,SUCCESS,,2026-07-14 01:51:35.122833
TXN_e172a3ab5b81,1,SUCCESS,,2026-06-21 13:51:08.122833
TXN_96283e174e12,1,SUCCESS,,2026-07-05 11:37:15.122833
TXN_0707ba14aa0b,1,SUCCESS,,2026-06-13 08:57:52.122833
TXN_f380ed7c4dae,1,SUCCESS,,2026-06-10 12:49:13.122833
TXN_ea0397209438,1,SUCCESS,,2026-06-25 23:57:11.122833
TXN_4126d3c2070e,1,SUCCESS,,2026-08-18 14:51:07.122833
TXN_6f9aa5320ffe,1,SUCCESS,,2026-07-20 23:09:06.122833
TXN_7fb4727268ba,1,SUCCESS,,2026-06-25 20:04:02.122833
TXN_22be6b074817,1,SUCCESS,,2026-08-20 18:09:20.122833
TXN_bafba20137e1,1,SUCCESS,,2026-07-10 06:10:01.122833
TXN_e430570de38c,1,SUCCESS,,2026-07-15 22:19:45.122833
TXN_2769dc88c217,1,FAILED,LIMIT_EXCEEDED,2026-07-14 08:24:50.122833
TXN_e948b601f34e,1,SUCCESS,,2026-08-04 05:00:09.122833
TXN_c8ab7d0fefe5,1,SUCCESS,,2026-07-16 12:13:05.122833
TXN_3617c81bb765,1,SUCCESS,,2026-06-27 15:11:28.122833
TXN_4b34c059fe18,1,SUCCESS,,2026-07-31 14:01:07.122833
TXN_97b3710c3796,1,SUCCESS,,2026-07-16 14:03:01.122833
TXN_a26c4080a729,1,SUCCESS,,2026-08-22 22:52:39.122833
TXN_b02da87c6f58,1,SUCCESS,,2026-08-23 16:56:07.122833
TXN_d9c27349e678,1,FAILED,AUTHENTICATION_FAILED,2026-08-26 08:42:34.122833
TXN_d9c27349e678,2,SUCCESS,,2026-08-26 10:07:34.122833
TXN_ed03ef67168c,1,SUCCESS,,2026-07-06 03:53:26.122833
TXN_2d0e20435d25,1,SUCCESS,,2026-07-01 04:04:10.122833
TXN_34d73db3f016,1,SUCCESS,,2026-08-01 10:56:33.122833
TXN_32f74c32d9de,1,SUCCESS,,2026-06-23 18:30:01.122833
TXN_d5b04eb36d13,1,SUCCESS,,2026-06-20 15:52:39.122833
TXN_3da9992d777f,1,SUCCESS,,2026-07-14 02:30:44.122833
TXN_ef52121a66a6,1,SUCCESS,,2026-06-22 06:37:36.122833
TXN_894ef5c5614f,1,SUCCESS,,2026-08-01 13:27:34.122833
TXN_31587e544d72,1,SUCCESS,,2026-07-12 08:05:14.122833
TXN_633c03da076b,1,SUCCESS,,2026-08-19 08:28:03.122833
TXN_91606eba22b3,1,SUCCESS,,2026-08-09 07:59:50.122833
TXN_e3bbf7ae769c,1,SUCCESS,,2026-07-13 11:12:40.122833
TXN_13aca607a937,1,SUCCESS,,2026-08-20 11:22:18.122833
TXN_8bbb85ceecd6,1,SUCCESS,,2026-08-03 10:29:54.122833
TXN_ebbb5bd74b2f,1,SUCCESS,,2026-07-31 09:16:13.122833
TXN_5b425d48ac9e,1,SUCCESS,,2026-07-27 18:10:50.122833
TXN_16416b525f54,1,FAILED,UPI_TIMEOUT,2026-07-31 12:34:57.122833
TXN_16416b525f54,2,SUCCESS,,2026-07-31 12:59:57.122833
TXN_c75ac26d1460,1,SUCCESS,,2026-07-31 12:10:16.122833
TXN_79c50d2c7850,1,FAILED,INSUFFICIENT_FUNDS,2026-07-04 04:18:03.122833
TXN_79c50d2c7850,2,SUCCESS,,2026-07-04 05:32:03.122833
TXN_9d8237fc7db9,1,SUCCESS,,2026-08-09 15:21:58.122833
TXN_621d3bf9a631,1,SUCCESS,,2026-07-02 21:55:03.122833
TXN_9ec9fd54f0fc,1,SUCCESS,,2026-07-07 04:25:28.122833
TXN_6e56a9e89603,1,FAILED,INSUFFICIENT_FUNDS,2026-07-28 21:22:56.122833
TXN_9a1bd10963f9,1,SUCCESS,,2026-07-26 00:31:49.122833
TXN_447d515168fb,1,SUCCESS,,2026-06-04 19:00:12.122833
TXN_148056468295,1,SUCCESS,,2026-07-19 16:13:49.122833
TXN_e20af593fc11,1,SUCCESS,,2026-06-22 02:52:06.122833
TXN_82a7d49f0e71,1,SUCCESS,,2026-06-07 10:51:17.122833
TXN_76c0361b9073,1,SUCCESS,,2026-07-27 23:20:59.122833
TXN_2c1aa9333956,1,FAILED,NETWORK_TIMEOUT,2026-06-02 15:26:34.122833
TXN_2c1aa9333956,2,SUCCESS,,2026-06-02 17:18:34.122833
TXN_3407cfa24111,1,FAILED,LIMIT_EXCEEDED,2026-08-01 22:28:08.122833
TXN_70fcc01d4164,1,SUCCESS,,2026-06-29 19:57:15.122833
TXN_78a7f301f131,1,SUCCESS,,2026-06-29 00:02:42.122833
TXN_8eb180462eac,1,SUCCESS,,2026-06-17 10:44:27.122833
TXN_5faef0d10e90,1,FAILED,CARD_EXPIRED,2026-06-11 03:30:52.122833
TXN_603264ffce95,1,SUCCESS,,2026-07-29 09:50:46.122833
TXN_3562a540063e,1,SUCCESS,,2026-07-02 02:23:14.122833
TXN_83525fea1328,1,SUCCESS,,2026-06-19 17:36:13.122833
TXN_a86c4670a210,1,SUCCESS,,2026-07-03 20:40:57.122833
TXN_7b96aab2d84a,1,SUCCESS,,2026-06-05 07:24:36.122833
TXN_b8d772eeee0c,1,SUCCESS,,2026-08-09 18:43:07.122833
TXN_8d0ce4ad3278,1,SUCCESS,,2026-06-30 03:05:28.122833
TXN_7585d97924a3,1,SUCCESS,,2026-08-17 00:32:02.122833
TXN_9e041ab55448,1,SUCCESS,,2026-08-27 10:58:07.122833
TXN_abe33ddfc681,1,SUCCESS,,2026-06-22 17:07:15.122833
TXN_43b65b1291e3,1,SUCCESS,,2026-06-15 23:38:34.122833
TXN_cbc2e82cc006,1,SUCCESS,,2026-07-11 23:27:08.122833
TXN_42fcb26c50d9,1,SUCCESS,,2026-06-28 03:04:24.122833
TXN_c4765473bd86,1,SUCCESS,,2026-07-27 13:10:04.122833
TXN_6a4d16e69a0a,1,SUCCESS,,2026-07-19 17:15:10.122833
TXN_56125c20744c,1,SUCCESS,,2026-06-22 09:27:47.122833
TXN_87c16b55e103,1,SUCCESS,,2026-08-02 19:29:40.122833
TXN_9be6c9fbdeb2,1,SUCCESS,,2026-06-13 09:05:05.122833
TXN_5c9767d83baa,1,SUCCESS,,2026-08-02 08:00:35.122833
TXN_984830867a21,1,FAILED,UPI_TIMEOUT,2026-06-04 05:40:47.122833
TXN_984830867a21,2,SUCCESS,,2026-06-04 07:28:47.122833
TXN_2827eb65069a,1,SUCCESS,,2026-06-09 02:33:09.122833
TXN_773ba66634d9,1,FAILED,AUTHENTICATION_FAILED,2026-07-23 04:26:45.122833
TXN_773ba66634d9,2,SUCCESS,,2026-07-23 05:55:45.122833
TXN_7df422482ffc,1,SUCCESS,,2026-07-25 10:02:24.122833
TXN_74bfab187e02,1,FAILED,INSUFFICIENT_FUNDS,2026-08-30 18:24:09.122833
TXN_fa19d752ca73,1,SUCCESS,,2026-08-07 14:42:11.122833
TXN_6bb8895b5678,1,SUCCESS,,2026-08-18 14:21:53.122833
TXN_8573624a109c,1,FAILED,AUTHENTICATION_FAILED,2026-07-13 16:13:27.122833
TXN_d5434ae73bd0,1,SUCCESS,,2026-08-05 05:45:17.122833
TXN_2f291bbe7a3a,1,SUCCESS,,2026-08-08 23:25:08.122833
TXN_44e3f4321f31,1,FAILED,CARD_EXPIRED,2026-08-09 16:45:43.122833
TXN_57ed33a038ce,1,FAILED,LIMIT_EXCEEDED,2026-06-25 01:53:46.122833
TXN_b2099f6e8581,1,SUCCESS,,2026-06-24 11:46:01.122833
TXN_4d692742caee,1,FAILED,UPI_TIMEOUT,2026-07-03 17:49:43.122833
TXN_4d692742caee,2,SUCCESS,,2026-07-03 18:05:43.122833
TXN_1f8ce008d61d,1,SUCCESS,,2026-06-21 04:00:09.122833
TXN_0b988beff132,1,SUCCESS,,2026-08-28 11:49:24.122833
TXN_fbbdf3ebf387,1,SUCCESS,,2026-08-03 15:43:26.122833
TXN_a7115d76d764,1,SUCCESS,,2026-08-24 03:21:47.122833
TXN_d4348f5f9c1e,1,SUCCESS,,2026-06-20 11:50:29.122833
TXN_b30dc7036af0,1,FAILED,UPI_TIMEOUT,2026-08-15 11:39:50.122833
TXN_b30dc7036af0,2,SUCCESS,,2026-08-15 11:52:50.122833
TXN_b293e47d13e9,1,SUCCESS,,2026-07-01 17:17:40.122833
TXN_e37fd82ffc30,1,FAILED,LIMIT_EXCEEDED,2026-06-19 05:27:07.122833
TXN_e37fd82ffc30,2,SUCCESS,,2026-06-19 06:52:07.122833
TXN_7dc4a63ccd81,1,SUCCESS,,2026-07-04 18:07:00.122833
TXN_7b7f498c6ea1,1,SUCCESS,,2026-08-03 04:46:22.122833
TXN_2e504cab7450,1,SUCCESS,,2026-07-07 22:52:49.122833
TXN_7f963d17007e,1,SUCCESS,,2026-07-20 07:08:49.122833
TXN_d51af56e598b,1,FAILED,CARD_EXPIRED,2026-06-12 18:40:42.122833
TXN_7500ca40b27d,1,SUCCESS,,2026-06-03 22:48:19.122833
TXN_eb55d535bda0,1,SUCCESS,,2026-08-04 20:58:49.122833
TXN_8e5791109f17,1,FAILED,INSUFFICIENT_FUNDS,2026-07-06 00:51:56.122833
TXN_2a6e8126afcc,1,SUCCESS,,2026-06-26 00:10:26.122833
TXN_218fb5c00513,1,FAILED,BANK_DECLINED,2026-06-03 04:53:51.122833
TXN_7853226c395a,1,FAILED,CUSTOMER_CANCELLED,2026-07-19 20:39:21.122833
TXN_2488c244b43d,1,SUCCESS,,2026-08-29 20:43:22.122833
TXN_ddb3fc4288bb,1,SUCCESS,,2026-08-20 23:23:16.122833
TXN_f350db69b98f,1,SUCCESS,,2026-06-17 17:18:55.122833
TXN_5937aede5847,1,SUCCESS,,2026-08-15 15:25:41.122833
TXN_4ed60afffc0b,1,SUCCESS,,2026-06-23 03:19:23.122833
TXN_4dc36553348d,1,FAILED,NETWORK_TIMEOUT,2026-06-12 15:28:46.122833
TXN_4dc36553348d,2,SUCCESS,,2026-06-12 17:28:46.122833
TXN_855cd89e2159,1,FAILED,CARD_EXPIRED,2026-07-31 22:27:52.122833
TXN_7371796ff8b4,1,FAILED,UPI_TIMEOUT,2026-06-18 04:04:29.122833
TXN_7371796ff8b4,2,SUCCESS,,2026-06-18 05:54:29.122833
TXN_4c2d6c3707da,1,SUCCESS,,2026-08-28 01:30:34.122833
TXN_49cc2710a4ed,1,SUCCESS,,2026-07-11 05:27:17.122833
TXN_9aced8985c69,1,SUCCESS,,2026-07-30 15:38:19.122833
TXN_19373012a07a,1,SUCCESS,,2026-08-28 14:36:51.122833
TXN_beab11def41a,1,FAILED,LIMIT_EXCEEDED,2026-07-20 23:51:19.122833
TXN_7b45401e79fd,1,SUCCESS,,2026-08-14 22:18:37.122833
TXN_b5ad742f0091,1,SUCCESS,,2026-07-06 11:14:41.122833
TXN_241690aa46bc,1,SUCCESS,,2026-07-25 08:34:22.122833
TXN_dbe4bd990e92,1,FAILED,NETWORK_TIMEOUT,2026-07-29 06:09:03.122833
TXN_dbe4bd990e92,2,SUCCESS,,2026-07-29 07:14:03.122833
TXN_8f2b4fe51249,1,FAILED,CARD_EXPIRED,2026-08-11 18:52:29.122833
TXN_4e1ca3f15d9c,1,SUCCESS,,2026-08-22 08:14:06.122833
TXN_fec5c1639db2,1,SUCCESS,,2026-07-12 18:01:30.122833
TXN_c0820c156917,1,SUCCESS,,2026-07-29 11:36:18.122833
TXN_7011aa2d6db3,1,SUCCESS,,2026-07-12 16:19:43.122833
TXN_60b33f202fa7,1,SUCCESS,,2026-06-28 01:39:44.122833
TXN_60498ed2467d,1,SUCCESS,,2026-08-23 22:31:45.122833
TXN_0bb5daf84924,1,SUCCESS,,2026-07-11 04:26:25.122833
TXN_ff339d1b6fc3,1,FAILED,CARD_EXPIRED,2026-06-23 23:52:07.122833
TXN_5bd64592b795,1,SUCCESS,,2026-07-08 15:30:40.122833
TXN_569c951afef5,1,SUCCESS,,2026-07-04 15:52:45.122833
TXN_c604406f122f,1,FAILED,NETWORK_TIMEOUT,2026-08-03 16:16:13.122833
TXN_c604406f122f,2,SUCCESS,,2026-08-03 17:44:13.122833
TXN_d162303905c8,1,SUCCESS,,2026-08-15 23:09:55.122833
TXN_661c760e4810,1,SUCCESS,,2026-08-20 22:09:00.122833
TXN_6bcd707a9594,1,FAILED,AUTHENTICATION_FAILED,2026-08-26 22:13:52.122833
TXN_b44031f3d156,1,SUCCESS,,2026-08-11 09:36:55.122833
TXN_b7ab3a608359,1,SUCCESS,,2026-07-29 21:25:26.122833
TXN_d7ca841c8b6e,1,FAILED,CARD_EXPIRED,2026-06-15 08:54:25.122833
TXN_1bb4536b4a5b,1,SUCCESS,,2026-07-30 16:29:24.122833
TXN_0b76c9474229,1,SUCCESS,,2026-08-25 15:34:11.122833
TXN_76e73a1a9c33,1,SUCCESS,,2026-07-31 17:40:59.122833
TXN_95dc7fa0a1bd,1,FAILED,INSUFFICIENT_FUNDS,2026-07-14 15:55:37.122833
TXN_95dc7fa0a1bd,2,SUCCESS,,2026-07-14 17:31:37.122833
TXN_a2e74b190525,1,SUCCESS,,2026-08-04 11:42:43.122833
TXN_f427db8e7cc0,1,FAILED,NETWORK_TIMEOUT,2026-07-18 13:39:19.122833
TXN_f427db8e7cc0,2,SUCCESS,,2026-07-18 15:13:19.122833
TXN_c0d356cf919c,1,SUCCESS,,2026-07-28 01:41:16.122833
TXN_85cf1de8f9ed,1,SUCCESS,,2026-07-01 21:54:31.122833
TXN_c914198f82c9,1,SUCCESS,,2026-06-10 07:45:11.122833
TXN_0704194e2150,1,FAILED,BANK_DECLINED,2026-08-24 04:25:51.122833
TXN_3a0b363da93c,1,FAILED,AUTHENTICATION_FAILED,2026-07-03 03:13:24.122833
TXN_41b01b856cc5,1,SUCCESS,,2026-07-31 08:30:03.122833
TXN_08152a68e8c2,1,SUCCESS,,2026-07-16 12:15:47.122833
TXN_181212234cff,1,SUCCESS,,2026-07-07 18:13:51.122833
TXN_a4fef215c355,1,SUCCESS,,2026-08-30 01:20:01.122833
TXN_14e2fe97768f,1,SUCCESS,,2026-06-18 21:54:09.122833
TXN_37280e82c538,1,SUCCESS,,2026-07-22 00:14:40.122833
TXN_d93a1c5aa333,1,SUCCESS,,2026-07-25 13:06:24.122833
TXN_c140f0068c2c,1,SUCCESS,,2026-06-06 02:20:41.122833
TXN_ceb848bc4083,1,SUCCESS,,2026-06-05 23:31:22.122833
TXN_3eeb93572021,1,FAILED,AUTHENTICATION_FAILED,2026-07-31 10:57:09.122833
TXN_c8a3338bcd71,1,FAILED,BANK_DECLINED,2026-08-15 07:16:00.122833
TXN_c8a3338bcd71,2,SUCCESS,,2026-08-15 07:33:00.122833
TXN_eb0e1f63f87e,1,FAILED,AUTHENTICATION_FAILED,2026-08-22 00:40:27.122833
TXN_ef96cde84500,1,SUCCESS,,2026-08-24 20:45:11.122833
TXN_41127e499ad3,1,SUCCESS,,2026-06-29 08:32:48.122833
TXN_3c56315481cb,1,SUCCESS,,2026-08-20 22:27:08.122833
TXN_8bfb6c8d57e4,1,SUCCESS,,2026-08-23 21:57:27.122833
TXN_d57c557a407c,1,FAILED,NETWORK_TIMEOUT,2026-08-22 03:52:17.122833
TXN_d57c557a407c,2,SUCCESS,,2026-08-22 05:43:17.122833
TXN_058f30c54367,1,FAILED,BANK_DECLINED,2026-06-08 13:52:35.122833
TXN_058f30c54367,2,SUCCESS,,2026-06-08 15:38:35.122833
TXN_010b4710569c,1,FAILED,LIMIT_EXCEEDED,2026-07-12 23:23:01.122833
TXN_4522d2aed759,1,SUCCESS,,2026-07-27 07:04:27.122833
TXN_db90e4fe4505,1,SUCCESS,,2026-08-27 15:52:03.122833
TXN_52d015a591c6,1,FAILED,BANK_DECLINED,2026-06-14 16:16:48.122833
TXN_52d015a591c6,2,SUCCESS,,2026-06-14 16:54:48.122833
TXN_3eecdb55d3cd,1,SUCCESS,,2026-08-05 11:39:58.122833
TXN_23cd56204b84,1,SUCCESS,,2026-07-08 01:54:03.122833
TXN_9d17da9757e5,1,SUCCESS,,2026-07-05 01:24:17.122833
TXN_3ff305937436,1,SUCCESS,,2026-06-27 23:21:48.122833
TXN_2aa25d7087e5,1,SUCCESS,,2026-07-13 16:18:33.122833
TXN_99b4162ce698,1,SUCCESS,,2026-08-09 01:48:33.122833
TXN_0a77502b96fe,1,SUCCESS,,2026-07-25 02:04:55.122833
TXN_c6bdc0131c52,1,SUCCESS,,2026-06-13 13:40:10.122833
TXN_938a598b2cea,1,SUCCESS,,2026-08-24 14:49:13.122833
TXN_65288fa887a4,1,SUCCESS,,2026-08-18 22:02:44.122833
TXN_85f659d74050,1,FAILED,BANK_DECLINED,2026-06-22 20:07:07.122833
TXN_85f659d74050,2,SUCCESS,,2026-06-22 21:12:07.122833
TXN_dbd79f2d85ee,1,SUCCESS,,2026-08-02 17:12:12.122833
TXN_34900b3ddaf4,1,SUCCESS,,2026-06-16 15:11:38.122833
TXN_8073d5f8aff7,1,SUCCESS,,2026-06-26 10:51:10.122833
TXN_909a35184814,1,SUCCESS,,2026-06-06 13:45:03.122833
TXN_d46c55f6d88d,1,SUCCESS,,2026-06-19 08:43:52.122833
TXN_4b2e56e87199,1,SUCCESS,,2026-08-26 23:01:33.122833
TXN_3f8b03bd7dc7,1,SUCCESS,,2026-06-25 19:47:38.122833
TXN_2555d7b4d3ed,1,SUCCESS,,2026-06-12 02:56:22.122833
TXN_8ae336065768,1,FAILED,LIMIT_EXCEEDED,2026-08-19 13:46:44.122833
TXN_96cdeaf1836f,1,SUCCESS,,2026-08-26 02:28:24.122833
TXN_39e84021c446,1,SUCCESS,,2026-08-17 11:57:05.122833
TXN_0010f7535caa,1,FAILED,NETWORK_TIMEOUT,2026-06-29 07:08:45.122833
TXN_0010f7535caa,2,SUCCESS,,2026-06-29 07:27:45.122833
TXN_9a43c6fe1570,1,SUCCESS,,2026-08-19 08:10:20.122833
TXN_79c08b683b94,1,SUCCESS,,2026-08-17 20:09:38.122833
TXN_9ef55128a9bb,1,SUCCESS,,2026-06-27 14:15:15.122833
TXN_8cbe8d502d35,1,SUCCESS,,2026-08-13 08:01:55.122833
TXN_e52e8e214e34,1,FAILED,BANK_DECLINED,2026-06-11 10:07:58.122833
TXN_e52e8e214e34,2,SUCCESS,,2026-06-11 11:19:58.122833
TXN_91f301cde2d5,1,SUCCESS,,2026-06-13 18:50:37.122833
TXN_b99eb1f66089,1,SUCCESS,,2026-06-10 12:44:02.122833
TXN_a2f766674bbd,1,SUCCESS,,2026-07-19 20:00:39.122833
TXN_bae433e0860e,1,SUCCESS,,2026-06-19 15:44:26.122833
TXN_19f1bd5ae886,1,FAILED,INSUFFICIENT_FUNDS,2026-06-07 19:07:40.122833
TXN_30320ac5c77c,1,SUCCESS,,2026-08-21 13:08:04.122833
TXN_183b88135c45,1,FAILED,BANK_DECLINED,2026-07-09 05:59:03.122833
TXN_183b88135c45,2,SUCCESS,,2026-07-09 06:53:03.122833
TXN_f0b9fa3895eb,1,FAILED,UPI_TIMEOUT,2026-08-20 22:31:36.122833
TXN_f0b9fa3895eb,2,SUCCESS,,2026-08-20 23:36:36.122833
TXN_f412763c3feb,1,FAILED,INSUFFICIENT_FUNDS,2026-08-15 00:48:06.122833
TXN_68faf2db8214,1,SUCCESS,,2026-08-24 11:35:06.122833
TXN_87f87bbcf8d5,1,FAILED,INSUFFICIENT_FUNDS,2026-07-09 04:46:59.122833
TXN_f442a8ef1ad5,1,FAILED,LIMIT_EXCEEDED,2026-07-04 06:31:13.122833
TXN_e24cebe5a317,1,SUCCESS,,2026-06-30 07:09:56.122833
TXN_ddd53e37b25f,1,SUCCESS,,2026-06-28 23:10:56.122833
TXN_01b0faaf0051,1,SUCCESS,,2026-07-15 05:43:24.122833
TXN_82a5fef96e0f,1,SUCCESS,,2026-08-28 21:50:26.122833
TXN_78761f14e0a6,1,SUCCESS,,2026-06-14 18:54:58.122833
TXN_1b2699b3f003,1,SUCCESS,,2026-07-27 20:14:53.122833
TXN_819dd836f00f,1,SUCCESS,,2026-07-04 04:58:48.122833
TXN_1559b1914332,1,SUCCESS,,2026-08-08 22:57:19.122833
TXN_2943d55bf29d,1,SUCCESS,,2026-08-13 08:55:30.122833
TXN_2451b926f6ac,1,SUCCESS,,2026-08-15 00:27:17.122833
TXN_0fe22520f9ad,1,FAILED,INSUFFICIENT_FUNDS,2026-07-03 11:21:46.122833
TXN_0fe22520f9ad,2,SUCCESS,,2026-07-03 11:34:46.122833
TXN_44bffb0cdc46,1,SUCCESS,,2026-06-26 20:54:43.122833
TXN_1e432e0d5857,1,SUCCESS,,2026-06-17 16:08:10.122833
TXN_84189c4ceecd,1,SUCCESS,,2026-08-09 20:15:07.122833
TXN_6e4bdf2fb01c,1,SUCCESS,,2026-06-23 20:10:47.122833
TXN_72c6e19d775e,1,SUCCESS,,2026-08-14 06:16:19.122833
TXN_49cd6bc47345,1,SUCCESS,,2026-06-27 00:04:26.122833
TXN_2d7881a60ccf,1,FAILED,INSUFFICIENT_FUNDS,2026-08-15 15:14:34.122833
TXN_890036f7f21f,1,SUCCESS,,2026-08-07 08:49:14.122833
TXN_e5476eb94266,1,FAILED,UPI_TIMEOUT,2026-06-15 22:38:01.122833
TXN_e5476eb94266,2,SUCCESS,,2026-06-15 22:49:01.122833
TXN_c26e9969ea91,1,SUCCESS,,2026-06-06 19:52:59.122833
TXN_a87b751b87b3,1,SUCCESS,,2026-06-23 14:55:37.122833
TXN_94c5901be427,1,SUCCESS,,2026-06-25 12:46:09.122833
TXN_efd32a050547,1,FAILED,NETWORK_TIMEOUT,2026-08-06 01:41:37.122833
TXN_efd32a050547,2,SUCCESS,,2026-08-06 02:34:37.122833
TXN_d88736773d3d,1,SUCCESS,,2026-06-24 13:14:54.122833
TXN_4907cec53804,1,SUCCESS,,2026-07-05 18:03:00.122833
TXN_3c3bc3d33620,1,SUCCESS,,2026-07-07 04:47:07.122833
TXN_4c4161502af5,1,SUCCESS,,2026-07-12 21:31:10.122833
TXN_8b32d9c01298,1,FAILED,AUTHENTICATION_FAILED,2026-06-29 21:29:06.122833
TXN_c58102520b9b,1,SUCCESS,,2026-08-12 05:00:17.122833
TXN_07fe910ce19f,1,SUCCESS,,2026-08-10 03:04:10.122833
TXN_3518247e3024,1,SUCCESS,,2026-07-23 20:09:24.122833
TXN_97619c1f8480,1,SUCCESS,,2026-06-28 20:08:11.122833
TXN_85a36b1d41dd,1,SUCCESS,,2026-07-26 23:55:32.122833
TXN_e379b9b55dde,1,SUCCESS,,2026-06-27 09:02:24.122833
TXN_1b97edc9bef2,1,SUCCESS,,2026-08-28 07:38:13.122833
TXN_cf4fbbc9ec24,1,SUCCESS,,2026-06-20 19:28:26.122833
TXN_0c533b44d00c,1,SUCCESS,,2026-07-15 18:51:03.122833
TXN_3a6f87fca7f1,1,SUCCESS,,2026-08-07 03:10:56.122833
TXN_ca428a57b672,1,FAILED,NETWORK_TIMEOUT,2026-08-21 23:38:23.122833
TXN_d17e6a85cdb0,1,SUCCESS,,2026-08-01 02:32:44.122833
TXN_0bd235672f71,1,FAILED,CUSTOMER_CANCELLED,2026-06-24 10:35:12.122833
TXN_3a318e8c3899,1,FAILED,UPI_TIMEOUT,2026-06-24 16:16:44.122833
TXN_3a318e8c3899,2,SUCCESS,,2026-06-24 17:27:44.122833
TXN_b0bc5544eb14,1,SUCCESS,,2026-08-15 20:42:52.122833
TXN_b508bef2dfc8,1,FAILED,INSUFFICIENT_FUNDS,2026-08-23 01:23:53.122833
TXN_b89d757d9b7e,1,SUCCESS,,2026-06-10 17:04:31.122833
TXN_e5317a4fd8e0,1,FAILED,INSUFFICIENT_FUNDS,2026-07-29 16:37:25.122833
TXN_e5317a4fd8e0,2,SUCCESS,,2026-07-29 17:47:25.122833
TXN_2c6d162da8dc,1,FAILED,BANK_DECLINED,2026-07-02 01:04:38.122833
TXN_2c6d162da8dc,2,SUCCESS,,2026-07-02 01:22:38.122833
TXN_f1a89b8fd466,1,FAILED,BANK_DECLINED,2026-06-19 23:50:16.122833
TXN_f1a89b8fd466,2,SUCCESS,,2026-06-19 23:57:16.122833
TXN_b8d3a01f02a9,1,SUCCESS,,2026-08-02 03:11:36.122833
TXN_15aa232a2402,1,SUCCESS,,2026-07-29 04:38:11.122833
TXN_7d3121d66141,1,SUCCESS,,2026-06-23 00:52:26.122833
TXN_57f394fb80ac,1,SUCCESS,,2026-07-21 19:08:09.122833
TXN_8024f4f3f799,1,SUCCESS,,2026-06-12 22:43:20.122833
TXN_692c674359e9,1,FAILED,UPI_TIMEOUT,2026-06-04 14:55:35.122833
TXN_fadbba69e5b2,1,SUCCESS,,2026-08-06 04:47:23.122833
TXN_3de0148fb322,1,SUCCESS,,2026-08-23 12:07:09.122833
TXN_4597d078fa2d,1,FAILED,LIMIT_EXCEEDED,2026-06-23 12:45:52.122833
TXN_f46403c1986f,1,FAILED,INSUFFICIENT_FUNDS,2026-08-25 04:30:11.122833
TXN_4e8ce21512be,1,SUCCESS,,2026-08-04 00:25:52.122833
TXN_4f3ffd7220ac,1,SUCCESS,,2026-08-20 22:12:42.122833
TXN_b36aeb9cde81,1,SUCCESS,,2026-07-21 10:15:11.122833
TXN_5f318ed364c0,1,FAILED,BANK_DECLINED,2026-06-13 00:03:14.122833
TXN_29e50707aec0,1,FAILED,INSUFFICIENT_FUNDS,2026-07-12 02:51:16.122833
TXN_29e50707aec0,2,SUCCESS,,2026-07-12 03:35:16.122833
TXN_10198e60b06a,1,SUCCESS,,2026-08-21 17:38:06.122833
TXN_8b0ff2c8a5db,1,SUCCESS,,2026-08-13 19:51:44.122833
TXN_349fd0e788a9,1,SUCCESS,,2026-06-17 13:44:56.122833
TXN_36ffaf32345d,1,FAILED,INSUFFICIENT_FUNDS,2026-07-09 20:12:04.122833
TXN_36ffaf32345d,2,SUCCESS,,2026-07-09 21:53:04.122833
TXN_633a50a1f216,1,SUCCESS,,2026-08-07 06:41:53.122833
TXN_63495909603e,1,FAILED,NETWORK_TIMEOUT,2026-07-04 06:01:09.122833
TXN_cfdc151a1864,1,SUCCESS,,2026-08-06 21:10:36.122833
TXN_e86dccf9cd5d,1,FAILED,LIMIT_EXCEEDED,2026-07-31 00:55:03.122833
TXN_09789fe82657,1,SUCCESS,,2026-06-22 15:05:04.122833
TXN_47604867c1ad,1,SUCCESS,,2026-06-17 23:49:38.122833
TXN_875d21603f87,1,SUCCESS,,2026-07-15 00:37:19.122833
TXN_ac9b13a45f82,1,SUCCESS,,2026-06-18 20:21:01.122833
TXN_4743ecbca866,1,SUCCESS,,2026-07-02 03:02:37.122833
TXN_753e6c98046c,1,FAILED,AUTHENTICATION_FAILED,2026-08-14 13:43:47.122833
TXN_ca6cea590f68,1,SUCCESS,,2026-08-15 01:52:15.122833
TXN_b7bd79514095,1,SUCCESS,,2026-06-27 21:53:47.122833
TXN_03dffbbd0b9e,1,SUCCESS,,2026-07-24 06:56:56.122833
TXN_c84a6ff33935,1,FAILED,CARD_EXPIRED,2026-08-23 08:16:47.122833
TXN_c84a6ff33935,2,SUCCESS,,2026-08-23 08:52:47.122833
TXN_9253698eaf24,1,SUCCESS,,2026-08-04 09:32:21.122833
TXN_488e12e31ed9,1,SUCCESS,,2026-07-19 18:24:15.122833
TXN_062d35b31047,1,SUCCESS,,2026-06-14 12:39:09.122833
TXN_7d011a08bc6e,1,SUCCESS,,2026-07-31 03:24:53.122833
TXN_194a87da5bdf,1,FAILED,NETWORK_TIMEOUT,2026-08-03 15:45:58.122833
TXN_194a87da5bdf,2,SUCCESS,,2026-08-03 17:32:58.122833
TXN_a1427b7f9c01,1,SUCCESS,,2026-06-27 08:42:56.122833
TXN_2c7bbc58a3f3,1,SUCCESS,,2026-06-23 08:16:00.122833
TXN_f9a4d0e3b0dc,1,SUCCESS,,2026-08-09 22:12:56.122833
TXN_8ff74dbe96a8,1,SUCCESS,,2026-06-25 23:50:43.122833
TXN_897a1c52f15e,1,SUCCESS,,2026-07-21 09:38:11.122833
TXN_2f845476c982,1,SUCCESS,,2026-06-28 02:59:27.122833
TXN_c8cfe4171df0,1,SUCCESS,,2026-07-28 08:57:13.122833
TXN_09469ae7a426,1,SUCCESS,,2026-07-06 12:37:17.122833
TXN_b055b157f8f4,1,SUCCESS,,2026-06-08 05:06:35.122833
TXN_cb2aefc2d0d1,1,SUCCESS,,2026-06-18 20:50:44.122833
TXN_732e594d398b,1,FAILED,UPI_TIMEOUT,2026-07-20 15:12:24.122833
TXN_732e594d398b,2,SUCCESS,,2026-07-20 16:16:24.122833
TXN_41c7a71ad03d,1,SUCCESS,,2026-08-27 23:49:07.122833
TXN_9def7e87cb4d,1,SUCCESS,,2026-08-29 16:45:50.122833
TXN_bef1b1b08d36,1,SUCCESS,,2026-06-08 02:32:52.122833
TXN_32497643ff21,1,FAILED,BANK_DECLINED,2026-08-24 22:53:24.122833
TXN_f57fa0d50889,1,SUCCESS,,2026-06-27 23:47:43.122833
TXN_5d0e01ba2d8e,1,SUCCESS,,2026-08-29 06:29:25.122833
TXN_f3a2a88d080c,1,FAILED,BANK_DECLINED,2026-07-12 16:05:27.122833
TXN_f3a2a88d080c,2,SUCCESS,,2026-07-12 16:53:27.122833
TXN_38f0f9babba8,1,FAILED,UPI_TIMEOUT,2026-07-30 05:06:57.122833
TXN_72ee223dbc09,1,SUCCESS,,2026-06-04 13:36:08.122833
TXN_4cb552cb9162,1,FAILED,INSUFFICIENT_FUNDS,2026-08-18 11:49:44.122833
TXN_d0a7b8819995,1,SUCCESS,,2026-06-09 18:11:20.122833
TXN_d51edff103cb,1,SUCCESS,,2026-06-07 23:53:39.122833
TXN_8eb76ab7bf91,1,SUCCESS,,2026-06-26 10:51:10.122833
TXN_a37be7534a36,1,SUCCESS,,2026-06-30 14:38:36.122833
TXN_658db0a0c891,1,FAILED,INSUFFICIENT_FUNDS,2026-08-01 23:12:46.122833
TXN_658db0a0c891,2,SUCCESS,,2026-08-02 00:18:46.122833
TXN_82325ee2c13c,1,SUCCESS,,2026-06-30 15:43:20.122833
TXN_44e5d9a82c53,1,SUCCESS,,2026-07-24 02:43:12.122833
TXN_24fa80f507af,1,SUCCESS,,2026-06-17 12:29:48.122833
TXN_9271655edf5f,1,SUCCESS,,2026-06-28 10:34:55.122833
TXN_88b4e356d33b,1,SUCCESS,,2026-08-27 11:44:53.122833
TXN_0716d32f3e72,1,SUCCESS,,2026-08-01 16:59:34.122833
TXN_737821801433,1,SUCCESS,,2026-07-29 23:38:00.122833
TXN_a9456853e9ee,1,SUCCESS,,2026-07-18 19:03:25.122833
TXN_334b7975e1be,1,SUCCESS,,2026-08-18 18:02:39.122833
TXN_78529512e235,1,FAILED,UPI_TIMEOUT,2026-07-12 18:32:30.122833
TXN_78529512e235,2,SUCCESS,,2026-07-12 20:01:30.122833
TXN_25faf30ff10e,1,SUCCESS,,2026-08-03 11:18:08.122833
TXN_9f54986a9bf6,1,SUCCESS,,2026-06-07 14:27:14.122833
TXN_fe74000782af,1,SUCCESS,,2026-06-23 12:18:44.122833
TXN_9c87a13ffdf2,1,SUCCESS,,2026-07-09 14:48:18.122833
TXN_7ebc00cbbc09,1,FAILED,LIMIT_EXCEEDED,2026-06-02 21:53:52.122833
TXN_7ebc00cbbc09,2,SUCCESS,,2026-06-02 23:18:52.122833
TXN_31f5f74f1dde,1,SUCCESS,,2026-06-06 13:56:08.122833
TXN_fabd96e2d9e4,1,FAILED,UPI_TIMEOUT,2026-08-30 20:17:47.122833
TXN_fabd96e2d9e4,2,SUCCESS,,2026-08-30 21:56:47.122833
TXN_760319d90634,1,SUCCESS,,2026-08-09 18:41:30.122833
TXN_9e268c93d0a4,1,SUCCESS,,2026-06-06 15:51:11.122833
TXN_dbd5e76ce48f,1,FAILED,NETWORK_TIMEOUT,2026-08-15 12:29:03.122833
TXN_dbd5e76ce48f,2,SUCCESS,,2026-08-15 12:59:03.122833
TXN_369ba4aac092,1,SUCCESS,,2026-07-27 13:55:16.122833
TXN_fda1b904e785,1,FAILED,BANK_DECLINED,2026-08-17 14:39:04.122833
TXN_fda1b904e785,2,SUCCESS,,2026-08-17 16:13:04.122833
TXN_898a79315d5e,1,SUCCESS,,2026-08-23 10:54:05.122833
TXN_86b15f629e4f,1,SUCCESS,,2026-07-02 04:52:10.122833
TXN_cbb3ff9361f7,1,SUCCESS,,2026-06-24 20:50:25.122833
TXN_77fec510603b,1,FAILED,INSUFFICIENT_FUNDS,2026-06-13 11:30:55.122833
TXN_77fec510603b,2,SUCCESS,,2026-06-13 11:45:55.122833
TXN_36fba55c1dcb,1,FAILED,NETWORK_TIMEOUT,2026-07-04 13:49:15.122833
TXN_36fba55c1dcb,2,SUCCESS,,2026-07-04 15:12:15.122833
TXN_5f60fded9a49,1,SUCCESS,,2026-06-13 03:17:57.122833
TXN_c2bb59ef1665,1,SUCCESS,,2026-08-20 12:11:34.122833
TXN_fad1f593ff1d,1,SUCCESS,,2026-07-10 12:14:15.122833
TXN_147557d71ae6,1,SUCCESS,,2026-08-31 06:23:35.122833
TXN_1730a1fd0360,1,SUCCESS,,2026-08-06 00:08:30.122833
TXN_e1d558f1975d,1,SUCCESS,,2026-08-03 09:32:57.122833
TXN_b009a4f71717,1,SUCCESS,,2026-08-01 13:40:58.122833
TXN_ac3d88ff3a4c,1,SUCCESS,,2026-07-01 04:21:53.122833
TXN_9dbe73f2026f,1,SUCCESS,,2026-06-23 11:58:44.122833
TXN_ea186a2fc3b8,1,SUCCESS,,2026-07-17 13:06:24.122833
TXN_ad607ff6955a,1,SUCCESS,,2026-08-23 12:42:39.122833
TXN_8e84f9b1eab8,1,FAILED,AUTHENTICATION_FAILED,2026-07-11 11:52:36.122833
TXN_a9b8d13191be,1,SUCCESS,,2026-06-03 23:47:39.122833
TXN_cfe253f5d0f2,1,SUCCESS,,2026-08-22 08:22:15.122833
TXN_2cea7ae3fba9,1,SUCCESS,,2026-08-27 11:12:16.122833
TXN_1a8862958eda,1,SUCCESS,,2026-07-21 01:06:51.122833
TXN_2301f2925ef2,1,SUCCESS,,2026-08-01 00:45:09.122833
TXN_251f8c3310b2,1,SUCCESS,,2026-07-13 03:01:13.122833
TXN_44d97f7ea690,1,SUCCESS,,2026-07-27 17:06:18.122833
TXN_1e39d78afbe0,1,SUCCESS,,2026-07-31 16:42:29.122833
TXN_dcd9976491ee,1,SUCCESS,,2026-07-30 16:18:49.122833
TXN_75df509c8368,1,SUCCESS,,2026-07-20 10:34:06.122833
TXN_424022cf0873,1,FAILED,AUTHENTICATION_FAILED,2026-07-04 09:50:01.122833
TXN_424022cf0873,2,SUCCESS,,2026-07-04 10:39:01.122833
TXN_a02c27b679a4,1,FAILED,BANK_DECLINED,2026-07-21 08:24:41.122833
TXN_a02c27b679a4,2,SUCCESS,,2026-07-21 09:24:41.122833
TXN_f0207d681ada,1,FAILED,LIMIT_EXCEEDED,2026-07-18 00:21:27.122833
TXN_d91292f0633a,1,FAILED,AUTHENTICATION_FAILED,2026-07-16 07:24:51.122833
TXN_8206e9c915f7,1,SUCCESS,,2026-08-14 01:33:21.122833
TXN_4c29c3acf4a5,1,SUCCESS,,2026-08-16 08:01:10.122833
TXN_7beef7097d09,1,SUCCESS,,2026-08-16 02:47:37.122833
TXN_42ca75fe4790,1,SUCCESS,,2026-07-24 11:21:43.122833
TXN_db6618207719,1,SUCCESS,,2026-08-16 09:37:45.122833
TXN_6f36bcf39900,1,SUCCESS,,2026-08-02 13:44:14.122833
TXN_dee8400546d1,1,SUCCESS,,2026-08-11 12:16:22.122833
TXN_9f4e52696d50,1,SUCCESS,,2026-07-09 22:53:20.122833
TXN_1143da287d7d,1,FAILED,LIMIT_EXCEEDED,2026-07-01 03:10:03.122833
TXN_22deab010294,1,SUCCESS,,2026-06-19 07:37:20.122833
TXN_0cf3f837cada,1,SUCCESS,,2026-08-18 05:56:44.122833
TXN_f9d6b41445e8,1,FAILED,UPI_TIMEOUT,2026-07-13 02:35:31.122833
TXN_f9d6b41445e8,2,SUCCESS,,2026-07-13 02:43:31.122833
TXN_aa6e1acbdc60,1,SUCCESS,,2026-07-30 17:22:04.122833
TXN_69522a69685a,1,SUCCESS,,2026-08-06 17:32:47.122833
TXN_720ee7a40976,1,SUCCESS,,2026-06-03 02:42:29.122833
TXN_1f375bc54c6b,1,SUCCESS,,2026-07-25 17:23:02.122833
TXN_7a7168695a10,1,SUCCESS,,2026-08-03 14:56:43.122833
TXN_15132aba1412,1,FAILED,UPI_TIMEOUT,2026-08-06 20:12:58.122833
TXN_15132aba1412,2,SUCCESS,,2026-08-06 21:33:58.122833
TXN_b1c68f4963f9,1,SUCCESS,,2026-08-26 17:06:11.122833
TXN_d92cfe952376,1,SUCCESS,,2026-06-13 01:55:07.122833
TXN_4dc9ef19b52c,1,SUCCESS,,2026-06-26 05:24:33.122833
TXN_ba7d118bbce0,1,SUCCESS,,2026-07-25 13:08:29.122833
TXN_12f28fddf581,1,SUCCESS,,2026-07-28 14:32:08.122833
TXN_bdb86921e8d8,1,SUCCESS,,2026-08-27 02:02:49.122833
TXN_fa052f186d75,1,SUCCESS,,2026-07-31 09:17:20.122833
TXN_6c1052c71ab8,1,SUCCESS,,2026-06-08 20:19:14.122833
TXN_2ebc80cc1567,1,SUCCESS,,2026-06-08 15:06:57.122833
TXN_fdc51a286111,1,FAILED,NETWORK_TIMEOUT,2026-06-04 01:37:16.122833
TXN_fdc51a286111,2,SUCCESS,,2026-06-04 02:37:16.122833
TXN_9c32de532711,1,FAILED,AUTHENTICATION_FAILED,2026-08-07 08:40:10.122833
TXN_61c904ae4f0c,1,FAILED,NETWORK_TIMEOUT,2026-08-04 01:13:40.122833
TXN_61c904ae4f0c,2,SUCCESS,,2026-08-04 01:19:40.122833
TXN_078579158225,1,FAILED,CARD_EXPIRED,2026-07-23 16:22:07.122833
TXN_3859b3175d06,1,FAILED,AUTHENTICATION_FAILED,2026-08-20 05:27:27.122833
TXN_3859b3175d06,2,SUCCESS,,2026-08-20 06:16:27.122833
TXN_41922ef05364,1,SUCCESS,,2026-06-11 02:45:45.122833
TXN_6d133b30648e,1,SUCCESS,,2026-06-24 19:14:05.122833
TXN_ed481176e527,1,SUCCESS,,2026-06-10 05:02:00.122833
TXN_abae09686049,1,SUCCESS,,2026-07-14 12:42:14.122833
TXN_b39d9aea6de4,1,SUCCESS,,2026-08-18 16:47:31.122833
TXN_4975a28672c5,1,FAILED,BANK_DECLINED,2026-08-27 20:58:34.122833
TXN_9714db887613,1,SUCCESS,,2026-08-22 13:05:37.122833
TXN_4cb0689dd9c4,1,FAILED,BANK_DECLINED,2026-07-20 20:58:34.122833
TXN_4cb0689dd9c4,2,SUCCESS,,2026-07-20 21:45:34.122833
TXN_e60e311367c2,1,FAILED,AUTHENTICATION_FAILED,2026-07-30 08:58:19.122833
TXN_459fdfe49a89,1,FAILED,INSUFFICIENT_FUNDS,2026-07-24 06:43:06.122833
TXN_459fdfe49a89,2,SUCCESS,,2026-07-24 08:20:06.122833
TXN_12128f4ccb11,1,SUCCESS,,2026-07-01 00:40:43.122833
TXN_6207adbcfe75,1,SUCCESS,,2026-07-19 14:55:03.122833
TXN_74f039efb748,1,SUCCESS,,2026-07-17 02:09:40.122833
TXN_dc0ade979359,1,FAILED,CUSTOMER_CANCELLED,2026-06-20 18:25:19.122833
TXN_cc6403d1bbd9,1,SUCCESS,,2026-06-05 03:50:08.122833
TXN_c1cb90598d05,1,SUCCESS,,2026-06-03 12:19:26.122833
TXN_1b4ab3846db1,1,SUCCESS,,2026-06-13 05:33:17.122833
TXN_1ca24d6d7d17,1,SUCCESS,,2026-08-19 06:59:17.122833
TXN_700190e07fb6,1,SUCCESS,,2026-06-05 15:24:27.122833
TXN_8892ea15770f,1,SUCCESS,,2026-07-09 21:56:05.122833
TXN_1762749a8112,1,SUCCESS,,2026-08-24 02:02:48.122833
TXN_2524c05dce66,1,SUCCESS,,2026-08-31 13:00:23.122833
TXN_03547e185a58,1,SUCCESS,,2026-08-02 15:39:25.122833
TXN_cb2eb76d75ff,1,SUCCESS,,2026-07-30 08:27:25.122833
TXN_54959dff136c,1,SUCCESS,,2026-07-11 11:09:28.122833
TXN_26644f923866,1,SUCCESS,,2026-08-14 01:28:23.122833
TXN_792910deeaf7,1,FAILED,CARD_EXPIRED,2026-07-07 18:14:11.122833
TXN_a47231b77b60,1,SUCCESS,,2026-06-24 01:03:35.122833
TXN_13a503969b9c,1,SUCCESS,,2026-07-06 16:23:00.122833
TXN_296e711f7134,1,SUCCESS,,2026-06-21 15:20:43.122833
TXN_7f707c32264c,1,FAILED,INSUFFICIENT_FUNDS,2026-06-19 17:18:33.122833
TXN_7f707c32264c,2,SUCCESS,,2026-06-19 19:03:33.122833
TXN_9c55e9ca146c,1,SUCCESS,,2026-07-02 20:07:56.122833
TXN_baf2b7fc17ae,1,SUCCESS,,2026-07-17 00:40:21.122833
TXN_dc065dcb1ca2,1,SUCCESS,,2026-06-23 13:06:07.122833
TXN_efccbabbadd9,1,FAILED,NETWORK_TIMEOUT,2026-06-10 17:41:27.122833
TXN_efccbabbadd9,2,SUCCESS,,2026-06-10 17:56:27.122833
TXN_e1792b628d91,1,SUCCESS,,2026-07-24 21:12:00.122833
TXN_06ab8b176845,1,FAILED,NETWORK_TIMEOUT,2026-06-18 00:58:34.122833
TXN_06ab8b176845,2,SUCCESS,,2026-06-18 01:30:34.122833
TXN_b0f343f2c76f,1,SUCCESS,,2026-06-21 22:19:04.122833
TXN_9bb7b9a53fd2,1,SUCCESS,,2026-08-16 02:10:29.122833
TXN_9d9a56abad9e,1,SUCCESS,,2026-07-13 10:39:50.122833
TXN_b329d167a11f,1,SUCCESS,,2026-07-01 01:42:30.122833
TXN_28756611ad8d,1,SUCCESS,,2026-07-03 03:10:55.122833
TXN_85297a6992eb,1,FAILED,UPI_TIMEOUT,2026-08-08 21:10:19.122833
TXN_85297a6992eb,2,SUCCESS,,2026-08-08 22:19:19.122833
TXN_175178003d21,1,SUCCESS,,2026-06-06 02:33:10.122833
TXN_00163420301b,1,SUCCESS,,2026-08-03 21:31:04.122833
TXN_7f04ed97be6f,1,SUCCESS,,2026-07-11 00:36:27.122833
TXN_3230c50461d6,1,SUCCESS,,2026-07-13 09:54:04.122833
TXN_1f00e42ec34d,1,SUCCESS,,2026-06-11 01:26:27.122833
TXN_8fb5baa3bfe4,1,FAILED,BANK_DECLINED,2026-07-02 21:47:14.122833
TXN_8fb5baa3bfe4,2,SUCCESS,,2026-07-02 23:36:14.122833
TXN_46028e0576bd,1,SUCCESS,,2026-06-12 05:56:48.122833
TXN_3e272d0cb497,1,SUCCESS,,2026-08-11 02:13:15.122833
TXN_9d2dfc224c62,1,SUCCESS,,2026-08-08 01:55:39.122833
TXN_255626065f6b,1,FAILED,UPI_TIMEOUT,2026-06-16 15:20:23.122833
TXN_255626065f6b,2,SUCCESS,,2026-06-16 16:45:23.122833
TXN_54fae585ea8b,1,SUCCESS,,2026-06-11 15:42:26.122833
TXN_333ec41919c5,1,SUCCESS,,2026-08-20 10:03:44.122833
TXN_c700e646a484,1,SUCCESS,,2026-08-04 12:16:46.122833
TXN_95efe294d5b0,1,FAILED,AUTHENTICATION_FAILED,2026-07-02 11:52:19.122833
TXN_15b89a90645d,1,SUCCESS,,2026-06-30 23:21:33.122833
TXN_2a4041679db5,1,FAILED,BANK_DECLINED,2026-08-13 06:13:53.122833
TXN_0f29800b0d39,1,FAILED,CARD_EXPIRED,2026-08-28 20:28:59.122833
TXN_0f29800b0d39,2,SUCCESS,,2026-08-28 21:55:59.122833
TXN_00d1bc2c9307,1,SUCCESS,,2026-08-25 20:31:27.122833
TXN_513b338f220c,1,SUCCESS,,2026-08-15 04:05:33.122833
TXN_975a558e9946,1,SUCCESS,,2026-08-10 02:58:32.122833
TXN_e112d4505f4c,1,FAILED,INSUFFICIENT_FUNDS,2026-07-17 14:00:32.122833
TXN_e112d4505f4c,2,SUCCESS,,2026-07-17 14:43:32.122833
TXN_b347de2ba95c,1,SUCCESS,,2026-07-16 14:25:50.122833
TXN_28a6e42a18b7,1,SUCCESS,,2026-06-04 20:29:25.122833
TXN_341ab5a0ac8f,1,FAILED,INSUFFICIENT_FUNDS,2026-07-10 03:06:01.122833
TXN_b95966e74e9d,1,SUCCESS,,2026-08-10 17:03:49.122833
TXN_be8f7481963e,1,SUCCESS,,2026-08-01 10:24:19.122833
TXN_02c8399e7628,1,SUCCESS,,2026-06-15 19:08:22.122833
TXN_d1293f35b8e4,1,FAILED,LIMIT_EXCEEDED,2026-08-04 13:30:03.122833
TXN_80a9b2e99a66,1,FAILED,NETWORK_TIMEOUT,2026-08-07 01:45:49.122833
TXN_80a9b2e99a66,2,SUCCESS,,2026-08-07 03:34:49.122833
TXN_fb05f597f547,1,SUCCESS,,2026-06-30 03:02:45.122833
TXN_398fba3b151a,1,FAILED,INSUFFICIENT_FUNDS,2026-06-07 11:04:08.122833
TXN_398fba3b151a,2,SUCCESS,,2026-06-07 12:38:08.122833
TXN_540559cfb210,1,SUCCESS,,2026-06-17 16:25:48.122833
TXN_cb1c0ba21d7b,1,SUCCESS,,2026-06-23 15:23:04.122833
TXN_0702e26020bf,1,FAILED,NETWORK_TIMEOUT,2026-08-07 07:53:41.122833
TXN_0702e26020bf,2,SUCCESS,,2026-08-07 08:51:41.122833
TXN_50bfb092665c,1,SUCCESS,,2026-06-11 19:56:25.122833
TXN_486683320b49,1,SUCCESS,,2026-07-31 20:35:13.122833
TXN_dc95100a5cd3,1,SUCCESS,,2026-07-04 21:04:49.122833
TXN_7426515bfcb1,1,SUCCESS,,2026-08-13 03:44:57.122833
TXN_750421d7a367,1,SUCCESS,,2026-06-05 16:53:45.122833
TXN_f541ebc9762e,1,SUCCESS,,2026-08-14 08:35:36.122833
TXN_435e706de6c5,1,SUCCESS,,2026-07-05 00:09:17.122833
TXN_78cd61c0774c,1,SUCCESS,,2026-06-13 00:31:04.122833
TXN_f4a364f81f10,1,SUCCESS,,2026-07-05 07:37:18.122833
TXN_18cf3ee080e9,1,SUCCESS,,2026-06-10 03:24:36.122833
TXN_f7f9a5c83a46,1,SUCCESS,,2026-08-29 01:32:44.122833
TXN_72eceaf95ed7,1,SUCCESS,,2026-08-10 20:13:28.122833
TXN_06a7bff37a32,1,SUCCESS,,2026-08-19 06:44:39.122833
TXN_15f1b48f9300,1,SUCCESS,,2026-07-20 08:28:02.122833
TXN_b08c16971ad9,1,FAILED,UPI_TIMEOUT,2026-08-26 20:35:43.122833
TXN_b08c16971ad9,2,SUCCESS,,2026-08-26 21:50:43.122833
TXN_48303746bb41,1,SUCCESS,,2026-08-16 17:52:13.122833
TXN_b39d5b63955c,1,SUCCESS,,2026-06-19 01:20:39.122833
TXN_82599bf473fa,1,SUCCESS,,2026-06-21 11:05:58.122833
TXN_1123546b1dc6,1,SUCCESS,,2026-06-30 11:52:49.122833
TXN_f5bcf2a78bbc,1,SUCCESS,,2026-06-30 02:23:11.122833
TXN_5582727ef489,1,FAILED,LIMIT_EXCEEDED,2026-07-12 23:17:27.122833
TXN_12a47c60fef0,1,FAILED,INSUFFICIENT_FUNDS,2026-07-01 20:57:46.122833
TXN_12a47c60fef0,2,SUCCESS,,2026-07-01 22:25:46.122833
TXN_9dd26d120847,1,SUCCESS,,2026-08-10 10:07:43.122833
TXN_7af6e7a325d1,1,SUCCESS,,2026-06-23 17:34:29.122833
TXN_de8eccc031f1,1,SUCCESS,,2026-08-28 10:12:21.122833
TXN_b610309f513a,1,SUCCESS,,2026-07-18 08:02:40.122833
TXN_7b76faf445b3,1,SUCCESS,,2026-06-23 18:11:57.122833
TXN_647806b3c334,1,SUCCESS,,2026-07-09 10:04:10.122833
TXN_da215ce0c589,1,FAILED,INSUFFICIENT_FUNDS,2026-08-08 21:53:33.122833
TXN_da215ce0c589,2,SUCCESS,,2026-08-08 22:13:33.122833
TXN_2005422ff4de,1,FAILED,CUSTOMER_CANCELLED,2026-06-23 21:00:15.122833
TXN_bca64caf366b,1,SUCCESS,,2026-06-10 04:36:48.122833
TXN_ccd0eb501802,1,SUCCESS,,2026-08-03 20:29:16.122833
TXN_74a747257fe4,1,SUCCESS,,2026-06-26 18:21:16.122833
TXN_2c51e84fe120,1,SUCCESS,,2026-08-16 23:49:24.122833
TXN_b745e64b17d2,1,SUCCESS,,2026-08-01 20:52:12.122833
TXN_3cfb0dfe5992,1,SUCCESS,,2026-08-15 19:37:26.122833
TXN_20095edf90dd,1,SUCCESS,,2026-08-21 00:25:40.122833
TXN_5cb2c7ec7dcb,1,SUCCESS,,2026-06-25 05:31:07.122833
TXN_ae700ed68555,1,SUCCESS,,2026-07-16 16:36:09.122833
TXN_2a9c9054e0dc,1,SUCCESS,,2026-08-28 14:10:47.122833
TXN_5eb77e24ead0,1,SUCCESS,,2026-08-29 04:12:06.122833
TXN_99bb6fb9bf12,1,SUCCESS,,2026-08-10 00:14:04.122833
TXN_7a3c51215154,1,SUCCESS,,2026-06-06 00:19:27.122833
TXN_17e97b4ecb71,1,SUCCESS,,2026-06-20 09:11:50.122833
TXN_15cf9f3d6847,1,SUCCESS,,2026-06-21 19:57:53.122833
TXN_a9931ac5253d,1,FAILED,AUTHENTICATION_FAILED,2026-06-23 02:24:54.122833
TXN_73383ccbbf5c,1,FAILED,AUTHENTICATION_FAILED,2026-08-29 02:09:58.122833
TXN_fd8adc00b34b,1,SUCCESS,,2026-06-28 12:00:21.122833
TXN_789da1811540,1,SUCCESS,,2026-08-02 00:10:39.122833
TXN_6c2d0340d986,1,SUCCESS,,2026-08-24 11:17:14.122833
TXN_3e5d6e24256c,1,FAILED,CARD_EXPIRED,2026-08-26 23:28:11.122833
TXN_385d0ab8ca85,1,SUCCESS,,2026-06-30 23:24:35.122833
TXN_4e47777c56a3,1,SUCCESS,,2026-08-23 09:48:19.122833
TXN_5cbd147ce9e2,1,FAILED,CARD_EXPIRED,2026-07-09 01:30:58.122833
TXN_4cb663089fa6,1,SUCCESS,,2026-08-03 14:27:01.122833
TXN_e64514a747c4,1,SUCCESS,,2026-08-25 03:01:00.122833
TXN_936d93fb5b32,1,SUCCESS,,2026-06-15 12:02:10.122833
TXN_4bc655fdf7b2,1,SUCCESS,,2026-07-23 02:34:31.122833
TXN_ffebb43d5818,1,SUCCESS,,2026-07-28 01:35:40.122833
TXN_ec7c9a148340,1,SUCCESS,,2026-07-10 00:05:59.122833
TXN_1d8d58739a3f,1,SUCCESS,,2026-08-26 20:47:26.122833
TXN_602df3d17bf8,1,SUCCESS,,2026-08-14 21:25:23.122833
TXN_e5d1e2ffe51e,1,SUCCESS,,2026-08-23 12:48:30.122833
TXN_a158996f3b06,1,SUCCESS,,2026-08-23 01:44:16.122833
TXN_2eb3866d52b9,1,SUCCESS,,2026-06-26 17:53:49.122833
TXN_4cd4605242e7,1,FAILED,UPI_TIMEOUT,2026-06-09 11:00:11.122833
TXN_4cd4605242e7,2,SUCCESS,,2026-06-09 12:36:11.122833
TXN_7ffd61f11b03,1,SUCCESS,,2026-08-07 14:12:20.122833
TXN_7b0cd1f76d5e,1,SUCCESS,,2026-07-01 19:48:00.122833
TXN_42fdc4f9b382,1,FAILED,UPI_TIMEOUT,2026-07-15 17:28:24.122833
TXN_42fdc4f9b382,2,SUCCESS,,2026-07-15 19:20:24.122833
TXN_a349e4b3d907,1,SUCCESS,,2026-07-12 12:28:28.122833
TXN_f0766fc06837,1,SUCCESS,,2026-07-05 03:36:14.122833
TXN_24e3042e0afd,1,SUCCESS,,2026-08-11 15:01:04.122833
TXN_dde636f01e30,1,SUCCESS,,2026-08-06 04:15:24.122833
TXN_c8ae625b2616,1,SUCCESS,,2026-07-26 19:41:58.122833
TXN_d8aadc2d85fa,1,FAILED,LIMIT_EXCEEDED,2026-08-25 16:38:35.122833
TXN_05ad802247cb,1,FAILED,INSUFFICIENT_FUNDS,2026-06-05 16:39:52.122833
TXN_8a9b7e1204ca,1,SUCCESS,,2026-06-07 05:35:25.122833
TXN_567bd87f0a14,1,SUCCESS,,2026-08-07 08:50:09.122833
TXN_b7a6c35bdbd8,1,SUCCESS,,2026-08-27 11:17:29.122833
TXN_c232dba49b55,1,SUCCESS,,2026-06-22 11:01:02.122833
TXN_e7bfca0aa6a0,1,SUCCESS,,2026-08-27 11:15:18.122833
TXN_ab259d74f702,1,SUCCESS,,2026-08-26 04:13:25.122833
TXN_2136aba1351c,1,FAILED,LIMIT_EXCEEDED,2026-08-17 16:26:05.122833
TXN_a573c4562d51,1,SUCCESS,,2026-08-12 04:49:22.122833
TXN_27abce42c442,1,SUCCESS,,2026-07-31 19:03:55.122833
TXN_0f66e34bff99,1,FAILED,BANK_DECLINED,2026-07-20 17:29:54.122833
TXN_0f66e34bff99,2,SUCCESS,,2026-07-20 17:31:54.122833
TXN_a508aacf2afc,1,SUCCESS,,2026-07-05 16:08:34.122833
TXN_7f9f63b1482d,1,SUCCESS,,2026-08-12 16:08:32.122833
TXN_e8a48ff549c4,1,SUCCESS,,2026-06-24 10:26:54.122833
TXN_0b15f7723ed5,1,SUCCESS,,2026-06-29 05:51:36.122833
TXN_077ffd7474b3,1,SUCCESS,,2026-08-09 11:22:32.122833
TXN_313e5b52cec8,1,SUCCESS,,2026-07-10 16:11:04.122833
TXN_d2ef45b0814f,1,SUCCESS,,2026-07-13 18:37:07.122833
TXN_c4ea1db8b74c,1,SUCCESS,,2026-08-17 05:15:30.122833
TXN_220296c175d2,1,SUCCESS,,2026-07-15 11:36:03.122833
TXN_ae0d9a6db0db,1,SUCCESS,,2026-08-07 05:46:40.122833
TXN_a0c58ac93bd4,1,SUCCESS,,2026-07-29 22:52:12.122833
TXN_00d3ef3a910a,1,SUCCESS,,2026-08-18 01:54:43.122833
TXN_aba5fec23370,1,SUCCESS,,2026-08-06 05:55:32.122833
TXN_951030b8f1a0,1,SUCCESS,,2026-06-14 22:11:51.122833
TXN_fe99de1f134d,1,FAILED,UPI_TIMEOUT,2026-08-13 02:40:23.122833
TXN_fe99de1f134d,2,SUCCESS,,2026-08-13 02:42:23.122833
TXN_9fb5ad9474a5,1,FAILED,UPI_TIMEOUT,2026-06-21 14:58:13.122833
TXN_9fb5ad9474a5,2,SUCCESS,,2026-06-21 16:00:13.122833
TXN_66d3c0852dbf,1,SUCCESS,,2026-07-20 20:24:32.122833
TXN_1852fb9e8573,1,SUCCESS,,2026-07-13 17:30:10.122833
TXN_5303b95f0b6d,1,SUCCESS,,2026-07-30 13:00:55.122833
TXN_9ab249c5fd0e,1,FAILED,NETWORK_TIMEOUT,2026-08-04 06:34:06.122833
TXN_9ab249c5fd0e,2,SUCCESS,,2026-08-04 08:16:06.122833
TXN_3924218f1141,1,SUCCESS,,2026-07-19 20:08:40.122833
TXN_2b77afad8acb,1,SUCCESS,,2026-06-03 08:19:39.122833
TXN_01b8aa916f7a,1,SUCCESS,,2026-08-24 23:55:39.122833
TXN_e3e243229d35,1,FAILED,CARD_EXPIRED,2026-06-22 16:44:52.122833
TXN_444fd191e3d7,1,SUCCESS,,2026-07-24 04:22:38.122833
TXN_fe57ffb89c78,1,FAILED,UPI_TIMEOUT,2026-08-08 22:41:23.122833
TXN_fe57ffb89c78,2,SUCCESS,,2026-08-08 23:09:23.122833
TXN_d9cf58b674ca,1,SUCCESS,,2026-06-16 12:18:19.122833
TXN_3fb390efd0d3,1,SUCCESS,,2026-08-30 01:11:23.122833
TXN_a6e73332ba59,1,FAILED,NETWORK_TIMEOUT,2026-07-17 07:23:43.122833
TXN_a6e73332ba59,2,SUCCESS,,2026-07-17 08:08:43.122833
TXN_ecc782605e28,1,SUCCESS,,2026-07-10 18:40:07.122833
TXN_808c111e80f3,1,FAILED,NETWORK_TIMEOUT,2026-08-15 10:09:51.122833
TXN_808c111e80f3,2,SUCCESS,,2026-08-15 12:06:51.122833
TXN_22be0d7ae4d6,1,SUCCESS,,2026-08-13 08:37:20.122833
TXN_7dfe135c9d01,1,SUCCESS,,2026-06-17 05:30:08.122833
TXN_3b315ee0df28,1,FAILED,LIMIT_EXCEEDED,2026-06-27 04:26:56.122833
TXN_b8a1b0a18bbd,1,SUCCESS,,2026-06-17 09:03:54.122833
TXN_9a1d5d1e0121,1,SUCCESS,,2026-06-08 12:10:59.122833
TXN_095cd251c224,1,SUCCESS,,2026-07-23 21:06:27.122833
TXN_f69347508510,1,SUCCESS,,2026-08-05 05:11:26.122833
TXN_d50961f9f426,1,FAILED,INSUFFICIENT_FUNDS,2026-07-19 00:58:14.122833
TXN_d50961f9f426,2,SUCCESS,,2026-07-19 02:06:14.122833
TXN_058ec1922304,1,FAILED,INSUFFICIENT_FUNDS,2026-06-24 07:57:14.122833
TXN_4f91a4eca989,1,SUCCESS,,2026-06-21 14:21:33.122833
TXN_774b2312456e,1,SUCCESS,,2026-07-22 08:16:11.122833
TXN_d7167d494c7e,1,SUCCESS,,2026-08-18 09:21:01.122833
TXN_be1fa8da8ce3,1,FAILED,LIMIT_EXCEEDED,2026-06-23 00:37:02.122833
TXN_be1fa8da8ce3,2,SUCCESS,,2026-06-23 02:04:02.122833
TXN_3d8ac7099058,1,FAILED,NETWORK_TIMEOUT,2026-08-30 01:15:58.122833
TXN_3d8ac7099058,2,SUCCESS,,2026-08-30 02:55:58.122833
TXN_9a425b570449,1,FAILED,AUTHENTICATION_FAILED,2026-07-04 21:25:41.122833
TXN_9a425b570449,2,SUCCESS,,2026-07-04 22:31:41.122833
TXN_666527a32fcb,1,SUCCESS,,2026-08-02 22:35:08.122833
TXN_c3dcd58e9b63,1,SUCCESS,,2026-08-12 17:48:25.122833
TXN_a0adc0e72b28,1,SUCCESS,,2026-06-05 00:46:18.122833
TXN_c8756e1405c4,1,FAILED,AUTHENTICATION_FAILED,2026-07-11 19:27:43.122833
TXN_1167c1c1f82f,1,FAILED,CUSTOMER_CANCELLED,2026-06-19 17:39:43.122833
TXN_1167c1c1f82f,2,SUCCESS,,2026-06-19 19:20:43.122833
TXN_b7eac36ac4a3,1,FAILED,LIMIT_EXCEEDED,2026-06-08 04:22:52.122833
TXN_75fe6c9a33da,1,SUCCESS,,2026-07-12 05:49:56.122833
TXN_b1e3d480c99e,1,SUCCESS,,2026-07-16 05:49:48.122833
TXN_a1e46249a78b,1,SUCCESS,,2026-08-24 10:52:16.122833
TXN_ebaef37907d0,1,SUCCESS,,2026-07-31 00:33:10.122833
TXN_e9e13dbe162c,1,SUCCESS,,2026-06-07 00:10:13.122833
TXN_2bdd905896f9,1,FAILED,INSUFFICIENT_FUNDS,2026-07-21 06:39:31.122833
TXN_05c806b97ad0,1,FAILED,UPI_TIMEOUT,2026-06-05 19:15:45.122833
TXN_05c806b97ad0,2,SUCCESS,,2026-06-05 20:41:45.122833
TXN_4f65a5dd1c88,1,SUCCESS,,2026-07-13 19:26:33.122833
TXN_537d8a76f010,1,SUCCESS,,2026-08-10 10:53:12.122833
TXN_93c313b141a1,1,FAILED,NETWORK_TIMEOUT,2026-07-18 10:45:02.122833
TXN_93c313b141a1,2,SUCCESS,,2026-07-18 12:18:02.122833
TXN_24ae47cf3c23,1,SUCCESS,,2026-06-29 04:14:01.122833
TXN_2940781de5c8,1,SUCCESS,,2026-08-14 19:59:44.122833
TXN_803a7b1ecbc5,1,SUCCESS,,2026-07-11 10:56:09.122833
TXN_e0c308dc200e,1,SUCCESS,,2026-07-17 22:48:06.122833
TXN_5bbb2a037ea9,1,FAILED,LIMIT_EXCEEDED,2026-08-15 22:03:35.122833
TXN_5bbb2a037ea9,2,SUCCESS,,2026-08-15 22:30:35.122833
TXN_ecaaef5e3612,1,SUCCESS,,2026-06-05 22:48:11.122833
TXN_5f69ee4357d6,1,FAILED,AUTHENTICATION_FAILED,2026-07-01 15:13:45.122833
TXN_5f69ee4357d6,2,SUCCESS,,2026-07-01 15:31:45.122833
TXN_60e12071bb6c,1,SUCCESS,,2026-07-23 12:56:10.122833
TXN_5f638c2b77ee,1,SUCCESS,,2026-08-20 09:58:59.122833
TXN_4f19597e799e,1,FAILED,INSUFFICIENT_FUNDS,2026-08-09 13:29:53.122833
TXN_344ab8d2b636,1,FAILED,AUTHENTICATION_FAILED,2026-08-19 00:27:15.122833
TXN_2ef7dbe70e7a,1,SUCCESS,,2026-06-08 21:21:01.122833
TXN_1335793549bd,1,SUCCESS,,2026-08-14 04:29:27.122833
TXN_215736f08865,1,SUCCESS,,2026-06-24 12:14:15.122833
TXN_234410d432ce,1,SUCCESS,,2026-08-23 05:44:42.122833
TXN_9b21104ac6e8,1,FAILED,AUTHENTICATION_FAILED,2026-07-19 21:54:26.122833
TXN_0544c6fa677b,1,FAILED,NETWORK_TIMEOUT,2026-07-16 22:08:38.122833
TXN_0544c6fa677b,2,SUCCESS,,2026-07-16 22:36:38.122833
TXN_82023b33f794,1,SUCCESS,,2026-08-26 02:12:12.122833
TXN_5e87e0564cf7,1,SUCCESS,,2026-06-26 02:10:11.122833
TXN_e1ce1e3c292d,1,SUCCESS,,2026-06-15 18:49:40.122833
TXN_10ef2a65dccc,1,SUCCESS,,2026-08-23 09:13:54.122833
TXN_fda8af18b157,1,SUCCESS,,2026-08-15 18:34:39.122833
TXN_d90a11ae980d,1,SUCCESS,,2026-08-08 18:33:40.122833
TXN_bbc6888202c3,1,FAILED,NETWORK_TIMEOUT,2026-08-26 03:34:03.122833
TXN_bbc6888202c3,2,SUCCESS,,2026-08-26 05:09:03.122833
TXN_254c193e656c,1,SUCCESS,,2026-07-14 19:36:38.122833
TXN_d3144b717479,1,SUCCESS,,2026-07-20 22:41:36.122833
TXN_1b99ffd9a8f8,1,SUCCESS,,2026-08-24 23:12:53.122833
TXN_273250dff9d3,1,SUCCESS,,2026-07-08 03:05:07.122833
TXN_2a0ca922c3f6,1,FAILED,UPI_TIMEOUT,2026-08-25 17:44:48.122833
TXN_2a0ca922c3f6,2,SUCCESS,,2026-08-25 19:01:48.122833
TXN_2a92daf33e53,1,FAILED,AUTHENTICATION_FAILED,2026-06-27 11:12:30.122833
TXN_dc31dcc2b43f,1,SUCCESS,,2026-06-20 05:17:05.122833
TXN_d0e2c4dedc09,1,SUCCESS,,2026-07-02 14:42:54.122833
TXN_9830f0fa42b1,1,SUCCESS,,2026-07-28 09:15:48.122833
TXN_f28eef4f3a0c,1,SUCCESS,,2026-07-30 19:45:33.122833
TXN_df2920d1f3ad,1,FAILED,LIMIT_EXCEEDED,2026-07-03 08:38:07.122833
TXN_419c6b179860,1,SUCCESS,,2026-06-03 21:15:48.122833
TXN_5ff7cc9e1dac,1,SUCCESS,,2026-07-08 10:58:19.122833
TXN_086b789dad15,1,SUCCESS,,2026-07-12 12:32:09.122833
TXN_15aec62eb6f4,1,SUCCESS,,2026-07-22 23:28:46.122833
TXN_10848793dfac,1,FAILED,CARD_EXPIRED,2026-08-04 12:36:40.122833
TXN_00d72fcc71af,1,SUCCESS,,2026-08-08 06:48:29.122833
TXN_808416aaa1c2,1,SUCCESS,,2026-06-16 16:51:27.122833
TXN_2077560888c8,1,SUCCESS,,2026-07-29 04:52:02.122833
TXN_417049bf2962,1,SUCCESS,,2026-07-21 15:49:51.122833
TXN_e9f276396c38,1,SUCCESS,,2026-06-20 18:19:27.122833
TXN_17199ee8b098,1,FAILED,NETWORK_TIMEOUT,2026-07-07 11:18:00.122833
TXN_17199ee8b098,2,SUCCESS,,2026-07-07 12:05:00.122833
TXN_5e23f20e7d4d,1,SUCCESS,,2026-08-13 20:07:13.122833
TXN_a994c48a74fa,1,FAILED,CARD_EXPIRED,2026-06-28 02:26:20.122833
TXN_53819aa90f7d,1,SUCCESS,,2026-07-27 16:10:11.122833
TXN_23f551ae75c9,1,SUCCESS,,2026-07-25 19:07:54.122833
TXN_16edd8cf1449,1,SUCCESS,,2026-07-25 09:04:32.122833
TXN_8a9b7be21cfe,1,SUCCESS,,2026-07-17 04:02:31.122833
TXN_2149e520836e,1,FAILED,LIMIT_EXCEEDED,2026-08-23 14:04:52.122833
TXN_31db35ea807b,1,SUCCESS,,2026-07-17 00:05:15.122833
TXN_e9a0d3ba009d,1,FAILED,UPI_TIMEOUT,2026-06-17 11:17:21.122833
TXN_e9a0d3ba009d,2,SUCCESS,,2026-06-17 13:04:21.122833
TXN_7f6252e5b7fa,1,SUCCESS,,2026-08-22 12:59:20.122833
TXN_b8ba3a7acd42,1,FAILED,CUSTOMER_CANCELLED,2026-06-29 00:40:19.122833
TXN_63cebb494454,1,SUCCESS,,2026-06-16 01:09:33.122833
TXN_c892ee6cbc72,1,FAILED,INSUFFICIENT_FUNDS,2026-06-24 01:43:37.122833
TXN_c892ee6cbc72,2,SUCCESS,,2026-06-24 02:14:37.122833
TXN_07f50e9e6e7d,1,SUCCESS,,2026-08-25 01:44:20.122833
TXN_c940c27c083b,1,FAILED,CARD_EXPIRED,2026-06-05 10:09:29.122833
TXN_c940c27c083b,2,SUCCESS,,2026-06-05 12:05:29.122833
TXN_88790a082e8d,1,FAILED,LIMIT_EXCEEDED,2026-08-04 02:48:24.122833
TXN_0380ef579ed2,1,SUCCESS,,2026-08-28 03:16:14.122833
TXN_998f2bfb19fe,1,SUCCESS,,2026-06-26 17:45:39.122833
TXN_d81006dfb693,1,FAILED,CARD_EXPIRED,2026-06-24 12:24:15.122833
TXN_34ae3739c10e,1,SUCCESS,,2026-08-10 00:59:52.122833
TXN_e4742cca22c1,1,FAILED,UPI_TIMEOUT,2026-08-12 15:52:41.122833
TXN_e4742cca22c1,2,SUCCESS,,2026-08-12 16:44:41.122833
TXN_5cc727135b1f,1,SUCCESS,,2026-06-14 17:03:07.122833
TXN_55cb75bafe7b,1,SUCCESS,,2026-07-20 20:40:05.122833
TXN_195c353ab3d9,1,FAILED,NETWORK_TIMEOUT,2026-06-26 23:37:12.122833
TXN_195c353ab3d9,2,SUCCESS,,2026-06-27 01:16:12.122833
TXN_b64494537500,1,SUCCESS,,2026-08-20 13:44:28.122833
TXN_1e101886765e,1,SUCCESS,,2026-08-15 13:45:13.122833
TXN_61e81b5d33fd,1,SUCCESS,,2026-07-26 05:07:11.122833
TXN_20db1b5757af,1,FAILED,INSUFFICIENT_FUNDS,2026-06-03 07:41:30.122833
TXN_f676b537d7f3,1,SUCCESS,,2026-07-08 12:30:53.122833
TXN_4f565d75ae96,1,SUCCESS,,2026-06-22 17:22:26.122833
TXN_d2efb3b2c528,1,FAILED,LIMIT_EXCEEDED,2026-07-22 14:20:23.122833
TXN_853b70f1f651,1,SUCCESS,,2026-07-03 15:45:46.122833
TXN_cfc859e87661,1,SUCCESS,,2026-08-15 10:15:13.122833
TXN_32504e07e4ad,1,SUCCESS,,2026-06-06 13:17:09.122833
TXN_4e85f2360515,1,SUCCESS,,2026-08-05 10:40:10.122833
TXN_6a85929bf4bd,1,SUCCESS,,2026-06-13 20:17:23.122833
TXN_c90fe701806e,1,FAILED,NETWORK_TIMEOUT,2026-08-30 05:29:43.122833
TXN_c90fe701806e,2,SUCCESS,,2026-08-30 05:42:43.122833
TXN_ce982a63f68e,1,SUCCESS,,2026-08-08 10:09:56.122833
TXN_b7f2ab4ee2b3,1,SUCCESS,,2026-07-26 22:50:02.122833
TXN_f14d4093348a,1,SUCCESS,,2026-08-19 06:59:33.122833
TXN_f9783f27d545,1,SUCCESS,,2026-08-27 00:42:39.122833
TXN_fec3bbca6323,1,SUCCESS,,2026-08-06 14:53:33.122833
TXN_075d91e988d5,1,SUCCESS,,2026-07-01 05:40:37.122833
TXN_d80708e827e9,1,FAILED,BANK_DECLINED,2026-07-30 06:17:14.122833
TXN_b1ca9627fd8c,1,SUCCESS,,2026-08-25 20:11:57.122833
TXN_1c3a49a7aad0,1,SUCCESS,,2026-08-30 00:26:53.122833
TXN_119d51aafbd9,1,SUCCESS,,2026-08-24 18:33:20.122833
TXN_572329ed8462,1,FAILED,INSUFFICIENT_FUNDS,2026-08-08 02:29:03.122833
TXN_7d50608a1251,1,SUCCESS,,2026-07-14 16:37:54.122833
TXN_86b0f52862cf,1,FAILED,CUSTOMER_CANCELLED,2026-06-07 00:30:13.122833
TXN_f91209ace4f3,1,FAILED,LIMIT_EXCEEDED,2026-06-25 05:16:29.122833
TXN_4950e44702a9,1,SUCCESS,,2026-06-20 12:23:42.122833
TXN_c411327d2ae1,1,SUCCESS,,2026-08-01 04:51:46.122833
TXN_fcea4eab7f81,1,SUCCESS,,2026-07-09 23:18:36.122833
TXN_ea39f5c05e24,1,SUCCESS,,2026-08-10 18:12:47.122833
TXN_431c7d3f878f,1,SUCCESS,,2026-06-22 02:10:42.122833
TXN_3dfc8a4934a1,1,SUCCESS,,2026-08-07 09:11:08.122833
TXN_356ee81b4379,1,FAILED,CARD_EXPIRED,2026-07-15 17:36:08.122833
TXN_356ee81b4379,2,SUCCESS,,2026-07-15 18:23:08.122833
TXN_992c35aa48ff,1,SUCCESS,,2026-06-20 19:38:36.122833
TXN_308edad7e916,1,SUCCESS,,2026-07-15 20:43:19.122833
TXN_19de7cec01f8,1,SUCCESS,,2026-06-13 07:15:02.122833
TXN_3e3c8ae78399,1,SUCCESS,,2026-07-26 17:35:08.122833
TXN_1165b61f5dfb,1,SUCCESS,,2026-08-06 06:54:37.122833
TXN_622f54ece225,1,FAILED,BANK_DECLINED,2026-08-05 19:50:09.122833
TXN_c2543aaff2a5,1,SUCCESS,,2026-08-09 04:40:10.122833
TXN_775ccc62b103,1,SUCCESS,,2026-07-02 10:45:47.122833
TXN_b603bad6deae,1,FAILED,AUTHENTICATION_FAILED,2026-07-18 21:05:35.122833
TXN_bef930c49176,1,FAILED,UPI_TIMEOUT,2026-07-06 07:25:45.122833
TXN_bef930c49176,2,SUCCESS,,2026-07-06 07:44:45.122833
TXN_8c7fb5903a34,1,SUCCESS,,2026-07-09 23:09:58.122833
TXN_fcedbaa9f8c2,1,SUCCESS,,2026-06-17 02:20:03.122833
TXN_63f35b65d78b,1,SUCCESS,,2026-06-27 21:50:31.122833
TXN_f5a12f3425db,1,SUCCESS,,2026-06-14 20:03:27.122833
TXN_80510c4d481f,1,SUCCESS,,2026-06-25 14:22:01.122833
TXN_70f35bb98c2a,1,FAILED,CARD_EXPIRED,2026-08-23 15:07:04.122833
TXN_3e9163dfebce,1,SUCCESS,,2026-08-06 09:45:06.122833
TXN_c462b811a391,1,SUCCESS,,2026-07-04 04:39:37.122833
TXN_dded7fb2aff4,1,SUCCESS,,2026-08-23 11:02:34.122833
TXN_e97a5856a116,1,FAILED,UPI_TIMEOUT,2026-06-11 21:11:34.122833
TXN_e97a5856a116,2,SUCCESS,,2026-06-11 22:02:34.122833
TXN_d93afe75fa00,1,FAILED,INSUFFICIENT_FUNDS,2026-07-01 14:35:42.122833
TXN_d93afe75fa00,2,SUCCESS,,2026-07-01 15:45:42.122833
TXN_45211f34be1c,1,FAILED,BANK_DECLINED,2026-07-18 17:35:30.122833
TXN_45211f34be1c,2,SUCCESS,,2026-07-18 19:06:30.122833
TXN_286cabd8a50d,1,SUCCESS,,2026-08-01 16:57:13.122833
TXN_6926b36890ee,1,FAILED,AUTHENTICATION_FAILED,2026-06-09 06:40:40.122833
TXN_6926b36890ee,2,SUCCESS,,2026-06-09 08:19:40.122833
TXN_9627ca08a8bc,1,SUCCESS,,2026-07-19 09:19:31.122833
TXN_e1dec5d903b2,1,SUCCESS,,2026-06-12 11:15:21.122833
TXN_2fb1bb720f51,1,SUCCESS,,2026-08-04 20:29:09.122833
TXN_544b5c87fed5,1,SUCCESS,,2026-08-24 20:25:47.122833
TXN_5881ab4b2694,1,SUCCESS,,2026-06-19 13:46:12.122833
TXN_bb63b9b3ada7,1,SUCCESS,,2026-06-07 09:58:23.122833
TXN_c265509d3bc2,1,SUCCESS,,2026-07-09 17:55:55.122833
TXN_a55769a35891,1,SUCCESS,,2026-08-10 20:59:00.122833
TXN_e2017895745d,1,SUCCESS,,2026-07-31 06:06:59.122833
TXN_4d8f4b0e33f1,1,SUCCESS,,2026-07-09 23:52:14.122833
TXN_8fa31bab51b0,1,SUCCESS,,2026-06-03 06:20:16.122833
TXN_16b82d61a643,1,SUCCESS,,2026-06-14 16:11:05.122833
TXN_9376715d1875,1,SUCCESS,,2026-07-19 03:28:00.122833
TXN_f9f4c95edab1,1,SUCCESS,,2026-08-21 14:44:36.122833
TXN_3724c58795e4,1,SUCCESS,,2026-06-20 09:35:12.122833
TXN_9acd3e4d40a2,1,SUCCESS,,2026-08-01 03:00:39.122833
TXN_5704d7f5667c,1,SUCCESS,,2026-08-30 14:39:47.122833
TXN_001dc4f8548a,1,FAILED,LIMIT_EXCEEDED,2026-06-27 21:03:41.122833
TXN_bdfc31b32153,1,SUCCESS,,2026-06-18 13:13:24.122833
TXN_85e36cc6e35c,1,SUCCESS,,2026-07-29 20:28:39.122833
TXN_69d79fbcc36f,1,SUCCESS,,2026-08-25 05:08:27.122833
TXN_ec2c5c3c68d0,1,FAILED,INSUFFICIENT_FUNDS,2026-08-16 05:57:20.122833
TXN_ec2c5c3c68d0,2,SUCCESS,,2026-08-16 07:46:20.122833
TXN_8782e620eb3e,1,SUCCESS,,2026-07-06 06:16:52.122833
TXN_eb3a96adc22b,1,SUCCESS,,2026-06-08 08:23:44.122833
TXN_21d170679081,1,FAILED,INSUFFICIENT_FUNDS,2026-07-27 03:08:22.122833
TXN_63944db83635,1,FAILED,AUTHENTICATION_FAILED,2026-08-09 15:00:49.122833
TXN_63944db83635,2,SUCCESS,,2026-08-09 16:06:49.122833
TXN_6545ec2d247a,1,FAILED,BANK_DECLINED,2026-08-30 14:48:33.122833
TXN_6545ec2d247a,2,SUCCESS,,2026-08-30 15:17:33.122833
TXN_f0f39d7a04b7,1,SUCCESS,,2026-08-01 07:15:10.122833
TXN_c40409bfc97c,1,FAILED,INSUFFICIENT_FUNDS,2026-07-02 17:48:49.122833
TXN_c40409bfc97c,2,SUCCESS,,2026-07-02 18:25:49.122833
TXN_ba6ce8ff2a48,1,SUCCESS,,2026-08-09 09:08:19.122833
TXN_c072b4e73370,1,SUCCESS,,2026-06-06 13:15:16.122833
TXN_6d8bd7435965,1,FAILED,AUTHENTICATION_FAILED,2026-08-05 13:41:01.122833
TXN_2ddb377185fd,1,SUCCESS,,2026-08-24 05:11:27.122833
TXN_6335f03ffde4,1,FAILED,INSUFFICIENT_FUNDS,2026-07-30 13:15:18.122833
TXN_6335f03ffde4,2,SUCCESS,,2026-07-30 14:01:18.122833
TXN_8c7b7b6b2884,1,SUCCESS,,2026-07-27 11:27:04.122833
TXN_9962cc305ffb,1,SUCCESS,,2026-08-25 19:04:26.122833
TXN_0814a359fdf2,1,SUCCESS,,2026-07-17 02:33:41.122833
TXN_a13efeb4532d,1,FAILED,UPI_TIMEOUT,2026-08-23 17:41:24.122833
TXN_a13efeb4532d,2,SUCCESS,,2026-08-23 18:41:24.122833
TXN_3cfdde43aa42,1,SUCCESS,,2026-07-04 22:36:46.122833
TXN_5b4dea668177,1,SUCCESS,,2026-07-12 04:42:12.122833
TXN_5d70c880ec62,1,SUCCESS,,2026-08-12 23:29:23.122833
TXN_9c3a13a96d42,1,SUCCESS,,2026-06-24 09:29:11.122833
TXN_411fa556b3c6,1,SUCCESS,,2026-07-07 04:55:26.122833
TXN_3eff6ee65e42,1,SUCCESS,,2026-06-19 22:25:36.122833
TXN_d85276ed9dda,1,SUCCESS,,2026-06-30 14:40:15.122833
TXN_7d0749ab7b50,1,SUCCESS,,2026-06-30 14:42:29.122833
TXN_fa0988fc15cb,1,SUCCESS,,2026-07-13 20:34:04.122833
TXN_8d14dac8cf2d,1,SUCCESS,,2026-07-07 17:55:32.122833
TXN_0c8aaf855de0,1,SUCCESS,,2026-08-24 19:35:40.122833
TXN_d7e2639e043c,1,SUCCESS,,2026-06-19 09:12:09.122833
TXN_1047caf4d3c9,1,SUCCESS,,2026-06-30 10:01:27.122833
TXN_58b2d5e81e7e,1,SUCCESS,,2026-07-24 07:20:51.122833
TXN_689991d4e4d8,1,SUCCESS,,2026-06-17 07:41:53.122833
TXN_8f8e6c65e51f,1,FAILED,UPI_TIMEOUT,2026-07-18 19:06:57.122833
TXN_8f8e6c65e51f,2,SUCCESS,,2026-07-18 20:35:57.122833
TXN_5e11fef570d2,1,SUCCESS,,2026-06-07 02:32:28.122833
TXN_5cb7cb9a803c,1,SUCCESS,,2026-06-18 08:37:56.122833
TXN_49467b8b01e8,1,SUCCESS,,2026-07-05 10:32:48.122833
TXN_16094ec6aed5,1,FAILED,AUTHENTICATION_FAILED,2026-07-30 11:52:19.122833
TXN_4fac7d6743f2,1,SUCCESS,,2026-08-30 01:39:59.122833
TXN_f55dfe3ab53f,1,SUCCESS,,2026-07-12 08:03:57.122833
TXN_3f5c6c0ae002,1,SUCCESS,,2026-06-14 23:43:38.122833
TXN_4b12d9e8905c,1,SUCCESS,,2026-06-12 22:18:05.122833
TXN_e25af06dfc20,1,FAILED,UPI_TIMEOUT,2026-07-10 17:34:27.122833
TXN_1e38805717a8,1,SUCCESS,,2026-08-20 05:20:10.122833
TXN_de0355c98216,1,SUCCESS,,2026-08-03 15:01:59.122833
TXN_08defdd84abf,1,SUCCESS,,2026-07-24 17:02:33.122833
TXN_3145cb978b46,1,SUCCESS,,2026-07-10 18:41:25.122833
TXN_7c6756aed498,1,SUCCESS,,2026-08-07 15:59:25.122833
TXN_167c3bc4abe1,1,SUCCESS,,2026-07-27 05:23:17.122833
TXN_62de7e81aaeb,1,SUCCESS,,2026-07-15 17:57:56.122833
TXN_3d9233e160b0,1,SUCCESS,,2026-07-25 19:44:52.122833
TXN_67009fe155e7,1,SUCCESS,,2026-07-26 21:21:51.122833
TXN_cc5a05116726,1,SUCCESS,,2026-07-09 14:03:11.122833
TXN_cea03ffc391e,1,SUCCESS,,2026-06-30 04:33:28.122833
TXN_b53530b4dede,1,SUCCESS,,2026-08-01 00:19:48.122833
TXN_310c6efbb294,1,SUCCESS,,2026-07-30 19:47:01.122833
TXN_056323c5fae0,1,SUCCESS,,2026-07-20 16:49:53.122833
TXN_17cf869c2a41,1,SUCCESS,,2026-07-27 13:43:49.122833
TXN_3c98689fe2cc,1,SUCCESS,,2026-08-04 07:50:19.122833
TXN_421a3777e1a0,1,SUCCESS,,2026-08-21 00:34:45.122833
TXN_1e085bfb523b,1,SUCCESS,,2026-06-25 08:44:55.122833
TXN_ac3f47184587,1,SUCCESS,,2026-06-06 02:31:23.122833
TXN_04b4d39f0ec6,1,SUCCESS,,2026-08-23 22:32:59.122833
TXN_6e57cad539d0,1,SUCCESS,,2026-08-28 20:21:58.122833
TXN_ec6933a6e760,1,SUCCESS,,2026-06-18 16:45:14.122833
TXN_fffa5be1619c,1,SUCCESS,,2026-07-31 07:02:08.122833
TXN_9eb26664c65a,1,SUCCESS,,2026-07-08 10:08:33.122833
TXN_a68cdda674ef,1,SUCCESS,,2026-06-11 05:30:08.122833
TXN_032cba58634c,1,FAILED,LIMIT_EXCEEDED,2026-08-08 23:37:25.122833
TXN_64f7cb90e49a,1,SUCCESS,,2026-08-09 15:17:07.122833
TXN_f13c01d516e2,1,SUCCESS,,2026-07-11 16:25:41.122833
TXN_c04c057fa1b4,1,SUCCESS,,2026-06-10 04:31:05.122833
TXN_9b718295fc5a,1,SUCCESS,,2026-06-06 23:39:38.122833
TXN_fb8ce9319f2c,1,SUCCESS,,2026-07-17 08:27:12.122833
TXN_2c3997b8e542,1,SUCCESS,,2026-07-25 14:09:13.122833
TXN_56277f5e50fe,1,FAILED,LIMIT_EXCEEDED,2026-07-16 10:07:18.122833
TXN_70e7c30fe469,1,SUCCESS,,2026-06-22 09:16:36.122833
TXN_568f027c5615,1,SUCCESS,,2026-06-29 10:44:41.122833
TXN_4130b87589da,1,SUCCESS,,2026-08-10 06:15:46.122833
TXN_9c43b911c73a,1,SUCCESS,,2026-06-16 02:08:06.122833
TXN_54390aa84304,1,SUCCESS,,2026-06-13 00:49:33.122833
TXN_8ea591cb7a82,1,SUCCESS,,2026-08-26 08:08:22.122833
TXN_1ccc46b21b1b,1,FAILED,LIMIT_EXCEEDED,2026-06-13 19:20:49.122833
TXN_1e183fea2a8f,1,SUCCESS,,2026-06-30 22:19:55.122833
TXN_88f6745fc4af,1,SUCCESS,,2026-08-06 04:28:15.122833
TXN_846bcce828a7,1,SUCCESS,,2026-06-29 01:56:14.122833
TXN_8150ddc89c0d,1,FAILED,CARD_EXPIRED,2026-08-17 16:16:50.122833
TXN_37876a620322,1,FAILED,BANK_DECLINED,2026-07-02 00:53:25.122833
TXN_4210a385a490,1,SUCCESS,,2026-08-09 11:59:40.122833
TXN_7d610d22fb68,1,SUCCESS,,2026-07-30 19:46:17.122833
TXN_303e0cde2406,1,SUCCESS,,2026-06-27 05:04:25.122833
TXN_628dc59cbe82,1,SUCCESS,,2026-08-02 16:16:51.122833
TXN_bdee0ae2a5e9,1,SUCCESS,,2026-08-09 11:50:20.122833
TXN_b87a55357e7a,1,FAILED,CARD_EXPIRED,2026-08-04 20:06:14.122833
TXN_304f15a6272d,1,SUCCESS,,2026-07-21 10:42:19.122833
TXN_1d1f920f8e95,1,SUCCESS,,2026-07-25 21:27:28.122833
TXN_a0f30e2900b4,1,SUCCESS,,2026-07-10 10:40:17.122833
TXN_96aa41b862a9,1,SUCCESS,,2026-06-06 09:31:57.122833
TXN_44c6ec64d10a,1,SUCCESS,,2026-08-15 13:36:11.122833
TXN_afeb35e55bcc,1,SUCCESS,,2026-08-07 01:04:53.122833
TXN_22d62d4940bf,1,FAILED,CUSTOMER_CANCELLED,2026-07-03 11:43:15.122833
TXN_f1c369b2556f,1,SUCCESS,,2026-06-25 11:39:53.122833
TXN_f1e9f4d91279,1,SUCCESS,,2026-08-28 12:35:27.122833
TXN_6ea320764c85,1,SUCCESS,,2026-07-10 09:26:39.122833
TXN_d95f3e77fd80,1,SUCCESS,,2026-08-31 00:31:13.122833
TXN_8bee41a29414,1,SUCCESS,,2026-07-17 22:59:14.122833
TXN_315c5ec6dce4,1,SUCCESS,,2026-06-24 23:16:31.122833
TXN_ea4998585b40,1,SUCCESS,,2026-07-05 06:51:00.122833
TXN_8f260477c614,1,FAILED,LIMIT_EXCEEDED,2026-07-15 19:22:53.122833
TXN_27246fc0b599,1,SUCCESS,,2026-06-09 09:21:24.122833
TXN_6e3034186523,1,FAILED,LIMIT_EXCEEDED,2026-06-24 14:51:09.122833
TXN_1341551b0894,1,SUCCESS,,2026-07-01 20:03:42.122833
TXN_91e6a160f8c5,1,FAILED,UPI_TIMEOUT,2026-07-08 07:45:42.122833
TXN_85b13592da14,1,FAILED,NETWORK_TIMEOUT,2026-06-05 10:45:51.122833
TXN_85b13592da14,2,SUCCESS,,2026-06-05 12:10:51.122833
TXN_e70207d5b2e0,1,SUCCESS,,2026-08-08 17:29:29.122833
TXN_107f06164b20,1,SUCCESS,,2026-08-03 19:03:17.122833
TXN_a842b2ffa08c,1,SUCCESS,,2026-07-20 18:27:11.122833
TXN_0256d8a902ee,1,SUCCESS,,2026-06-21 14:29:48.122833
TXN_898e05ea50b6,1,SUCCESS,,2026-06-20 10:32:08.122833
TXN_908934ac039e,1,SUCCESS,,2026-08-08 07:03:03.122833
TXN_51a17df80b6b,1,SUCCESS,,2026-06-20 18:01:43.122833
TXN_9ef02c198548,1,SUCCESS,,2026-06-23 03:43:19.122833
TXN_0c4292660f68,1,SUCCESS,,2026-07-16 21:05:53.122833
TXN_f971e97bd14f,1,FAILED,LIMIT_EXCEEDED,2026-06-19 17:08:11.122833
TXN_8c27d8604ab7,1,FAILED,INSUFFICIENT_FUNDS,2026-07-10 05:27:00.122833
TXN_82d0bcc99680,1,FAILED,NETWORK_TIMEOUT,2026-06-21 15:43:39.122833
TXN_82d0bcc99680,2,SUCCESS,,2026-06-21 16:01:39.122833
TXN_58e232c9afc1,1,FAILED,BANK_DECLINED,2026-07-04 00:05:31.122833
TXN_58e232c9afc1,2,SUCCESS,,2026-07-04 01:46:31.122833
TXN_b20bb79ffee2,1,FAILED,INSUFFICIENT_FUNDS,2026-07-21 10:31:29.122833
TXN_f007ad9e429e,1,SUCCESS,,2026-06-04 00:13:57.122833
TXN_a86236c5531c,1,SUCCESS,,2026-06-21 00:05:59.122833
TXN_1690125fb353,1,SUCCESS,,2026-08-07 05:00:11.122833
TXN_e93c47c1a23f,1,SUCCESS,,2026-06-22 02:44:39.122833
TXN_2169e35b50de,1,SUCCESS,,2026-06-17 10:23:02.122833
TXN_4b5f8fe819fa,1,SUCCESS,,2026-08-08 00:41:40.122833
TXN_09c671c55eda,1,SUCCESS,,2026-07-22 01:58:56.122833
TXN_09f7c8bd0cb7,1,FAILED,BANK_DECLINED,2026-07-19 01:58:07.122833
TXN_09f7c8bd0cb7,2,SUCCESS,,2026-07-19 02:49:07.122833
TXN_79f8ae24f0b6,1,SUCCESS,,2026-07-10 02:44:37.122833
TXN_2e16e7916f3b,1,SUCCESS,,2026-08-08 16:19:24.122833
TXN_3100b459fb38,1,FAILED,CARD_EXPIRED,2026-08-13 02:52:51.122833
TXN_0df373946c9b,1,SUCCESS,,2026-08-22 04:04:56.122833
TXN_bcdd27ecc5d7,1,SUCCESS,,2026-08-25 04:32:36.122833
TXN_1e627cf90607,1,FAILED,UPI_TIMEOUT,2026-08-24 18:40:51.122833
TXN_1e627cf90607,2,SUCCESS,,2026-08-24 19:07:51.122833
TXN_221e7ac8dfb1,1,SUCCESS,,2026-06-14 05:07:12.122833
TXN_37e35366c918,1,SUCCESS,,2026-07-12 23:16:06.122833
TXN_c1e1ad23a38f,1,FAILED,CARD_EXPIRED,2026-07-04 06:39:10.122833
TXN_fcd0a7afdc15,1,SUCCESS,,2026-07-22 15:24:55.122833
TXN_64a044b0d4ad,1,SUCCESS,,2026-07-27 13:57:38.122833
TXN_95f175d0692b,1,SUCCESS,,2026-08-14 17:44:16.122833
TXN_ae497e3ffde0,1,SUCCESS,,2026-07-08 09:17:17.122833
TXN_ae4d81b48a5d,1,SUCCESS,,2026-07-05 08:26:28.122833
TXN_b8911a3e241b,1,SUCCESS,,2026-07-21 14:21:22.122833
TXN_c86f949264ec,1,SUCCESS,,2026-06-21 03:57:49.122833
TXN_027a82f996a0,1,SUCCESS,,2026-08-13 01:11:28.122833
TXN_2f86c6ce872a,1,SUCCESS,,2026-08-15 12:33:18.122833
TXN_9e1fdbaac53f,1,SUCCESS,,2026-06-23 05:41:33.122833
TXN_032756145bd0,1,SUCCESS,,2026-08-26 09:13:31.122833
TXN_dcb1478cc507,1,FAILED,INSUFFICIENT_FUNDS,2026-08-22 09:59:34.122833
TXN_049a8f8adc31,1,SUCCESS,,2026-06-16 02:56:48.122833
TXN_b11b2efa24ee,1,SUCCESS,,2026-06-17 09:35:57.122833
TXN_1fdc91365a52,1,SUCCESS,,2026-08-13 01:18:40.122833
TXN_d7e4b3519cdc,1,SUCCESS,,2026-08-07 04:58:01.122833
TXN_48446f19fbf5,1,SUCCESS,,2026-08-02 10:09:26.122833
TXN_d420b18f0fbb,1,SUCCESS,,2026-07-18 04:36:03.122833
TXN_f9d3ca03833f,1,SUCCESS,,2026-07-31 00:13:28.122833
TXN_5fe3baa21feb,1,SUCCESS,,2026-07-24 09:23:18.122833
TXN_4666377df29d,1,SUCCESS,,2026-08-10 22:44:54.122833
TXN_5698a14318fa,1,SUCCESS,,2026-07-04 13:04:14.122833
TXN_c1c5c362e67b,1,SUCCESS,,2026-07-09 04:22:43.122833
TXN_d9c83309a36f,1,SUCCESS,,2026-06-17 16:03:52.122833
TXN_b5876426c133,1,SUCCESS,,2026-08-07 06:07:54.122833
TXN_7993145c2fa5,1,SUCCESS,,2026-08-01 06:01:53.122833
TXN_8ababe0877b0,1,FAILED,AUTHENTICATION_FAILED,2026-06-07 11:42:31.122833
TXN_cd6259e13582,1,SUCCESS,,2026-06-03 13:53:32.122833
TXN_62dba49d4aff,1,SUCCESS,,2026-06-23 19:23:32.122833
TXN_b68894bb768f,1,SUCCESS,,2026-08-10 02:11:45.122833
TXN_879eaeca1a8e,1,FAILED,AUTHENTICATION_FAILED,2026-07-15 03:00:40.122833
TXN_520bf236973b,1,SUCCESS,,2026-07-05 09:02:50.122833
TXN_a192a4daca28,1,SUCCESS,,2026-07-28 01:57:43.122833
TXN_ef7be000745d,1,SUCCESS,,2026-08-23 19:48:02.122833
TXN_c428c7a64d4f,1,SUCCESS,,2026-06-18 17:23:11.122833
TXN_43abeac099f8,1,FAILED,NETWORK_TIMEOUT,2026-08-10 03:50:14.122833
TXN_43abeac099f8,2,SUCCESS,,2026-08-10 05:45:14.122833
TXN_4cf72fdd843a,1,SUCCESS,,2026-08-18 21:36:47.122833
TXN_19f271421ebe,1,SUCCESS,,2026-08-07 23:52:19.122833
TXN_492384f012ef,1,FAILED,CARD_EXPIRED,2026-07-23 01:10:46.122833
TXN_56b392329816,1,SUCCESS,,2026-08-28 02:44:47.122833
TXN_09440650f0a1,1,SUCCESS,,2026-06-12 16:09:29.122833
TXN_be1a26c5da99,1,SUCCESS,,2026-07-19 11:19:11.122833
TXN_f43fe9992575,1,FAILED,BANK_DECLINED,2026-07-12 11:53:07.122833
TXN_f43fe9992575,2,SUCCESS,,2026-07-12 12:12:07.122833
TXN_8b9fef70a7cf,1,SUCCESS,,2026-07-30 22:44:56.122833
TXN_ae65841d8bb1,1,SUCCESS,,2026-06-23 00:28:49.122833
TXN_fc60304d2c1c,1,FAILED,CARD_EXPIRED,2026-07-20 11:17:51.122833
TXN_a9088ee45b15,1,SUCCESS,,2026-08-18 01:04:34.122833
TXN_6c5d3b96d156,1,FAILED,BANK_DECLINED,2026-06-29 06:27:36.122833
TXN_6c5d3b96d156,2,SUCCESS,,2026-06-29 07:13:36.122833
TXN_a8cab1bcf985,1,SUCCESS,,2026-08-30 00:20:28.122833
TXN_5299ba6613e6,1,SUCCESS,,2026-08-27 18:04:33.122833
TXN_e2a7c053f641,1,SUCCESS,,2026-07-23 05:20:59.122833
TXN_a0e2012de155,1,SUCCESS,,2026-08-08 02:51:54.122833
TXN_776e9944a4af,1,SUCCESS,,2026-08-30 12:06:01.122833
TXN_14edffb0fca7,1,SUCCESS,,2026-06-07 00:43:05.122833
TXN_8f1c2b7df5b3,1,SUCCESS,,2026-08-03 03:20:06.122833
TXN_d3d91346b90d,1,FAILED,CARD_EXPIRED,2026-07-30 02:15:08.122833
TXN_e7c2eae369c3,1,SUCCESS,,2026-06-13 15:16:34.122833
TXN_24472712fe8c,1,SUCCESS,,2026-08-20 10:44:55.122833
TXN_e1d2ca9d1ada,1,SUCCESS,,2026-06-16 11:15:06.122833
TXN_ddcd1e81be24,1,SUCCESS,,2026-07-23 22:16:12.122833
TXN_e35aa635a94d,1,SUCCESS,,2026-07-22 08:46:20.122833
TXN_8694e11f3567,1,FAILED,NETWORK_TIMEOUT,2026-06-10 01:07:05.122833
TXN_94d5f6dd2777,1,SUCCESS,,2026-07-02 10:07:35.122833
TXN_228de21aa13c,1,SUCCESS,,2026-06-11 05:05:47.122833
TXN_0cdc4947eabb,1,SUCCESS,,2026-07-18 15:36:45.122833
TXN_1f166867ce51,1,SUCCESS,,2026-06-20 12:52:54.122833
TXN_2d58e0d1f18e,1,SUCCESS,,2026-08-09 23:30:47.122833
TXN_88eda43f9eb1,1,SUCCESS,,2026-08-02 16:12:09.122833
TXN_e7a1b894eb6c,1,SUCCESS,,2026-06-25 07:46:23.122833
TXN_7e6a13a1c4ac,1,SUCCESS,,2026-07-17 16:35:38.122833
TXN_f9df75b0999f,1,SUCCESS,,2026-07-27 05:22:08.122833
TXN_f88028715e87,1,FAILED,CARD_EXPIRED,2026-08-15 10:59:42.122833
TXN_9b1eea663459,1,SUCCESS,,2026-08-11 12:19:02.122833
TXN_01b1a7805c86,1,SUCCESS,,2026-06-08 12:55:39.122833
TXN_d2761a121a79,1,FAILED,INSUFFICIENT_FUNDS,2026-06-21 19:59:22.122833
TXN_7f3186fa1b9b,1,FAILED,NETWORK_TIMEOUT,2026-08-24 23:48:08.122833
TXN_7f3186fa1b9b,2,SUCCESS,,2026-08-25 00:21:08.122833
TXN_9922b4f7283e,1,SUCCESS,,2026-07-10 05:53:05.122833
